RG	RawReads	ReadsL35	FinalNoPCRDups	AvrgTimesSeen	Family	Species	ReadsMapped	ReadsDeduped	Ancientness	ReadsDeam1Term	ReadsDeam3Term	Deam5_95CI	Deam3_95CI	Deam5Cond_95CI	Deam3Cond_95CI	MeanFragmentLength	MeanFragmentLength_Deam
simadna_1000.fq	4999210	4999210	2829734	 1.8	Balaenopteridae	Balaenoptera_acutorostrata	2	2	-	0	0	0.0 (0.0,97.5)	N/A (N/A,N/A)	N/A (N/A,N/A)	N/A (N/A,N/A)	44.0	N/A
simadna_1000.fq	4999210	4999210	2829734	 1.8	Balaenopteridae	Balaenoptera_bonaerensis	2	2	-	0	0	0.0 (0.0,97.5)	N/A (N/A,N/A)	N/A (N/A,N/A)	N/A (N/A,N/A)	44.0	N/A
simadna_1000.fq	4999210	4999210	2829734	 1.8	Balaenopteridae	Balaenoptera_borealis	1	1	-	0	0	N/A (N/A,N/A)	N/A (N/A,N/A)	N/A (N/A,N/A)	N/A (N/A,N/A)	43.0	N/A
simadna_1000.fq	4999210	4999210	2829734	 1.8	Balaenopteridae	Balaenoptera_brydei	1	1	-	0	0	N/A (N/A,N/A)	N/A (N/A,N/A)	N/A (N/A,N/A)	N/A (N/A,N/A)	43.0	N/A
simadna_1000.fq	4999210	4999210	2829734	 1.8	Balaenopteridae	Balaenoptera_edeni	1	1	-	0	0	N/A (N/A,N/A)	N/A (N/A,N/A)	N/A (N/A,N/A)	N/A (N/A,N/A)	43.0	N/A
simadna_1000.fq	4999210	4999210	2829734	 1.8	Balaenopteridae	Balaenoptera_musculus	1	1	-	0	0	N/A (N/A,N/A)	N/A (N/A,N/A)	N/A (N/A,N/A)	N/A (N/A,N/A)	43.0	N/A
simadna_1000.fq	4999210	4999210	2829734	 1.8	Balaenopteridae	Balaenoptera_omurai	2	2	-	0	0	0.0 (0.0,97.5)	N/A (N/A,N/A)	N/A (N/A,N/A)	N/A (N/A,N/A)	44.0	N/A
simadna_1000.fq	4999210	4999210	2829734	 1.8	Balaenopteridae	Balaenoptera_physalus	1	1	-	0	0	N/A (N/A,N/A)	N/A (N/A,N/A)	N/A (N/A,N/A)	N/A (N/A,N/A)	43.0	N/A
simadna_1000.fq	4999210	4999210	2829734	 1.8	Balaenopteridae	Megaptera_novaeangliae	1	1	-	0	0	N/A (N/A,N/A)	N/A (N/A,N/A)	N/A (N/A,N/A)	N/A (N/A,N/A)	43.0	N/A
simadna_1000.fq	4999210	4999210	2829734	 1.8	Bovidae	Addax_nasomaculatus	27835	3824	-	63	236	3.9 (2.6,5.7)	4.7 (3.3,6.5)	0.0 (0.0,28.5)	0.0 (0.0,52.2)	54.4	54.0
simadna_1000.fq	4999210	4999210	2829734	 1.8	Bovidae	Aepyceros_melampus	28955	3700	-	73	232	5.3 (3.7,7.3)	5.2 (3.8,7.1)	0.0 (0.0,33.6)	0.0 (0.0,41.0)	56.8	55.4
simadna_1000.fq	4999210	4999210	2829734	 1.8	Bovidae	Alcelaphus_buselaphus	30749	3932	-	86	227	6.1 (4.5,8.1)	4.9 (3.5,6.5)	0.0 (0.0,41.0)	0.0 (0.0,60.2)	54.3	53.8
simadna_1000.fq	4999210	4999210	2829734	 1.8	Bovidae	Ammotragus_lervia	27432	3505	-	56	218	2.9 (1.8,4.5)	5.1 (3.6,6.9)	14.3 (0.4,57.9)	12.5 (0.3,52.7)	54.1	54.9
simadna_1000.fq	4999210	4999210	2829734	 1.8	Bovidae	Antidorcas_marsupialis	20981	3043	-	37	172	2.7 (1.5,4.5)	4.0 (2.6,6.0)	0.0 (0.0,52.2)	0.0 (0.0,97.5)	53.7	55.8
simadna_1000.fq	4999210	4999210	2829734	 1.8	Bovidae	Antilope_cervicapra	26302	3533	-	65	170	3.9 (2.5,5.7)	5.7 (4.1,7.7)	0.0 (0.0,41.0)	0.0 (0.0,36.9)	55.3	52.8
simadna_1000.fq	4999210	4999210	2829734	 1.8	Bovidae	Arabitragus_jayakari	27918	3465	-	62	200	3.2 (1.9,4.9)	6.0 (4.3,7.9)	0.0 (0.0,28.5)	0.0 (0.0,70.8)	53.6	56.4
simadna_1000.fq	4999210	4999210	2829734	 1.8	Bovidae	Beatragus_hunteri	28638	3785	-	95	305	5.5 (3.9,7.5)	7.9 (6.1,10.1)	6.7 (0.2,31.9)	16.7 (0.4,64.1)	54.6	54.8
simadna_1000.fq	4999210	4999210	2829734	 1.8	Bovidae	Bison_bison	355650	21482	-	336	1076	3.2 (2.7,3.9)	5.0 (4.4,5.7)	6.5 (1.4,17.9)	9.7 (2.0,25.8)	73.1	70.6
simadna_1000.fq	4999210	4999210	2829734	 1.8	Bovidae	Bison_bonasus	411812	23372	-	373	1233	3.1 (2.6,3.6)	5.3 (4.6,6.0)	2.0 (0.0,10.4)	2.6 (0.1,13.8)	74.3	69.6
simadna_1000.fq	4999210	4999210	2829734	 1.8	Bovidae	Bison_priscus	360347	21553	-	358	1229	3.3 (2.8,3.9)	5.5 (4.8,6.2)	6.5 (1.4,17.9)	9.4 (2.0,25.0)	73.1	69.5
simadna_1000.fq	4999210	4999210	2829734	 1.8	Bovidae	Bos_gaurus	316788	20512	-	408	1305	5.0 (4.3,5.7)	5.5 (4.9,6.3)	3.6 (0.4,12.5)	5.7 (0.7,19.2)	70.9	67.0
simadna_1000.fq	4999210	4999210	2829734	 1.8	Bovidae	Bos_grunniens	329177	20851	-	385	1207	4.1 (3.5,4.7)	5.6 (4.9,6.3)	5.1 (0.6,17.3)	5.3 (0.6,17.7)	72.1	69.4
simadna_1000.fq	4999210	4999210	2829734	 1.8	Bovidae	Bos_indicus	672345	30095	-	222	621	1.7 (1.4,2.1)	2.1 (1.7,2.5)	5.6 (0.1,27.3)	3.4 (0.1,17.8)	80.9	82.1
simadna_1000.fq	4999210	4999210	2829734	 1.8	Bovidae	Bos_javanicus	700212	30758	-	31	94	0.1 (0.1,0.3)	0.4 (0.2,0.5)	0.0 (0.0,84.2)	0.0 (0.0,97.5)	80.9	78.3
simadna_1000.fq	4999210	4999210	2829734	 1.8	Bovidae	Bos_mutus	344722	21192	-	373	1170	4.1 (3.5,4.8)	5.1 (4.4,5.8)	5.7 (0.7,19.2)	5.7 (0.7,19.2)	72.6	69.1
simadna_1000.fq	4999210	4999210	2829734	 1.8	Bovidae	Bos_primigenius	696916	30714	-	81	240	0.6 (0.5,0.9)	0.7 (0.5,0.9)	0.0 (0.0,60.2)	0.0 (0.0,41.0)	80.8	80.7
simadna_1000.fq	4999210	4999210	2829734	 1.8	Bovidae	Bos_taurus	700157	30758	-	42	122	0.2 (0.1,0.4)	0.5 (0.3,0.7)	0.0 (0.0,52.2)	0.0 (0.0,70.8)	80.8	79.1
simadna_1000.fq	4999210	4999210	2829734	 1.8	Bovidae	Boselaphus_tragocamelus	42293	5017	-	103	381	3.5 (2.4,5.0)	7.1 (5.6,8.9)	9.1 (0.2,41.3)	14.3 (0.4,57.9)	57.9	54.8
simadna_1000.fq	4999210	4999210	2829734	 1.8	Bovidae	Bubalus_depressicornis	55903	6242	-	133	476	2.7 (1.8,3.8)	8.2 (6.7,9.8)	0.0 (0.0,19.5)	0.0 (0.0,41.0)	58.4	56.9
simadna_1000.fq	4999210	4999210	2829734	 1.8	Bovidae	Bubalus_kerabau	52365	5769	-	141	483	6.5 (5.1,8.2)	6.5 (5.1,8.0)	7.1 (0.2,33.9)	7.7 (0.2,36.0)	57.9	55.6
simadna_1000.fq	4999210	4999210	2829734	 1.8	Bovidae	Budorcas_taxicolor	24760	3325	-	62	200	3.9 (2.5,5.8)	5.3 (3.8,7.2)	14.3 (0.4,57.9)	16.7 (0.4,64.1)	53.4	55.4
simadna_1000.fq	4999210	4999210	2829734	 1.8	Bovidae	Capra_aegagrus	28570	3686	-	61	198	1.9 (1.0,3.3)	6.0 (4.5,7.9)	0.0 (0.0,24.7)	0.0 (0.0,60.2)	54.8	55.2
simadna_1000.fq	4999210	4999210	2829734	 1.8	Bovidae	Capra_caucasica	25372	3541	-	90	232	2.6 (1.5,4.2)	9.7 (7.7,12.1)	0.0 (0.0,15.4)	0.0 (0.0,45.9)	52.1	49.1
simadna_1000.fq	4999210	4999210	2829734	 1.8	Bovidae	Capra_falconeri	27529	3612	-	50	206	3.4 (2.2,5.2)	3.6 (2.4,5.2)	0.0 (0.0,36.9)	0.0 (0.0,28.5)	53.7	52.7
simadna_1000.fq	4999210	4999210	2829734	 1.8	Bovidae	Capra_hircus	27365	3665	-	61	211	2.3 (1.3,3.7)	6.0 (4.4,7.9)	0.0 (0.0,21.8)	0.0 (0.0,60.2)	53.3	55.4
simadna_1000.fq	4999210	4999210	2829734	 1.8	Bovidae	Capra_ibex	27123	3578	-	78	240	2.4 (1.4,4.0)	9.1 (7.1,11.5)	5.9 (0.1,28.7)	33.3 (0.8,90.6)	52.5	52.7
simadna_1000.fq	4999210	4999210	2829734	 1.8	Bovidae	Capra_nubiana	30101	3653	-	59	194	2.0 (1.1,3.4)	5.8 (4.3,7.7)	7.7 (0.2,36.0)	20.0 (0.5,71.6)	53.6	56.0
simadna_1000.fq	4999210	4999210	2829734	 1.8	Bovidae	Capra_pyrenaica	31560	3817	-	71	256	2.2 (1.2,3.6)	7.8 (5.9,9.9)	7.7 (0.2,36.0)	33.3 (0.8,90.6)	53.9	53.4
simadna_1000.fq	4999210	4999210	2829734	 1.8	Bovidae	Capra_sibirica	33637	4163	-	89	290	4.3 (2.9,6.0)	7.2 (5.6,9.3)	5.6 (0.1,27.3)	11.1 (0.3,48.2)	54.0	57.4
simadna_1000.fq	4999210	4999210	2829734	 1.8	Bovidae	Capricornis_crispus	25751	3198	-	78	269	4.9 (3.4,6.8)	7.2 (5.3,9.5)	8.3 (0.2,38.5)	14.3 (0.4,57.9)	54.0	55.8
simadna_1000.fq	4999210	4999210	2829734	 1.8	Bovidae	Capricornis_milneedwardsii	23350	3116	-	94	283	5.7 (4.0,7.9)	10.6 (8.2,13.4)	15.4 (4.4,34.9)	50.0 (15.7,84.3)	53.2	54.1
simadna_1000.fq	4999210	4999210	2829734	 1.8	Bovidae	Capricornis_sumatraensis	20865	2889	-	71	227	4.9 (3.2,7.0)	8.8 (6.5,11.6)	12.5 (1.6,38.3)	40.0 (5.3,85.3)	52.8	55.4
simadna_1000.fq	4999210	4999210	2829734	 1.8	Bovidae	Capricornis_swinhoei	19340	2734	-	54	200	5.3 (3.5,7.7)	5.8 (3.9,8.2)	25.0 (0.6,80.6)	20.0 (0.5,71.6)	50.9	49.0
simadna_1000.fq	4999210	4999210	2829734	 1.8	Bovidae	Cephalophorus_callipygus	29720	3735	-	89	275	5.5 (3.9,7.5)	7.4 (5.6,9.5)	6.7 (0.2,31.9)	20.0 (0.5,71.6)	55.9	55.7
simadna_1000.fq	4999210	4999210	2829734	 1.8	Bovidae	Cephalophorus_leucogaster	30048	3905	-	74	260	3.6 (2.4,5.3)	6.1 (4.5,8.0)	6.7 (0.2,31.9)	11.1 (0.3,48.2)	54.2	54.4
simadna_1000.fq	4999210	4999210	2829734	 1.8	Bovidae	Cephalophorus_natalensis	27526	3862	-	62	244	4.4 (3.0,6.2)	4.1 (2.8,5.8)	12.5 (0.3,52.7)	9.1 (0.2,41.3)	55.2	52.9
simadna_1000.fq	4999210	4999210	2829734	 1.8	Bovidae	Cephalophorus_nigrifrons	26736	3704	-	62	247	3.9 (2.6,5.6)	4.7 (3.3,6.5)	9.1 (0.2,41.3)	7.1 (0.2,33.9)	55.1	53.6
simadna_1000.fq	4999210	4999210	2829734	 1.8	Bovidae	Cephalophorus_ogilbyi	26288	3484	-	68	217	5.0 (3.5,7.0)	5.0 (3.6,6.9)	9.1 (0.2,41.3)	12.5 (0.3,52.7)	55.3	54.9
simadna_1000.fq	4999210	4999210	2829734	 1.8	Bovidae	Cephalophorus_rufilatus	28047	3735	-	63	227	3.5 (2.2,5.1)	5.1 (3.7,6.9)	0.0 (0.0,23.2)	0.0 (0.0,33.6)	55.1	54.6
simadna_1000.fq	4999210	4999210	2829734	 1.8	Bovidae	Cephalophus_dorsalis	26514	3635	-	75	244	2.8 (1.6,4.3)	7.3 (5.6,9.3)	4.8 (0.1,23.8)	20.0 (0.5,71.6)	53.5	51.7
simadna_1000.fq	4999210	4999210	2829734	 1.8	Bovidae	Cephalophus_jentinki	23995	3400	-	77	250	4.3 (2.8,6.3)	6.9 (5.2,9.0)	0.0 (0.0,36.9)	0.0 (0.0,33.6)	51.4	51.7
simadna_1000.fq	4999210	4999210	2829734	 1.8	Bovidae	Cephalophus_silvicultor	28238	3885	-	95	260	3.3 (2.1,4.9)	9.1 (7.2,11.4)	5.3 (0.1,26.0)	12.5 (0.3,52.7)	53.5	52.0
simadna_1000.fq	4999210	4999210	2829734	 1.8	Bovidae	Cephalophus_spadix	27900	3608	-	94	272	5.0 (3.4,7.0)	8.5 (6.7,10.8)	6.7 (0.2,31.9)	12.5 (0.3,52.7)	53.7	51.6
simadna_1000.fq	4999210	4999210	2829734	 1.8	Bovidae	Connochaetes_gnou	28828	3917	-	70	263	3.5 (2.2,5.1)	6.1 (4.5,8.0)	9.1 (0.2,41.3)	12.5 (0.3,52.7)	52.7	51.5
simadna_1000.fq	4999210	4999210	2829734	 1.8	Bovidae	Connochaetes_taurinus	28833	4089	-	77	322	4.3 (2.9,6.1)	5.6 (4.1,7.3)	16.7 (0.4,64.1)	14.3 (0.4,57.9)	53.4	51.9
simadna_1000.fq	4999210	4999210	2829734	 1.8	Bovidae	Damaliscus_lunatus	23411	3297	-	86	242	8.3 (6.2,10.7)	5.4 (3.8,7.4)	0.0 (0.0,52.2)	0.0 (0.0,26.5)	52.2	50.9
simadna_1000.fq	4999210	4999210	2829734	 1.8	Bovidae	Damaliscus_pygargus	24087	3297	-	80	317	2.7 (1.5,4.3)	9.7 (7.5,12.2)	0.0 (0.0,19.5)	0.0 (0.0,97.5)	54.0	53.0
simadna_1000.fq	4999210	4999210	2829734	 1.8	Bovidae	Dorcatragus_megalotis	30823	3612	-	41	177	2.9 (1.7,4.6)	3.4 (2.2,5.1)	0.0 (0.0,84.2)	0.0 (0.0,41.0)	55.1	56.1
simadna_1000.fq	4999210	4999210	2829734	 1.8	Bovidae	Eudorcas_rufifrons	24234	3259	-	54	151	3.7 (2.2,5.7)	5.3 (3.7,7.3)	0.0 (0.0,52.2)	0.0 (0.0,70.8)	53.8	53.9
simadna_1000.fq	4999210	4999210	2829734	 1.8	Bovidae	Gazella_bennettii	30745	3836	-	55	221	3.3 (2.1,5.1)	4.4 (3.1,6.1)	0.0 (0.0,60.2)	0.0 (0.0,52.2)	56.3	55.8
simadna_1000.fq	4999210	4999210	2829734	 1.8	Bovidae	Gazella_cuvieri	22531	3427	-	47	191	3.3 (2.0,5.1)	4.0 (2.6,5.7)	0.0 (0.0,33.6)	0.0 (0.0,52.2)	54.0	55.1
simadna_1000.fq	4999210	4999210	2829734	 1.8	Bovidae	Gazella_dorcas	29122	3822	-	76	292	4.0 (2.7,5.9)	6.4 (4.8,8.4)	0.0 (0.0,24.7)	0.0 (0.0,36.9)	55.9	56.0
simadna_1000.fq	4999210	4999210	2829734	 1.8	Bovidae	Gazella_erlangeri	28919	3802	-	54	215	4.4 (3.0,6.1)	3.1 (2.0,4.6)	0.0 (0.0,60.2)	0.0 (0.0,41.0)	55.4	55.9
simadna_1000.fq	4999210	4999210	2829734	 1.8	Bovidae	Gazella_gazella	30422	3969	-	71	248	4.1 (2.8,5.9)	5.3 (3.8,7.0)	0.0 (0.0,26.5)	0.0 (0.0,36.9)	55.9	55.4
simadna_1000.fq	4999210	4999210	2829734	 1.8	Bovidae	Gazella_leptoceros	23268	3494	-	51	204	3.6 (2.3,5.4)	4.1 (2.8,5.8)	0.0 (0.0,33.6)	0.0 (0.0,52.2)	54.3	54.8
simadna_1000.fq	4999210	4999210	2829734	 1.8	Bovidae	Gazella_spekei	29626	3746	-	49	207	3.4 (2.2,5.1)	3.7 (2.4,5.3)	0.0 (0.0,41.0)	0.0 (0.0,45.9)	55.8	56.4
simadna_1000.fq	4999210	4999210	2829734	 1.8	Bovidae	Gazella_subgutturosa	31009	4001	-	54	183	2.7 (1.6,4.2)	4.2 (3.0,5.8)	0.0 (0.0,45.9)	0.0 (0.0,84.2)	55.7	56.0
simadna_1000.fq	4999210	4999210	2829734	 1.8	Bovidae	Hemitragus_jemlahicus	32514	3918	-	74	275	3.3 (2.1,5.0)	5.8 (4.3,7.5)	0.0 (0.0,41.0)	0.0 (0.0,70.8)	53.0	52.3
simadna_1000.fq	4999210	4999210	2829734	 1.8	Bovidae	Hippotragus_equinus	32950	4197	-	63	219	3.2 (2.1,4.7)	4.5 (3.2,6.1)	0.0 (0.0,33.6)	0.0 (0.0,70.8)	56.2	53.9
simadna_1000.fq	4999210	4999210	2829734	 1.8	Bovidae	Hippotragus_niger	34058	3863	-	81	299	4.6 (3.2,6.5)	7.0 (5.2,9.1)	0.0 (0.0,28.5)	0.0 (0.0,52.2)	55.8	54.4
simadna_1000.fq	4999210	4999210	2829734	 1.8	Bovidae	Kobus_ellipsiprymnus	25658	3447	-	79	264	4.5 (3.0,6.4)	6.8 (5.1,8.8)	5.9 (0.1,28.7)	33.3 (0.8,90.6)	54.6	54.0
simadna_1000.fq	4999210	4999210	2829734	 1.8	Bovidae	Kobus_leche	33318	4254	-	79	258	4.9 (3.5,6.5)	4.3 (3.1,5.8)	10.0 (0.3,44.5)	16.7 (0.4,64.1)	54.0	53.7
simadna_1000.fq	4999210	4999210	2829734	 1.8	Bovidae	Leucocephalophus_adersi	33336	4186	-	74	257	4.4 (3.1,6.1)	4.8 (3.4,6.4)	10.0 (0.3,44.5)	14.3 (0.4,57.9)	56.6	56.1
simadna_1000.fq	4999210	4999210	2829734	 1.8	Bovidae	Litocranius_walleri	30643	3733	-	61	202	5.9 (4.2,8.0)	3.3 (2.1,5.0)	0.0 (0.0,70.8)	0.0 (0.0,60.2)	54.6	57.1
simadna_1000.fq	4999210	4999210	2829734	 1.8	Bovidae	Madoqua_kirkii	18585	2775	-	68	202	5.7 (3.7,8.3)	7.3 (5.3,9.7)	0.0 (0.0,45.9)	0.0 (0.0,45.9)	51.7	51.8
simadna_1000.fq	4999210	4999210	2829734	 1.8	Bovidae	Madoqua_saltiana	21767	3004	-	50	184	4.6 (2.9,6.8)	4.7 (3.1,6.7)	0.0 (0.0,70.8)	0.0 (0.0,60.2)	53.6	56.1
simadna_1000.fq	4999210	4999210	2829734	 1.8	Bovidae	Naemorhedus_baileyi	26648	3274	-	48	189	4.2 (2.7,6.1)	3.8 (2.4,5.6)	0.0 (0.0,45.9)	0.0 (0.0,70.8)	53.4	54.9
simadna_1000.fq	4999210	4999210	2829734	 1.8	Bovidae	Naemorhedus_caudatus	22365	3095	-	40	140	2.9 (1.6,4.7)	4.3 (2.8,6.2)	0.0 (0.0,52.2)	0.0 (0.0,52.2)	51.0	54.7
simadna_1000.fq	4999210	4999210	2829734	 1.8	Bovidae	Naemorhedus_goral	19597	2837	-	38	133	2.7 (1.5,4.6)	4.2 (2.7,6.2)	0.0 (0.0,45.9)	0.0 (0.0,70.8)	51.3	58.0
simadna_1000.fq	4999210	4999210	2829734	 1.8	Bovidae	Naemorhedus_griseus	24206	2964	-	58	198	5.2 (3.5,7.4)	5.5 (3.8,7.6)	40.0 (5.3,85.3)	40.0 (5.3,85.3)	53.3	56.8
simadna_1000.fq	4999210	4999210	2829734	 1.8	Bovidae	Nanger_dama	30472	3550	-	63	253	5.3 (3.7,7.2)	4.0 (2.7,5.8)	0.0 (0.0,45.9)	0.0 (0.0,33.6)	56.2	55.4
simadna_1000.fq	4999210	4999210	2829734	 1.8	Bovidae	Nanger_granti	26294	3225	-	34	166	2.8 (1.6,4.4)	2.9 (1.7,4.6)	0.0 (0.0,70.8)	0.0 (0.0,52.2)	55.5	54.9
simadna_1000.fq	4999210	4999210	2829734	 1.8	Bovidae	Nanger_soemmerringii	30704	3555	-	41	164	3.2 (2.0,4.8)	2.9 (1.8,4.5)	0.0 (0.0,97.5)	0.0 (0.0,60.2)	56.0	55.2
simadna_1000.fq	4999210	4999210	2829734	 1.8	Bovidae	Neotragus_batesi	24488	3443	-	37	172	2.2 (1.2,3.6)	3.6 (2.3,5.4)	25.0 (0.6,80.6)	20.0 (0.5,71.6)	54.5	53.0
simadna_1000.fq	4999210	4999210	2829734	 1.8	Bovidae	Neotragus_moschatus	25684	3776	-	53	250	4.6 (3.2,6.5)	2.8 (1.8,4.3)	0.0 (0.0,60.2)	0.0 (0.0,41.0)	55.1	53.8
simadna_1000.fq	4999210	4999210	2829734	 1.8	Bovidae	Oreamnos_americanus	28997	3837	-	45	141	3.0 (1.8,4.7)	3.1 (2.0,4.5)	0.0 (0.0,60.2)	0.0 (0.0,52.2)	53.9	55.3
simadna_1000.fq	4999210	4999210	2829734	 1.8	Bovidae	Oreotragus_oreotragus	28113	3535	-	103	232	6.5 (4.7,8.8)	8.9 (7.0,11.2)	8.3 (0.2,38.5)	14.3 (0.4,57.9)	55.8	56.2
simadna_1000.fq	4999210	4999210	2829734	 1.8	Bovidae	Oryx_beisa	26707	3537	-	56	232	3.4 (2.2,5.0)	4.6 (3.2,6.4)	0.0 (0.0,41.0)	0.0 (0.0,60.2)	55.0	53.0
simadna_1000.fq	4999210	4999210	2829734	 1.8	Bovidae	Oryx_gazella	25712	3417	-	61	209	3.2 (2.0,4.9)	5.2 (3.7,7.0)	0.0 (0.0,30.8)	0.0 (0.0,45.9)	53.5	52.3
simadna_1000.fq	4999210	4999210	2829734	 1.8	Bovidae	Oryx_leucoryx	26563	3622	-	69	240	4.0 (2.6,5.7)	5.6 (4.0,7.5)	0.0 (0.0,36.9)	0.0 (0.0,84.2)	54.4	52.7
simadna_1000.fq	4999210	4999210	2829734	 1.8	Bovidae	Ourebia_ourebi	25913	3389	-	52	216	4.6 (3.1,6.6)	3.5 (2.2,5.1)	16.7 (0.4,64.1)	12.5 (0.3,52.7)	55.1	54.1
simadna_1000.fq	4999210	4999210	2829734	 1.8	Bovidae	Ovibos_moschatus	22823	3023	-	52	220	2.3 (1.2,4.0)	6.0 (4.3,8.0)	12.5 (0.3,52.7)	33.3 (0.8,90.6)	53.7	53.1
simadna_1000.fq	4999210	4999210	2829734	 1.8	Bovidae	Ovis_ammon	25015	3477	-	49	199	4.0 (2.5,5.9)	3.8 (2.5,5.5)	0.0 (0.0,45.9)	0.0 (0.0,52.2)	53.2	50.9
simadna_1000.fq	4999210	4999210	2829734	 1.8	Bovidae	Ovis_aries	28707	3602	-	64	227	5.4 (3.8,7.4)	4.0 (2.7,5.7)	0.0 (0.0,52.2)	0.0 (0.0,45.9)	53.3	52.0
simadna_1000.fq	4999210	4999210	2829734	 1.8	Bovidae	Ovis_canadensis	28684	3524	-	71	216	3.1 (1.9,4.9)	7.6 (5.8,9.9)	0.0 (0.0,30.8)	0.0 (0.0,97.5)	54.0	55.8
simadna_1000.fq	4999210	4999210	2829734	 1.8	Bovidae	Ovis_orientalis	28540	3623	-	61	217	4.8 (3.3,6.7)	4.2 (2.8,5.9)	0.0 (0.0,45.9)	0.0 (0.0,45.9)	53.0	52.0
simadna_1000.fq	4999210	4999210	2829734	 1.8	Bovidae	Ovis_vignei	24906	3350	-	36	171	3.0 (1.8,4.7)	2.9 (1.8,4.5)	0.0 (0.0,60.2)	0.0 (0.0,60.2)	52.8	50.8
simadna_1000.fq	4999210	4999210	2829734	 1.8	Bovidae	Pantholops_hodgsonii	28880	3643	-	65	230	4.7 (3.2,6.6)	4.8 (3.4,6.6)	12.5 (0.3,52.7)	20.0 (0.5,71.6)	51.6	52.4
simadna_1000.fq	4999210	4999210	2829734	 1.8	Bovidae	Pelea_capreolus	24116	3391	-	68	234	3.4 (2.1,5.1)	6.6 (4.9,8.7)	0.0 (0.0,26.5)	0.0 (0.0,70.8)	52.4	51.5
simadna_1000.fq	4999210	4999210	2829734	 1.8	Bovidae	Philantomba_maxwellii	42995	4618	-	77	248	3.8 (2.6,5.3)	5.3 (3.9,7.0)	0.0 (0.0,26.5)	0.0 (0.0,36.9)	57.4	59.0
simadna_1000.fq	4999210	4999210	2829734	 1.8	Bovidae	Philantomba_monticola	35486	4284	-	81	255	4.1 (2.8,5.7)	6.5 (4.9,8.5)	0.0 (0.0,21.8)	0.0 (0.0,45.9)	55.0	55.0
simadna_1000.fq	4999210	4999210	2829734	 1.8	Bovidae	Procapra_gutturosa	28508	3320	-	59	201	5.1 (3.5,7.2)	4.1 (2.8,5.8)	0.0 (0.0,70.8)	0.0 (0.0,33.6)	55.3	53.8
simadna_1000.fq	4999210	4999210	2829734	 1.8	Bovidae	Procapra_przewalskii	30972	3517	-	59	218	4.8 (3.3,6.8)	4.0 (2.7,5.7)	0.0 (0.0,70.8)	0.0 (0.0,36.9)	56.2	53.4
simadna_1000.fq	4999210	4999210	2829734	 1.8	Bovidae	Pseudois_nayaur	28553	3921	-	81	226	2.8 (1.7,4.3)	8.4 (6.5,10.6)	9.1 (0.2,41.3)	50.0 (1.3,98.7)	53.0	53.8
simadna_1000.fq	4999210	4999210	2829734	 1.8	Bovidae	Pseudois_schaeferi	27719	3814	-	89	231	3.2 (2.0,4.8)	9.8 (7.7,12.3)	0.0 (0.0,20.6)	0.0 (0.0,97.5)	53.1	52.4
simadna_1000.fq	4999210	4999210	2829734	 1.8	Bovidae	Pseudoryx_nghetinhensis	52916	5762	-	121	432	3.5 (2.4,4.8)	7.4 (6.0,9.1)	4.0 (0.1,20.4)	12.5 (0.3,52.7)	58.5	58.3
simadna_1000.fq	4999210	4999210	2829734	 1.8	Bovidae	Raphicerus_campestris	16986	2621	-	30	136	3.2 (1.8,5.2)	3.1 (1.8,5.1)	0.0 (0.0,84.2)	0.0 (0.0,97.5)	53.4	54.9
simadna_1000.fq	4999210	4999210	2829734	 1.8	Bovidae	Redunca_arundinum	26628	3484	-	55	221	4.3 (2.8,6.2)	4.3 (2.8,6.1)	0.0 (0.0,52.2)	0.0 (0.0,60.2)	54.7	51.8
simadna_1000.fq	4999210	4999210	2829734	 1.8	Bovidae	Redunca_fulvorufula	22182	3169	-	45	194	3.5 (2.2,5.2)	3.8 (2.4,5.6)	0.0 (0.0,84.2)	0.0 (0.0,30.8)	55.2	53.1
simadna_1000.fq	4999210	4999210	2829734	 1.8	Bovidae	Rupicapra_pyrenaica	26392	3538	-	86	302	4.8 (3.3,6.7)	7.3 (5.5,9.4)	0.0 (0.0,33.6)	0.0 (0.0,41.0)	52.7	52.5
simadna_1000.fq	4999210	4999210	2829734	 1.8	Bovidae	Rupicapra_rupicapra	24521	3574	-	76	255	4.2 (2.8,6.0)	6.7 (5.0,8.7)	0.0 (0.0,45.9)	0.0 (0.0,52.2)	52.7	51.9
simadna_1000.fq	4999210	4999210	2829734	 1.8	Bovidae	Saiga_tatarica	28519	3462	-	63	216	3.7 (2.3,5.5)	6.2 (4.5,8.3)	0.0 (0.0,36.9)	0.0 (0.0,52.2)	56.2	58.4
simadna_1000.fq	4999210	4999210	2829734	 1.8	Bovidae	Sylvicapra_grimmia	31439	4193	-	86	261	4.0 (2.7,5.7)	6.8 (5.2,8.7)	5.6 (0.1,27.3)	16.7 (0.4,64.1)	53.8	52.7
simadna_1000.fq	4999210	4999210	2829734	 1.8	Bovidae	Syncerus_caffer	60996	6463	-	123	438	4.4 (3.3,5.7)	5.6 (4.4,7.0)	0.0 (0.0,19.5)	0.0 (0.0,23.2)	58.6	57.8
simadna_1000.fq	4999210	4999210	2829734	 1.8	Bovidae	Taurotragus_derbianus	40451	4686	-	90	333	4.4 (3.2,5.9)	5.6 (4.2,7.3)	0.0 (0.0,41.0)	0.0 (0.0,28.5)	57.2	53.8
simadna_1000.fq	4999210	4999210	2829734	 1.8	Bovidae	Tetracerus_quadricornis	44774	5073	-	63	272	3.0 (2.0,4.4)	3.7 (2.6,5.1)	0.0 (0.0,41.0)	0.0 (0.0,33.6)	59.3	58.5
simadna_1000.fq	4999210	4999210	2829734	 1.8	Bovidae	Tragelaphus_angasii	31373	4128	-	64	262	3.4 (2.2,5.1)	5.1 (3.7,6.8)	0.0 (0.0,60.2)	0.0 (0.0,60.2)	58.1	56.3
simadna_1000.fq	4999210	4999210	2829734	 1.8	Bovidae	Tragelaphus_eurycerus	37759	4661	-	122	402	5.7 (4.2,7.5)	7.6 (6.0,9.4)	5.6 (0.1,27.3)	8.3 (0.2,38.5)	58.1	59.0
simadna_1000.fq	4999210	4999210	2829734	 1.8	Bovidae	Tragelaphus_imberbis	33909	3922	-	101	250	4.8 (3.4,6.7)	8.5 (6.6,10.7)	0.0 (0.0,28.5)	0.0 (0.0,28.5)	59.4	59.1
simadna_1000.fq	4999210	4999210	2829734	 1.8	Bovidae	Tragelaphus_oryx	37480	4585	-	85	371	3.9 (2.7,5.4)	6.0 (4.5,7.8)	0.0 (0.0,70.8)	0.0 (0.0,41.0)	56.6	53.8
simadna_1000.fq	4999210	4999210	2829734	 1.8	Bovidae	Tragelaphus_scriptus	31959	4200	-	88	324	3.1 (2.0,4.6)	7.8 (6.1,9.8)	0.0 (0.0,28.5)	0.0 (0.0,41.0)	55.5	56.1
simadna_1000.fq	4999210	4999210	2829734	 1.8	Bovidae	Tragelaphus_spekii	39191	4519	-	116	403	5.5 (4.0,7.3)	8.5 (6.8,10.6)	6.7 (0.2,31.9)	9.1 (0.2,41.3)	57.6	58.6
simadna_1000.fq	4999210	4999210	2829734	 1.8	Bovidae	Tragelaphus_strepsiceros	28363	3781	-	87	245	4.4 (3.0,6.2)	7.3 (5.6,9.4)	16.7 (0.4,64.1)	12.5 (0.3,52.7)	57.8	58.2
simadna_1000.fq	4999210	4999210	2829734	 1.8	Camelidae	Camelus_ferus	1	1	-	0	0	N/A (N/A,N/A)	0.0 (0.0,97.5)	N/A (N/A,N/A)	N/A (N/A,N/A)	38.0	N/A
simadna_1000.fq	4999210	4999210	2829734	 1.8	Camelidae	Lama_glama	1	1	-	0	0	N/A (N/A,N/A)	N/A (N/A,N/A)	N/A (N/A,N/A)	N/A (N/A,N/A)	39.0	N/A
simadna_1000.fq	4999210	4999210	2829734	 1.8	Camelidae	Lama_guanicoe	1	1	-	0	0	N/A (N/A,N/A)	N/A (N/A,N/A)	N/A (N/A,N/A)	N/A (N/A,N/A)	39.0	N/A
simadna_1000.fq	4999210	4999210	2829734	 1.8	Camelidae	Vicugna_pacos	1	1	-	0	0	N/A (N/A,N/A)	N/A (N/A,N/A)	N/A (N/A,N/A)	N/A (N/A,N/A)	39.0	N/A
simadna_1000.fq	4999210	4999210	2829734	 1.8	Camelidae	Vicugna_vicugna	1	1	-	0	0	N/A (N/A,N/A)	N/A (N/A,N/A)	N/A (N/A,N/A)	N/A (N/A,N/A)	39.0	N/A
simadna_1000.fq	4999210	4999210	2829734	 1.8	Canidae	Canis_lupus_chanco	1	1	-	0	0	N/A (N/A,N/A)	N/A (N/A,N/A)	N/A (N/A,N/A)	N/A (N/A,N/A)	45.0	N/A
simadna_1000.fq	4999210	4999210	2829734	 1.8	Canidae	Chrysocyon_brachyurus	27	7	-	1	1	100.0 (2.5,100.0)	0.0 (0.0,97.5)	N/A (N/A,N/A)	N/A (N/A,N/A)	39.9	39.0
simadna_1000.fq	4999210	4999210	2829734	 1.8	Canidae	Cuon_alpinus	153	26	-	1	2	0.0 (0.0,36.9)	33.3 (0.8,90.6)	N/A (N/A,N/A)	N/A (N/A,N/A)	42.3	40.5
simadna_1000.fq	4999210	4999210	2829734	 1.8	Canidae	Lycaon_pictus	94	18	-	0	0	0.0 (0.0,84.2)	0.0 (0.0,33.6)	N/A (N/A,N/A)	N/A (N/A,N/A)	41.5	N/A
simadna_1000.fq	4999210	4999210	2829734	 1.8	Canidae	Nyctereutes_procyonoides	17	6	-	0	0	0.0 (0.0,84.2)	N/A (N/A,N/A)	N/A (N/A,N/A)	N/A (N/A,N/A)	39.7	N/A
simadna_1000.fq	4999210	4999210	2829734	 1.8	Canidae	Urocyon_cinereoargenteus	1	1	-	0	0	N/A (N/A,N/A)	N/A (N/A,N/A)	N/A (N/A,N/A)	N/A (N/A,N/A)	45.0	N/A
simadna_1000.fq	4999210	4999210	2829734	 1.8	Canidae	Vulpes_corsac	204	27	-	1	1	5.9 (0.1,28.7)	0.0 (0.0,70.8)	N/A (N/A,N/A)	0.0 (0.0,97.5)	43.1	42.0
simadna_1000.fq	4999210	4999210	2829734	 1.8	Canidae	Vulpes_ferrilata	274	34	-	2	2	16.7 (2.1,48.4)	0.0 (0.0,70.8)	N/A (N/A,N/A)	N/A (N/A,N/A)	43.0	44.0
simadna_1000.fq	4999210	4999210	2829734	 1.8	Canidae	Vulpes_lagopus	2	2	-	0	0	N/A (N/A,N/A)	N/A (N/A,N/A)	N/A (N/A,N/A)	N/A (N/A,N/A)	41.0	N/A
simadna_1000.fq	4999210	4999210	2829734	 1.8	Canidae	Vulpes_vulpes	38	8	-	1	1	100.0 (2.5,100.0)	0.0 (0.0,70.8)	N/A (N/A,N/A)	N/A (N/A,N/A)	40.8	39.0
simadna_1000.fq	4999210	4999210	2829734	 1.8	Canidae	Vulpes_zerda	38	8	-	1	1	100.0 (2.5,100.0)	0.0 (0.0,70.8)	N/A (N/A,N/A)	N/A (N/A,N/A)	40.8	39.0
simadna_1000.fq	4999210	4999210	2829734	 1.8	Cercopithecidae	Allenopithecus_nigroviridis	2	2	-	0	0	0.0 (0.0,97.5)	N/A (N/A,N/A)	N/A (N/A,N/A)	N/A (N/A,N/A)	39.0	N/A
simadna_1000.fq	4999210	4999210	2829734	 1.8	Cercopithecidae	Allochrocebus_lhoesti	2	2	-	0	0	0.0 (0.0,97.5)	N/A (N/A,N/A)	N/A (N/A,N/A)	N/A (N/A,N/A)	39.5	N/A
simadna_1000.fq	4999210	4999210	2829734	 1.8	Cercopithecidae	Cercocebus_atys	1	1	-	0	0	N/A (N/A,N/A)	N/A (N/A,N/A)	N/A (N/A,N/A)	N/A (N/A,N/A)	39.0	N/A
simadna_1000.fq	4999210	4999210	2829734	 1.8	Cercopithecidae	Cercocebus_chrysogaster	2	2	-	0	0	N/A (N/A,N/A)	N/A (N/A,N/A)	N/A (N/A,N/A)	N/A (N/A,N/A)	38.5	N/A
simadna_1000.fq	4999210	4999210	2829734	 1.8	Cercopithecidae	Cercocebus_torquatus	1	1	-	0	0	N/A (N/A,N/A)	N/A (N/A,N/A)	N/A (N/A,N/A)	N/A (N/A,N/A)	39.0	N/A
simadna_1000.fq	4999210	4999210	2829734	 1.8	Cercopithecidae	Cercopithecus_albogularis	1	1	-	0	0	N/A (N/A,N/A)	N/A (N/A,N/A)	N/A (N/A,N/A)	N/A (N/A,N/A)	39.0	N/A
simadna_1000.fq	4999210	4999210	2829734	 1.8	Cercopithecidae	Cercopithecus_diana	1	1	-	0	0	N/A (N/A,N/A)	N/A (N/A,N/A)	N/A (N/A,N/A)	N/A (N/A,N/A)	39.0	N/A
simadna_1000.fq	4999210	4999210	2829734	 1.8	Cercopithecidae	Cercopithecus_mitis	1	1	-	0	0	N/A (N/A,N/A)	N/A (N/A,N/A)	N/A (N/A,N/A)	N/A (N/A,N/A)	39.0	N/A
simadna_1000.fq	4999210	4999210	2829734	 1.8	Cercopithecidae	Chlorocebus_aethiops	1	1	-	0	0	N/A (N/A,N/A)	N/A (N/A,N/A)	N/A (N/A,N/A)	N/A (N/A,N/A)	39.0	N/A
simadna_1000.fq	4999210	4999210	2829734	 1.8	Cercopithecidae	Chlorocebus_cynosuros	1	1	-	0	0	N/A (N/A,N/A)	N/A (N/A,N/A)	N/A (N/A,N/A)	N/A (N/A,N/A)	39.0	N/A
simadna_1000.fq	4999210	4999210	2829734	 1.8	Cercopithecidae	Chlorocebus_pygerythrus	1	1	-	0	0	N/A (N/A,N/A)	N/A (N/A,N/A)	N/A (N/A,N/A)	N/A (N/A,N/A)	39.0	N/A
simadna_1000.fq	4999210	4999210	2829734	 1.8	Cercopithecidae	Chlorocebus_tantalus	1	1	-	0	0	N/A (N/A,N/A)	N/A (N/A,N/A)	N/A (N/A,N/A)	N/A (N/A,N/A)	39.0	N/A
simadna_1000.fq	4999210	4999210	2829734	 1.8	Cercopithecidae	Erythrocebus_patas	1	1	-	0	0	N/A (N/A,N/A)	N/A (N/A,N/A)	N/A (N/A,N/A)	N/A (N/A,N/A)	39.0	N/A
simadna_1000.fq	4999210	4999210	2829734	 1.8	Cercopithecidae	Lophocebus_aterrimus	13	9	-	0	0	0.0 (0.0,97.5)	N/A (N/A,N/A)	N/A (N/A,N/A)	N/A (N/A,N/A)	40.7	N/A
simadna_1000.fq	4999210	4999210	2829734	 1.8	Cercopithecidae	Macaca_arctoides	1	1	-	0	0	N/A (N/A,N/A)	N/A (N/A,N/A)	N/A (N/A,N/A)	N/A (N/A,N/A)	39.0	N/A
simadna_1000.fq	4999210	4999210	2829734	 1.8	Cercopithecidae	Macaca_fascicularis	2	2	-	1	1	0.0 (0.0,97.5)	100.0 (2.5,100.0)	0.0 (0.0,97.5)	N/A (N/A,N/A)	39.5	40.0
simadna_1000.fq	4999210	4999210	2829734	 1.8	Cercopithecidae	Macaca_mulatta	1	1	-	0	0	N/A (N/A,N/A)	N/A (N/A,N/A)	N/A (N/A,N/A)	N/A (N/A,N/A)	39.0	N/A
simadna_1000.fq	4999210	4999210	2829734	 1.8	Cercopithecidae	Macaca_nemestrina	3	3	-	1	1	0.0 (0.0,97.5)	100.0 (2.5,100.0)	0.0 (0.0,97.5)	N/A (N/A,N/A)	40.7	40.0
simadna_1000.fq	4999210	4999210	2829734	 1.8	Cercopithecidae	Macaca_nigra	1	1	-	0	0	N/A (N/A,N/A)	N/A (N/A,N/A)	N/A (N/A,N/A)	N/A (N/A,N/A)	43.0	N/A
simadna_1000.fq	4999210	4999210	2829734	 1.8	Cercopithecidae	Macaca_silenus	1	1	-	0	0	N/A (N/A,N/A)	N/A (N/A,N/A)	N/A (N/A,N/A)	N/A (N/A,N/A)	43.0	N/A
simadna_1000.fq	4999210	4999210	2829734	 1.8	Cercopithecidae	Macaca_thibetana	1	1	-	1	1	0.0 (0.0,97.5)	100.0 (2.5,100.0)	0.0 (0.0,97.5)	N/A (N/A,N/A)	40.0	40.0
simadna_1000.fq	4999210	4999210	2829734	 1.8	Cercopithecidae	Macaca_tonkeana	2	2	-	0	0	N/A (N/A,N/A)	N/A (N/A,N/A)	N/A (N/A,N/A)	N/A (N/A,N/A)	41.0	N/A
simadna_1000.fq	4999210	4999210	2829734	 1.8	Cercopithecidae	Mandrillus_leucophaeus	1	1	-	0	0	N/A (N/A,N/A)	N/A (N/A,N/A)	N/A (N/A,N/A)	N/A (N/A,N/A)	39.0	N/A
simadna_1000.fq	4999210	4999210	2829734	 1.8	Cercopithecidae	Mandrillus_sphinx	1	1	-	0	0	N/A (N/A,N/A)	N/A (N/A,N/A)	N/A (N/A,N/A)	N/A (N/A,N/A)	38.0	N/A
simadna_1000.fq	4999210	4999210	2829734	 1.8	Cercopithecidae	Papio_anubis	5	5	-	0	0	0.0 (0.0,97.5)	0.0 (0.0,97.5)	N/A (N/A,N/A)	N/A (N/A,N/A)	38.6	N/A
simadna_1000.fq	4999210	4999210	2829734	 1.8	Cercopithecidae	Papio_cynocephalus	5	5	-	0	0	0.0 (0.0,97.5)	0.0 (0.0,97.5)	N/A (N/A,N/A)	N/A (N/A,N/A)	38.6	N/A
simadna_1000.fq	4999210	4999210	2829734	 1.8	Cercopithecidae	Papio_hamadryas	4	4	-	0	0	0.0 (0.0,97.5)	0.0 (0.0,97.5)	N/A (N/A,N/A)	N/A (N/A,N/A)	37.5	N/A
simadna_1000.fq	4999210	4999210	2829734	 1.8	Cercopithecidae	Papio_kindae	5	5	-	0	0	0.0 (0.0,97.5)	0.0 (0.0,97.5)	N/A (N/A,N/A)	N/A (N/A,N/A)	38.6	N/A
simadna_1000.fq	4999210	4999210	2829734	 1.8	Cercopithecidae	Papio_papio	5	5	-	0	0	0.0 (0.0,97.5)	0.0 (0.0,97.5)	N/A (N/A,N/A)	N/A (N/A,N/A)	38.6	N/A
simadna_1000.fq	4999210	4999210	2829734	 1.8	Cercopithecidae	Papio_ursinus	5	5	-	0	0	0.0 (0.0,97.5)	0.0 (0.0,97.5)	N/A (N/A,N/A)	N/A (N/A,N/A)	38.6	N/A
simadna_1000.fq	4999210	4999210	2829734	 1.8	Cercopithecidae	Presbytis_melalophos	1	1	-	0	0	N/A (N/A,N/A)	N/A (N/A,N/A)	N/A (N/A,N/A)	N/A (N/A,N/A)	39.0	N/A
simadna_1000.fq	4999210	4999210	2829734	 1.8	Cercopithecidae	Pygathrix_cinerea_1_RL-2012	1	1	-	0	0	N/A (N/A,N/A)	N/A (N/A,N/A)	N/A (N/A,N/A)	N/A (N/A,N/A)	39.0	N/A
simadna_1000.fq	4999210	4999210	2829734	 1.8	Cercopithecidae	Pygathrix_cinerea_2_RL-2012	1	1	-	0	0	N/A (N/A,N/A)	N/A (N/A,N/A)	N/A (N/A,N/A)	N/A (N/A,N/A)	39.0	N/A
simadna_1000.fq	4999210	4999210	2829734	 1.8	Cercopithecidae	Pygathrix_nemaeus	1	1	-	0	0	N/A (N/A,N/A)	N/A (N/A,N/A)	N/A (N/A,N/A)	N/A (N/A,N/A)	39.0	N/A
simadna_1000.fq	4999210	4999210	2829734	 1.8	Cercopithecidae	Pygathrix_nigripes	1	1	-	0	0	N/A (N/A,N/A)	N/A (N/A,N/A)	N/A (N/A,N/A)	N/A (N/A,N/A)	39.0	N/A
simadna_1000.fq	4999210	4999210	2829734	 1.8	Cercopithecidae	Rhinopithecus_avunculus	2	2	-	0	0	N/A (N/A,N/A)	0.0 (0.0,97.5)	N/A (N/A,N/A)	N/A (N/A,N/A)	42.0	N/A
simadna_1000.fq	4999210	4999210	2829734	 1.8	Cercopithecidae	Rhinopithecus_bieti	2	2	-	0	0	N/A (N/A,N/A)	0.0 (0.0,97.5)	N/A (N/A,N/A)	N/A (N/A,N/A)	43.0	N/A
simadna_1000.fq	4999210	4999210	2829734	 1.8	Cercopithecidae	Rhinopithecus_bieti_1_RL-2012	2	2	-	0	0	N/A (N/A,N/A)	0.0 (0.0,97.5)	N/A (N/A,N/A)	N/A (N/A,N/A)	43.0	N/A
simadna_1000.fq	4999210	4999210	2829734	 1.8	Cercopithecidae	Rhinopithecus_bieti_2_RL-2012	2	2	-	0	0	N/A (N/A,N/A)	0.0 (0.0,97.5)	N/A (N/A,N/A)	N/A (N/A,N/A)	43.0	N/A
simadna_1000.fq	4999210	4999210	2829734	 1.8	Cercopithecidae	Rhinopithecus_brelichi	2	2	-	0	0	N/A (N/A,N/A)	0.0 (0.0,97.5)	N/A (N/A,N/A)	N/A (N/A,N/A)	43.0	N/A
simadna_1000.fq	4999210	4999210	2829734	 1.8	Cercopithecidae	Rhinopithecus_roxellana	3	3	-	0	0	N/A (N/A,N/A)	0.0 (0.0,97.5)	N/A (N/A,N/A)	N/A (N/A,N/A)	44.7	N/A
simadna_1000.fq	4999210	4999210	2829734	 1.8	Cercopithecidae	Rhinopithecus_strykeri	2	2	-	0	0	N/A (N/A,N/A)	0.0 (0.0,97.5)	N/A (N/A,N/A)	N/A (N/A,N/A)	43.0	N/A
simadna_1000.fq	4999210	4999210	2829734	 1.8	Cercopithecidae	Semnopithecus_entellus	1	1	-	0	0	N/A (N/A,N/A)	N/A (N/A,N/A)	N/A (N/A,N/A)	N/A (N/A,N/A)	39.0	N/A
simadna_1000.fq	4999210	4999210	2829734	 1.8	Cercopithecidae	Theropithecus_gelada	3	3	-	1	1	0.0 (0.0,97.5)	100.0 (2.5,100.0)	0.0 (0.0,97.5)	N/A (N/A,N/A)	40.7	40.0
simadna_1000.fq	4999210	4999210	2829734	 1.8	Cercopithecidae	Trachypithecus_cristatus	2	2	-	0	0	N/A (N/A,N/A)	N/A (N/A,N/A)	N/A (N/A,N/A)	N/A (N/A,N/A)	43.0	N/A
simadna_1000.fq	4999210	4999210	2829734	 1.8	Cercopithecidae	Trachypithecus_francoisi	1	1	-	0	0	N/A (N/A,N/A)	N/A (N/A,N/A)	N/A (N/A,N/A)	N/A (N/A,N/A)	47.0	N/A
simadna_1000.fq	4999210	4999210	2829734	 1.8	Cercopithecidae	Trachypithecus_germaini	3	3	-	0	0	N/A (N/A,N/A)	N/A (N/A,N/A)	N/A (N/A,N/A)	N/A (N/A,N/A)	41.7	N/A
simadna_1000.fq	4999210	4999210	2829734	 1.8	Cercopithecidae	Trachypithecus_hatinhensis	2	2	-	0	0	N/A (N/A,N/A)	N/A (N/A,N/A)	N/A (N/A,N/A)	N/A (N/A,N/A)	43.0	N/A
simadna_1000.fq	4999210	4999210	2829734	 1.8	Cercopithecidae	Trachypithecus_johnii	1	1	-	0	0	N/A (N/A,N/A)	N/A (N/A,N/A)	N/A (N/A,N/A)	N/A (N/A,N/A)	39.0	N/A
simadna_1000.fq	4999210	4999210	2829734	 1.8	Cercopithecidae	Trachypithecus_obscurus	1	1	-	0	0	N/A (N/A,N/A)	N/A (N/A,N/A)	N/A (N/A,N/A)	N/A (N/A,N/A)	39.0	N/A
simadna_1000.fq	4999210	4999210	2829734	 1.8	Cercopithecidae	Trachypithecus_pileatus	1	1	-	0	0	N/A (N/A,N/A)	N/A (N/A,N/A)	N/A (N/A,N/A)	N/A (N/A,N/A)	39.0	N/A
simadna_1000.fq	4999210	4999210	2829734	 1.8	Cercopithecidae	Trachypithecus_shortridgei	1	1	-	0	0	N/A (N/A,N/A)	N/A (N/A,N/A)	N/A (N/A,N/A)	N/A (N/A,N/A)	39.0	N/A
simadna_1000.fq	4999210	4999210	2829734	 1.8	Cercopithecidae	Trachypithecus_vetulus	2	2	-	0	0	N/A (N/A,N/A)	0.0 (0.0,97.5)	N/A (N/A,N/A)	N/A (N/A,N/A)	43.0	N/A
simadna_1000.fq	4999210	4999210	2829734	 1.8	Cervidae	Alces_alces	4	4	-	0	0	N/A (N/A,N/A)	0.0 (0.0,97.5)	N/A (N/A,N/A)	N/A (N/A,N/A)	38.2	N/A
simadna_1000.fq	4999210	4999210	2829734	 1.8	Cervidae	Axis_axis	6	6	-	0	0	0.0 (0.0,97.5)	0.0 (0.0,84.2)	N/A (N/A,N/A)	N/A (N/A,N/A)	36.8	N/A
simadna_1000.fq	4999210	4999210	2829734	 1.8	Cervidae	Axis_porcinus	7	7	-	0	0	0.0 (0.0,97.5)	0.0 (0.0,84.2)	N/A (N/A,N/A)	N/A (N/A,N/A)	37.0	N/A
simadna_1000.fq	4999210	4999210	2829734	 1.8	Cervidae	Blastocerus_dichotomus	4	4	-	0	0	N/A (N/A,N/A)	0.0 (0.0,97.5)	N/A (N/A,N/A)	N/A (N/A,N/A)	37.2	N/A
simadna_1000.fq	4999210	4999210	2829734	 1.8	Cervidae	Capreolus_capreolus	2	2	-	0	0	N/A (N/A,N/A)	0.0 (0.0,97.5)	N/A (N/A,N/A)	N/A (N/A,N/A)	36.5	N/A
simadna_1000.fq	4999210	4999210	2829734	 1.8	Cervidae	Capreolus_pygargus	3	3	-	0	0	N/A (N/A,N/A)	0.0 (0.0,84.2)	N/A (N/A,N/A)	N/A (N/A,N/A)	38.0	N/A
simadna_1000.fq	4999210	4999210	2829734	 1.8	Cervidae	Cervus_albirostris	7	7	-	0	0	0.0 (0.0,70.8)	0.0 (0.0,70.8)	N/A (N/A,N/A)	N/A (N/A,N/A)	38.1	N/A
simadna_1000.fq	4999210	4999210	2829734	 1.8	Cervidae	Cervus_canadensis_songaricus	8	8	-	0	0	0.0 (0.0,60.2)	0.0 (0.0,70.8)	N/A (N/A,N/A)	N/A (N/A,N/A)	37.9	N/A
simadna_1000.fq	4999210	4999210	2829734	 1.8	Cervidae	Cervus_elaphus	8	8	-	0	1	0.0 (0.0,60.2)	0.0 (0.0,84.2)	N/A (N/A,N/A)	N/A (N/A,N/A)	38.5	35.0
simadna_1000.fq	4999210	4999210	2829734	 1.8	Cervidae	Cervus_elaphus_xanthopygus	8	8	-	0	0	0.0 (0.0,60.2)	0.0 (0.0,70.8)	N/A (N/A,N/A)	N/A (N/A,N/A)	37.9	N/A
simadna_1000.fq	4999210	4999210	2829734	 1.8	Cervidae	Cervus_hanglu_yarkandensis	6	6	-	0	1	0.0 (0.0,70.8)	0.0 (0.0,84.2)	N/A (N/A,N/A)	N/A (N/A,N/A)	37.8	35.0
simadna_1000.fq	4999210	4999210	2829734	 1.8	Cervidae	Cervus_nippon_centralis	8	8	-	0	0	0.0 (0.0,60.2)	0.0 (0.0,70.8)	N/A (N/A,N/A)	N/A (N/A,N/A)	37.9	N/A
simadna_1000.fq	4999210	4999210	2829734	 1.8	Cervidae	Cervus_nippon_hortulorum	6	6	-	0	0	0.0 (0.0,70.8)	0.0 (0.0,84.2)	N/A (N/A,N/A)	N/A (N/A,N/A)	38.5	N/A
simadna_1000.fq	4999210	4999210	2829734	 1.8	Cervidae	Cervus_nippon_kopschi	9	9	-	0	0	0.0 (0.0,52.2)	0.0 (0.0,70.8)	N/A (N/A,N/A)	N/A (N/A,N/A)	38.3	N/A
simadna_1000.fq	4999210	4999210	2829734	 1.8	Cervidae	Cervus_nippon_sichuanicus	9	9	-	0	0	0.0 (0.0,52.2)	0.0 (0.0,70.8)	N/A (N/A,N/A)	N/A (N/A,N/A)	38.3	N/A
simadna_1000.fq	4999210	4999210	2829734	 1.8	Cervidae	Cervus_nippon_taiouanus	8	8	-	0	0	0.0 (0.0,60.2)	0.0 (0.0,70.8)	N/A (N/A,N/A)	N/A (N/A,N/A)	37.9	N/A
simadna_1000.fq	4999210	4999210	2829734	 1.8	Cervidae	Cervus_nippon_yakushimae	8	8	-	0	0	0.0 (0.0,70.8)	0.0 (0.0,70.8)	N/A (N/A,N/A)	N/A (N/A,N/A)	38.5	N/A
simadna_1000.fq	4999210	4999210	2829734	 1.8	Cervidae	Cervus_nippon_yesoensis	8	8	-	0	0	0.0 (0.0,60.2)	0.0 (0.0,70.8)	N/A (N/A,N/A)	N/A (N/A,N/A)	37.9	N/A
simadna_1000.fq	4999210	4999210	2829734	 1.8	Cervidae	Dama_dama	6	6	-	0	0	0.0 (0.0,84.2)	0.0 (0.0,84.2)	N/A (N/A,N/A)	N/A (N/A,N/A)	38.2	N/A
simadna_1000.fq	4999210	4999210	2829734	 1.8	Cervidae	Dama_mesopotamica	5	5	-	0	0	0.0 (0.0,97.5)	0.0 (0.0,97.5)	N/A (N/A,N/A)	N/A (N/A,N/A)	37.0	N/A
simadna_1000.fq	4999210	4999210	2829734	 1.8	Cervidae	Elaphodus_cephalophus	4	4	-	0	0	N/A (N/A,N/A)	0.0 (0.0,97.5)	N/A (N/A,N/A)	N/A (N/A,N/A)	36.5	N/A
simadna_1000.fq	4999210	4999210	2829734	 1.8	Cervidae	Elaphurus_davidianus	6	6	-	0	0	0.0 (0.0,84.2)	0.0 (0.0,97.5)	N/A (N/A,N/A)	N/A (N/A,N/A)	38.7	N/A
simadna_1000.fq	4999210	4999210	2829734	 1.8	Cervidae	Hippocamelus_antisensis	5	5	-	1	1	N/A (N/A,N/A)	33.3 (0.8,90.6)	N/A (N/A,N/A)	N/A (N/A,N/A)	37.8	37.0
simadna_1000.fq	4999210	4999210	2829734	 1.8	Cervidae	Hydropotes_inermis	3	3	-	0	0	N/A (N/A,N/A)	0.0 (0.0,97.5)	N/A (N/A,N/A)	N/A (N/A,N/A)	36.7	N/A
simadna_1000.fq	4999210	4999210	2829734	 1.8	Cervidae	Hydropotes_inermis_argyropus	3	3	-	0	0	N/A (N/A,N/A)	0.0 (0.0,97.5)	N/A (N/A,N/A)	N/A (N/A,N/A)	36.7	N/A
simadna_1000.fq	4999210	4999210	2829734	 1.8	Cervidae	Mazama_americana	6	6	-	0	0	N/A (N/A,N/A)	0.0 (0.0,84.2)	N/A (N/A,N/A)	N/A (N/A,N/A)	37.0	N/A
simadna_1000.fq	4999210	4999210	2829734	 1.8	Cervidae	Mazama_rufina	4	4	-	0	0	N/A (N/A,N/A)	0.0 (0.0,97.5)	N/A (N/A,N/A)	N/A (N/A,N/A)	38.0	N/A
simadna_1000.fq	4999210	4999210	2829734	 1.8	Cervidae	Muntiacus_crinifrons	6	6	-	0	0	0.0 (0.0,97.5)	0.0 (0.0,97.5)	N/A (N/A,N/A)	N/A (N/A,N/A)	36.7	N/A
simadna_1000.fq	4999210	4999210	2829734	 1.8	Cervidae	Muntiacus_muntjak	5	5	-	0	0	N/A (N/A,N/A)	0.0 (0.0,97.5)	N/A (N/A,N/A)	N/A (N/A,N/A)	36.8	N/A
simadna_1000.fq	4999210	4999210	2829734	 1.8	Cervidae	Muntiacus_reevesi	8	8	-	0	0	0.0 (0.0,84.2)	0.0 (0.0,84.2)	N/A (N/A,N/A)	N/A (N/A,N/A)	38.0	N/A
simadna_1000.fq	4999210	4999210	2829734	 1.8	Cervidae	Muntiacus_reevesi_micrurus	9	9	-	1	1	33.3 (0.8,90.6)	0.0 (0.0,70.8)	N/A (N/A,N/A)	0.0 (0.0,97.5)	38.6	43.0
simadna_1000.fq	4999210	4999210	2829734	 1.8	Cervidae	Muntiacus_vuquangensis	5	5	-	1	1	33.3 (0.8,90.6)	0.0 (0.0,84.2)	N/A (N/A,N/A)	0.0 (0.0,97.5)	39.0	43.0
simadna_1000.fq	4999210	4999210	2829734	 1.8	Cervidae	Odocoileus_hemionus	5	5	-	0	0	N/A (N/A,N/A)	0.0 (0.0,70.8)	N/A (N/A,N/A)	N/A (N/A,N/A)	38.4	N/A
simadna_1000.fq	4999210	4999210	2829734	 1.8	Cervidae	Odocoileus_virginianus	6	6	-	0	0	N/A (N/A,N/A)	0.0 (0.0,70.8)	N/A (N/A,N/A)	N/A (N/A,N/A)	38.2	N/A
simadna_1000.fq	4999210	4999210	2829734	 1.8	Cervidae	Ozotoceros_bezoarticus	5	5	-	0	0	N/A (N/A,N/A)	0.0 (0.0,97.5)	N/A (N/A,N/A)	N/A (N/A,N/A)	35.8	N/A
simadna_1000.fq	4999210	4999210	2829734	 1.8	Cervidae	Passalites_nemorivagus	4	4	-	0	0	N/A (N/A,N/A)	0.0 (0.0,97.5)	N/A (N/A,N/A)	N/A (N/A,N/A)	36.5	N/A
simadna_1000.fq	4999210	4999210	2829734	 1.8	Cervidae	Pudu_mephistophiles	4	4	-	0	0	N/A (N/A,N/A)	0.0 (0.0,97.5)	N/A (N/A,N/A)	N/A (N/A,N/A)	38.0	N/A
simadna_1000.fq	4999210	4999210	2829734	 1.8	Cervidae	Pudu_puda	6	6	-	0	0	0.0 (0.0,97.5)	0.0 (0.0,84.2)	N/A (N/A,N/A)	N/A (N/A,N/A)	36.2	N/A
simadna_1000.fq	4999210	4999210	2829734	 1.8	Cervidae	Rangifer_tarandus	5	5	-	0	0	N/A (N/A,N/A)	0.0 (0.0,84.2)	N/A (N/A,N/A)	N/A (N/A,N/A)	36.8	N/A
simadna_1000.fq	4999210	4999210	2829734	 1.8	Cervidae	Rucervus_duvaucelii	6	6	-	0	0	N/A (N/A,N/A)	0.0 (0.0,97.5)	N/A (N/A,N/A)	N/A (N/A,N/A)	36.7	N/A
simadna_1000.fq	4999210	4999210	2829734	 1.8	Cervidae	Rucervus_eldii	6	6	-	1	1	0.0 (0.0,97.5)	50.0 (1.3,98.7)	N/A (N/A,N/A)	N/A (N/A,N/A)	37.7	37.0
simadna_1000.fq	4999210	4999210	2829734	 1.8	Cervidae	Rusa_alfredi	8	8	-	0	0	0.0 (0.0,60.2)	0.0 (0.0,70.8)	N/A (N/A,N/A)	N/A (N/A,N/A)	38.9	N/A
simadna_1000.fq	4999210	4999210	2829734	 1.8	Cervidae	Rusa_timorensis	7	7	-	0	0	0.0 (0.0,70.8)	0.0 (0.0,84.2)	N/A (N/A,N/A)	N/A (N/A,N/A)	38.9	N/A
simadna_1000.fq	4999210	4999210	2829734	 1.8	Cervidae	Rusa_unicolor_swinhoei	5	5	-	0	0	0.0 (0.0,97.5)	0.0 (0.0,84.2)	N/A (N/A,N/A)	N/A (N/A,N/A)	37.4	N/A
simadna_1000.fq	4999210	4999210	2829734	 1.8	Cervidae	Subulo_gouazoubira	4	4	-	0	0	N/A (N/A,N/A)	0.0 (0.0,97.5)	N/A (N/A,N/A)	N/A (N/A,N/A)	37.0	N/A
simadna_1000.fq	4999210	4999210	2829734	 1.8	Chlamyphoridae	Cabassous_tatouay	45	6	-	0	0	0.0 (0.0,84.2)	N/A (N/A,N/A)	N/A (N/A,N/A)	N/A (N/A,N/A)	44.3	N/A
simadna_1000.fq	4999210	4999210	2829734	 1.8	Chlamyphoridae	Calyptophractus_retusus	113	12	-	2	3	0.0 (0.0,70.8)	100.0 (15.8,100.0)	0.0 (0.0,97.5)	N/A (N/A,N/A)	46.7	49.3
simadna_1000.fq	4999210	4999210	2829734	 1.8	Chlamyphoridae	Chaetophractus_vellerosus	38	10	-	0	0	0.0 (0.0,60.2)	N/A (N/A,N/A)	N/A (N/A,N/A)	N/A (N/A,N/A)	40.8	N/A
simadna_1000.fq	4999210	4999210	2829734	 1.8	Chlamyphoridae	Chaetophractus_villosus	41	9	-	0	0	0.0 (0.0,60.2)	N/A (N/A,N/A)	N/A (N/A,N/A)	N/A (N/A,N/A)	43.3	N/A
simadna_1000.fq	4999210	4999210	2829734	 1.8	Chlamyphoridae	Euphractus_sexcinctus	4	3	-	0	0	0.0 (0.0,84.2)	N/A (N/A,N/A)	N/A (N/A,N/A)	N/A (N/A,N/A)	41.0	N/A
simadna_1000.fq	4999210	4999210	2829734	 1.8	Chlamyphoridae	Priodontes_maximus	11	5	-	0	0	0.0 (0.0,97.5)	N/A (N/A,N/A)	N/A (N/A,N/A)	N/A (N/A,N/A)	47.2	N/A
simadna_1000.fq	4999210	4999210	2829734	 1.8	Cricetidae	Cricetulus_griseus	1	1	-	0	0	N/A (N/A,N/A)	N/A (N/A,N/A)	N/A (N/A,N/A)	N/A (N/A,N/A)	41.0	N/A
simadna_1000.fq	4999210	4999210	2829734	 1.8	Cricetidae	Mesocricetus_auratus	1	1	-	0	0	N/A (N/A,N/A)	N/A (N/A,N/A)	N/A (N/A,N/A)	N/A (N/A,N/A)	49.0	N/A
simadna_1000.fq	4999210	4999210	2829734	 1.8	Cricetidae	Microtus_ochrogaster	1	1	-	0	0	N/A (N/A,N/A)	N/A (N/A,N/A)	N/A (N/A,N/A)	N/A (N/A,N/A)	49.0	N/A
simadna_1000.fq	4999210	4999210	2829734	 1.8	Cricetidae	Mictomicrotus_liangshanensis	2	2	-	0	0	N/A (N/A,N/A)	N/A (N/A,N/A)	N/A (N/A,N/A)	N/A (N/A,N/A)	46.0	N/A
simadna_1000.fq	4999210	4999210	2829734	 1.8	Cricetidae	Myodes_glareolus	1	1	-	0	0	N/A (N/A,N/A)	N/A (N/A,N/A)	N/A (N/A,N/A)	N/A (N/A,N/A)	49.0	N/A
simadna_1000.fq	4999210	4999210	2829734	 1.8	Cricetidae	Tscherskia_triton	1	1	-	0	0	N/A (N/A,N/A)	N/A (N/A,N/A)	N/A (N/A,N/A)	N/A (N/A,N/A)	49.0	N/A
simadna_1000.fq	4999210	4999210	2829734	 1.8	Cricetidae	Urocricetus_kamensis	1	1	-	0	0	N/A (N/A,N/A)	N/A (N/A,N/A)	N/A (N/A,N/A)	N/A (N/A,N/A)	49.0	N/A
simadna_1000.fq	4999210	4999210	2829734	 1.8	Elephantidae	Elephas_maximus	124947	26109	-	427	1210	3.7 (3.2,4.3)	5.0 (4.4,5.6)	5.9 (1.2,16.2)	7.5 (1.6,20.4)	64.5	62.4
simadna_1000.fq	4999210	4999210	2829734	 1.8	Elephantidae	Loxodonta_africana	118181	25043	-	406	1244	3.7 (3.2,4.3)	4.9 (4.3,5.6)	4.1 (0.5,14.0)	5.6 (0.7,18.7)	64.1	60.8
simadna_1000.fq	4999210	4999210	2829734	 1.8	Elephantidae	Loxodonta_cyclotis	125635	26049	-	382	1143	3.9 (3.3,4.4)	3.9 (3.3,4.4)	0.0 (0.0,8.8)	0.0 (0.0,10.6)	64.7	62.3
simadna_1000.fq	4999210	4999210	2829734	 1.8	Elephantidae	Mammuthus_columbi	172452	31916	-	82	249	0.7 (0.5,0.9)	0.6 (0.4,0.9)	0.0 (0.0,52.2)	0.0 (0.0,28.5)	68.8	70.1
simadna_1000.fq	4999210	4999210	2829734	 1.8	Elephantidae	Mammuthus_primigenius	172985	31975	-	34	107	0.3 (0.2,0.4)	0.3 (0.2,0.4)	0.0 (0.0,60.2)	N/A (N/A,N/A)	68.8	68.8
simadna_1000.fq	4999210	4999210	2829734	 1.8	Equidae	Equus_hemionus	46	14	-	0	0	0.0 (0.0,97.5)	0.0 (0.0,45.9)	N/A (N/A,N/A)	N/A (N/A,N/A)	40.0	N/A
simadna_1000.fq	4999210	4999210	2829734	 1.8	Equidae	Equus_hemionus_kulan	110	25	-	0	0	0.0 (0.0,60.2)	0.0 (0.0,23.2)	N/A (N/A,N/A)	N/A (N/A,N/A)	40.8	N/A
simadna_1000.fq	4999210	4999210	2829734	 1.8	Equidae	Equus_kiang	46	14	-	0	0	0.0 (0.0,97.5)	0.0 (0.0,45.9)	N/A (N/A,N/A)	N/A (N/A,N/A)	40.0	N/A
simadna_1000.fq	4999210	4999210	2829734	 1.8	Equidae	Equus_przewalskii	89	23	-	0	0	0.0 (0.0,70.8)	0.0 (0.0,84.2)	N/A (N/A,N/A)	N/A (N/A,N/A)	40.3	N/A
simadna_1000.fq	4999210	4999210	2829734	 1.8	Equidae	Equus_quagga_chapmani	43	12	-	0	0	0.0 (0.0,97.5)	0.0 (0.0,45.9)	N/A (N/A,N/A)	N/A (N/A,N/A)	40.1	N/A
simadna_1000.fq	4999210	4999210	2829734	 1.8	Eupleridae	Mungotictis_decemlineata	286	26	-	0	0	0.0 (0.0,60.2)	0.0 (0.0,84.2)	N/A (N/A,N/A)	N/A (N/A,N/A)	46.3	N/A
simadna_1000.fq	4999210	4999210	2829734	 1.8	Felidae	Acinonyx_jubatus	49	13	-	0	0	0.0 (0.0,60.2)	0.0 (0.0,97.5)	N/A (N/A,N/A)	N/A (N/A,N/A)	40.3	N/A
simadna_1000.fq	4999210	4999210	2829734	 1.8	Felidae	Caracal_caracal	25	10	-	0	1	0.0 (0.0,97.5)	N/A (N/A,N/A)	N/A (N/A,N/A)	N/A (N/A,N/A)	41.7	35.0
simadna_1000.fq	4999210	4999210	2829734	 1.8	Felidae	Catopuma_badia	32	16	-	1	4	0.0 (0.0,60.2)	50.0 (1.3,98.7)	0.0 (0.0,97.5)	N/A (N/A,N/A)	40.1	40.5
simadna_1000.fq	4999210	4999210	2829734	 1.8	Felidae	Catopuma_temminckii	172	38	-	0	1	0.0 (0.0,41.0)	0.0 (0.0,45.9)	N/A (N/A,N/A)	N/A (N/A,N/A)	39.7	35.0
simadna_1000.fq	4999210	4999210	2829734	 1.8	Felidae	Felis_catus	46	19	-	0	3	0.0 (0.0,97.5)	0.0 (0.0,70.8)	N/A (N/A,N/A)	N/A (N/A,N/A)	40.2	39.3
simadna_1000.fq	4999210	4999210	2829734	 1.8	Felidae	Felis_chaus	42	8	-	0	1	0.0 (0.0,97.5)	0.0 (0.0,97.5)	N/A (N/A,N/A)	N/A (N/A,N/A)	42.6	35.0
simadna_1000.fq	4999210	4999210	2829734	 1.8	Felidae	Felis_margarita	25	9	-	0	0	N/A (N/A,N/A)	N/A (N/A,N/A)	N/A (N/A,N/A)	N/A (N/A,N/A)	42.3	N/A
simadna_1000.fq	4999210	4999210	2829734	 1.8	Felidae	Felis_nigripes	24	9	-	1	1	0.0 (0.0,97.5)	100.0 (2.5,100.0)	N/A (N/A,N/A)	N/A (N/A,N/A)	42.7	40.0
simadna_1000.fq	4999210	4999210	2829734	 1.8	Felidae	Felis_silvestris	89	21	-	0	0	0.0 (0.0,97.5)	N/A (N/A,N/A)	N/A (N/A,N/A)	N/A (N/A,N/A)	42.7	N/A
simadna_1000.fq	4999210	4999210	2829734	 1.8	Felidae	Herpailurus_yagouaroundi	122	30	-	1	2	0.0 (0.0,60.2)	50.0 (1.3,98.7)	N/A (N/A,N/A)	N/A (N/A,N/A)	40.1	42.5
simadna_1000.fq	4999210	4999210	2829734	 1.8	Felidae	Leopardus_colocola	240	44	-	1	1	0.0 (0.0,70.8)	50.0 (1.3,98.7)	0.0 (0.0,97.5)	N/A (N/A,N/A)	42.8	52.0
simadna_1000.fq	4999210	4999210	2829734	 1.8	Felidae	Leopardus_geoffroyi	260	57	-	1	3	0.0 (0.0,41.0)	12.5 (0.3,52.7)	N/A (N/A,N/A)	N/A (N/A,N/A)	41.2	38.3
simadna_1000.fq	4999210	4999210	2829734	 1.8	Felidae	Leopardus_guigna	280	62	-	1	3	0.0 (0.0,41.0)	16.7 (0.4,64.1)	N/A (N/A,N/A)	N/A (N/A,N/A)	41.7	36.3
simadna_1000.fq	4999210	4999210	2829734	 1.8	Felidae	Leopardus_jacobita	29	13	-	0	0	0.0 (0.0,84.2)	N/A (N/A,N/A)	N/A (N/A,N/A)	N/A (N/A,N/A)	40.9	N/A
simadna_1000.fq	4999210	4999210	2829734	 1.8	Felidae	Leopardus_pardalis	199	39	-	1	3	0.0 (0.0,41.0)	25.0 (0.6,80.6)	N/A (N/A,N/A)	N/A (N/A,N/A)	40.6	41.3
simadna_1000.fq	4999210	4999210	2829734	 1.8	Felidae	Leopardus_tigrinus	285	67	-	1	2	0.0 (0.0,28.5)	14.3 (0.4,57.9)	N/A (N/A,N/A)	N/A (N/A,N/A)	40.7	42.5
simadna_1000.fq	4999210	4999210	2829734	 1.8	Felidae	Leopardus_wiedii	263	56	-	1	1	0.0 (0.0,28.5)	11.1 (0.3,48.2)	N/A (N/A,N/A)	N/A (N/A,N/A)	41.2	41.0
simadna_1000.fq	4999210	4999210	2829734	 1.8	Felidae	Leptailurus_serval	49	25	-	0	1	0.0 (0.0,97.5)	0.0 (0.0,70.8)	N/A (N/A,N/A)	N/A (N/A,N/A)	39.1	36.0
simadna_1000.fq	4999210	4999210	2829734	 1.8	Felidae	Lynx_canadensis	335	52	-	1	4	0.0 (0.0,28.5)	16.7 (0.4,64.1)	0.0 (0.0,97.5)	N/A (N/A,N/A)	43.3	40.2
simadna_1000.fq	4999210	4999210	2829734	 1.8	Felidae	Lynx_lynx	430	66	-	0	0	0.0 (0.0,24.7)	0.0 (0.0,33.6)	N/A (N/A,N/A)	N/A (N/A,N/A)	42.5	N/A
simadna_1000.fq	4999210	4999210	2829734	 1.8	Felidae	Lynx_pardinus	228	41	-	1	4	0.0 (0.0,36.9)	20.0 (0.5,71.6)	0.0 (0.0,97.5)	N/A (N/A,N/A)	42.2	40.2
simadna_1000.fq	4999210	4999210	2829734	 1.8	Felidae	Lynx_rufus	23	12	-	1	3	0.0 (0.0,52.2)	33.3 (0.8,90.6)	0.0 (0.0,97.5)	N/A (N/A,N/A)	40.3	41.0
simadna_1000.fq	4999210	4999210	2829734	 1.8	Felidae	Neofelis_nebulosa	108	35	-	1	4	0.0 (0.0,52.2)	33.3 (0.8,90.6)	0.0 (0.0,97.5)	N/A (N/A,N/A)	42.6	39.8
simadna_1000.fq	4999210	4999210	2829734	 1.8	Felidae	Otocolobus_manul	20	7	-	0	0	0.0 (0.0,97.5)	0.0 (0.0,97.5)	N/A (N/A,N/A)	N/A (N/A,N/A)	40.9	N/A
simadna_1000.fq	4999210	4999210	2829734	 1.8	Felidae	Panthera_leo	138	29	-	0	0	0.0 (0.0,70.8)	0.0 (0.0,36.9)	N/A (N/A,N/A)	N/A (N/A,N/A)	39.7	N/A
simadna_1000.fq	4999210	4999210	2829734	 1.8	Felidae	Panthera_leo_persica	137	28	-	0	0	0.0 (0.0,70.8)	0.0 (0.0,36.9)	N/A (N/A,N/A)	N/A (N/A,N/A)	39.8	N/A
simadna_1000.fq	4999210	4999210	2829734	 1.8	Felidae	Panthera_onca	78	25	-	0	0	0.0 (0.0,45.9)	0.0 (0.0,97.5)	N/A (N/A,N/A)	N/A (N/A,N/A)	40.7	N/A
simadna_1000.fq	4999210	4999210	2829734	 1.8	Felidae	Panthera_pardus	78	25	-	1	1	0.0 (0.0,70.8)	100.0 (2.5,100.0)	N/A (N/A,N/A)	N/A (N/A,N/A)	39.6	37.0
simadna_1000.fq	4999210	4999210	2829734	 1.8	Felidae	Panthera_tigris	83	21	-	0	0	0.0 (0.0,84.2)	0.0 (0.0,84.2)	N/A (N/A,N/A)	N/A (N/A,N/A)	40.3	N/A
simadna_1000.fq	4999210	4999210	2829734	 1.8	Felidae	Panthera_tigris_amoyensis	101	30	-	0	0	0.0 (0.0,84.2)	0.0 (0.0,70.8)	N/A (N/A,N/A)	N/A (N/A,N/A)	39.5	N/A
simadna_1000.fq	4999210	4999210	2829734	 1.8	Felidae	Panthera_uncia	108	27	-	2	4	0.0 (0.0,70.8)	66.7 (9.4,99.2)	N/A (N/A,N/A)	N/A (N/A,N/A)	40.7	42.0
simadna_1000.fq	4999210	4999210	2829734	 1.8	Felidae	Pardofelis_marmorata	163	41	-	1	3	0.0 (0.0,28.5)	11.1 (0.3,48.2)	0.0 (0.0,97.5)	N/A (N/A,N/A)	40.1	41.0
simadna_1000.fq	4999210	4999210	2829734	 1.8	Felidae	Prionailurus_bengalensis	137	31	-	0	0	0.0 (0.0,52.2)	0.0 (0.0,52.2)	N/A (N/A,N/A)	N/A (N/A,N/A)	40.5	N/A
simadna_1000.fq	4999210	4999210	2829734	 1.8	Felidae	Prionailurus_bengalensis_euptilurus	88	36	-	0	3	0.0 (0.0,52.2)	0.0 (0.0,60.2)	N/A (N/A,N/A)	N/A (N/A,N/A)	40.1	39.3
simadna_1000.fq	4999210	4999210	2829734	 1.8	Felidae	Prionailurus_planiceps	97	31	-	0	1	0.0 (0.0,60.2)	0.0 (0.0,52.2)	N/A (N/A,N/A)	N/A (N/A,N/A)	39.3	39.0
simadna_1000.fq	4999210	4999210	2829734	 1.8	Felidae	Prionailurus_rubiginosus	104	36	-	0	3	0.0 (0.0,41.0)	0.0 (0.0,52.2)	N/A (N/A,N/A)	N/A (N/A,N/A)	39.5	39.3
simadna_1000.fq	4999210	4999210	2829734	 1.8	Felidae	Prionailurus_viverrinus	214	41	-	0	0	0.0 (0.0,70.8)	0.0 (0.0,97.5)	N/A (N/A,N/A)	N/A (N/A,N/A)	42.6	N/A
simadna_1000.fq	4999210	4999210	2829734	 1.8	Felidae	Profelis_aurata	110	32	-	0	0	0.0 (0.0,70.8)	0.0 (0.0,84.2)	N/A (N/A,N/A)	N/A (N/A,N/A)	39.9	N/A
simadna_1000.fq	4999210	4999210	2829734	 1.8	Felidae	Puma_concolor	59	25	-	0	0	0.0 (0.0,70.8)	0.0 (0.0,84.2)	N/A (N/A,N/A)	N/A (N/A,N/A)	38.8	N/A
simadna_1000.fq	4999210	4999210	2829734	 1.8	Giraffidae	Giraffa_camelopardalis	2	2	-	0	0	N/A (N/A,N/A)	N/A (N/A,N/A)	N/A (N/A,N/A)	N/A (N/A,N/A)	36.5	N/A
simadna_1000.fq	4999210	4999210	2829734	 1.8	Giraffidae	Giraffa_giraffa_angolensis	2	2	-	0	0	N/A (N/A,N/A)	N/A (N/A,N/A)	N/A (N/A,N/A)	N/A (N/A,N/A)	36.5	N/A
simadna_1000.fq	4999210	4999210	2829734	 1.8	Giraffidae	Okapia_johnstoni	2	2	-	0	0	N/A (N/A,N/A)	N/A (N/A,N/A)	N/A (N/A,N/A)	N/A (N/A,N/A)	41.0	N/A
simadna_1000.fq	4999210	4999210	2829734	 1.8	Herpestidae	Urva_javanica	3	3	-	0	0	N/A (N/A,N/A)	0.0 (0.0,97.5)	N/A (N/A,N/A)	N/A (N/A,N/A)	37.0	N/A
simadna_1000.fq	4999210	4999210	2829734	 1.8	Hominidae	Gorilla_gorilla	7886	5006	-	97	258	4.8 (3.6,6.2)	4.3 (3.1,5.7)	0.0 (0.0,30.8)	0.0 (0.0,30.8)	51.2	49.5
simadna_1000.fq	4999210	4999210	2829734	 1.8	Hominidae	Gorilla_gorilla_gorilla	7930	5078	-	100	258	4.7 (3.5,6.1)	4.6 (3.4,6.0)	0.0 (0.0,26.5)	0.0 (0.0,30.8)	51.0	49.0
simadna_1000.fq	4999210	4999210	2829734	 1.8	Hominidae	Homo_heidelbergensis	38980	21564	-	173	486	1.7 (1.4,2.1)	2.0 (1.6,2.4)	0.0 (0.0,12.8)	0.0 (0.0,16.1)	56.2	56.8
simadna_1000.fq	4999210	4999210	2829734	 1.8	Hominidae	Homo_sapiens	41875	22914	-	127	390	1.1 (0.8,1.4)	1.5 (1.1,1.8)	0.0 (0.0,17.6)	0.0 (0.0,30.8)	56.5	56.0
simadna_1000.fq	4999210	4999210	2829734	 1.8	Hominidae	Homo_sapiens_neanderthalensis	42525	23214	-	42	137	0.4 (0.2,0.6)	0.5 (0.3,0.7)	0.0 (0.0,33.6)	0.0 (0.0,70.8)	56.6	57.0
simadna_1000.fq	4999210	4999210	2829734	 1.8	Hominidae	Homo_sapiens_subsp._'Denisova'	39968	22034	-	231	647	2.3 (1.9,2.7)	2.5 (2.1,3.0)	0.0 (0.0,11.2)	0.0 (0.0,14.2)	56.3	56.1
simadna_1000.fq	4999210	4999210	2829734	 1.8	Hominidae	Pan_paniscus	14014	8622	-	148	476	3.2 (2.5,4.2)	4.9 (4.0,6.0)	4.2 (0.1,21.1)	7.1 (0.2,33.9)	51.2	49.5
simadna_1000.fq	4999210	4999210	2829734	 1.8	Hominidae	Pan_troglodytes	13326	8320	-	155	460	4.4 (3.5,5.4)	4.4 (3.5,5.4)	9.5 (1.2,30.4)	10.5 (1.3,33.1)	51.1	48.3
simadna_1000.fq	4999210	4999210	2829734	 1.8	Hominidae	Pongo_abelii	3211	2207	-	48	153	4.3 (2.7,6.5)	5.4 (3.6,7.7)	14.3 (0.4,57.9)	14.3 (0.4,57.9)	48.6	47.4
simadna_1000.fq	4999210	4999210	2829734	 1.8	Hominidae	Pongo_pygmaeus	2742	1902	-	47	137	6.1 (4.0,8.9)	5.2 (3.3,7.7)	20.0 (0.5,71.6)	12.5 (0.3,52.7)	47.9	47.7
simadna_1000.fq	4999210	4999210	2829734	 1.8	Hyaenidae	Crocuta_crocuta	885206	31354	-	128	351	0.8 (0.6,1.1)	1.1 (0.8,1.3)	0.0 (0.0,17.6)	0.0 (0.0,21.8)	79.4	78.9
simadna_1000.fq	4999210	4999210	2829734	 1.8	Hyaenidae	Hyaena_hyaena	168758	11651	-	225	771	3.4 (2.7,4.3)	6.6 (5.6,7.7)	6.1 (0.7,20.2)	10.5 (1.3,33.1)	63.2	62.8
simadna_1000.fq	4999210	4999210	2829734	 1.8	Indriidae	Propithecus_diadema	1	1	-	0	0	N/A (N/A,N/A)	N/A (N/A,N/A)	N/A (N/A,N/A)	N/A (N/A,N/A)	45.0	N/A
simadna_1000.fq	4999210	4999210	2829734	 1.8	Indriidae	Propithecus_edwardsi	1	1	-	0	0	N/A (N/A,N/A)	N/A (N/A,N/A)	N/A (N/A,N/A)	N/A (N/A,N/A)	45.0	N/A
simadna_1000.fq	4999210	4999210	2829734	 1.8	Leporidae	Lepus_americanus	1	1	-	0	0	N/A (N/A,N/A)	0.0 (0.0,97.5)	N/A (N/A,N/A)	N/A (N/A,N/A)	38.0	N/A
simadna_1000.fq	4999210	4999210	2829734	 1.8	Leporidae	Lepus_capensis	1	1	-	0	0	N/A (N/A,N/A)	0.0 (0.0,97.5)	N/A (N/A,N/A)	N/A (N/A,N/A)	38.0	N/A
simadna_1000.fq	4999210	4999210	2829734	 1.8	Leporidae	Lepus_coreanus	1	1	-	0	0	N/A (N/A,N/A)	0.0 (0.0,97.5)	N/A (N/A,N/A)	N/A (N/A,N/A)	38.0	N/A
simadna_1000.fq	4999210	4999210	2829734	 1.8	Leporidae	Lepus_europaeus	1	1	-	0	0	N/A (N/A,N/A)	0.0 (0.0,97.5)	N/A (N/A,N/A)	N/A (N/A,N/A)	38.0	N/A
simadna_1000.fq	4999210	4999210	2829734	 1.8	Leporidae	Lepus_granatensis	1	1	-	0	0	N/A (N/A,N/A)	0.0 (0.0,97.5)	N/A (N/A,N/A)	N/A (N/A,N/A)	38.0	N/A
simadna_1000.fq	4999210	4999210	2829734	 1.8	Leporidae	Lepus_hainanus	1	1	-	0	0	N/A (N/A,N/A)	0.0 (0.0,97.5)	N/A (N/A,N/A)	N/A (N/A,N/A)	38.0	N/A
simadna_1000.fq	4999210	4999210	2829734	 1.8	Leporidae	Lepus_sinensis	1	1	-	0	0	N/A (N/A,N/A)	0.0 (0.0,97.5)	N/A (N/A,N/A)	N/A (N/A,N/A)	38.0	N/A
simadna_1000.fq	4999210	4999210	2829734	 1.8	Leporidae	Lepus_timidus	1	1	-	0	0	N/A (N/A,N/A)	0.0 (0.0,97.5)	N/A (N/A,N/A)	N/A (N/A,N/A)	38.0	N/A
simadna_1000.fq	4999210	4999210	2829734	 1.8	Leporidae	Lepus_tolai	1	1	-	0	0	N/A (N/A,N/A)	0.0 (0.0,97.5)	N/A (N/A,N/A)	N/A (N/A,N/A)	38.0	N/A
simadna_1000.fq	4999210	4999210	2829734	 1.8	Leporidae	Lepus_townsendii	2	2	-	0	0	0.0 (0.0,97.5)	0.0 (0.0,97.5)	N/A (N/A,N/A)	N/A (N/A,N/A)	42.0	N/A
simadna_1000.fq	4999210	4999210	2829734	 1.8	Leporidae	Oryctolagus_cuniculus	1	1	-	0	0	0.0 (0.0,97.5)	0.0 (0.0,97.5)	N/A (N/A,N/A)	N/A (N/A,N/A)	46.0	N/A
simadna_1000.fq	4999210	4999210	2829734	 1.8	Macroscelididae	Macroscelides_proboscideus	1	1	-	0	0	N/A (N/A,N/A)	0.0 (0.0,97.5)	N/A (N/A,N/A)	N/A (N/A,N/A)	36.0	N/A
simadna_1000.fq	4999210	4999210	2829734	 1.8	Manidae	Manis_javanica	1	1	-	0	0	N/A (N/A,N/A)	N/A (N/A,N/A)	N/A (N/A,N/A)	N/A (N/A,N/A)	35.0	N/A
simadna_1000.fq	4999210	4999210	2829734	 1.8	Manidae	Manis_pentadactyla	1	1	-	0	0	N/A (N/A,N/A)	N/A (N/A,N/A)	N/A (N/A,N/A)	N/A (N/A,N/A)	35.0	N/A
simadna_1000.fq	4999210	4999210	2829734	 1.8	Manidae	Phataginus_tetradactyla	1	1	-	0	0	N/A (N/A,N/A)	0.0 (0.0,97.5)	N/A (N/A,N/A)	N/A (N/A,N/A)	44.0	N/A
simadna_1000.fq	4999210	4999210	2829734	 1.8	Manidae	Phataginus_tricuspis	2	2	-	0	0	N/A (N/A,N/A)	0.0 (0.0,97.5)	N/A (N/A,N/A)	N/A (N/A,N/A)	42.0	N/A
simadna_1000.fq	4999210	4999210	2829734	 1.8	Manidae	Smutsia_temminckii	1	1	-	0	0	N/A (N/A,N/A)	N/A (N/A,N/A)	N/A (N/A,N/A)	N/A (N/A,N/A)	40.0	N/A
simadna_1000.fq	4999210	4999210	2829734	 1.8	Megalonychidae	Choloepus_didactylus	2	2	-	0	0	0.0 (0.0,97.5)	0.0 (0.0,97.5)	N/A (N/A,N/A)	N/A (N/A,N/A)	38.5	N/A
simadna_1000.fq	4999210	4999210	2829734	 1.8	Megalonychidae	Choloepus_hoffmanni	3	3	-	0	0	N/A (N/A,N/A)	0.0 (0.0,97.5)	N/A (N/A,N/A)	N/A (N/A,N/A)	43.0	N/A
simadna_1000.fq	4999210	4999210	2829734	 1.8	Mephitidae	Mephitis_mephitis	1	1	-	0	0	N/A (N/A,N/A)	N/A (N/A,N/A)	N/A (N/A,N/A)	N/A (N/A,N/A)	37.0	N/A
simadna_1000.fq	4999210	4999210	2829734	 1.8	Mephitidae	Spilogale_putorius	2	2	-	0	0	N/A (N/A,N/A)	N/A (N/A,N/A)	N/A (N/A,N/A)	N/A (N/A,N/A)	35.0	N/A
simadna_1000.fq	4999210	4999210	2829734	 1.8	Muridae	Acomys_cahirinus	2	2	-	0	0	0.0 (0.0,97.5)	N/A (N/A,N/A)	N/A (N/A,N/A)	N/A (N/A,N/A)	35.0	N/A
simadna_1000.fq	4999210	4999210	2829734	 1.8	Muridae	Apodemus_chejuensis	7	5	-	0	0	0.0 (0.0,70.8)	N/A (N/A,N/A)	N/A (N/A,N/A)	N/A (N/A,N/A)	35.4	N/A
simadna_1000.fq	4999210	4999210	2829734	 1.8	Muridae	Apodemus_chevrieri	1	1	-	0	0	0.0 (0.0,97.5)	N/A (N/A,N/A)	N/A (N/A,N/A)	N/A (N/A,N/A)	35.0	N/A
simadna_1000.fq	4999210	4999210	2829734	 1.8	Muridae	Leggadina_lakedownensis	10	4	-	0	0	0.0 (0.0,84.2)	0.0 (0.0,60.2)	N/A (N/A,N/A)	N/A (N/A,N/A)	39.5	N/A
simadna_1000.fq	4999210	4999210	2829734	 1.8	Muridae	Leopoldamys_edwardsi	41	12	-	0	0	0.0 (0.0,84.2)	N/A (N/A,N/A)	N/A (N/A,N/A)	N/A (N/A,N/A)	42.1	N/A
simadna_1000.fq	4999210	4999210	2829734	 1.8	Muridae	Meriones_meridianus	64	20	-	0	0	0.0 (0.0,97.5)	0.0 (0.0,84.2)	N/A (N/A,N/A)	N/A (N/A,N/A)	38.7	N/A
simadna_1000.fq	4999210	4999210	2829734	 1.8	Muridae	Meriones_unguiculatus	395	41	-	1	3	12.5 (0.3,52.7)	0.0 (0.0,70.8)	N/A (N/A,N/A)	N/A (N/A,N/A)	43.2	46.3
simadna_1000.fq	4999210	4999210	2829734	 1.8	Muridae	Mus_musculus	1	1	-	0	0	N/A (N/A,N/A)	0.0 (0.0,97.5)	N/A (N/A,N/A)	N/A (N/A,N/A)	44.0	N/A
simadna_1000.fq	4999210	4999210	2829734	 1.8	Muridae	Mus_musculus_domesticus	1	1	-	0	0	N/A (N/A,N/A)	0.0 (0.0,97.5)	N/A (N/A,N/A)	N/A (N/A,N/A)	44.0	N/A
simadna_1000.fq	4999210	4999210	2829734	 1.8	Muridae	Mus_spretus	1	1	-	0	0	N/A (N/A,N/A)	0.0 (0.0,97.5)	N/A (N/A,N/A)	N/A (N/A,N/A)	44.0	N/A
simadna_1000.fq	4999210	4999210	2829734	 1.8	Muridae	Mus_terricolor	1	1	-	0	0	0.0 (0.0,97.5)	N/A (N/A,N/A)	N/A (N/A,N/A)	N/A (N/A,N/A)	35.0	N/A
simadna_1000.fq	4999210	4999210	2829734	 1.8	Muridae	Pseudomys_chapmani	1	1	-	0	0	N/A (N/A,N/A)	N/A (N/A,N/A)	N/A (N/A,N/A)	N/A (N/A,N/A)	40.0	N/A
simadna_1000.fq	4999210	4999210	2829734	 1.8	Muridae	Rattus_exulans	48	6	-	0	3	N/A (N/A,N/A)	0.0 (0.0,84.2)	N/A (N/A,N/A)	N/A (N/A,N/A)	42.3	43.7
simadna_1000.fq	4999210	4999210	2829734	 1.8	Muridae	Rattus_fuscipes	1	1	-	0	0	N/A (N/A,N/A)	N/A (N/A,N/A)	N/A (N/A,N/A)	N/A (N/A,N/A)	38.0	N/A
simadna_1000.fq	4999210	4999210	2829734	 1.8	Muridae	Rattus_lutreolus	2	2	-	0	0	0.0 (0.0,97.5)	0.0 (0.0,97.5)	N/A (N/A,N/A)	N/A (N/A,N/A)	42.5	N/A
simadna_1000.fq	4999210	4999210	2829734	 1.8	Muridae	Rattus_norvegicus	25	4	-	0	0	0.0 (0.0,84.2)	N/A (N/A,N/A)	N/A (N/A,N/A)	N/A (N/A,N/A)	43.5	N/A
simadna_1000.fq	4999210	4999210	2829734	 1.8	Muridae	Rattus_praetor	1	1	-	0	0	0.0 (0.0,97.5)	N/A (N/A,N/A)	N/A (N/A,N/A)	N/A (N/A,N/A)	42.0	N/A
simadna_1000.fq	4999210	4999210	2829734	 1.8	Muridae	Rattus_sordidus	10	4	-	0	0	0.0 (0.0,84.2)	0.0 (0.0,60.2)	N/A (N/A,N/A)	N/A (N/A,N/A)	39.5	N/A
simadna_1000.fq	4999210	4999210	2829734	 1.8	Muridae	Rattus_tanezumi	1	1	-	0	1	N/A (N/A,N/A)	0.0 (0.0,97.5)	N/A (N/A,N/A)	N/A (N/A,N/A)	44.0	44.0
simadna_1000.fq	4999210	4999210	2829734	 1.8	Muridae	Rattus_tunneyi	10	4	-	0	0	0.0 (0.0,84.2)	0.0 (0.0,60.2)	N/A (N/A,N/A)	N/A (N/A,N/A)	39.5	N/A
simadna_1000.fq	4999210	4999210	2829734	 1.8	Muridae	Rattus_villosissimus	10	4	-	0	0	0.0 (0.0,84.2)	0.0 (0.0,60.2)	N/A (N/A,N/A)	N/A (N/A,N/A)	39.5	N/A
simadna_1000.fq	4999210	4999210	2829734	 1.8	Mustelidae	Arctonyx_collaris	222	26	-	6	9	0.0 (0.0,70.8)	42.9 (17.7,71.1)	0.0 (0.0,97.5)	N/A (N/A,N/A)	43.8	41.9
simadna_1000.fq	4999210	4999210	2829734	 1.8	Mustelidae	Enhydra_lutris	93	16	-	0	0	0.0 (0.0,97.5)	0.0 (0.0,52.2)	N/A (N/A,N/A)	N/A (N/A,N/A)	43.0	N/A
simadna_1000.fq	4999210	4999210	2829734	 1.8	Mustelidae	Gulo_gulo	5	4	-	0	0	N/A (N/A,N/A)	N/A (N/A,N/A)	N/A (N/A,N/A)	N/A (N/A,N/A)	38.5	N/A
simadna_1000.fq	4999210	4999210	2829734	 1.8	Mustelidae	Martes_americana	133	31	-	1	8	14.3 (0.4,57.9)	0.0 (0.0,36.9)	N/A (N/A,N/A)	N/A (N/A,N/A)	40.2	41.1
simadna_1000.fq	4999210	4999210	2829734	 1.8	Mustelidae	Martes_flavigula	63	16	-	0	8	0.0 (0.0,84.2)	0.0 (0.0,52.2)	N/A (N/A,N/A)	N/A (N/A,N/A)	40.6	40.6
simadna_1000.fq	4999210	4999210	2829734	 1.8	Mustelidae	Martes_foina	63	16	-	0	7	0.0 (0.0,70.8)	0.0 (0.0,60.2)	N/A (N/A,N/A)	N/A (N/A,N/A)	40.6	41.0
simadna_1000.fq	4999210	4999210	2829734	 1.8	Mustelidae	Martes_martes	72	17	-	1	1	25.0 (0.6,80.6)	0.0 (0.0,70.8)	N/A (N/A,N/A)	N/A (N/A,N/A)	38.9	42.0
simadna_1000.fq	4999210	4999210	2829734	 1.8	Mustelidae	Martes_zibellina	141	30	-	1	8	16.7 (0.4,64.1)	0.0 (0.0,36.9)	N/A (N/A,N/A)	N/A (N/A,N/A)	40.4	41.1
simadna_1000.fq	4999210	4999210	2829734	 1.8	Mustelidae	Meles_meles	1	1	-	0	0	N/A (N/A,N/A)	N/A (N/A,N/A)	N/A (N/A,N/A)	N/A (N/A,N/A)	42.0	N/A
simadna_1000.fq	4999210	4999210	2829734	 1.8	Mustelidae	Melogale_moschata	6	4	-	0	0	N/A (N/A,N/A)	N/A (N/A,N/A)	N/A (N/A,N/A)	N/A (N/A,N/A)	38.5	N/A
simadna_1000.fq	4999210	4999210	2829734	 1.8	Mustelidae	Mustela_altaica	1	1	-	0	0	0.0 (0.0,97.5)	N/A (N/A,N/A)	N/A (N/A,N/A)	N/A (N/A,N/A)	38.0	N/A
simadna_1000.fq	4999210	4999210	2829734	 1.8	Mustelidae	Mustela_erminea	56	19	-	0	0	0.0 (0.0,84.2)	0.0 (0.0,45.9)	N/A (N/A,N/A)	N/A (N/A,N/A)	39.4	N/A
simadna_1000.fq	4999210	4999210	2829734	 1.8	Mustelidae	Mustela_eversmannii	28	14	-	0	0	N/A (N/A,N/A)	0.0 (0.0,52.2)	N/A (N/A,N/A)	N/A (N/A,N/A)	39.1	N/A
simadna_1000.fq	4999210	4999210	2829734	 1.8	Mustelidae	Mustela_kathiah	221	26	-	6	9	0.0 (0.0,60.2)	54.5 (23.4,83.3)	0.0 (0.0,84.2)	N/A (N/A,N/A)	43.8	41.9
simadna_1000.fq	4999210	4999210	2829734	 1.8	Mustelidae	Mustela_nigripes	28	14	-	0	0	N/A (N/A,N/A)	0.0 (0.0,52.2)	N/A (N/A,N/A)	N/A (N/A,N/A)	39.1	N/A
simadna_1000.fq	4999210	4999210	2829734	 1.8	Mustelidae	Mustela_nivalis	42	16	-	0	0	0.0 (0.0,84.2)	0.0 (0.0,84.2)	N/A (N/A,N/A)	N/A (N/A,N/A)	37.7	N/A
simadna_1000.fq	4999210	4999210	2829734	 1.8	Mustelidae	Mustela_putorius	8	6	-	0	0	N/A (N/A,N/A)	0.0 (0.0,97.5)	N/A (N/A,N/A)	N/A (N/A,N/A)	37.0	N/A
simadna_1000.fq	4999210	4999210	2829734	 1.8	Mustelidae	Mustela_sibirica	70	24	-	1	2	100.0 (2.5,100.0)	0.0 (0.0,45.9)	N/A (N/A,N/A)	N/A (N/A,N/A)	39.7	37.5
simadna_1000.fq	4999210	4999210	2829734	 1.8	Mustelidae	Neogale_frenata	1	1	-	0	0	N/A (N/A,N/A)	N/A (N/A,N/A)	N/A (N/A,N/A)	N/A (N/A,N/A)	38.0	N/A
simadna_1000.fq	4999210	4999210	2829734	 1.8	Mustelidae	Neogale_vison	107	22	-	2	2	0.0 (0.0,70.8)	18.2 (2.3,51.8)	0.0 (0.0,97.5)	N/A (N/A,N/A)	41.5	38.5
simadna_1000.fq	4999210	4999210	2829734	 1.8	Mustelidae	Pekania_pennanti	5	4	-	0	0	N/A (N/A,N/A)	0.0 (0.0,84.2)	N/A (N/A,N/A)	N/A (N/A,N/A)	38.2	N/A
simadna_1000.fq	4999210	4999210	2829734	 1.8	Mustelidae	Taxidea_taxus	3	2	-	0	0	0.0 (0.0,97.5)	N/A (N/A,N/A)	N/A (N/A,N/A)	N/A (N/A,N/A)	38.5	N/A
simadna_1000.fq	4999210	4999210	2829734	 1.8	Nandiniidae	Nandinia_binotata	3	3	-	0	0	0.0 (0.0,97.5)	0.0 (0.0,97.5)	N/A (N/A,N/A)	N/A (N/A,N/A)	43.3	N/A
simadna_1000.fq	4999210	4999210	2829734	 1.8	Otariidae	Arctocephalus_forsteri	1	1	-	0	0	N/A (N/A,N/A)	N/A (N/A,N/A)	N/A (N/A,N/A)	N/A (N/A,N/A)	47.0	N/A
simadna_1000.fq	4999210	4999210	2829734	 1.8	Otariidae	Arctocephalus_pusillus	1	1	-	0	0	N/A (N/A,N/A)	N/A (N/A,N/A)	N/A (N/A,N/A)	N/A (N/A,N/A)	47.0	N/A
simadna_1000.fq	4999210	4999210	2829734	 1.8	Otariidae	Arctocephalus_townsendi	1	1	-	0	0	N/A (N/A,N/A)	N/A (N/A,N/A)	N/A (N/A,N/A)	N/A (N/A,N/A)	47.0	N/A
simadna_1000.fq	4999210	4999210	2829734	 1.8	Otariidae	Callorhinus_ursinus	38	19	-	1	3	0.0 (0.0,70.8)	50.0 (1.3,98.7)	N/A (N/A,N/A)	N/A (N/A,N/A)	38.7	39.0
simadna_1000.fq	4999210	4999210	2829734	 1.8	Otariidae	Eumetopias_jubatus	1	1	-	0	0	N/A (N/A,N/A)	N/A (N/A,N/A)	N/A (N/A,N/A)	N/A (N/A,N/A)	35.0	N/A
simadna_1000.fq	4999210	4999210	2829734	 1.8	Otariidae	Zalophus_californianus	1	1	-	0	0	N/A (N/A,N/A)	N/A (N/A,N/A)	N/A (N/A,N/A)	N/A (N/A,N/A)	47.0	N/A
simadna_1000.fq	4999210	4999210	2829734	 1.8	Phocidae	Cystophora_cristata	1	1	-	0	0	0.0 (0.0,97.5)	N/A (N/A,N/A)	N/A (N/A,N/A)	N/A (N/A,N/A)	37.0	N/A
simadna_1000.fq	4999210	4999210	2829734	 1.8	Phocidae	Erignathus_barbatus	1	1	-	0	0	0.0 (0.0,97.5)	N/A (N/A,N/A)	N/A (N/A,N/A)	N/A (N/A,N/A)	37.0	N/A
simadna_1000.fq	4999210	4999210	2829734	 1.8	Phocidae	Halichoerus_grypus	1	1	-	0	0	N/A (N/A,N/A)	N/A (N/A,N/A)	N/A (N/A,N/A)	N/A (N/A,N/A)	35.0	N/A
simadna_1000.fq	4999210	4999210	2829734	 1.8	Phocidae	Lobodon_carcinophaga	1	1	-	0	0	0.0 (0.0,97.5)	N/A (N/A,N/A)	N/A (N/A,N/A)	N/A (N/A,N/A)	37.0	N/A
simadna_1000.fq	4999210	4999210	2829734	 1.8	Phocidae	Phoca_groenlandica	1	1	-	0	0	N/A (N/A,N/A)	N/A (N/A,N/A)	N/A (N/A,N/A)	N/A (N/A,N/A)	46.0	N/A
simadna_1000.fq	4999210	4999210	2829734	 1.8	Phocidae	Pusa_hispida	1	1	-	0	0	N/A (N/A,N/A)	N/A (N/A,N/A)	N/A (N/A,N/A)	N/A (N/A,N/A)	35.0	N/A
simadna_1000.fq	4999210	4999210	2829734	 1.8	Phocidae	Pusa_sibirica	1	1	-	0	0	N/A (N/A,N/A)	N/A (N/A,N/A)	N/A (N/A,N/A)	N/A (N/A,N/A)	35.0	N/A
simadna_1000.fq	4999210	4999210	2829734	 1.8	Phyllostomidae	Anoura_caudifer	51	13	-	0	0	0.0 (0.0,84.2)	N/A (N/A,N/A)	N/A (N/A,N/A)	N/A (N/A,N/A)	38.4	N/A
simadna_1000.fq	4999210	4999210	2829734	 1.8	Phyllostomidae	Artibeus_lituratus	182	27	-	0	0	0.0 (0.0,97.5)	0.0 (0.0,45.9)	N/A (N/A,N/A)	N/A (N/A,N/A)	39.5	N/A
simadna_1000.fq	4999210	4999210	2829734	 1.8	Phyllostomidae	Micronycteris_megalotis	1	1	-	0	0	N/A (N/A,N/A)	N/A (N/A,N/A)	N/A (N/A,N/A)	N/A (N/A,N/A)	39.0	N/A
simadna_1000.fq	4999210	4999210	2829734	 1.8	Phyllostomidae	Rhinophylla_pumilio	77	24	-	0	0	0.0 (0.0,70.8)	0.0 (0.0,97.5)	N/A (N/A,N/A)	N/A (N/A,N/A)	40.3	N/A
simadna_1000.fq	4999210	4999210	2829734	 1.8	Phyllostomidae	Sturnira_tildae	1	1	-	0	0	N/A (N/A,N/A)	N/A (N/A,N/A)	N/A (N/A,N/A)	N/A (N/A,N/A)	38.0	N/A
simadna_1000.fq	4999210	4999210	2829734	 1.8	Phyllostomidae	Tonatia_saurophila	1	1	-	0	0	N/A (N/A,N/A)	N/A (N/A,N/A)	N/A (N/A,N/A)	N/A (N/A,N/A)	39.0	N/A
simadna_1000.fq	4999210	4999210	2829734	 1.8	Platanistidae	Platanista_minor	5	5	-	0	0	0.0 (0.0,84.2)	N/A (N/A,N/A)	N/A (N/A,N/A)	N/A (N/A,N/A)	37.0	N/A
simadna_1000.fq	4999210	4999210	2829734	 1.8	Procaviidae	Procavia_capensis	171	31	-	1	2	0.0 (0.0,45.9)	25.0 (0.6,80.6)	N/A (N/A,N/A)	N/A (N/A,N/A)	42.2	48.0
simadna_1000.fq	4999210	4999210	2829734	 1.8	Procyonidae	Nasua_nasua	2	2	-	0	0	0.0 (0.0,97.5)	N/A (N/A,N/A)	N/A (N/A,N/A)	N/A (N/A,N/A)	38.0	N/A
simadna_1000.fq	4999210	4999210	2829734	 1.8	Procyonidae	Procyon_lotor	1	1	-	0	0	0.0 (0.0,97.5)	N/A (N/A,N/A)	N/A (N/A,N/A)	N/A (N/A,N/A)	36.0	N/A
simadna_1000.fq	4999210	4999210	2829734	 1.8	Rhinocerotidae	Ceratotherium_simum	2	2	-	0	0	N/A (N/A,N/A)	N/A (N/A,N/A)	N/A (N/A,N/A)	N/A (N/A,N/A)	42.0	N/A
simadna_1000.fq	4999210	4999210	2829734	 1.8	Rhinocerotidae	Coelodonta_antiquitatis	17	9	-	0	0	0.0 (0.0,97.5)	N/A (N/A,N/A)	N/A (N/A,N/A)	N/A (N/A,N/A)	38.4	N/A
simadna_1000.fq	4999210	4999210	2829734	 1.8	Rhinocerotidae	Dicerorhinus_sumatrensis	75	18	-	0	0	0.0 (0.0,60.2)	N/A (N/A,N/A)	N/A (N/A,N/A)	N/A (N/A,N/A)	39.4	N/A
simadna_1000.fq	4999210	4999210	2829734	 1.8	Rhinocerotidae	Diceros_bicornis	18	10	-	0	0	0.0 (0.0,84.2)	0.0 (0.0,97.5)	N/A (N/A,N/A)	N/A (N/A,N/A)	38.2	N/A
simadna_1000.fq	4999210	4999210	2829734	 1.8	Rhinocerotidae	Rhinoceros_sondaicus	2	2	-	0	0	0.0 (0.0,97.5)	N/A (N/A,N/A)	N/A (N/A,N/A)	N/A (N/A,N/A)	35.0	N/A
simadna_1000.fq	4999210	4999210	2829734	 1.8	Rhinocerotidae	Rhinoceros_unicornis	17	9	-	0	0	0.0 (0.0,97.5)	N/A (N/A,N/A)	N/A (N/A,N/A)	N/A (N/A,N/A)	38.4	N/A
simadna_1000.fq	4999210	4999210	2829734	 1.8	Sciuridae	Hylopetes_phayrei	1	1	-	0	0	N/A (N/A,N/A)	0.0 (0.0,97.5)	N/A (N/A,N/A)	N/A (N/A,N/A)	40.0	N/A
simadna_1000.fq	4999210	4999210	2829734	 1.8	Soricidae	Crocidura_ninoyi	1	1	-	0	0	N/A (N/A,N/A)	N/A (N/A,N/A)	N/A (N/A,N/A)	N/A (N/A,N/A)	42.0	N/A
simadna_1000.fq	4999210	4999210	2829734	 1.8	Soricidae	Nectogale_elegans	1	1	-	0	0	N/A (N/A,N/A)	N/A (N/A,N/A)	N/A (N/A,N/A)	N/A (N/A,N/A)	42.0	N/A
simadna_1000.fq	4999210	4999210	2829734	 1.8	Soricidae	Pseudosoriculus_fumidus	40	13	-	0	0	0.0 (0.0,84.2)	N/A (N/A,N/A)	N/A (N/A,N/A)	N/A (N/A,N/A)	37.8	N/A
simadna_1000.fq	4999210	4999210	2829734	 1.8	Soricidae	Sorex_araneus	1	1	-	0	0	N/A (N/A,N/A)	N/A (N/A,N/A)	N/A (N/A,N/A)	N/A (N/A,N/A)	42.0	N/A
simadna_1000.fq	4999210	4999210	2829734	 1.8	Soricidae	Sorex_cylindricauda	1	1	-	0	0	N/A (N/A,N/A)	N/A (N/A,N/A)	N/A (N/A,N/A)	N/A (N/A,N/A)	42.0	N/A
simadna_1000.fq	4999210	4999210	2829734	 1.8	Soricidae	Sorex_tundrensis	1	1	-	0	0	N/A (N/A,N/A)	N/A (N/A,N/A)	N/A (N/A,N/A)	N/A (N/A,N/A)	42.0	N/A
simadna_1000.fq	4999210	4999210	2829734	 1.8	Soricidae	Sorex_unguiculatus	3	3	-	0	0	N/A (N/A,N/A)	N/A (N/A,N/A)	N/A (N/A,N/A)	N/A (N/A,N/A)	42.3	N/A
simadna_1000.fq	4999210	4999210	2829734	 1.8	Spalacidae	Nannospalax_golani	1	1	-	0	0	N/A (N/A,N/A)	N/A (N/A,N/A)	N/A (N/A,N/A)	N/A (N/A,N/A)	40.0	N/A
simadna_1000.fq	4999210	4999210	2829734	 1.8	Suidae	Phacochoerus_africanus	106656	12763	-	265	813	4.3 (3.5,5.2)	7.1 (6.1,8.2)	3.0 (0.1,15.8)	4.8 (0.1,23.8)	62.9	59.1
simadna_1000.fq	4999210	4999210	2829734	 1.8	Suidae	Potamochoerus_porcus	88232	10708	-	207	672	4.8 (3.9,5.9)	5.5 (4.5,6.5)	5.0 (0.1,24.9)	4.2 (0.1,21.1)	63.0	61.1
simadna_1000.fq	4999210	4999210	2829734	 1.8	Suidae	Sus_barbatus	423669	30144	-	310	931	2.4 (2.0,2.9)	2.8 (2.4,3.3)	3.6 (0.1,18.3)	4.2 (0.1,21.1)	79.1	77.6
simadna_1000.fq	4999210	4999210	2829734	 1.8	Suidae	Sus_cebifrons	391757	28983	-	356	1080	3.0 (2.6,3.5)	3.3 (2.9,3.8)	2.2 (0.1,11.5)	2.9 (0.1,14.9)	77.8	76.4
simadna_1000.fq	4999210	4999210	2829734	 1.8	Suidae	Sus_celebensis	413398	29620	-	371	1136	2.9 (2.5,3.4)	3.5 (3.1,4.0)	4.1 (0.5,14.0)	5.9 (0.7,19.7)	78.7	77.6
simadna_1000.fq	4999210	4999210	2829734	 1.8	Suidae	Sus_scrofa	455006	31154	-	198	593	1.7 (1.4,2.1)	1.5 (1.2,1.8)	4.8 (0.1,23.8)	4.5 (0.1,22.8)	80.0	79.1
simadna_1000.fq	4999210	4999210	2829734	 1.8	Suidae	Sus_scrofa_domesticus	457863	31211	-	187	576	1.6 (1.3,1.9)	1.5 (1.2,1.8)	4.5 (0.1,22.8)	4.3 (0.1,21.9)	80.1	79.8
simadna_1000.fq	4999210	4999210	2829734	 1.8	Suidae	Sus_scrofa_taivanus	462117	31365	-	55	179	0.5 (0.3,0.7)	0.4 (0.3,0.6)	0.0 (0.0,36.9)	0.0 (0.0,41.0)	80.1	77.0
simadna_1000.fq	4999210	4999210	2829734	 1.8	Suidae	Sus_verrucosus	418998	29838	-	279	876	2.2 (1.8,2.6)	2.6 (2.2,3.1)	3.7 (0.1,19.0)	4.3 (0.1,21.9)	78.8	76.5
simadna_1000.fq	4999210	4999210	2829734	 1.8	Talpidae	Mogera_wogura	1	1	-	0	0	N/A (N/A,N/A)	N/A (N/A,N/A)	N/A (N/A,N/A)	N/A (N/A,N/A)	43.0	N/A
simadna_1000.fq	4999210	4999210	2829734	 1.8	Talpidae	Urotrichus_talpoides	1	1	-	0	1	N/A (N/A,N/A)	N/A (N/A,N/A)	N/A (N/A,N/A)	N/A (N/A,N/A)	37.0	37.0
simadna_1000.fq	4999210	4999210	2829734	 1.8	Tayassuidae	Dicotyles_tajacu	3	3	-	0	0	0.0 (0.0,97.5)	N/A (N/A,N/A)	N/A (N/A,N/A)	N/A (N/A,N/A)	46.3	N/A
simadna_1000.fq	4999210	4999210	2829734	 1.8	Ursidae	Helarctos_malayanus	1	1	-	0	0	N/A (N/A,N/A)	0.0 (0.0,97.5)	N/A (N/A,N/A)	N/A (N/A,N/A)	52.0	N/A
simadna_1000.fq	4999210	4999210	2829734	 1.8	Ursidae	Melursus_ursinus	1	1	-	0	1	N/A (N/A,N/A)	N/A (N/A,N/A)	N/A (N/A,N/A)	N/A (N/A,N/A)	38.0	38.0
simadna_1000.fq	4999210	4999210	2829734	 1.8	Ursidae	Tremarctos_ornatus	68	19	-	1	5	25.0 (0.6,80.6)	0.0 (0.0,84.2)	N/A (N/A,N/A)	0.0 (0.0,97.5)	39.0	37.2
simadna_1000.fq	4999210	4999210	2829734	 1.8	Ursidae	Ursus_americanus	1	1	-	0	0	N/A (N/A,N/A)	N/A (N/A,N/A)	N/A (N/A,N/A)	N/A (N/A,N/A)	39.0	N/A
simadna_1000.fq	4999210	4999210	2829734	 1.8	Ursidae	Ursus_arctos	2	2	-	0	1	N/A (N/A,N/A)	N/A (N/A,N/A)	N/A (N/A,N/A)	N/A (N/A,N/A)	38.5	38.0
simadna_1000.fq	4999210	4999210	2829734	 1.8	Ursidae	Ursus_maritimus	3	3	-	0	1	N/A (N/A,N/A)	N/A (N/A,N/A)	N/A (N/A,N/A)	N/A (N/A,N/A)	40.7	38.0
simadna_1000.fq	4999210	4999210	2829734	 1.8	Ursidae	Ursus_spelaeus	1	1	-	0	0	N/A (N/A,N/A)	N/A (N/A,N/A)	N/A (N/A,N/A)	N/A (N/A,N/A)	39.0	N/A
simadna_1000.fq	4999210	4999210	2829734	 1.8	Ursidae	Ursus_thibetanus	2	2	-	0	0	N/A (N/A,N/A)	N/A (N/A,N/A)	N/A (N/A,N/A)	N/A (N/A,N/A)	42.0	N/A
simadna_1000.fq	4999210	4999210	2829734	 1.8	Ursidae	Ursus_thibetanus_formosanus	1	1	-	0	0	N/A (N/A,N/A)	N/A (N/A,N/A)	N/A (N/A,N/A)	N/A (N/A,N/A)	39.0	N/A
simadna_1000.fq	4999210	4999210	2829734	 1.8	Ursidae	Ursus_thibetanus_mupinensis	1	1	-	0	0	N/A (N/A,N/A)	N/A (N/A,N/A)	N/A (N/A,N/A)	N/A (N/A,N/A)	39.0	N/A
simadna_1000.fq	4999210	4999210	2829734	 1.8	Ursidae	Ursus_thibetanus_thibetanus	1	1	-	0	0	N/A (N/A,N/A)	N/A (N/A,N/A)	N/A (N/A,N/A)	N/A (N/A,N/A)	39.0	N/A
simadna_1000.fq	4999210	4999210	2829734	 1.8	Ursidae	Ursus_thibetanus_ussuricus	1	1	-	0	0	N/A (N/A,N/A)	N/A (N/A,N/A)	N/A (N/A,N/A)	N/A (N/A,N/A)	39.0	N/A
simadna_1000.fq	4999210	4999210	2829734	 1.8	Vespertilionidae	Lasiurus_borealis	1	1	-	0	0	N/A (N/A,N/A)	0.0 (0.0,97.5)	N/A (N/A,N/A)	N/A (N/A,N/A)	35.0	N/A
simadna_1000.fq	4999210	4999210	2829734	 1.8	Vespertilionidae	Murina_leucogaster	1	1	-	0	0	N/A (N/A,N/A)	0.0 (0.0,97.5)	N/A (N/A,N/A)	N/A (N/A,N/A)	35.0	N/A
simadna_1000.fq	4999210	4999210	2829734	 1.8	Vespertilionidae	Murina_ussuriensis	88	23	-	0	0	0.0 (0.0,84.2)	0.0 (0.0,97.5)	N/A (N/A,N/A)	N/A (N/A,N/A)	39.4	N/A
simadna_1000.fq	4999210	4999210	2829734	 1.8	Vespertilionidae	Myotis_brandtii	1	1	-	0	0	N/A (N/A,N/A)	0.0 (0.0,97.5)	N/A (N/A,N/A)	N/A (N/A,N/A)	35.0	N/A
simadna_1000.fq	4999210	4999210	2829734	 1.8	Vespertilionidae	Myotis_formosus	1	1	-	0	0	N/A (N/A,N/A)	0.0 (0.0,97.5)	N/A (N/A,N/A)	N/A (N/A,N/A)	35.0	N/A
simadna_1000.fq	4999210	4999210	2829734	 1.8	Vespertilionidae	Myotis_ikonnikovi	1	1	-	0	0	N/A (N/A,N/A)	0.0 (0.0,97.5)	N/A (N/A,N/A)	N/A (N/A,N/A)	35.0	N/A
simadna_1000.fq	4999210	4999210	2829734	 1.8	Vespertilionidae	Myotis_macrodactylus	1	1	-	0	0	N/A (N/A,N/A)	0.0 (0.0,97.5)	N/A (N/A,N/A)	N/A (N/A,N/A)	35.0	N/A
simadna_1000.fq	4999210	4999210	2829734	 1.8	Vespertilionidae	Nyctalus_noctula	2	2	-	0	0	N/A (N/A,N/A)	0.0 (0.0,97.5)	N/A (N/A,N/A)	N/A (N/A,N/A)	35.0	N/A
simadna_1000.fq	4999210	4999210	2829734	 1.8	Vespertilionidae	Pipistrellus_abramus	1	1	-	0	0	N/A (N/A,N/A)	N/A (N/A,N/A)	N/A (N/A,N/A)	N/A (N/A,N/A)	35.0	N/A
simadna_1000.fq	4999210	4999210	2829734	 1.8	Vespertilionidae	Plecotus_auritus	1	1	-	0	0	N/A (N/A,N/A)	0.0 (0.0,97.5)	N/A (N/A,N/A)	N/A (N/A,N/A)	35.0	N/A
simadna_1000.fq	4999210	4999210	2829734	 1.8	Vespertilionidae	Plecotus_macrobullaris	2	2	-	0	0	N/A (N/A,N/A)	0.0 (0.0,97.5)	N/A (N/A,N/A)	N/A (N/A,N/A)	38.5	N/A
simadna_1000.fq	4999210	4999210	2829734	 1.8	Viverridae	Genetta_servalina	41	12	-	0	0	0.0 (0.0,60.2)	0.0 (0.0,84.2)	N/A (N/A,N/A)	N/A (N/A,N/A)	45.4	N/A
simadna_1000.fq	4999210	4999210	2829734	 1.8	Viverridae	Viverricula_indica	3	3	-	0	0	0.0 (0.0,97.5)	0.0 (0.0,97.5)	N/A (N/A,N/A)	N/A (N/A,N/A)	39.0	N/A
simadna_1000.fq	4999210	4999210	2829734	 1.8	Ziphiidae	Mesoplodon_densirostris	1	1	-	0	0	N/A (N/A,N/A)	N/A (N/A,N/A)	N/A (N/A,N/A)	N/A (N/A,N/A)	37.0	N/A
simadna_1000.fq	4999210	4999210	2829734	 1.8	Ziphiidae	Mesoplodon_europaeus	1	1	-	0	0	N/A (N/A,N/A)	N/A (N/A,N/A)	N/A (N/A,N/A)	N/A (N/A,N/A)	37.0	N/A
simadna_1000.fq	4999210	4999210	2829734	 1.8	Ziphiidae	Mesoplodon_ginkgodens	1	1	-	0	0	N/A (N/A,N/A)	N/A (N/A,N/A)	N/A (N/A,N/A)	N/A (N/A,N/A)	37.0	N/A
simadna_1000.fq	4999210	4999210	2829734	 1.8	Ziphiidae	Ziphius_cavirostris	1	1	-	0	0	N/A (N/A,N/A)	N/A (N/A,N/A)	N/A (N/A,N/A)	N/A (N/A,N/A)	38.0	N/A
simadna_hd_1000.fq	4999234	4999234	4614860	 1.1	Ailuridae	Ailurus_fulgens	142	89	+	8	13	15.4 (1.9,45.4)	35.3 (14.2,61.7)	0.0 (0.0,84.2)	N/A (N/A,N/A)	44.7	44.6
simadna_hd_1000.fq	4999234	4999234	4614860	 1.1	Ailuridae	Ailurus_styani	165	96	+	9	14	18.8 (4.0,45.6)	35.3 (14.2,61.7)	0.0 (0.0,84.2)	0.0 (0.0,97.5)	44.8	44.3
simadna_hd_1000.fq	4999234	4999234	4614860	 1.1	Anomaluridae	Anomalurus_sp._GP-2005	24	17	-	1	2	16.7 (0.4,64.1)	N/A (N/A,N/A)	N/A (N/A,N/A)	N/A (N/A,N/A)	42.5	40.0
simadna_hd_1000.fq	4999234	4999234	4614860	 1.1	Antilocapridae	Antilocapra_americana	113	77	-	8	20	28.6 (8.4,58.1)	17.4 (5.0,38.8)	0.0 (0.0,97.5)	N/A (N/A,N/A)	43.1	44.0
simadna_hd_1000.fq	4999234	4999234	4614860	 1.1	Aotidae	Aotus_azarai	8	6	-	3	3	50.0 (1.3,98.7)	50.0 (6.8,93.2)	N/A (N/A,N/A)	0.0 (0.0,97.5)	37.2	36.3
simadna_hd_1000.fq	4999234	4999234	4614860	 1.1	Aotidae	Aotus_azarai_azarai	8	6	-	3	3	50.0 (1.3,98.7)	50.0 (6.8,93.2)	N/A (N/A,N/A)	0.0 (0.0,97.5)	37.2	36.3
simadna_hd_1000.fq	4999234	4999234	4614860	 1.1	Aotidae	Aotus_lemurinus	2	2	-	0	0	N/A (N/A,N/A)	0.0 (0.0,97.5)	N/A (N/A,N/A)	N/A (N/A,N/A)	36.5	N/A
simadna_hd_1000.fq	4999234	4999234	4614860	 1.1	Aotidae	Aotus_nancymaae	7	5	-	1	1	0.0 (0.0,97.5)	50.0 (1.3,98.7)	N/A (N/A,N/A)	N/A (N/A,N/A)	37.4	36.0
simadna_hd_1000.fq	4999234	4999234	4614860	 1.1	Atelidae	Alouatta_seniculus	91	38	-	3	9	14.3 (0.4,57.9)	25.0 (3.2,65.1)	N/A (N/A,N/A)	N/A (N/A,N/A)	46.9	45.1
simadna_hd_1000.fq	4999234	4999234	4614860	 1.1	Atelidae	Ateles_belzebuth	58	30	-	1	2	0.0 (0.0,60.2)	16.7 (0.4,64.1)	N/A (N/A,N/A)	N/A (N/A,N/A)	42.9	39.5
simadna_hd_1000.fq	4999234	4999234	4614860	 1.1	Atelidae	Lagothrix_lagotricha	61	33	-	1	1	0.0 (0.0,70.8)	14.3 (0.4,57.9)	N/A (N/A,N/A)	N/A (N/A,N/A)	42.8	40.0
simadna_hd_1000.fq	4999234	4999234	4614860	 1.1	Balaenidae	Balaena_mysticetus	32	29	-	0	4	0.0 (0.0,84.2)	0.0 (0.0,70.8)	N/A (N/A,N/A)	N/A (N/A,N/A)	40.5	40.0
simadna_hd_1000.fq	4999234	4999234	4614860	 1.1	Balaenidae	Eubalaena_australis	22	22	-	0	2	0.0 (0.0,60.2)	0.0 (0.0,70.8)	N/A (N/A,N/A)	N/A (N/A,N/A)	39.9	39.0
simadna_hd_1000.fq	4999234	4999234	4614860	 1.1	Balaenidae	Eubalaena_japonica	30	28	-	2	5	33.3 (4.3,77.7)	0.0 (0.0,60.2)	N/A (N/A,N/A)	N/A (N/A,N/A)	42.2	45.2
simadna_hd_1000.fq	4999234	4999234	4614860	 1.1	Balaenopteridae	Balaenoptera_acutorostrata	58	47	-	3	11	16.7 (0.4,64.1)	20.0 (2.5,55.6)	N/A (N/A,N/A)	0.0 (0.0,97.5)	43.5	45.3
simadna_hd_1000.fq	4999234	4999234	4614860	 1.1	Balaenopteridae	Balaenoptera_bonaerensis	70	57	-	3	11	0.0 (0.0,45.9)	23.1 (5.0,53.8)	N/A (N/A,N/A)	N/A (N/A,N/A)	44.1	45.4
simadna_hd_1000.fq	4999234	4999234	4614860	 1.1	Balaenopteridae	Balaenoptera_borealis	44	36	-	3	7	33.3 (0.8,90.6)	20.0 (2.5,55.6)	N/A (N/A,N/A)	0.0 (0.0,97.5)	42.5	47.9
simadna_hd_1000.fq	4999234	4999234	4614860	 1.1	Balaenopteridae	Balaenoptera_brydei	59	53	-	4	11	28.6 (3.7,71.0)	14.3 (1.8,42.8)	N/A (N/A,N/A)	0.0 (0.0,97.5)	42.5	44.8
simadna_hd_1000.fq	4999234	4999234	4614860	 1.1	Balaenopteridae	Balaenoptera_edeni	63	55	-	7	13	22.2 (2.8,60.0)	25.0 (8.7,49.1)	0.0 (0.0,97.5)	0.0 (0.0,84.2)	42.7	44.8
simadna_hd_1000.fq	4999234	4999234	4614860	 1.1	Balaenopteridae	Balaenoptera_musculus	38	34	-	4	7	33.3 (0.8,90.6)	30.0 (6.7,65.2)	0.0 (0.0,97.5)	0.0 (0.0,97.5)	43.0	47.6
simadna_hd_1000.fq	4999234	4999234	4614860	 1.1	Balaenopteridae	Balaenoptera_omurai	94	75	-	6	16	11.1 (1.4,34.7)	21.1 (6.1,45.6)	0.0 (0.0,84.2)	0.0 (0.0,97.5)	42.7	43.6
simadna_hd_1000.fq	4999234	4999234	4614860	 1.1	Balaenopteridae	Balaenoptera_physalus	38	34	-	0	4	0.0 (0.0,52.2)	0.0 (0.0,33.6)	N/A (N/A,N/A)	N/A (N/A,N/A)	43.5	52.0
simadna_hd_1000.fq	4999234	4999234	4614860	 1.1	Balaenopteridae	Megaptera_novaeangliae	36	30	-	2	5	20.0 (0.5,71.6)	10.0 (0.3,44.5)	N/A (N/A,N/A)	0.0 (0.0,97.5)	42.3	51.0
simadna_hd_1000.fq	4999234	4999234	4614860	 1.1	Bathyergidae	Fukomys_damarensis	14	13	-	0	2	0.0 (0.0,52.2)	0.0 (0.0,52.2)	N/A (N/A,N/A)	N/A (N/A,N/A)	39.6	42.5
simadna_hd_1000.fq	4999234	4999234	4614860	 1.1	Bathyergidae	Heterocephalus_glaber	16	14	-	2	4	16.7 (0.4,64.1)	25.0 (0.6,80.6)	0.0 (0.0,97.5)	N/A (N/A,N/A)	38.6	40.5
simadna_hd_1000.fq	4999234	4999234	4614860	 1.1	Bovidae	Addax_nasomaculatus	18574	4179	+	133	352	7.0 (5.2,9.1)	12.2 (9.9,14.8)	19.0 (5.4,41.9)	44.4 (13.7,78.8)	47.9	48.6
simadna_hd_1000.fq	4999234	4999234	4614860	 1.1	Bovidae	Aepyceros_melampus	20739	4321	+	176	414	8.8 (6.8,11.1)	14.9 (12.4,17.6)	0.0 (0.0,14.2)	0.0 (0.0,28.5)	49.4	50.3
simadna_hd_1000.fq	4999234	4999234	4614860	 1.1	Bovidae	Alcelaphus_buselaphus	19099	4233	+	151	419	7.6 (5.8,9.8)	11.9 (9.7,14.3)	16.7 (2.1,48.4)	12.5 (1.6,38.3)	47.8	48.0
simadna_hd_1000.fq	4999234	4999234	4614860	 1.1	Bovidae	Ammotragus_lervia	18234	4038	+	150	407	6.2 (4.5,8.2)	14.0 (11.7,16.7)	4.8 (0.1,23.8)	7.7 (0.2,36.0)	47.6	48.4
simadna_hd_1000.fq	4999234	4999234	4614860	 1.1	Bovidae	Antidorcas_marsupialis	15149	3892	-	121	346	6.7 (4.9,8.9)	11.7 (9.4,14.4)	6.7 (0.2,31.9)	50.0 (1.3,98.7)	47.3	48.2
simadna_hd_1000.fq	4999234	4999234	4614860	 1.1	Bovidae	Antilope_cervicapra	16465	4143	-	137	367	6.9 (5.2,9.0)	11.8 (9.5,14.3)	0.0 (0.0,19.5)	0.0 (0.0,36.9)	47.9	48.3
simadna_hd_1000.fq	4999234	4999234	4614860	 1.1	Bovidae	Arabitragus_jayakari	18916	4009	+	153	395	5.9 (4.3,8.0)	16.0 (13.4,18.9)	0.0 (0.0,18.5)	0.0 (0.0,45.9)	47.4	47.6
simadna_hd_1000.fq	4999234	4999234	4614860	 1.1	Bovidae	Beatragus_hunteri	20434	4273	+	160	451	9.4 (7.4,11.8)	12.1 (9.9,14.6)	13.3 (1.7,40.5)	14.3 (1.8,42.8)	47.9	47.4
simadna_hd_1000.fq	4999234	4999234	4614860	 1.1	Bovidae	Bison_bison	257412	22758	+	979	2237	9.1 (8.3,10.0)	14.8 (13.8,15.9)	11.4 (6.7,17.9)	23.2 (13.9,34.9)	55.3	56.1
simadna_hd_1000.fq	4999234	4999234	4614860	 1.1	Bovidae	Bison_bonasus	312244	24486	+	1082	2432	9.9 (9.0,10.8)	14.7 (13.7,15.8)	11.3 (6.6,17.8)	16.3 (9.6,25.2)	55.3	56.0
simadna_hd_1000.fq	4999234	4999234	4614860	 1.1	Bovidae	Bison_priscus	264097	22789	+	981	2291	9.1 (8.3,10.0)	14.7 (13.6,15.8)	11.4 (6.7,17.9)	22.9 (13.7,34.4)	55.2	56.2
simadna_hd_1000.fq	4999234	4999234	4614860	 1.1	Bovidae	Bos_gaurus	229100	21475	+	923	2162	9.9 (9.0,10.9)	14.2 (13.1,15.4)	11.6 (6.3,19.0)	16.2 (8.9,26.2)	54.7	55.1
simadna_hd_1000.fq	4999234	4999234	4614860	 1.1	Bovidae	Bos_grunniens	240135	21900	+	930	2206	9.7 (8.8,10.6)	14.0 (12.9,15.1)	8.7 (4.4,15.1)	17.5 (9.1,29.1)	55.0	56.0
simadna_hd_1000.fq	4999234	4999234	4614860	 1.1	Bovidae	Bos_indicus	634484	30645	++	1734	3304	12.5 (11.7,13.3)	16.7 (15.8,17.7)	13.1 (8.7,18.6)	17.9 (12.1,25.2)	57.6	59.0
simadna_hd_1000.fq	4999234	4999234	4614860	 1.1	Bovidae	Bos_javanicus	729735	31297	++	1962	3467	14.1 (13.2,14.9)	17.5 (16.6,18.5)	14.6 (10.3,19.9)	20.1 (14.3,27.1)	57.6	58.3
simadna_hd_1000.fq	4999234	4999234	4614860	 1.1	Bovidae	Bos_mutus	261793	22166	+	967	2243	10.1 (9.2,11.0)	14.1 (13.0,15.2)	9.2 (4.9,15.6)	17.6 (9.5,28.8)	55.1	56.2
simadna_hd_1000.fq	4999234	4999234	4614860	 1.1	Bovidae	Bos_primigenius	707778	31259	++	1877	3438	13.5 (12.7,14.4)	17.0 (16.1,18.0)	14.4 (10.0,19.7)	20.3 (14.2,27.5)	57.6	58.4
simadna_hd_1000.fq	4999234	4999234	4614860	 1.1	Bovidae	Bos_taurus	726263	31293	++	1937	3451	13.9 (13.1,14.8)	17.3 (16.3,18.2)	15.1 (10.7,20.6)	20.1 (14.3,27.1)	57.6	58.2
simadna_hd_1000.fq	4999234	4999234	4614860	 1.1	Bovidae	Boselaphus_tragocamelus	31074	5612	+	226	565	7.8 (6.1,9.7)	15.1 (13.0,17.4)	17.1 (6.6,33.6)	35.3 (14.2,61.7)	50.4	50.6
simadna_hd_1000.fq	4999234	4999234	4614860	 1.1	Bovidae	Bubalus_depressicornis	39883	6874	+	292	719	8.7 (7.1,10.4)	15.2 (13.2,17.3)	9.4 (2.0,25.0)	15.0 (3.2,37.9)	50.0	51.0
simadna_hd_1000.fq	4999234	4999234	4614860	 1.1	Bovidae	Bubalus_kerabau	39282	6471	+	290	711	10.0 (8.3,11.9)	14.1 (12.2,16.2)	7.1 (0.9,23.5)	7.7 (0.9,25.1)	49.8	50.6
simadna_hd_1000.fq	4999234	4999234	4614860	 1.1	Bovidae	Budorcas_taxicolor	17406	3728	+	127	343	7.4 (5.5,9.7)	12.4 (10.0,15.2)	4.8 (0.1,23.8)	14.3 (0.4,57.9)	47.6	48.4
simadna_hd_1000.fq	4999234	4999234	4614860	 1.1	Bovidae	Capra_aegagrus	18637	4326	+	146	375	6.0 (4.4,7.9)	13.8 (11.5,16.5)	13.6 (2.9,34.9)	30.0 (6.7,65.2)	48.3	48.1
simadna_hd_1000.fq	4999234	4999234	4614860	 1.1	Bovidae	Capra_caucasica	16908	4181	+	144	389	6.3 (4.6,8.3)	13.9 (11.5,16.6)	4.5 (0.1,22.8)	12.5 (0.3,52.7)	47.2	46.4
simadna_hd_1000.fq	4999234	4999234	4614860	 1.1	Bovidae	Capra_falconeri	18156	4260	+	146	405	6.8 (5.1,8.9)	12.7 (10.5,15.3)	7.4 (0.9,24.3)	22.2 (2.8,60.0)	47.4	46.6
simadna_hd_1000.fq	4999234	4999234	4614860	 1.1	Bovidae	Capra_hircus	18826	4355	+	139	381	6.0 (4.4,8.0)	13.1 (10.7,15.7)	16.7 (4.7,37.4)	44.4 (13.7,78.8)	47.5	46.9
simadna_hd_1000.fq	4999234	4999234	4614860	 1.1	Bovidae	Capra_ibex	18985	4300	+	153	401	7.0 (5.2,9.0)	13.9 (11.5,16.6)	5.0 (0.1,24.9)	20.0 (0.5,71.6)	47.3	46.5
simadna_hd_1000.fq	4999234	4999234	4614860	 1.1	Bovidae	Capra_nubiana	20588	4321	+	149	377	6.1 (4.6,8.1)	13.7 (11.3,16.4)	4.5 (0.1,22.8)	12.5 (0.3,52.7)	47.4	47.1
simadna_hd_1000.fq	4999234	4999234	4614860	 1.1	Bovidae	Capra_pyrenaica	21241	4503	+	152	412	6.6 (5.0,8.7)	13.3 (11.0,15.9)	13.6 (2.9,34.9)	23.1 (5.0,53.8)	47.7	46.0
simadna_hd_1000.fq	4999234	4999234	4614860	 1.1	Bovidae	Capra_sibirica	23420	4832	+	163	445	7.0 (5.4,8.9)	12.8 (10.6,15.2)	15.4 (4.4,34.9)	30.8 (9.1,61.4)	47.7	47.2
simadna_hd_1000.fq	4999234	4999234	4614860	 1.1	Bovidae	Capricornis_crispus	15925	3746	+	143	395	8.1 (6.1,10.4)	13.9 (11.3,16.8)	0.0 (0.0,18.5)	0.0 (0.0,52.2)	47.0	46.8
simadna_hd_1000.fq	4999234	4999234	4614860	 1.1	Bovidae	Capricornis_milneedwardsii	15356	3745	+	140	381	8.1 (6.1,10.5)	13.4 (10.9,16.3)	0.0 (0.0,18.5)	0.0 (0.0,41.0)	46.8	46.0
simadna_hd_1000.fq	4999234	4999234	4614860	 1.1	Bovidae	Capricornis_sumatraensis	13960	3519	+	126	346	7.1 (5.2,9.4)	14.0 (11.3,17.0)	0.0 (0.0,23.2)	0.0 (0.0,45.9)	46.6	45.9
simadna_hd_1000.fq	4999234	4999234	4614860	 1.1	Bovidae	Capricornis_swinhoei	12931	3415	+	131	337	7.8 (5.8,10.3)	13.6 (11.0,16.6)	0.0 (0.0,24.7)	0.0 (0.0,28.5)	45.7	45.8
simadna_hd_1000.fq	4999234	4999234	4614860	 1.1	Bovidae	Cephalophorus_callipygus	21863	4345	+	177	437	9.7 (7.6,12.1)	14.6 (12.2,17.3)	14.3 (3.0,36.3)	18.8 (4.0,45.6)	48.8	49.2
simadna_hd_1000.fq	4999234	4999234	4614860	 1.1	Bovidae	Cephalophorus_leucogaster	20951	4477	+	161	447	7.0 (5.3,9.0)	14.3 (11.9,17.0)	7.7 (0.2,36.0)	12.5 (0.3,52.7)	48.2	47.5
simadna_hd_1000.fq	4999234	4999234	4614860	 1.1	Bovidae	Cephalophorus_natalensis	17871	4271	+	147	423	6.5 (4.8,8.6)	13.5 (11.2,16.2)	7.7 (0.2,36.0)	7.7 (0.2,36.0)	48.1	48.7
simadna_hd_1000.fq	4999234	4999234	4614860	 1.1	Bovidae	Cephalophorus_nigrifrons	17202	4226	+	156	403	7.2 (5.4,9.4)	14.1 (11.7,16.8)	7.7 (0.2,36.0)	8.3 (0.2,38.5)	48.0	48.7
simadna_hd_1000.fq	4999234	4999234	4614860	 1.1	Bovidae	Cephalophorus_ogilbyi	18598	3982	+	169	402	9.3 (7.3,11.8)	14.7 (12.2,17.4)	11.1 (1.4,34.7)	16.7 (2.1,48.4)	48.6	48.5
simadna_hd_1000.fq	4999234	4999234	4614860	 1.1	Bovidae	Cephalophorus_rufilatus	18265	4307	+	142	386	6.2 (4.6,8.2)	13.3 (10.9,16.0)	7.1 (0.2,33.9)	8.3 (0.2,38.5)	48.2	48.9
simadna_hd_1000.fq	4999234	4999234	4614860	 1.1	Bovidae	Cephalophus_dorsalis	18299	4282	+	157	409	6.9 (5.1,9.0)	13.6 (11.3,16.1)	9.1 (1.1,29.2)	33.3 (4.3,77.7)	47.6	47.8
simadna_hd_1000.fq	4999234	4999234	4614860	 1.1	Bovidae	Cephalophus_jentinki	16982	3945	+	148	402	7.6 (5.7,9.8)	13.8 (11.4,16.6)	0.0 (0.0,26.5)	0.0 (0.0,60.2)	46.9	47.0
simadna_hd_1000.fq	4999234	4999234	4614860	 1.1	Bovidae	Cephalophus_silvicultor	19260	4481	+	146	421	6.5 (4.9,8.5)	12.0 (9.9,14.5)	5.6 (0.1,27.3)	25.0 (0.6,80.6)	47.2	48.0
simadna_hd_1000.fq	4999234	4999234	4614860	 1.1	Bovidae	Cephalophus_spadix	19500	4305	-	152	426	9.3 (7.3,11.7)	11.5 (9.3,13.9)	9.1 (0.2,41.3)	11.1 (0.3,48.2)	48.0	47.4
simadna_hd_1000.fq	4999234	4999234	4614860	 1.1	Bovidae	Connochaetes_gnou	18786	4394	+	161	447	8.2 (6.4,10.4)	12.5 (10.3,15.0)	9.1 (0.2,41.3)	6.7 (0.2,31.9)	47.5	46.8
simadna_hd_1000.fq	4999234	4999234	4614860	 1.1	Bovidae	Connochaetes_taurinus	19130	4492	+	172	474	7.1 (5.4,9.1)	14.2 (11.9,16.8)	10.5 (1.3,33.1)	12.5 (1.6,38.3)	47.9	46.7
simadna_hd_1000.fq	4999234	4999234	4614860	 1.1	Bovidae	Damaliscus_lunatus	17262	3818	+	152	409	8.8 (6.7,11.2)	13.6 (11.2,16.3)	13.3 (1.7,40.5)	33.3 (4.3,77.7)	47.1	47.5
simadna_hd_1000.fq	4999234	4999234	4614860	 1.1	Bovidae	Damaliscus_pygargus	16644	3634	+	139	364	7.3 (5.5,9.6)	13.6 (11.1,16.4)	12.5 (1.6,38.3)	33.3 (4.3,77.7)	47.8	47.4
simadna_hd_1000.fq	4999234	4999234	4614860	 1.1	Bovidae	Dorcatragus_megalotis	22148	4323	+	149	366	7.0 (5.2,9.2)	13.0 (10.7,15.5)	4.3 (0.1,21.9)	12.5 (0.3,52.7)	48.0	47.5
simadna_hd_1000.fq	4999234	4999234	4614860	 1.1	Bovidae	Eudorcas_rufifrons	16599	3829	+	137	334	8.5 (6.4,10.9)	12.3 (10.0,15.0)	0.0 (0.0,18.5)	0.0 (0.0,45.9)	47.2	47.1
simadna_hd_1000.fq	4999234	4999234	4614860	 1.1	Bovidae	Gazella_bennettii	20505	4311	+	172	451	8.2 (6.4,10.4)	13.9 (11.6,16.5)	4.0 (0.1,20.4)	11.1 (0.3,48.2)	49.3	49.9
simadna_hd_1000.fq	4999234	4999234	4614860	 1.1	Bovidae	Gazella_cuvieri	15590	3969	+	138	363	7.9 (5.9,10.2)	12.3 (10.0,15.0)	0.0 (0.0,20.6)	0.0 (0.0,36.9)	47.9	48.5
simadna_hd_1000.fq	4999234	4999234	4614860	 1.1	Bovidae	Gazella_dorcas	19805	4346	+	161	415	7.3 (5.5,9.4)	14.2 (11.8,16.9)	9.1 (1.1,29.2)	22.2 (2.8,60.0)	48.8	49.6
simadna_hd_1000.fq	4999234	4999234	4614860	 1.1	Bovidae	Gazella_erlangeri	19387	4285	+	165	409	9.7 (7.7,12.1)	12.0 (9.8,14.5)	10.5 (1.3,33.1)	20.0 (2.5,55.6)	48.5	48.0
simadna_hd_1000.fq	4999234	4999234	4614860	 1.1	Bovidae	Gazella_gazella	20010	4442	+	161	415	8.8 (6.8,11.0)	12.2 (10.0,14.7)	9.1 (1.1,29.2)	25.0 (3.2,65.1)	48.9	48.7
simadna_hd_1000.fq	4999234	4999234	4614860	 1.1	Bovidae	Gazella_leptoceros	15992	4048	+	151	395	8.4 (6.4,10.7)	13.1 (10.7,15.8)	5.9 (0.1,28.7)	12.5 (0.3,52.7)	48.1	49.1
simadna_hd_1000.fq	4999234	4999234	4614860	 1.1	Bovidae	Gazella_spekei	19127	4200	+	162	404	7.4 (5.6,9.5)	14.1 (11.7,16.7)	8.7 (1.1,28.0)	33.3 (4.3,77.7)	48.7	48.9
simadna_hd_1000.fq	4999234	4999234	4614860	 1.1	Bovidae	Gazella_subgutturosa	20543	4573	+	176	452	8.1 (6.4,10.2)	13.8 (11.5,16.3)	10.3 (2.2,27.4)	30.0 (6.7,65.2)	48.5	48.4
simadna_hd_1000.fq	4999234	4999234	4614860	 1.1	Bovidae	Hemitragus_jemlahicus	21799	4654	+	167	428	7.6 (5.8,9.7)	12.5 (10.4,14.9)	8.7 (1.1,28.0)	11.8 (1.5,36.4)	47.2	46.2
simadna_hd_1000.fq	4999234	4999234	4614860	 1.1	Bovidae	Hippotragus_equinus	21196	4541	+	151	399	6.0 (4.4,7.9)	12.7 (10.6,15.2)	9.5 (1.2,30.4)	20.0 (2.5,55.6)	48.5	48.8
simadna_hd_1000.fq	4999234	4999234	4614860	 1.1	Bovidae	Hippotragus_niger	21800	4387	+	176	430	7.5 (5.7,9.6)	15.3 (12.8,18.0)	4.3 (0.1,21.9)	11.1 (0.3,48.2)	47.9	47.9
simadna_hd_1000.fq	4999234	4999234	4614860	 1.1	Bovidae	Kobus_ellipsiprymnus	17189	3998	+	139	380	7.7 (5.8,9.9)	12.0 (9.7,14.6)	16.7 (3.6,41.4)	23.1 (5.0,53.8)	47.7	46.9
simadna_hd_1000.fq	4999234	4999234	4614860	 1.1	Bovidae	Kobus_leche	22382	4920	-	164	431	7.8 (6.1,9.7)	10.5 (8.6,12.6)	4.5 (0.1,22.8)	10.0 (0.3,44.5)	47.9	47.5
simadna_hd_1000.fq	4999234	4999234	4614860	 1.1	Bovidae	Leucocephalophus_adersi	22282	4826	+	156	409	6.7 (5.1,8.7)	12.2 (10.1,14.6)	5.3 (0.1,26.0)	7.1 (0.2,33.9)	49.2	49.8
simadna_hd_1000.fq	4999234	4999234	4614860	 1.1	Bovidae	Litocranius_walleri	23274	4414	+	165	393	9.1 (7.2,11.4)	12.3 (10.1,14.8)	0.0 (0.0,17.6)	0.0 (0.0,28.5)	48.5	51.0
simadna_hd_1000.fq	4999234	4999234	4614860	 1.1	Bovidae	Madoqua_kirkii	13392	3170	-	102	295	6.9 (4.8,9.4)	11.0 (8.6,13.8)	0.0 (0.0,36.9)	N/A (N/A,N/A)	46.8	46.1
simadna_hd_1000.fq	4999234	4999234	4614860	 1.1	Bovidae	Madoqua_saltiana	16977	3558	+	131	359	6.9 (5.0,9.1)	14.1 (11.5,17.1)	0.0 (0.0,23.2)	0.0 (0.0,70.8)	47.7	48.7
simadna_hd_1000.fq	4999234	4999234	4614860	 1.1	Bovidae	Naemorhedus_baileyi	18699	3754	+	136	368	7.4 (5.6,9.6)	13.3 (10.8,16.2)	5.3 (0.1,26.0)	14.3 (0.4,57.9)	46.7	45.1
simadna_hd_1000.fq	4999234	4999234	4614860	 1.1	Bovidae	Naemorhedus_caudatus	16215	3765	+	130	324	7.1 (5.2,9.4)	13.8 (11.2,16.7)	6.2 (0.2,30.2)	12.5 (0.3,52.7)	45.9	45.4
simadna_hd_1000.fq	4999234	4999234	4614860	 1.1	Bovidae	Naemorhedus_goral	13561	3438	+	108	274	5.5 (3.8,7.7)	13.2 (10.6,16.3)	5.6 (0.1,27.3)	20.0 (0.5,71.6)	45.8	46.0
simadna_hd_1000.fq	4999234	4999234	4614860	 1.1	Bovidae	Naemorhedus_griseus	16780	3480	+	146	350	9.3 (7.1,11.8)	14.6 (11.9,17.7)	9.5 (1.2,30.4)	28.6 (3.7,71.0)	46.6	46.1
simadna_hd_1000.fq	4999234	4999234	4614860	 1.1	Bovidae	Nanger_dama	20601	4044	-	132	356	6.8 (5.1,8.9)	11.7 (9.4,14.3)	0.0 (0.0,20.6)	0.0 (0.0,41.0)	48.8	49.0
simadna_hd_1000.fq	4999234	4999234	4614860	 1.1	Bovidae	Nanger_granti	17166	3755	-	113	321	6.7 (4.9,8.9)	11.1 (8.7,13.9)	0.0 (0.0,28.5)	0.0 (0.0,36.9)	48.3	49.3
simadna_hd_1000.fq	4999234	4999234	4614860	 1.1	Bovidae	Nanger_soemmerringii	20172	4209	+	140	378	6.4 (4.7,8.4)	13.1 (10.7,15.8)	5.6 (0.1,27.3)	9.1 (0.2,41.3)	48.5	49.3
simadna_hd_1000.fq	4999234	4999234	4614860	 1.1	Bovidae	Neotragus_batesi	17600	3908	+	135	367	6.7 (5.0,8.9)	13.9 (11.3,16.8)	0.0 (0.0,26.5)	0.0 (0.0,60.2)	47.9	47.8
simadna_hd_1000.fq	4999234	4999234	4614860	 1.1	Bovidae	Neotragus_moschatus	16786	4145	-	138	392	7.9 (6.0,10.2)	11.7 (9.5,14.3)	7.1 (0.2,33.9)	9.1 (0.2,41.3)	48.3	47.8
simadna_hd_1000.fq	4999234	4999234	4614860	 1.1	Bovidae	Oreamnos_americanus	20095	4385	-	136	359	7.2 (5.4,9.3)	11.0 (8.9,13.4)	13.0 (2.8,33.6)	30.0 (6.7,65.2)	47.3	46.3
simadna_hd_1000.fq	4999234	4999234	4614860	 1.1	Bovidae	Oreotragus_oreotragus	19835	3998	+	127	341	7.3 (5.3,9.6)	12.0 (9.7,14.6)	12.5 (1.6,38.3)	22.2 (2.8,60.0)	48.5	49.1
simadna_hd_1000.fq	4999234	4999234	4614860	 1.1	Bovidae	Oryx_beisa	18163	4153	+	151	373	6.8 (5.1,8.9)	14.1 (11.6,16.9)	5.6 (0.1,27.3)	14.3 (0.4,57.9)	48.0	47.9
simadna_hd_1000.fq	4999234	4999234	4614860	 1.1	Bovidae	Oryx_gazella	17735	3967	+	154	392	9.0 (7.0,11.3)	12.2 (9.9,14.8)	0.0 (0.0,21.8)	0.0 (0.0,28.5)	47.1	47.1
simadna_hd_1000.fq	4999234	4999234	4614860	 1.1	Bovidae	Oryx_leucoryx	16769	4001	-	125	359	7.1 (5.3,9.2)	11.7 (9.3,14.4)	15.4 (1.9,45.4)	33.3 (4.3,77.7)	47.8	46.8
simadna_hd_1000.fq	4999234	4999234	4614860	 1.1	Bovidae	Ourebia_ourebi	16364	3788	-	123	350	7.9 (6.0,10.3)	10.5 (8.3,13.0)	7.1 (0.2,33.9)	11.1 (0.3,48.2)	47.9	48.0
simadna_hd_1000.fq	4999234	4999234	4614860	 1.1	Bovidae	Ovibos_moschatus	14831	3466	+	126	320	5.6 (3.9,7.8)	14.5 (11.8,17.4)	0.0 (0.0,17.6)	0.0 (0.0,60.2)	47.2	46.6
simadna_hd_1000.fq	4999234	4999234	4614860	 1.1	Bovidae	Ovis_ammon	17796	4213	+	150	395	7.9 (6.0,10.2)	12.9 (10.6,15.6)	0.0 (0.0,18.5)	0.0 (0.0,36.9)	47.8	47.0
simadna_hd_1000.fq	4999234	4999234	4614860	 1.1	Bovidae	Ovis_aries	20462	4308	-	138	394	8.3 (6.4,10.6)	10.4 (8.4,12.9)	8.3 (0.2,38.5)	7.1 (0.2,33.9)	47.6	47.2
simadna_hd_1000.fq	4999234	4999234	4614860	 1.1	Bovidae	Ovis_canadensis	21301	4318	+	165	395	7.8 (6.0,10.0)	13.9 (11.5,16.5)	4.3 (0.1,21.9)	14.3 (0.4,57.9)	47.8	48.2
simadna_hd_1000.fq	4999234	4999234	4614860	 1.1	Bovidae	Ovis_orientalis	20484	4327	-	140	391	8.3 (6.4,10.6)	10.9 (8.8,13.3)	7.7 (0.2,36.0)	8.3 (0.2,38.5)	47.5	47.1
simadna_hd_1000.fq	4999234	4999234	4614860	 1.1	Bovidae	Ovis_vignei	17906	4101	+	142	356	7.9 (5.9,10.1)	12.6 (10.2,15.2)	6.7 (0.2,31.9)	10.0 (0.3,44.5)	47.4	46.4
simadna_hd_1000.fq	4999234	4999234	4614860	 1.1	Bovidae	Pantholops_hodgsonii	21210	4338	-	144	400	7.6 (5.8,9.8)	11.4 (9.3,13.9)	5.9 (0.1,28.7)	10.0 (0.3,44.5)	46.6	46.5
simadna_hd_1000.fq	4999234	4999234	4614860	 1.1	Bovidae	Pelea_capreolus	16791	4021	+	144	386	7.5 (5.6,9.7)	13.1 (10.7,15.8)	7.7 (0.2,36.0)	8.3 (0.2,38.5)	47.4	46.6
simadna_hd_1000.fq	4999234	4999234	4614860	 1.1	Bovidae	Philantomba_maxwellii	30017	5369	+	197	515	8.2 (6.5,10.2)	12.8 (10.7,15.0)	4.5 (0.1,22.8)	8.3 (0.2,38.5)	49.2	50.4
simadna_hd_1000.fq	4999234	4999234	4614860	 1.1	Bovidae	Philantomba_monticola	25083	5079	+	182	456	8.0 (6.3,10.1)	14.1 (11.8,16.6)	20.0 (5.7,43.7)	26.7 (7.8,55.1)	48.7	47.8
simadna_hd_1000.fq	4999234	4999234	4614860	 1.1	Bovidae	Procapra_gutturosa	19155	3901	+	126	346	6.5 (4.7,8.6)	12.5 (10.1,15.3)	0.0 (0.0,33.6)	0.0 (0.0,52.2)	48.6	48.8
simadna_hd_1000.fq	4999234	4999234	4614860	 1.1	Bovidae	Procapra_przewalskii	20562	4089	+	136	370	6.0 (4.3,8.0)	13.6 (11.2,16.4)	0.0 (0.0,36.9)	0.0 (0.0,60.2)	49.0	49.2
simadna_hd_1000.fq	4999234	4999234	4614860	 1.1	Bovidae	Pseudois_nayaur	18651	4451	+	172	433	7.1 (5.3,9.1)	15.4 (13.0,18.1)	10.0 (1.2,31.7)	33.3 (4.3,77.7)	47.6	46.1
simadna_hd_1000.fq	4999234	4999234	4614860	 1.1	Bovidae	Pseudois_schaeferi	18561	4355	+	162	422	7.3 (5.5,9.4)	14.7 (12.2,17.4)	9.5 (1.2,30.4)	20.0 (2.5,55.6)	47.4	46.7
simadna_hd_1000.fq	4999234	4999234	4614860	 1.1	Bovidae	Pseudoryx_nghetinhensis	36854	6651	+	258	665	7.9 (6.3,9.6)	13.4 (11.6,15.4)	5.7 (0.7,19.2)	10.5 (1.3,33.1)	49.8	50.1
simadna_hd_1000.fq	4999234	4999234	4614860	 1.1	Bovidae	Raphicerus_campestris	11808	3172	+	110	295	8.5 (6.3,11.2)	12.8 (10.0,16.1)	0.0 (0.0,70.8)	0.0 (0.0,45.9)	47.4	47.5
simadna_hd_1000.fq	4999234	4999234	4614860	 1.1	Bovidae	Redunca_arundinum	18388	4175	+	159	417	6.9 (5.2,9.0)	14.7 (12.2,17.4)	5.3 (0.1,26.0)	16.7 (0.4,64.1)	47.8	46.6
simadna_hd_1000.fq	4999234	4999234	4614860	 1.1	Bovidae	Redunca_fulvorufula	14415	3724	+	132	366	6.7 (5.0,8.9)	13.7 (11.1,16.5)	13.6 (2.9,34.9)	33.3 (7.5,70.1)	48.2	47.4
simadna_hd_1000.fq	4999234	4999234	4614860	 1.1	Bovidae	Rupicapra_pyrenaica	17957	4035	+	168	437	8.0 (6.1,10.3)	14.6 (12.2,17.3)	16.7 (2.1,48.4)	22.2 (2.8,60.0)	47.1	46.9
simadna_hd_1000.fq	4999234	4999234	4614860	 1.1	Bovidae	Rupicapra_rupicapra	15704	4020	+	159	399	7.6 (5.8,9.8)	14.0 (11.6,16.7)	6.7 (0.2,31.9)	14.3 (0.4,57.9)	47.3	47.1
simadna_hd_1000.fq	4999234	4999234	4614860	 1.1	Bovidae	Saiga_tatarica	20061	4060	-	141	363	8.8 (6.8,11.2)	11.9 (9.5,14.6)	0.0 (0.0,28.5)	0.0 (0.0,41.0)	48.7	47.9
simadna_hd_1000.fq	4999234	4999234	4614860	 1.1	Bovidae	Sylvicapra_grimmia	21292	4715	+	172	443	8.3 (6.5,10.5)	13.1 (10.8,15.5)	7.7 (0.2,36.0)	7.7 (0.2,36.0)	47.8	48.0
simadna_hd_1000.fq	4999234	4999234	4614860	 1.1	Bovidae	Syncerus_caffer	42130	7170	+	288	751	9.5 (7.9,11.2)	13.7 (11.8,15.7)	16.0 (4.5,36.1)	13.3 (3.8,30.7)	50.1	50.0
simadna_hd_1000.fq	4999234	4999234	4614860	 1.1	Bovidae	Taurotragus_derbianus	29697	5159	+	189	533	7.9 (6.3,9.9)	13.2 (11.1,15.6)	11.5 (2.4,30.2)	33.3 (7.5,70.1)	49.1	49.5
simadna_hd_1000.fq	4999234	4999234	4614860	 1.1	Bovidae	Tetracerus_quadricornis	32260	5684	+	217	527	7.3 (5.7,9.1)	14.7 (12.6,17.1)	0.0 (0.0,15.4)	0.0 (0.0,30.8)	50.3	51.3
simadna_hd_1000.fq	4999234	4999234	4614860	 1.1	Bovidae	Tragelaphus_angasii	24010	4736	+	197	493	7.8 (6.0,10.0)	15.8 (13.5,18.4)	10.5 (1.3,33.1)	22.2 (2.8,60.0)	49.8	51.0
simadna_hd_1000.fq	4999234	4999234	4614860	 1.1	Bovidae	Tragelaphus_eurycerus	26622	5190	+	243	611	9.5 (7.7,11.6)	15.4 (13.3,17.7)	10.0 (2.1,26.5)	14.3 (3.0,36.3)	49.7	50.7
simadna_hd_1000.fq	4999234	4999234	4614860	 1.1	Bovidae	Tragelaphus_imberbis	26873	4453	+	181	434	8.2 (6.3,10.3)	15.0 (12.6,17.6)	20.0 (4.3,48.1)	21.4 (4.7,50.8)	50.3	51.3
simadna_hd_1000.fq	4999234	4999234	4614860	 1.1	Bovidae	Tragelaphus_oryx	26052	5087	+	185	489	6.6 (5.1,8.5)	14.1 (11.9,16.6)	3.7 (0.1,19.0)	10.0 (0.3,44.5)	48.8	49.5
simadna_hd_1000.fq	4999234	4999234	4614860	 1.1	Bovidae	Tragelaphus_scriptus	22921	4797	+	202	499	7.1 (5.4,9.1)	16.2 (13.8,18.8)	0.0 (0.0,17.6)	0.0 (0.0,41.0)	48.7	49.4
simadna_hd_1000.fq	4999234	4999234	4614860	 1.1	Bovidae	Tragelaphus_spekii	27777	5024	+	230	553	9.1 (7.3,11.3)	16.2 (13.9,18.7)	6.5 (0.8,21.4)	22.2 (2.8,60.0)	49.5	51.1
simadna_hd_1000.fq	4999234	4999234	4614860	 1.1	Bovidae	Tragelaphus_strepsiceros	19627	4132	+	170	431	6.7 (5.0,8.8)	15.5 (13.1,18.2)	4.3 (0.1,21.9)	10.0 (0.3,44.5)	49.2	50.2
simadna_hd_1000.fq	4999234	4999234	4614860	 1.1	Bradypodidae	Bradypus_pygmaeus	16	14	-	1	2	50.0 (1.3,98.7)	0.0 (0.0,84.2)	N/A (N/A,N/A)	0.0 (0.0,97.5)	39.6	38.5
simadna_hd_1000.fq	4999234	4999234	4614860	 1.1	Bradypodidae	Bradypus_torquatus	22	18	-	3	5	50.0 (6.8,93.2)	16.7 (0.4,64.1)	N/A (N/A,N/A)	0.0 (0.0,97.5)	40.5	39.0
simadna_hd_1000.fq	4999234	4999234	4614860	 1.1	Bradypodidae	Bradypus_variegatus	14	12	-	0	1	N/A (N/A,N/A)	0.0 (0.0,70.8)	N/A (N/A,N/A)	N/A (N/A,N/A)	40.1	43.0
simadna_hd_1000.fq	4999234	4999234	4614860	 1.1	Camelidae	Camelus_bactrianus	93	53	-	1	7	0.0 (0.0,70.8)	12.5 (0.3,52.7)	N/A (N/A,N/A)	N/A (N/A,N/A)	42.9	41.3
simadna_hd_1000.fq	4999234	4999234	4614860	 1.1	Camelidae	Camelus_dromedarius	127	69	-	3	8	11.1 (0.3,48.2)	15.4 (1.9,45.4)	0.0 (0.0,97.5)	N/A (N/A,N/A)	42.6	43.0
simadna_hd_1000.fq	4999234	4999234	4614860	 1.1	Camelidae	Camelus_ferus	80	46	-	0	4	0.0 (0.0,70.8)	0.0 (0.0,45.9)	N/A (N/A,N/A)	N/A (N/A,N/A)	43.3	42.0
simadna_hd_1000.fq	4999234	4999234	4614860	 1.1	Camelidae	Lama_glama	163	77	+	7	12	31.2 (11.0,58.7)	15.4 (1.9,45.4)	N/A (N/A,N/A)	0.0 (0.0,97.5)	44.6	48.0
simadna_hd_1000.fq	4999234	4999234	4614860	 1.1	Camelidae	Lama_guanicoe	144	77	+	7	14	50.0 (18.7,81.3)	13.3 (1.7,40.5)	N/A (N/A,N/A)	0.0 (0.0,97.5)	44.4	43.1
simadna_hd_1000.fq	4999234	4999234	4614860	 1.1	Camelidae	Vicugna_pacos	137	72	+	6	11	44.4 (13.7,78.8)	15.4 (1.9,45.4)	N/A (N/A,N/A)	0.0 (0.0,97.5)	44.3	43.6
simadna_hd_1000.fq	4999234	4999234	4614860	 1.1	Camelidae	Vicugna_vicugna	158	86	+	6	13	31.2 (11.0,58.7)	6.2 (0.2,30.2)	N/A (N/A,N/A)	0.0 (0.0,84.2)	43.8	43.5
simadna_hd_1000.fq	4999234	4999234	4614860	 1.1	Canidae	Canis_latrans	106	79	+	7	17	33.3 (11.8,61.6)	18.8 (4.0,45.6)	100.0 (2.5,100.0)	33.3 (0.8,90.6)	43.1	44.5
simadna_hd_1000.fq	4999234	4999234	4614860	 1.1	Canidae	Canis_lupaster	115	87	-	5	16	26.7 (7.8,55.1)	16.7 (2.1,48.4)	100.0 (2.5,100.0)	50.0 (1.3,98.7)	42.2	41.6
simadna_hd_1000.fq	4999234	4999234	4614860	 1.1	Canidae	Canis_lupus	98	73	-	2	12	18.2 (2.3,51.8)	7.1 (0.2,33.9)	100.0 (2.5,100.0)	100.0 (2.5,100.0)	41.2	41.2
simadna_hd_1000.fq	4999234	4999234	4614860	 1.1	Canidae	Canis_lupus_chanco	125	90	-	4	17	23.1 (5.0,53.8)	6.7 (0.2,31.9)	N/A (N/A,N/A)	0.0 (0.0,97.5)	41.5	41.2
simadna_hd_1000.fq	4999234	4999234	4614860	 1.1	Canidae	Canis_lupus_familiaris	90	65	-	2	11	18.2 (2.3,51.8)	0.0 (0.0,30.8)	N/A (N/A,N/A)	N/A (N/A,N/A)	41.4	41.6
simadna_hd_1000.fq	4999234	4999234	4614860	 1.1	Canidae	Canis_lupus_lupus	90	65	-	1	10	11.1 (0.3,48.2)	0.0 (0.0,30.8)	N/A (N/A,N/A)	N/A (N/A,N/A)	41.3	40.9
simadna_hd_1000.fq	4999234	4999234	4614860	 1.1	Canidae	Chrysocyon_brachyurus	161	105	+	10	27	20.8 (7.1,42.2)	27.3 (10.7,50.2)	50.0 (1.3,98.7)	100.0 (2.5,100.0)	42.5	41.0
simadna_hd_1000.fq	4999234	4999234	4614860	 1.1	Canidae	Cuon_alpinus	257	106	+	6	15	13.3 (1.7,40.5)	33.3 (9.9,65.1)	N/A (N/A,N/A)	N/A (N/A,N/A)	42.6	42.4
simadna_hd_1000.fq	4999234	4999234	4614860	 1.1	Canidae	Lycaon_pictus	253	110	-	6	12	22.2 (6.4,47.6)	21.4 (4.7,50.8)	50.0 (1.3,98.7)	100.0 (2.5,100.0)	44.6	42.3
simadna_hd_1000.fq	4999234	4999234	4614860	 1.1	Canidae	Nyctereutes_procyonoides	131	77	-	5	11	8.3 (0.2,38.5)	30.8 (9.1,61.4)	0.0 (0.0,84.2)	N/A (N/A,N/A)	41.5	41.6
simadna_hd_1000.fq	4999234	4999234	4614860	 1.1	Canidae	Urocyon_cinereoargenteus	90	61	+	5	9	42.9 (9.9,81.6)	25.0 (3.2,65.1)	0.0 (0.0,97.5)	N/A (N/A,N/A)	45.9	42.3
simadna_hd_1000.fq	4999234	4999234	4614860	 1.1	Canidae	Vulpes_corsac	193	78	+	9	15	16.7 (4.7,37.4)	45.5 (16.7,76.6)	0.0 (0.0,84.2)	N/A (N/A,N/A)	42.5	41.9
simadna_hd_1000.fq	4999234	4999234	4614860	 1.1	Canidae	Vulpes_ferrilata	338	116	-	8	15	17.9 (6.1,36.9)	23.1 (5.0,53.8)	0.0 (0.0,97.5)	N/A (N/A,N/A)	41.6	41.9
simadna_hd_1000.fq	4999234	4999234	4614860	 1.1	Canidae	Vulpes_lagopus	99	60	+	5	8	40.0 (12.2,73.8)	20.0 (0.5,71.6)	N/A (N/A,N/A)	N/A (N/A,N/A)	43.9	42.9
simadna_hd_1000.fq	4999234	4999234	4614860	 1.1	Canidae	Vulpes_vulpes	163	102	-	6	15	16.7 (4.7,37.4)	15.4 (1.9,45.4)	N/A (N/A,N/A)	N/A (N/A,N/A)	42.0	41.3
simadna_hd_1000.fq	4999234	4999234	4614860	 1.1	Canidae	Vulpes_zerda	131	83	-	6	10	20.0 (5.7,43.7)	14.3 (1.8,42.8)	N/A (N/A,N/A)	N/A (N/A,N/A)	41.9	40.7
simadna_hd_1000.fq	4999234	4999234	4614860	 1.1	Castoridae	Castor_fiber	11	10	-	0	2	N/A (N/A,N/A)	0.0 (0.0,84.2)	N/A (N/A,N/A)	N/A (N/A,N/A)	45.1	45.5
simadna_hd_1000.fq	4999234	4999234	4614860	 1.1	Caviidae	Cavia_porcellus	59	32	-	2	5	0.0 (0.0,52.2)	22.2 (2.8,60.0)	N/A (N/A,N/A)	N/A (N/A,N/A)	42.6	41.0
simadna_hd_1000.fq	4999234	4999234	4614860	 1.1	Cebidae	Callimico_goeldii	86	55	-	2	14	0.0 (0.0,33.6)	13.3 (1.7,40.5)	N/A (N/A,N/A)	N/A (N/A,N/A)	43.0	42.2
simadna_hd_1000.fq	4999234	4999234	4614860	 1.1	Cebidae	Callithrix_geoffroyi	56	41	-	3	8	0.0 (0.0,45.9)	25.0 (5.5,57.2)	N/A (N/A,N/A)	N/A (N/A,N/A)	42.3	42.9
simadna_hd_1000.fq	4999234	4999234	4614860	 1.1	Cebidae	Callithrix_jacchus	55	40	-	2	5	0.0 (0.0,45.9)	18.2 (2.3,51.8)	N/A (N/A,N/A)	N/A (N/A,N/A)	42.0	39.6
simadna_hd_1000.fq	4999234	4999234	4614860	 1.1	Cebidae	Callithrix_kuhlii	52	37	-	3	7	0.0 (0.0,52.2)	25.0 (5.5,57.2)	N/A (N/A,N/A)	N/A (N/A,N/A)	42.1	43.3
simadna_hd_1000.fq	4999234	4999234	4614860	 1.1	Cebidae	Cebuella_pygmaea	48	35	-	2	6	0.0 (0.0,52.2)	20.0 (2.5,55.6)	N/A (N/A,N/A)	N/A (N/A,N/A)	42.3	39.3
simadna_hd_1000.fq	4999234	4999234	4614860	 1.1	Cebidae	Cebus_albifrons	71	46	-	6	11	27.3 (6.0,61.0)	21.4 (4.7,50.8)	N/A (N/A,N/A)	0.0 (0.0,84.2)	42.7	43.0
simadna_hd_1000.fq	4999234	4999234	4614860	 1.1	Cebidae	Leontopithecus_rosalia	104	67	-	4	14	23.1 (5.0,53.8)	5.9 (0.1,28.7)	N/A (N/A,N/A)	0.0 (0.0,97.5)	41.9	40.9
simadna_hd_1000.fq	4999234	4999234	4614860	 1.1	Cebidae	Saguinus_oedipus	72	47	-	4	14	0.0 (0.0,41.0)	21.1 (6.1,45.6)	N/A (N/A,N/A)	N/A (N/A,N/A)	41.9	42.3
simadna_hd_1000.fq	4999234	4999234	4614860	 1.1	Cebidae	Saimiri_boliviensis	89	56	-	4	9	0.0 (0.0,28.5)	23.5 (6.8,49.9)	N/A (N/A,N/A)	N/A (N/A,N/A)	42.0	42.7
simadna_hd_1000.fq	4999234	4999234	4614860	 1.1	Cebidae	Saimiri_boliviensis_boliviensis	89	56	-	4	9	0.0 (0.0,28.5)	23.5 (6.8,49.9)	N/A (N/A,N/A)	N/A (N/A,N/A)	42.0	42.7
simadna_hd_1000.fq	4999234	4999234	4614860	 1.1	Cebidae	Saimiri_oerstedii_citrinellus	88	54	-	4	10	0.0 (0.0,36.9)	23.5 (6.8,49.9)	N/A (N/A,N/A)	N/A (N/A,N/A)	42.8	42.2
simadna_hd_1000.fq	4999234	4999234	4614860	 1.1	Cebidae	Saimiri_sciureus	89	56	-	4	9	0.0 (0.0,28.5)	23.5 (6.8,49.9)	N/A (N/A,N/A)	N/A (N/A,N/A)	42.0	42.7
simadna_hd_1000.fq	4999234	4999234	4614860	 1.1	Cebidae	Sapajus_xanthosternos	79	49	+	7	16	36.4 (10.9,69.2)	20.0 (4.3,48.1)	N/A (N/A,N/A)	0.0 (0.0,97.5)	42.4	43.2
simadna_hd_1000.fq	4999234	4999234	4614860	 1.1	Cercopithecidae	Allenopithecus_nigroviridis	102	67	+	5	9	5.9 (0.1,28.7)	50.0 (15.7,84.3)	0.0 (0.0,84.2)	N/A (N/A,N/A)	41.7	40.2
simadna_hd_1000.fq	4999234	4999234	4614860	 1.1	Cercopithecidae	Allochrocebus_lhoesti	164	100	+	6	11	7.1 (0.2,33.9)	27.8 (9.7,53.5)	0.0 (0.0,84.2)	N/A (N/A,N/A)	43.0	42.8
simadna_hd_1000.fq	4999234	4999234	4614860	 1.1	Cercopithecidae	Cercocebus_atys	134	92	-	5	12	5.0 (0.1,24.9)	28.6 (8.4,58.1)	0.0 (0.0,84.2)	N/A (N/A,N/A)	42.5	41.3
simadna_hd_1000.fq	4999234	4999234	4614860	 1.1	Cercopithecidae	Cercocebus_chrysogaster	212	134	-	6	16	2.9 (0.1,15.3)	20.8 (7.1,42.2)	0.0 (0.0,97.5)	N/A (N/A,N/A)	42.1	40.7
simadna_hd_1000.fq	4999234	4999234	4614860	 1.1	Cercopithecidae	Cercocebus_torquatus	180	116	-	6	18	7.4 (0.9,24.3)	21.1 (6.1,45.6)	0.0 (0.0,97.5)	N/A (N/A,N/A)	42.3	42.1
simadna_hd_1000.fq	4999234	4999234	4614860	 1.1	Cercopithecidae	Cercopithecus_albogularis	113	70	-	3	9	10.0 (0.3,44.5)	20.0 (2.5,55.6)	0.0 (0.0,97.5)	N/A (N/A,N/A)	41.9	40.7
simadna_hd_1000.fq	4999234	4999234	4614860	 1.1	Cercopithecidae	Cercopithecus_diana	103	64	-	3	7	0.0 (0.0,26.5)	30.0 (6.7,65.2)	0.0 (0.0,84.2)	N/A (N/A,N/A)	43.3	41.6
simadna_hd_1000.fq	4999234	4999234	4614860	 1.1	Cercopithecidae	Cercopithecus_mitis	120	83	+	6	11	7.7 (0.2,36.0)	33.3 (11.8,61.6)	0.0 (0.0,97.5)	N/A (N/A,N/A)	41.5	41.2
simadna_hd_1000.fq	4999234	4999234	4614860	 1.1	Cercopithecidae	Chlorocebus_aethiops	106	67	-	3	8	5.9 (0.1,28.7)	25.0 (3.2,65.1)	0.0 (0.0,97.5)	N/A (N/A,N/A)	43.4	42.5
simadna_hd_1000.fq	4999234	4999234	4614860	 1.1	Cercopithecidae	Chlorocebus_cynosuros	126	85	-	4	9	5.9 (0.1,28.7)	27.3 (6.0,61.0)	0.0 (0.0,97.5)	N/A (N/A,N/A)	42.5	41.0
simadna_hd_1000.fq	4999234	4999234	4614860	 1.1	Cercopithecidae	Chlorocebus_pygerythrus	125	84	-	4	9	5.9 (0.1,28.7)	27.3 (6.0,61.0)	0.0 (0.0,97.5)	N/A (N/A,N/A)	42.6	41.0
simadna_hd_1000.fq	4999234	4999234	4614860	 1.1	Cercopithecidae	Chlorocebus_sabaeus	111	76	-	3	10	10.5 (1.3,33.1)	12.5 (0.3,52.7)	0.0 (0.0,97.5)	N/A (N/A,N/A)	42.7	40.6
simadna_hd_1000.fq	4999234	4999234	4614860	 1.1	Cercopithecidae	Chlorocebus_tantalus	125	84	-	6	9	13.6 (2.9,34.9)	27.3 (6.0,61.0)	0.0 (0.0,97.5)	0.0 (0.0,97.5)	42.4	39.6
simadna_hd_1000.fq	4999234	4999234	4614860	 1.1	Cercopithecidae	Colobus_guereza	65	49	-	4	14	0.0 (0.0,26.5)	36.4 (10.9,69.2)	0.0 (0.0,97.5)	N/A (N/A,N/A)	42.8	40.7
simadna_hd_1000.fq	4999234	4999234	4614860	 1.1	Cercopithecidae	Erythrocebus_patas	123	77	-	6	15	0.0 (0.0,23.2)	50.0 (21.1,78.9)	0.0 (0.0,84.2)	N/A (N/A,N/A)	42.6	40.9
simadna_hd_1000.fq	4999234	4999234	4614860	 1.1	Cercopithecidae	Lophocebus_aterrimus	117	71	+	7	16	5.6 (0.1,27.3)	54.5 (23.4,83.3)	0.0 (0.0,84.2)	N/A (N/A,N/A)	42.9	40.5
simadna_hd_1000.fq	4999234	4999234	4614860	 1.1	Cercopithecidae	Macaca_arctoides	118	86	+	5	14	4.8 (0.1,23.8)	33.3 (9.9,65.1)	0.0 (0.0,97.5)	N/A (N/A,N/A)	43.3	42.4
simadna_hd_1000.fq	4999234	4999234	4614860	 1.1	Cercopithecidae	Macaca_assamensis	134	96	-	5	17	6.7 (0.8,22.1)	16.7 (3.6,41.4)	0.0 (0.0,97.5)	N/A (N/A,N/A)	42.2	41.5
simadna_hd_1000.fq	4999234	4999234	4614860	 1.1	Cercopithecidae	Macaca_cyclopis	146	103	-	4	11	3.8 (0.1,19.6)	21.4 (4.7,50.8)	0.0 (0.0,97.5)	N/A (N/A,N/A)	42.1	41.5
simadna_hd_1000.fq	4999234	4999234	4614860	 1.1	Cercopithecidae	Macaca_fascicularis	143	100	-	7	17	11.5 (2.4,30.2)	30.8 (9.1,61.4)	0.0 (0.0,97.5)	0.0 (0.0,97.5)	42.7	42.1
simadna_hd_1000.fq	4999234	4999234	4614860	 1.1	Cercopithecidae	Macaca_fuscata	134	96	-	5	15	8.0 (1.0,26.0)	21.4 (4.7,50.8)	0.0 (0.0,97.5)	N/A (N/A,N/A)	42.0	40.4
simadna_hd_1000.fq	4999234	4999234	4614860	 1.1	Cercopithecidae	Macaca_leonina	131	90	+	6	14	3.8 (0.1,19.6)	33.3 (11.8,61.6)	0.0 (0.0,97.5)	N/A (N/A,N/A)	41.4	41.6
simadna_hd_1000.fq	4999234	4999234	4614860	 1.1	Cercopithecidae	Macaca_mulatta	135	95	-	5	13	9.1 (1.1,29.2)	23.1 (5.0,53.8)	0.0 (0.0,97.5)	0.0 (0.0,97.5)	42.0	41.2
simadna_hd_1000.fq	4999234	4999234	4614860	 1.1	Cercopithecidae	Macaca_nemestrina	161	115	+	7	18	6.5 (0.8,21.4)	31.2 (11.0,58.7)	0.0 (0.0,97.5)	0.0 (0.0,97.5)	42.1	41.6
simadna_hd_1000.fq	4999234	4999234	4614860	 1.1	Cercopithecidae	Macaca_nigra	163	109	-	5	14	5.0 (0.1,24.9)	22.2 (6.4,47.6)	0.0 (0.0,97.5)	N/A (N/A,N/A)	41.8	40.1
simadna_hd_1000.fq	4999234	4999234	4614860	 1.1	Cercopithecidae	Macaca_silenus	144	102	+	6	14	3.8 (0.1,19.6)	29.4 (10.3,56.0)	0.0 (0.0,97.5)	N/A (N/A,N/A)	41.2	40.8
simadna_hd_1000.fq	4999234	4999234	4614860	 1.1	Cercopithecidae	Macaca_sylvanus	130	83	-	4	10	10.0 (1.2,31.7)	14.3 (1.8,42.8)	0.0 (0.0,97.5)	N/A (N/A,N/A)	42.3	39.9
simadna_hd_1000.fq	4999234	4999234	4614860	 1.1	Cercopithecidae	Macaca_thibetana	125	87	-	5	13	7.7 (0.9,25.1)	23.1 (5.0,53.8)	0.0 (0.0,97.5)	N/A (N/A,N/A)	42.8	41.8
simadna_hd_1000.fq	4999234	4999234	4614860	 1.1	Cercopithecidae	Macaca_tonkeana	151	97	-	4	13	0.0 (0.0,16.1)	28.6 (8.4,58.1)	0.0 (0.0,97.5)	N/A (N/A,N/A)	42.4	39.5
simadna_hd_1000.fq	4999234	4999234	4614860	 1.1	Cercopithecidae	Mandrillus_leucophaeus	186	114	-	6	18	3.8 (0.1,19.6)	23.8 (8.2,47.2)	0.0 (0.0,84.2)	N/A (N/A,N/A)	42.3	40.9
simadna_hd_1000.fq	4999234	4999234	4614860	 1.1	Cercopithecidae	Mandrillus_sphinx	177	100	-	3	11	0.0 (0.0,16.8)	23.1 (5.0,53.8)	0.0 (0.0,97.5)	N/A (N/A,N/A)	42.5	41.7
simadna_hd_1000.fq	4999234	4999234	4614860	 1.1	Cercopithecidae	Nasalis_larvatus	122	81	-	6	15	5.0 (0.1,24.9)	25.0 (8.7,49.1)	0.0 (0.0,97.5)	N/A (N/A,N/A)	43.0	40.1
simadna_hd_1000.fq	4999234	4999234	4614860	 1.1	Cercopithecidae	Papio_anubis	151	89	+	7	13	6.2 (0.2,30.2)	37.5 (15.2,64.6)	0.0 (0.0,97.5)	N/A (N/A,N/A)	41.7	39.9
simadna_hd_1000.fq	4999234	4999234	4614860	 1.1	Cercopithecidae	Papio_cynocephalus	152	90	+	7	13	6.2 (0.2,30.2)	37.5 (15.2,64.6)	0.0 (0.0,97.5)	N/A (N/A,N/A)	41.7	39.9
simadna_hd_1000.fq	4999234	4999234	4614860	 1.1	Cercopithecidae	Papio_hamadryas	152	90	+	7	14	5.9 (0.1,28.7)	40.0 (16.3,67.7)	0.0 (0.0,97.5)	N/A (N/A,N/A)	42.2	40.9
simadna_hd_1000.fq	4999234	4999234	4614860	 1.1	Cercopithecidae	Papio_kindae	154	92	-	6	14	0.0 (0.0,18.5)	40.0 (16.3,67.7)	0.0 (0.0,84.2)	N/A (N/A,N/A)	41.7	40.6
simadna_hd_1000.fq	4999234	4999234	4614860	 1.1	Cercopithecidae	Papio_papio	148	86	+	7	14	6.7 (0.2,31.9)	40.0 (16.3,67.7)	0.0 (0.0,97.5)	N/A (N/A,N/A)	41.8	40.1
simadna_hd_1000.fq	4999234	4999234	4614860	 1.1	Cercopithecidae	Papio_ursinus	160	95	+	9	16	9.1 (1.1,29.2)	36.8 (16.3,61.6)	0.0 (0.0,84.2)	0.0 (0.0,97.5)	41.7	40.1
simadna_hd_1000.fq	4999234	4999234	4614860	 1.1	Cercopithecidae	Piliocolobus_badius	112	82	+	7	21	5.6 (0.1,27.3)	37.5 (15.2,64.6)	0.0 (0.0,97.5)	0.0 (0.0,97.5)	42.6	42.3
simadna_hd_1000.fq	4999234	4999234	4614860	 1.1	Cercopithecidae	Presbytis_melalophos	146	87	+	10	23	13.6 (2.9,34.9)	31.8 (13.9,54.9)	0.0 (0.0,97.5)	0.0 (0.0,97.5)	44.0	42.8
simadna_hd_1000.fq	4999234	4999234	4614860	 1.1	Cercopithecidae	Procolobus_verus	112	79	+	6	21	6.2 (0.2,30.2)	35.7 (12.8,64.9)	0.0 (0.0,97.5)	0.0 (0.0,97.5)	42.9	41.4
simadna_hd_1000.fq	4999234	4999234	4614860	 1.1	Cercopithecidae	Pygathrix_cinerea_1_RL-2012	213	128	-	8	24	5.9 (0.7,19.7)	21.4 (8.3,41.0)	0.0 (0.0,60.2)	N/A (N/A,N/A)	43.5	42.7
simadna_hd_1000.fq	4999234	4999234	4614860	 1.1	Cercopithecidae	Pygathrix_cinerea_2_RL-2012	186	115	+	10	25	9.7 (2.0,25.8)	29.2 (12.6,51.1)	0.0 (0.0,60.2)	N/A (N/A,N/A)	43.7	43.4
simadna_hd_1000.fq	4999234	4999234	4614860	 1.1	Cercopithecidae	Pygathrix_nemaeus	196	123	+	9	25	6.5 (0.8,21.4)	28.0 (12.1,49.4)	0.0 (0.0,60.2)	N/A (N/A,N/A)	43.2	41.7
simadna_hd_1000.fq	4999234	4999234	4614860	 1.1	Cercopithecidae	Pygathrix_nigripes	150	93	-	7	17	8.0 (1.0,26.0)	25.0 (8.7,49.1)	0.0 (0.0,70.8)	0.0 (0.0,84.2)	43.1	40.8
simadna_hd_1000.fq	4999234	4999234	4614860	 1.1	Cercopithecidae	Rhinopithecus_avunculus	206	120	+	15	34	7.1 (0.9,23.5)	44.8 (26.4,64.3)	0.0 (0.0,52.2)	N/A (N/A,N/A)	42.8	41.9
simadna_hd_1000.fq	4999234	4999234	4614860	 1.1	Cercopithecidae	Rhinopithecus_bieti	177	113	+	11	23	4.2 (0.1,21.1)	40.0 (21.1,61.3)	0.0 (0.0,70.8)	N/A (N/A,N/A)	41.6	40.7
simadna_hd_1000.fq	4999234	4999234	4614860	 1.1	Cercopithecidae	Rhinopithecus_bieti_1_RL-2012	177	113	+	11	23	4.2 (0.1,21.1)	40.0 (21.1,61.3)	0.0 (0.0,70.8)	N/A (N/A,N/A)	41.6	40.7
simadna_hd_1000.fq	4999234	4999234	4614860	 1.1	Cercopithecidae	Rhinopithecus_bieti_2_RL-2012	164	104	+	10	22	4.3 (0.1,21.9)	39.1 (19.7,61.5)	0.0 (0.0,70.8)	N/A (N/A,N/A)	41.5	40.8
simadna_hd_1000.fq	4999234	4999234	4614860	 1.1	Cercopithecidae	Rhinopithecus_brelichi	210	119	+	12	25	7.1 (0.9,23.5)	47.6 (25.7,70.2)	0.0 (0.0,84.2)	N/A (N/A,N/A)	42.5	41.7
simadna_hd_1000.fq	4999234	4999234	4614860	 1.1	Cercopithecidae	Rhinopithecus_roxellana	231	130	+	19	35	16.1 (5.5,33.7)	48.3 (29.4,67.5)	0.0 (0.0,84.2)	N/A (N/A,N/A)	43.1	42.5
simadna_hd_1000.fq	4999234	4999234	4614860	 1.1	Cercopithecidae	Rhinopithecus_strykeri	161	104	+	11	22	4.2 (0.1,21.1)	41.7 (22.1,63.4)	0.0 (0.0,70.8)	N/A (N/A,N/A)	41.4	40.9
simadna_hd_1000.fq	4999234	4999234	4614860	 1.1	Cercopithecidae	Semnopithecus_entellus	110	77	-	6	15	6.7 (0.2,31.9)	26.3 (9.1,51.2)	0.0 (0.0,97.5)	N/A (N/A,N/A)	41.5	39.9
simadna_hd_1000.fq	4999234	4999234	4614860	 1.1	Cercopithecidae	Simias_concolor	168	106	+	7	19	3.4 (0.1,17.8)	26.1 (10.2,48.4)	0.0 (0.0,84.2)	N/A (N/A,N/A)	43.0	43.1
simadna_hd_1000.fq	4999234	4999234	4614860	 1.1	Cercopithecidae	Theropithecus_gelada	121	75	-	7	14	0.0 (0.0,23.2)	50.0 (23.0,77.0)	0.0 (0.0,84.2)	N/A (N/A,N/A)	41.9	39.9
simadna_hd_1000.fq	4999234	4999234	4614860	 1.1	Cercopithecidae	Trachypithecus_cristatus	153	105	+	10	22	11.1 (2.4,29.2)	25.9 (11.1,46.3)	0.0 (0.0,84.2)	N/A (N/A,N/A)	42.2	41.5
simadna_hd_1000.fq	4999234	4999234	4614860	 1.1	Cercopithecidae	Trachypithecus_francoisi	140	89	+	9	17	13.6 (2.9,34.9)	27.3 (10.7,50.2)	0.0 (0.0,84.2)	N/A (N/A,N/A)	41.9	41.7
simadna_hd_1000.fq	4999234	4999234	4614860	 1.1	Cercopithecidae	Trachypithecus_germaini	135	96	+	10	17	9.1 (1.1,29.2)	34.8 (16.4,57.3)	0.0 (0.0,70.8)	N/A (N/A,N/A)	42.1	43.2
simadna_hd_1000.fq	4999234	4999234	4614860	 1.1	Cercopithecidae	Trachypithecus_hatinhensis	153	101	+	9	17	11.5 (2.4,30.2)	25.0 (9.8,46.7)	0.0 (0.0,84.2)	N/A (N/A,N/A)	42.0	41.9
simadna_hd_1000.fq	4999234	4999234	4614860	 1.1	Cercopithecidae	Trachypithecus_johnii	111	76	-	6	15	5.3 (0.1,26.0)	25.0 (8.7,49.1)	0.0 (0.0,97.5)	N/A (N/A,N/A)	42.0	40.9
simadna_hd_1000.fq	4999234	4999234	4614860	 1.1	Cercopithecidae	Trachypithecus_obscurus	120	91	+	8	19	8.7 (1.1,28.0)	28.6 (11.3,52.2)	0.0 (0.0,84.2)	N/A (N/A,N/A)	41.8	41.7
simadna_hd_1000.fq	4999234	4999234	4614860	 1.1	Cercopithecidae	Trachypithecus_pileatus	112	90	-	7	20	17.4 (5.0,38.8)	17.6 (3.8,43.4)	0.0 (0.0,97.5)	N/A (N/A,N/A)	41.1	40.9
simadna_hd_1000.fq	4999234	4999234	4614860	 1.1	Cercopithecidae	Trachypithecus_shortridgei	115	92	-	9	23	20.8 (7.1,42.2)	22.2 (6.4,47.6)	0.0 (0.0,97.5)	N/A (N/A,N/A)	41.3	41.3
simadna_hd_1000.fq	4999234	4999234	4614860	 1.1	Cercopithecidae	Trachypithecus_vetulus	134	82	+	10	22	5.9 (0.1,28.7)	39.1 (19.7,61.5)	0.0 (0.0,70.8)	N/A (N/A,N/A)	44.0	42.6
simadna_hd_1000.fq	4999234	4999234	4614860	 1.1	Cervidae	Alces_alces	381	279	+	27	62	17.9 (8.9,30.4)	29.0 (18.2,41.9)	33.3 (0.8,90.6)	16.7 (0.4,64.1)	42.8	42.4
simadna_hd_1000.fq	4999234	4999234	4614860	 1.1	Cervidae	Axis_axis	460	332	++	32	74	26.3 (15.5,39.7)	25.8 (15.8,38.0)	0.0 (0.0,84.2)	0.0 (0.0,97.5)	42.6	41.6
simadna_hd_1000.fq	4999234	4999234	4614860	 1.1	Cervidae	Axis_porcinus	379	280	+	18	43	19.2 (9.6,32.5)	13.3 (5.9,24.6)	0.0 (0.0,84.2)	N/A (N/A,N/A)	42.8	41.7
simadna_hd_1000.fq	4999234	4999234	4614860	 1.1	Cervidae	Blastocerus_dichotomus	480	368	+	20	51	10.4 (3.5,22.7)	23.1 (13.5,35.2)	0.0 (0.0,70.8)	N/A (N/A,N/A)	42.7	40.6
simadna_hd_1000.fq	4999234	4999234	4614860	 1.1	Cervidae	Capreolus_capreolus	333	262	+	19	41	7.9 (1.7,21.4)	27.6 (16.7,40.9)	N/A (N/A,N/A)	N/A (N/A,N/A)	43.9	42.7
simadna_hd_1000.fq	4999234	4999234	4614860	 1.1	Cervidae	Capreolus_pygargus	300	231	+	18	39	4.7 (0.6,15.8)	30.2 (18.3,44.3)	0.0 (0.0,70.8)	N/A (N/A,N/A)	44.0	42.3
simadna_hd_1000.fq	4999234	4999234	4614860	 1.1	Cervidae	Cervus_albirostris	441	321	+	18	56	7.5 (2.1,18.2)	23.0 (13.2,35.5)	N/A (N/A,N/A)	N/A (N/A,N/A)	42.8	40.9
simadna_hd_1000.fq	4999234	4999234	4614860	 1.1	Cervidae	Cervus_canadensis_songaricus	468	342	+	25	61	13.5 (5.6,25.8)	25.0 (15.5,36.6)	0.0 (0.0,97.5)	0.0 (0.0,97.5)	43.3	41.8
simadna_hd_1000.fq	4999234	4999234	4614860	 1.1	Cervidae	Cervus_elaphus	452	334	+	19	54	8.9 (3.0,19.6)	20.3 (11.6,31.7)	0.0 (0.0,60.2)	0.0 (0.0,97.5)	43.4	42.9
simadna_hd_1000.fq	4999234	4999234	4614860	 1.1	Cervidae	Cervus_elaphus_xanthopygus	431	329	++	26	60	20.0 (10.0,33.7)	23.9 (14.3,35.9)	N/A (N/A,N/A)	0.0 (0.0,84.2)	43.6	43.1
simadna_hd_1000.fq	4999234	4999234	4614860	 1.1	Cervidae	Cervus_hanglu_yarkandensis	443	325	+	18	55	8.8 (2.9,19.3)	20.3 (11.3,32.2)	0.0 (0.0,84.2)	0.0 (0.0,84.2)	43.0	41.9
simadna_hd_1000.fq	4999234	4999234	4614860	 1.1	Cervidae	Cervus_nippon_centralis	404	300	+	25	57	17.0 (8.1,29.8)	23.9 (14.6,35.5)	50.0 (1.3,98.7)	33.3 (0.8,90.6)	43.2	43.7
simadna_hd_1000.fq	4999234	4999234	4614860	 1.1	Cervidae	Cervus_nippon_hortulorum	384	292	+	24	56	17.3 (8.2,30.3)	21.4 (12.5,32.9)	0.0 (0.0,97.5)	0.0 (0.0,84.2)	43.3	41.4
simadna_hd_1000.fq	4999234	4999234	4614860	 1.1	Cervidae	Cervus_nippon_kopschi	363	281	+	20	51	16.7 (7.5,30.2)	18.8 (10.1,30.5)	N/A (N/A,N/A)	0.0 (0.0,97.5)	42.7	40.9
simadna_hd_1000.fq	4999234	4999234	4614860	 1.1	Cervidae	Cervus_nippon_sichuanicus	356	276	+	20	50	17.0 (7.6,30.8)	19.7 (10.6,31.8)	N/A (N/A,N/A)	0.0 (0.0,97.5)	42.7	40.9
simadna_hd_1000.fq	4999234	4999234	4614860	 1.1	Cervidae	Cervus_nippon_taiouanus	382	298	+	23	52	17.6 (8.4,30.9)	23.2 (13.9,34.9)	100.0 (15.8,100.0)	66.7 (9.4,99.2)	43.2	41.7
simadna_hd_1000.fq	4999234	4999234	4614860	 1.1	Cervidae	Cervus_nippon_yakushimae	444	319	+	28	59	18.5 (9.3,31.4)	26.4 (16.7,38.1)	25.0 (0.6,80.6)	33.3 (0.8,90.6)	43.2	42.1
simadna_hd_1000.fq	4999234	4999234	4614860	 1.1	Cervidae	Cervus_nippon_yesoensis	388	291	+	25	55	17.0 (8.1,29.8)	25.4 (15.5,37.5)	50.0 (1.3,98.7)	33.3 (0.8,90.6)	43.4	43.5
simadna_hd_1000.fq	4999234	4999234	4614860	 1.1	Cervidae	Dama_dama	441	320	-	16	55	12.5 (5.2,24.1)	14.8 (7.0,26.2)	0.0 (0.0,97.5)	0.0 (0.0,97.5)	43.3	42.6
simadna_hd_1000.fq	4999234	4999234	4614860	 1.1	Cervidae	Dama_mesopotamica	376	294	+	18	47	6.8 (1.4,18.7)	31.2 (18.7,46.3)	0.0 (0.0,97.5)	N/A (N/A,N/A)	42.4	41.6
simadna_hd_1000.fq	4999234	4999234	4614860	 1.1	Cervidae	Elaphodus_cephalophus	301	228	+	19	50	12.8 (4.3,27.4)	30.4 (17.7,45.8)	0.0 (0.0,70.8)	0.0 (0.0,97.5)	43.4	41.7
simadna_hd_1000.fq	4999234	4999234	4614860	 1.1	Cervidae	Elaphurus_davidianus	365	280	+	20	45	14.3 (5.9,27.2)	25.0 (14.0,38.9)	N/A (N/A,N/A)	0.0 (0.0,97.5)	42.2	40.5
simadna_hd_1000.fq	4999234	4999234	4614860	 1.1	Cervidae	Hippocamelus_antisensis	338	265	+	19	63	7.5 (1.6,20.4)	23.5 (14.1,35.4)	0.0 (0.0,60.2)	N/A (N/A,N/A)	42.6	42.0
simadna_hd_1000.fq	4999234	4999234	4614860	 1.1	Cervidae	Hydropotes_inermis	321	255	-	16	40	11.1 (4.2,22.6)	17.2 (8.6,29.4)	0.0 (0.0,84.2)	N/A (N/A,N/A)	42.7	43.0
simadna_hd_1000.fq	4999234	4999234	4614860	 1.1	Cervidae	Hydropotes_inermis_argyropus	283	229	-	13	36	10.6 (3.5,23.1)	16.7 (7.5,30.2)	0.0 (0.0,97.5)	N/A (N/A,N/A)	42.4	42.9
simadna_hd_1000.fq	4999234	4999234	4614860	 1.1	Cervidae	Mazama_americana	419	326	-	15	57	14.3 (5.9,27.2)	12.5 (5.6,23.2)	N/A (N/A,N/A)	0.0 (0.0,84.2)	42.4	40.3
simadna_hd_1000.fq	4999234	4999234	4614860	 1.1	Cervidae	Mazama_rufina	473	359	+	21	62	10.7 (4.0,21.9)	21.4 (12.5,32.9)	0.0 (0.0,84.2)	0.0 (0.0,84.2)	42.6	40.6
simadna_hd_1000.fq	4999234	4999234	4614860	 1.1	Cervidae	Muntiacus_crinifrons	342	273	+	18	54	11.1 (3.1,26.1)	29.4 (17.5,43.8)	25.0 (0.6,80.6)	100.0 (2.5,100.0)	42.9	42.3
simadna_hd_1000.fq	4999234	4999234	4614860	 1.1	Cervidae	Muntiacus_muntjak	383	303	++	25	56	20.0 (10.4,33.0)	24.6 (14.5,37.3)	33.3 (0.8,90.6)	33.3 (0.8,90.6)	43.1	41.3
simadna_hd_1000.fq	4999234	4999234	4614860	 1.1	Cervidae	Muntiacus_reevesi	411	326	+	24	65	9.6 (3.2,21.0)	26.0 (16.5,37.6)	0.0 (0.0,60.2)	0.0 (0.0,97.5)	42.4	41.5
simadna_hd_1000.fq	4999234	4999234	4614860	 1.1	Cervidae	Muntiacus_reevesi_micrurus	458	344	+	26	76	12.5 (5.2,24.1)	24.1 (15.1,35.0)	0.0 (0.0,60.2)	0.0 (0.0,84.2)	42.7	41.9
simadna_hd_1000.fq	4999234	4999234	4614860	 1.1	Cervidae	Muntiacus_vuquangensis	414	312	++	32	68	22.0 (12.3,34.7)	27.8 (17.9,39.6)	50.0 (1.3,98.7)	33.3 (0.8,90.6)	42.8	41.9
simadna_hd_1000.fq	4999234	4999234	4614860	 1.1	Cervidae	Odocoileus_hemionus	374	289	+	21	56	21.2 (11.1,34.7)	14.9 (7.4,25.7)	0.0 (0.0,84.2)	0.0 (0.0,84.2)	42.0	42.2
simadna_hd_1000.fq	4999234	4999234	4614860	 1.1	Cervidae	Odocoileus_virginianus	407	316	++	29	70	21.1 (11.4,33.9)	23.6 (14.4,35.1)	0.0 (0.0,70.8)	0.0 (0.0,84.2)	42.0	41.3
simadna_hd_1000.fq	4999234	4999234	4614860	 1.1	Cervidae	Ozotoceros_bezoarticus	377	306	+	17	57	9.1 (3.0,20.0)	19.7 (10.6,31.8)	N/A (N/A,N/A)	N/A (N/A,N/A)	41.6	40.0
simadna_hd_1000.fq	4999234	4999234	4614860	 1.1	Cervidae	Passalites_nemorivagus	407	323	-	16	46	9.8 (3.3,21.4)	17.5 (9.1,29.1)	0.0 (0.0,70.8)	0.0 (0.0,84.2)	42.1	41.2
simadna_hd_1000.fq	4999234	4999234	4614860	 1.1	Cervidae	Pudu_mephistophiles	497	372	-	15	59	8.5 (2.8,18.7)	14.5 (7.2,25.0)	0.0 (0.0,97.5)	0.0 (0.0,84.2)	43.0	41.1
simadna_hd_1000.fq	4999234	4999234	4614860	 1.1	Cervidae	Pudu_puda	427	323	+	20	48	12.5 (5.2,24.1)	21.5 (12.3,33.5)	100.0 (2.5,100.0)	50.0 (1.3,98.7)	43.1	40.6
simadna_hd_1000.fq	4999234	4999234	4614860	 1.1	Cervidae	Rangifer_tarandus	503	334	++	25	62	20.0 (10.8,32.3)	18.4 (10.5,29.0)	33.3 (0.8,90.6)	25.0 (0.6,80.6)	43.4	42.8
simadna_hd_1000.fq	4999234	4999234	4614860	 1.1	Cervidae	Rucervus_duvaucelii	365	264	+	24	57	17.0 (8.1,29.8)	27.3 (16.1,41.0)	0.0 (0.0,97.5)	0.0 (0.0,84.2)	42.5	41.4
simadna_hd_1000.fq	4999234	4999234	4614860	 1.1	Cervidae	Rucervus_eldii	355	289	+	19	50	11.1 (4.2,22.6)	24.1 (13.9,37.2)	33.3 (0.8,90.6)	33.3 (0.8,90.6)	42.2	40.4
simadna_hd_1000.fq	4999234	4999234	4614860	 1.1	Cervidae	Rusa_alfredi	346	278	-	11	45	5.3 (0.6,17.7)	16.1 (7.6,28.3)	N/A (N/A,N/A)	N/A (N/A,N/A)	41.7	40.1
simadna_hd_1000.fq	4999234	4999234	4614860	 1.1	Cervidae	Rusa_timorensis	448	310	-	15	49	11.8 (4.4,23.9)	16.4 (7.8,28.8)	0.0 (0.0,97.5)	N/A (N/A,N/A)	43.3	42.0
simadna_hd_1000.fq	4999234	4999234	4614860	 1.1	Cervidae	Rusa_unicolor_swinhoei	379	292	+	17	51	8.5 (2.4,20.4)	23.2 (13.0,36.4)	N/A (N/A,N/A)	N/A (N/A,N/A)	42.6	41.0
simadna_hd_1000.fq	4999234	4999234	4614860	 1.1	Cervidae	Subulo_gouazoubira	403	301	+	24	57	14.0 (6.3,25.8)	23.6 (14.4,35.1)	33.3 (0.8,90.6)	50.0 (1.3,98.7)	42.7	42.8
simadna_hd_1000.fq	4999234	4999234	4614860	 1.1	Cheirogaleidae	Microcebus_murinus	20	17	-	1	3	0.0 (0.0,60.2)	33.3 (0.8,90.6)	0.0 (0.0,97.5)	N/A (N/A,N/A)	44.6	40.0
simadna_hd_1000.fq	4999234	4999234	4614860	 1.1	Chinchillidae	Chinchilla_lanigera	40	22	-	0	3	0.0 (0.0,84.2)	0.0 (0.0,60.2)	N/A (N/A,N/A)	N/A (N/A,N/A)	45.0	39.0
simadna_hd_1000.fq	4999234	4999234	4614860	 1.1	Chlamyphoridae	Cabassous_centralis	39	28	-	3	10	16.7 (0.4,64.1)	22.2 (2.8,60.0)	0.0 (0.0,97.5)	N/A (N/A,N/A)	39.8	40.1
simadna_hd_1000.fq	4999234	4999234	4614860	 1.1	Chlamyphoridae	Cabassous_chacoensis	44	34	+	3	6	42.9 (9.9,81.6)	20.0 (2.5,55.6)	100.0 (15.8,100.0)	100.0 (15.8,100.0)	39.6	40.8
simadna_hd_1000.fq	4999234	4999234	4614860	 1.1	Chlamyphoridae	Cabassous_tatouay	56	40	+	4	10	42.9 (9.9,81.6)	10.0 (0.3,44.5)	N/A (N/A,N/A)	N/A (N/A,N/A)	41.3	42.0
simadna_hd_1000.fq	4999234	4999234	4614860	 1.1	Chlamyphoridae	Cabassous_unicinctus	35	27	-	3	9	20.0 (0.5,71.6)	22.2 (2.8,60.0)	0.0 (0.0,97.5)	N/A (N/A,N/A)	39.6	40.3
simadna_hd_1000.fq	4999234	4999234	4614860	 1.1	Chlamyphoridae	Calyptophractus_retusus	141	43	-	6	11	28.6 (3.7,71.0)	26.7 (7.8,55.1)	0.0 (0.0,97.5)	N/A (N/A,N/A)	42.0	42.6
simadna_hd_1000.fq	4999234	4999234	4614860	 1.1	Chlamyphoridae	Chaetophractus_vellerosus	57	40	-	4	7	0.0 (0.0,52.2)	40.0 (12.2,73.8)	0.0 (0.0,97.5)	N/A (N/A,N/A)	41.5	44.1
simadna_hd_1000.fq	4999234	4999234	4614860	 1.1	Chlamyphoridae	Chaetophractus_villosus	74	48	-	4	5	0.0 (0.0,36.9)	44.4 (13.7,78.8)	0.0 (0.0,97.5)	N/A (N/A,N/A)	39.6	37.8
simadna_hd_1000.fq	4999234	4999234	4614860	 1.1	Chlamyphoridae	Chlamyphorus_truncatus	47	36	+	7	16	44.4 (13.7,78.8)	33.3 (7.5,70.1)	N/A (N/A,N/A)	0.0 (0.0,97.5)	39.2	37.6
simadna_hd_1000.fq	4999234	4999234	4614860	 1.1	Chlamyphoridae	Euphractus_sexcinctus	35	26	-	2	4	0.0 (0.0,70.8)	50.0 (6.8,93.2)	0.0 (0.0,97.5)	N/A (N/A,N/A)	39.1	37.8
simadna_hd_1000.fq	4999234	4999234	4614860	 1.1	Chlamyphoridae	Priodontes_maximus	30	27	+	4	7	25.0 (0.6,80.6)	50.0 (11.8,88.2)	0.0 (0.0,97.5)	N/A (N/A,N/A)	42.4	41.7
simadna_hd_1000.fq	4999234	4999234	4614860	 1.1	Chlamyphoridae	Tolypeutes_matacus	26	18	-	1	2	0.0 (0.0,70.8)	50.0 (1.3,98.7)	N/A (N/A,N/A)	N/A (N/A,N/A)	40.3	43.5
simadna_hd_1000.fq	4999234	4999234	4614860	 1.1	Chlamyphoridae	Tolypeutes_tricinctus	42	29	+	7	12	25.0 (0.6,80.6)	63.6 (30.8,89.1)	50.0 (1.3,98.7)	100.0 (2.5,100.0)	40.4	42.5
simadna_hd_1000.fq	4999234	4999234	4614860	 1.1	Chlamyphoridae	Zaedyus_pichiy	33	24	-	3	5	0.0 (0.0,60.2)	42.9 (9.9,81.6)	0.0 (0.0,97.5)	N/A (N/A,N/A)	41.1	45.0
simadna_hd_1000.fq	4999234	4999234	4614860	 1.1	Chrysochloridae	Chrysochloris_asiatica	137	66	-	2	5	11.1 (1.4,34.7)	0.0 (0.0,19.5)	N/A (N/A,N/A)	0.0 (0.0,97.5)	43.1	41.8
simadna_hd_1000.fq	4999234	4999234	4614860	 1.1	Chrysochloridae	Eremitalpa_granti	136	51	-	0	1	0.0 (0.0,33.6)	0.0 (0.0,41.0)	N/A (N/A,N/A)	N/A (N/A,N/A)	45.2	54.0
simadna_hd_1000.fq	4999234	4999234	4614860	 1.1	Cricetidae	Akodon_montensis	12	12	-	0	1	0.0 (0.0,97.5)	0.0 (0.0,97.5)	N/A (N/A,N/A)	N/A (N/A,N/A)	40.6	39.0
simadna_hd_1000.fq	4999234	4999234	4614860	 1.1	Cricetidae	Alexandromys_fortis_calamorum	38	29	-	5	7	37.5 (8.5,75.5)	50.0 (6.8,93.2)	N/A (N/A,N/A)	N/A (N/A,N/A)	42.9	42.1
simadna_hd_1000.fq	4999234	4999234	4614860	 1.1	Cricetidae	Alexandromys_fortis_fortis	38	29	-	5	7	37.5 (8.5,75.5)	50.0 (6.8,93.2)	N/A (N/A,N/A)	N/A (N/A,N/A)	42.9	42.1
simadna_hd_1000.fq	4999234	4999234	4614860	 1.1	Cricetidae	Alexandromys_kikuchii	18	13	-	2	2	33.3 (0.8,90.6)	33.3 (0.8,90.6)	0.0 (0.0,97.5)	N/A (N/A,N/A)	41.2	39.5
simadna_hd_1000.fq	4999234	4999234	4614860	 1.1	Cricetidae	Anteliomys_chinensis	16	13	-	0	0	0.0 (0.0,60.2)	0.0 (0.0,60.2)	N/A (N/A,N/A)	N/A (N/A,N/A)	40.4	N/A
simadna_hd_1000.fq	4999234	4999234	4614860	 1.1	Cricetidae	Cricetulus_griseus	32	21	-	1	2	0.0 (0.0,84.2)	20.0 (0.5,71.6)	0.0 (0.0,97.5)	N/A (N/A,N/A)	41.6	43.5
simadna_hd_1000.fq	4999234	4999234	4614860	 1.1	Cricetidae	Cricetulus_longicaudatus	35	24	-	3	7	0.0 (0.0,70.8)	60.0 (14.7,94.7)	0.0 (0.0,97.5)	N/A (N/A,N/A)	41.2	42.1
simadna_hd_1000.fq	4999234	4999234	4614860	 1.1	Cricetidae	Eothenomys_melanogaster	16	14	-	1	2	50.0 (1.3,98.7)	0.0 (0.0,70.8)	N/A (N/A,N/A)	N/A (N/A,N/A)	41.1	36.0
simadna_hd_1000.fq	4999234	4999234	4614860	 1.1	Cricetidae	Lasiopodomys_mandarinus	10	10	-	0	1	0.0 (0.0,84.2)	0.0 (0.0,84.2)	N/A (N/A,N/A)	N/A (N/A,N/A)	40.3	41.0
simadna_hd_1000.fq	4999234	4999234	4614860	 1.1	Cricetidae	Mesocricetus_auratus	66	38	-	4	7	0.0 (0.0,45.9)	44.4 (13.7,78.8)	0.0 (0.0,84.2)	N/A (N/A,N/A)	40.7	42.0
simadna_hd_1000.fq	4999234	4999234	4614860	 1.1	Cricetidae	Microtus_ochrogaster	6	6	-	0	0	N/A (N/A,N/A)	0.0 (0.0,97.5)	N/A (N/A,N/A)	N/A (N/A,N/A)	40.3	N/A
simadna_hd_1000.fq	4999234	4999234	4614860	 1.1	Cricetidae	Microtus_rossiaemeridionalis	34	27	-	3	5	14.3 (0.4,57.9)	40.0 (5.3,85.3)	0.0 (0.0,97.5)	N/A (N/A,N/A)	40.2	41.4
simadna_hd_1000.fq	4999234	4999234	4614860	 1.1	Cricetidae	Mictomicrotus_liangshanensis	24	19	-	1	3	100.0 (2.5,100.0)	0.0 (0.0,60.2)	N/A (N/A,N/A)	N/A (N/A,N/A)	40.0	39.3
simadna_hd_1000.fq	4999234	4999234	4614860	 1.1	Cricetidae	Myodes_glareolus	16	15	-	2	3	50.0 (1.3,98.7)	33.3 (0.8,90.6)	N/A (N/A,N/A)	N/A (N/A,N/A)	43.1	43.0
simadna_hd_1000.fq	4999234	4999234	4614860	 1.1	Cricetidae	Myodes_regulus	16	16	-	2	2	50.0 (6.8,93.2)	0.0 (0.0,97.5)	N/A (N/A,N/A)	N/A (N/A,N/A)	40.5	40.0
simadna_hd_1000.fq	4999234	4999234	4614860	 1.1	Cricetidae	Neodon_irene	7	7	-	1	1	0.0 (0.0,97.5)	50.0 (1.3,98.7)	N/A (N/A,N/A)	N/A (N/A,N/A)	40.3	45.0
simadna_hd_1000.fq	4999234	4999234	4614860	 1.1	Cricetidae	Tscherskia_triton	14	13	-	1	3	0.0 (0.0,84.2)	50.0 (1.3,98.7)	N/A (N/A,N/A)	N/A (N/A,N/A)	43.8	47.3
simadna_hd_1000.fq	4999234	4999234	4614860	 1.1	Cricetidae	Urocricetus_kamensis	9	9	-	1	2	0.0 (0.0,84.2)	50.0 (1.3,98.7)	N/A (N/A,N/A)	N/A (N/A,N/A)	42.3	42.0
simadna_hd_1000.fq	4999234	4999234	4614860	 1.1	Cricetidae	Wiedomys_cerradensis	37	31	-	2	9	28.6 (3.7,71.0)	0.0 (0.0,60.2)	N/A (N/A,N/A)	N/A (N/A,N/A)	39.6	41.1
simadna_hd_1000.fq	4999234	4999234	4614860	 1.1	Ctenomyidae	Ctenomys_leucodon	16	13	-	1	1	50.0 (1.3,98.7)	0.0 (0.0,70.8)	N/A (N/A,N/A)	N/A (N/A,N/A)	41.8	56.0
simadna_hd_1000.fq	4999234	4999234	4614860	 1.1	Ctenomyidae	Ctenomys_sociabilis	11	11	-	0	1	N/A (N/A,N/A)	0.0 (0.0,52.2)	N/A (N/A,N/A)	N/A (N/A,N/A)	41.4	38.0
simadna_hd_1000.fq	4999234	4999234	4614860	 1.1	Cyclopedidae	Cyclopes_didactylus	43	30	-	1	2	0.0 (0.0,36.9)	33.3 (0.8,90.6)	N/A (N/A,N/A)	N/A (N/A,N/A)	41.4	50.0
simadna_hd_1000.fq	4999234	4999234	4614860	 1.1	Cynocephalidae	Galeopterus_variegatus	46	31	-	5	9	20.0 (2.5,55.6)	37.5 (8.5,75.5)	N/A (N/A,N/A)	0.0 (0.0,97.5)	41.1	41.2
simadna_hd_1000.fq	4999234	4999234	4614860	 1.1	Dasypodidae	Dasypus_hybridus	72	55	-	6	13	26.7 (7.8,55.1)	23.1 (5.0,53.8)	50.0 (1.3,98.7)	50.0 (1.3,98.7)	40.9	40.5
simadna_hd_1000.fq	4999234	4999234	4614860	 1.1	Dasypodidae	Dasypus_kappleri	39	30	-	6	9	50.0 (21.1,78.9)	0.0 (0.0,70.8)	N/A (N/A,N/A)	0.0 (0.0,84.2)	40.8	40.9
simadna_hd_1000.fq	4999234	4999234	4614860	 1.1	Dasypodidae	Dasypus_novemcinctus	39	33	-	2	7	20.0 (0.5,71.6)	16.7 (0.4,64.1)	N/A (N/A,N/A)	0.0 (0.0,97.5)	42.0	40.9
simadna_hd_1000.fq	4999234	4999234	4614860	 1.1	Dasypodidae	Dasypus_pilosus	65	48	-	2	7	11.1 (0.3,48.2)	50.0 (6.8,93.2)	100.0 (2.5,100.0)	100.0 (2.5,100.0)	40.6	41.4
simadna_hd_1000.fq	4999234	4999234	4614860	 1.1	Dasypodidae	Dasypus_sabanicola	66	47	-	5	8	27.3 (6.0,61.0)	25.0 (3.2,65.1)	0.0 (0.0,97.5)	0.0 (0.0,84.2)	39.6	40.5
simadna_hd_1000.fq	4999234	4999234	4614860	 1.1	Dasypodidae	Dasypus_septemcinctus	72	55	-	6	13	26.7 (7.8,55.1)	23.1 (5.0,53.8)	50.0 (1.3,98.7)	50.0 (1.3,98.7)	40.9	40.5
simadna_hd_1000.fq	4999234	4999234	4614860	 1.1	Dasypodidae	Dasypus_yepesi	51	38	-	3	5	37.5 (8.5,75.5)	0.0 (0.0,52.2)	N/A (N/A,N/A)	0.0 (0.0,84.2)	39.7	41.8
simadna_hd_1000.fq	4999234	4999234	4614860	 1.1	Daubentoniidae	Daubentonia_madagascariensis	24	20	-	1	2	20.0 (0.5,71.6)	0.0 (0.0,41.0)	N/A (N/A,N/A)	0.0 (0.0,97.5)	40.1	39.5
simadna_hd_1000.fq	4999234	4999234	4614860	 1.1	Delphinidae	Cephalorhynchus_heavisidii	68	58	+	6	11	14.3 (0.4,57.9)	31.2 (11.0,58.7)	0.0 (0.0,97.5)	N/A (N/A,N/A)	42.0	38.7
simadna_hd_1000.fq	4999234	4999234	4614860	 1.1	Delphinidae	Delphinus_capensis	30	25	-	1	4	25.0 (0.6,80.6)	0.0 (0.0,41.0)	N/A (N/A,N/A)	N/A (N/A,N/A)	40.7	38.2
simadna_hd_1000.fq	4999234	4999234	4614860	 1.1	Delphinidae	Feresa_attenuata	123	77	-	4	13	13.3 (1.7,40.5)	15.4 (1.9,45.4)	N/A (N/A,N/A)	N/A (N/A,N/A)	41.4	40.8
simadna_hd_1000.fq	4999234	4999234	4614860	 1.1	Delphinidae	Globicephala_macrorhynchus	101	65	-	5	16	14.3 (0.4,57.9)	28.6 (8.4,58.1)	N/A (N/A,N/A)	N/A (N/A,N/A)	42.2	41.1
simadna_hd_1000.fq	4999234	4999234	4614860	 1.1	Delphinidae	Grampus_griseus	61	50	-	3	6	28.6 (3.7,71.0)	8.3 (0.2,38.5)	N/A (N/A,N/A)	N/A (N/A,N/A)	41.2	41.0
simadna_hd_1000.fq	4999234	4999234	4614860	 1.1	Delphinidae	Orcaella_brevirostris	84	51	-	4	10	25.0 (3.2,65.1)	18.2 (2.3,51.8)	N/A (N/A,N/A)	N/A (N/A,N/A)	41.7	40.8
simadna_hd_1000.fq	4999234	4999234	4614860	 1.1	Delphinidae	Orcaella_heinsohni	72	58	-	4	11	18.2 (2.3,51.8)	16.7 (2.1,48.4)	N/A (N/A,N/A)	N/A (N/A,N/A)	41.3	40.2
simadna_hd_1000.fq	4999234	4999234	4614860	 1.1	Delphinidae	Peponocephala_electra	117	72	-	5	13	13.3 (1.7,40.5)	23.1 (5.0,53.8)	N/A (N/A,N/A)	N/A (N/A,N/A)	41.7	41.6
simadna_hd_1000.fq	4999234	4999234	4614860	 1.1	Delphinidae	Pseudorca_crassidens	112	77	-	5	14	8.3 (0.2,38.5)	22.2 (6.4,47.6)	N/A (N/A,N/A)	N/A (N/A,N/A)	41.5	40.8
simadna_hd_1000.fq	4999234	4999234	4614860	 1.1	Delphinidae	Sousa_chinensis	69	45	-	2	5	14.3 (0.4,57.9)	9.1 (0.2,41.3)	N/A (N/A,N/A)	N/A (N/A,N/A)	41.0	37.6
simadna_hd_1000.fq	4999234	4999234	4614860	 1.1	Delphinidae	Stenella_attenuata	41	36	-	1	3	16.7 (0.4,64.1)	0.0 (0.0,30.8)	N/A (N/A,N/A)	N/A (N/A,N/A)	40.5	36.3
simadna_hd_1000.fq	4999234	4999234	4614860	 1.1	Delphinidae	Stenella_coeruleoalba	25	23	-	1	2	25.0 (0.6,80.6)	0.0 (0.0,41.0)	N/A (N/A,N/A)	N/A (N/A,N/A)	40.0	36.5
simadna_hd_1000.fq	4999234	4999234	4614860	 1.1	Delphinidae	Tursiops_aduncus	28	25	-	1	3	20.0 (0.5,71.6)	0.0 (0.0,45.9)	N/A (N/A,N/A)	N/A (N/A,N/A)	41.1	36.3
simadna_hd_1000.fq	4999234	4999234	4614860	 1.1	Delphinidae	Tursiops_australis	36	31	-	2	5	25.0 (0.6,80.6)	12.5 (0.3,52.7)	N/A (N/A,N/A)	N/A (N/A,N/A)	40.1	38.4
simadna_hd_1000.fq	4999234	4999234	4614860	 1.1	Delphinidae	Tursiops_truncatus	28	23	-	1	3	25.0 (0.6,80.6)	0.0 (0.0,52.2)	N/A (N/A,N/A)	N/A (N/A,N/A)	40.6	38.3
simadna_hd_1000.fq	4999234	4999234	4614860	 1.1	Dipodidae	Dipus_sagitta	20	12	-	0	0	N/A (N/A,N/A)	0.0 (0.0,97.5)	N/A (N/A,N/A)	N/A (N/A,N/A)	40.2	N/A
simadna_hd_1000.fq	4999234	4999234	4614860	 1.1	Dipodidae	Eozapus_setchuanus	21	18	-	1	2	25.0 (0.6,80.6)	0.0 (0.0,84.2)	N/A (N/A,N/A)	N/A (N/A,N/A)	38.6	41.5
simadna_hd_1000.fq	4999234	4999234	4614860	 1.1	Dipodidae	Euchoreutes_naso	21	16	-	0	0	0.0 (0.0,84.2)	0.0 (0.0,97.5)	N/A (N/A,N/A)	N/A (N/A,N/A)	39.1	N/A
simadna_hd_1000.fq	4999234	4999234	4614860	 1.1	Dipodidae	Jaculus_jaculus	24	14	-	0	0	0.0 (0.0,97.5)	0.0 (0.0,70.8)	N/A (N/A,N/A)	N/A (N/A,N/A)	39.2	N/A
simadna_hd_1000.fq	4999234	4999234	4614860	 1.1	Dipodidae	Sicista_concolor	16	12	-	1	1	0.0 (0.0,97.5)	33.3 (0.8,90.6)	N/A (N/A,N/A)	N/A (N/A,N/A)	40.0	44.0
simadna_hd_1000.fq	4999234	4999234	4614860	 1.1	Dipodidae	Stylodipus_telum	19	13	-	0	1	0.0 (0.0,97.5)	0.0 (0.0,97.5)	N/A (N/A,N/A)	N/A (N/A,N/A)	38.0	42.0
simadna_hd_1000.fq	4999234	4999234	4614860	 1.1	Dugongidae	Dugong_dugon	5	5	-	0	2	N/A (N/A,N/A)	0.0 (0.0,97.5)	N/A (N/A,N/A)	N/A (N/A,N/A)	40.0	37.0
simadna_hd_1000.fq	4999234	4999234	4614860	 1.1	Echimyidae	Proechimys_longicaudatus	20	18	-	0	2	N/A (N/A,N/A)	0.0 (0.0,70.8)	N/A (N/A,N/A)	N/A (N/A,N/A)	43.0	40.5
simadna_hd_1000.fq	4999234	4999234	4614860	 1.1	Elephantidae	Elephas_maximus	72304	23104	++	1671	3771	19.2 (18.0,20.5)	24.2 (22.8,25.5)	19.9 (14.7,26.0)	27.5 (20.5,35.4)	57.1	57.0
simadna_hd_1000.fq	4999234	4999234	4614860	 1.1	Elephantidae	Loxodonta_africana	67494	22065	++	1644	3622	20.5 (19.2,21.8)	24.1 (22.7,25.5)	16.3 (11.4,22.4)	21.4 (15.0,29.0)	56.5	56.4
simadna_hd_1000.fq	4999234	4999234	4614860	 1.1	Elephantidae	Loxodonta_cyclotis	71938	23075	++	1658	3681	19.1 (17.9,20.3)	23.6 (22.3,25.0)	17.2 (12.1,23.3)	21.6 (15.3,28.9)	57.0	57.0
simadna_hd_1000.fq	4999234	4999234	4614860	 1.1	Elephantidae	Mammuthus_columbi	123962	30921	++	2882	5941	24.7 (23.5,25.8)	27.1 (25.9,28.3)	23.5 (19.1,28.4)	28.5 (23.3,34.2)	63.0	63.7
simadna_hd_1000.fq	4999234	4999234	4614860	 1.1	Elephantidae	Mammuthus_primigenius	126433	31075	++	2950	6008	24.7 (23.6,25.8)	27.5 (26.4,28.7)	23.2 (18.9,27.9)	27.8 (22.8,33.3)	63.3	64.1
simadna_hd_1000.fq	4999234	4999234	4614860	 1.1	Equidae	Equus_asinus	111	64	-	5	12	11.8 (1.5,36.4)	33.3 (7.5,70.1)	0.0 (0.0,84.2)	N/A (N/A,N/A)	41.8	40.2
simadna_hd_1000.fq	4999234	4999234	4614860	 1.1	Equidae	Equus_grevyi	118	68	-	2	8	7.7 (0.2,36.0)	7.1 (0.2,33.9)	N/A (N/A,N/A)	N/A (N/A,N/A)	43.7	42.0
simadna_hd_1000.fq	4999234	4999234	4614860	 1.1	Equidae	Equus_hemionus	179	99	-	5	12	7.7 (0.2,36.0)	23.5 (6.8,49.9)	0.0 (0.0,97.5)	N/A (N/A,N/A)	42.7	40.8
simadna_hd_1000.fq	4999234	4999234	4614860	 1.1	Equidae	Equus_hemionus_kulan	214	90	-	5	12	7.1 (0.2,33.9)	23.5 (6.8,49.9)	0.0 (0.0,84.2)	N/A (N/A,N/A)	42.6	43.7
simadna_hd_1000.fq	4999234	4999234	4614860	 1.1	Equidae	Equus_kiang	178	98	-	4	11	0.0 (0.0,26.5)	23.5 (6.8,49.9)	0.0 (0.0,97.5)	N/A (N/A,N/A)	42.8	41.0
simadna_hd_1000.fq	4999234	4999234	4614860	 1.1	Equidae	Equus_ovodovi	132	73	-	4	14	13.3 (1.7,40.5)	20.0 (2.5,55.6)	0.0 (0.0,97.5)	N/A (N/A,N/A)	42.4	40.1
simadna_hd_1000.fq	4999234	4999234	4614860	 1.1	Equidae	Equus_przewalskii	216	115	+	7	16	8.7 (1.1,28.0)	31.2 (11.0,58.7)	0.0 (0.0,97.5)	N/A (N/A,N/A)	42.5	41.8
simadna_hd_1000.fq	4999234	4999234	4614860	 1.1	Equidae	Equus_quagga_chapmani	135	75	-	2	8	8.3 (0.2,38.5)	9.1 (0.2,41.3)	0.0 (0.0,97.5)	N/A (N/A,N/A)	41.1	40.5
simadna_hd_1000.fq	4999234	4999234	4614860	 1.1	Equidae	Equus_zebra	83	45	-	1	5	6.7 (0.2,31.9)	0.0 (0.0,70.8)	N/A (N/A,N/A)	N/A (N/A,N/A)	42.7	42.8
simadna_hd_1000.fq	4999234	4999234	4614860	 1.1	Equidae	Equus_zebra_hartmannae	76	40	-	1	3	8.3 (0.2,38.5)	0.0 (0.0,84.2)	N/A (N/A,N/A)	N/A (N/A,N/A)	42.3	42.0
simadna_hd_1000.fq	4999234	4999234	4614860	 1.1	Erethizontidae	Coendou_insidiosus	12	12	-	1	2	0.0 (0.0,97.5)	100.0 (2.5,100.0)	N/A (N/A,N/A)	N/A (N/A,N/A)	39.7	40.0
simadna_hd_1000.fq	4999234	4999234	4614860	 1.1	Erinaceidae	Echinosorex_gymnura	43	29	-	1	2	0.0 (0.0,52.2)	33.3 (0.8,90.6)	N/A (N/A,N/A)	N/A (N/A,N/A)	41.4	48.0
simadna_hd_1000.fq	4999234	4999234	4614860	 1.1	Erinaceidae	Erinaceus_europaeus	22	18	-	1	4	25.0 (0.6,80.6)	0.0 (0.0,84.2)	N/A (N/A,N/A)	N/A (N/A,N/A)	39.8	41.5
simadna_hd_1000.fq	4999234	4999234	4614860	 1.1	Erinaceidae	Hemiechinus_auritus	35	23	-	1	4	0.0 (0.0,84.2)	25.0 (0.6,80.6)	N/A (N/A,N/A)	N/A (N/A,N/A)	38.4	38.8
simadna_hd_1000.fq	4999234	4999234	4614860	 1.1	Erinaceidae	Hylomys_suillus	16	14	-	1	1	0.0 (0.0,97.5)	25.0 (0.6,80.6)	N/A (N/A,N/A)	N/A (N/A,N/A)	39.7	57.0
simadna_hd_1000.fq	4999234	4999234	4614860	 1.1	Erinaceidae	Neotetracus_sinensis	6	6	-	0	0	0.0 (0.0,97.5)	0.0 (0.0,84.2)	N/A (N/A,N/A)	N/A (N/A,N/A)	42.7	N/A
simadna_hd_1000.fq	4999234	4999234	4614860	 1.1	Eschrichtiidae	Eschrichtius_robustus	9	7	-	2	4	25.0 (0.6,80.6)	50.0 (1.3,98.7)	N/A (N/A,N/A)	N/A (N/A,N/A)	45.6	46.0
simadna_hd_1000.fq	4999234	4999234	4614860	 1.1	Eupleridae	Mungotictis_decemlineata	628	178	+	14	32	21.1 (9.6,37.3)	16.2 (6.2,32.0)	N/A (N/A,N/A)	0.0 (0.0,97.5)	43.9	42.2
simadna_hd_1000.fq	4999234	4999234	4614860	 1.1	Felidae	Acinonyx_jubatus	975	517	+	31	70	10.1 (5.1,17.3)	21.7 (13.8,31.6)	0.0 (0.0,45.9)	0.0 (0.0,84.2)	44.0	43.1
simadna_hd_1000.fq	4999234	4999234	4614860	 1.1	Felidae	Caracal_caracal	548	370	+	22	47	12.0 (5.6,21.6)	18.8 (10.4,30.1)	N/A (N/A,N/A)	0.0 (0.0,97.5)	44.6	43.4
simadna_hd_1000.fq	4999234	4999234	4614860	 1.1	Felidae	Catopuma_badia	872	512	+	31	71	8.0 (3.5,15.2)	21.9 (14.4,31.0)	0.0 (0.0,45.9)	0.0 (0.0,84.2)	43.8	43.8
simadna_hd_1000.fq	4999234	4999234	4614860	 1.1	Felidae	Catopuma_temminckii	950	512	+	28	70	11.8 (6.1,20.2)	18.3 (11.0,27.6)	0.0 (0.0,60.2)	0.0 (0.0,84.2)	44.2	43.8
simadna_hd_1000.fq	4999234	4999234	4614860	 1.1	Felidae	Felis_catus	937	531	+	31	74	12.2 (6.5,20.4)	19.2 (12.0,28.3)	0.0 (0.0,84.2)	0.0 (0.0,70.8)	44.7	44.4
simadna_hd_1000.fq	4999234	4999234	4614860	 1.1	Felidae	Felis_chaus	770	449	+	31	74	13.3 (7.1,22.1)	20.9 (13.1,30.7)	0.0 (0.0,52.2)	0.0 (0.0,97.5)	45.1	44.9
simadna_hd_1000.fq	4999234	4999234	4614860	 1.1	Felidae	Felis_margarita	790	468	-	23	64	13.6 (7.0,23.0)	13.5 (7.2,22.4)	N/A (N/A,N/A)	0.0 (0.0,84.2)	45.3	44.8
simadna_hd_1000.fq	4999234	4999234	4614860	 1.1	Felidae	Felis_nigripes	838	498	+	33	67	12.5 (6.8,20.4)	21.2 (13.6,30.6)	25.0 (0.6,80.6)	100.0 (2.5,100.0)	45.0	45.5
simadna_hd_1000.fq	4999234	4999234	4614860	 1.1	Felidae	Felis_silvestris	869	508	+	26	66	11.5 (5.7,20.1)	17.4 (10.3,26.7)	0.0 (0.0,84.2)	0.0 (0.0,97.5)	44.8	45.3
simadna_hd_1000.fq	4999234	4999234	4614860	 1.1	Felidae	Herpailurus_yagouaroundi	914	542	+	30	75	8.5 (4.0,15.5)	18.8 (12.0,27.2)	0.0 (0.0,60.2)	0.0 (0.0,70.8)	44.3	43.6
simadna_hd_1000.fq	4999234	4999234	4614860	 1.1	Felidae	Leopardus_colocola	1183	599	+	30	76	10.1 (5.0,17.8)	18.2 (11.5,26.7)	0.0 (0.0,52.2)	0.0 (0.0,70.8)	44.8	44.1
simadna_hd_1000.fq	4999234	4999234	4614860	 1.1	Felidae	Leopardus_geoffroyi	1066	577	++	46	105	16.8 (10.1,25.6)	23.8 (16.5,32.3)	0.0 (0.0,70.8)	0.0 (0.0,84.2)	44.4	43.7
simadna_hd_1000.fq	4999234	4999234	4614860	 1.1	Felidae	Leopardus_guigna	1084	581	+	36	99	9.2 (4.3,16.7)	21.4 (14.6,29.6)	0.0 (0.0,52.2)	0.0 (0.0,97.5)	44.1	43.4
simadna_hd_1000.fq	4999234	4999234	4614860	 1.1	Felidae	Leopardus_jacobita	870	493	+	38	80	15.8 (9.3,24.4)	24.7 (16.4,34.8)	14.3 (0.4,57.9)	50.0 (1.3,98.7)	44.7	43.3
simadna_hd_1000.fq	4999234	4999234	4614860	 1.1	Felidae	Leopardus_pardalis	1075	595	+	35	85	14.3 (8.4,22.2)	17.9 (11.2,26.6)	0.0 (0.0,60.2)	0.0 (0.0,70.8)	44.0	44.3
simadna_hd_1000.fq	4999234	4999234	4614860	 1.1	Felidae	Leopardus_tigrinus	1083	552	+	43	114	12.5 (6.6,20.8)	24.6 (17.4,33.1)	0.0 (0.0,70.8)	0.0 (0.0,84.2)	44.4	44.6
simadna_hd_1000.fq	4999234	4999234	4614860	 1.1	Felidae	Leopardus_wiedii	1069	620	+	41	106	9.4 (4.8,16.2)	24.8 (17.4,33.5)	0.0 (0.0,45.9)	0.0 (0.0,84.2)	43.9	43.4
simadna_hd_1000.fq	4999234	4999234	4614860	 1.1	Felidae	Leptailurus_serval	874	534	+	36	80	15.0 (8.8,23.1)	21.3 (13.5,30.9)	0.0 (0.0,84.2)	0.0 (0.0,84.2)	44.3	44.4
simadna_hd_1000.fq	4999234	4999234	4614860	 1.1	Felidae	Lynx_canadensis	1095	546	++	41	90	17.0 (10.4,25.5)	18.7 (12.2,26.7)	0.0 (0.0,41.0)	0.0 (0.0,84.2)	44.5	43.8
simadna_hd_1000.fq	4999234	4999234	4614860	 1.1	Felidae	Lynx_lynx	1113	556	+	39	90	18.2 (11.5,26.7)	15.3 (9.5,22.9)	0.0 (0.0,45.9)	0.0 (0.0,84.2)	44.4	43.5
simadna_hd_1000.fq	4999234	4999234	4614860	 1.1	Felidae	Lynx_pardinus	1022	517	-	33	83	15.5 (9.1,24.0)	14.9 (8.9,22.8)	0.0 (0.0,60.2)	0.0 (0.0,84.2)	44.8	44.3
simadna_hd_1000.fq	4999234	4999234	4614860	 1.1	Felidae	Lynx_rufus	806	491	++	32	82	16.5 (10.1,24.8)	17.0 (9.9,26.6)	20.0 (0.5,71.6)	33.3 (0.8,90.6)	44.7	44.1
simadna_hd_1000.fq	4999234	4999234	4614860	 1.1	Felidae	Neofelis_nebulosa	768	458	+	31	75	16.5 (9.5,25.7)	17.0 (10.1,26.2)	0.0 (0.0,84.2)	0.0 (0.0,84.2)	44.2	44.0
simadna_hd_1000.fq	4999234	4999234	4614860	 1.1	Felidae	Otocolobus_manul	778	482	+	29	68	10.5 (5.3,18.0)	18.6 (11.4,27.7)	0.0 (0.0,84.2)	0.0 (0.0,97.5)	44.0	43.6
simadna_hd_1000.fq	4999234	4999234	4614860	 1.1	Felidae	Panthera_leo	945	498	-	26	75	15.5 (9.1,24.0)	12.3 (6.1,21.5)	0.0 (0.0,84.2)	0.0 (0.0,97.5)	43.9	44.3
simadna_hd_1000.fq	4999234	4999234	4614860	 1.1	Felidae	Panthera_leo_persica	924	491	-	27	76	14.7 (8.6,22.7)	13.1 (6.7,22.2)	0.0 (0.0,70.8)	0.0 (0.0,84.2)	44.0	44.5
simadna_hd_1000.fq	4999234	4999234	4614860	 1.1	Felidae	Panthera_onca	771	470	-	25	60	13.0 (6.9,21.7)	15.1 (8.3,24.5)	N/A (N/A,N/A)	N/A (N/A,N/A)	44.7	43.6
simadna_hd_1000.fq	4999234	4999234	4614860	 1.1	Felidae	Panthera_pardus	719	430	+	31	62	16.9 (9.5,26.7)	20.0 (12.1,30.1)	0.0 (0.0,97.5)	0.0 (0.0,97.5)	44.1	43.0
simadna_hd_1000.fq	4999234	4999234	4614860	 1.1	Felidae	Panthera_tigris	853	495	+	30	79	13.3 (7.1,22.1)	20.2 (12.8,29.5)	40.0 (5.3,85.3)	66.7 (9.4,99.2)	44.3	44.5
simadna_hd_1000.fq	4999234	4999234	4614860	 1.1	Felidae	Panthera_tigris_amoyensis	848	467	+	29	75	12.8 (6.6,21.7)	20.9 (13.1,30.7)	25.0 (0.6,80.6)	50.0 (1.3,98.7)	44.1	44.7
simadna_hd_1000.fq	4999234	4999234	4614860	 1.1	Felidae	Panthera_uncia	685	383	-	19	47	11.4 (5.1,21.3)	13.6 (7.0,23.0)	N/A (N/A,N/A)	0.0 (0.0,97.5)	44.4	44.3
simadna_hd_1000.fq	4999234	4999234	4614860	 1.1	Felidae	Pardofelis_marmorata	869	490	+	30	80	10.4 (5.1,18.3)	17.7 (11.2,26.0)	0.0 (0.0,60.2)	0.0 (0.0,70.8)	44.5	45.2
simadna_hd_1000.fq	4999234	4999234	4614860	 1.1	Felidae	Prionailurus_bengalensis	939	537	++	36	70	17.9 (10.8,27.1)	18.1 (11.3,26.8)	0.0 (0.0,84.2)	N/A (N/A,N/A)	44.3	45.4
simadna_hd_1000.fq	4999234	4999234	4614860	 1.1	Felidae	Prionailurus_bengalensis_euptilurus	941	547	++	34	81	16.5 (9.7,25.4)	16.5 (10.1,24.8)	N/A (N/A,N/A)	N/A (N/A,N/A)	44.9	45.4
simadna_hd_1000.fq	4999234	4999234	4614860	 1.1	Felidae	Prionailurus_planiceps	755	449	+	29	69	13.4 (6.9,22.7)	18.6 (11.6,27.6)	33.3 (0.8,90.6)	50.0 (1.3,98.7)	43.6	44.0
simadna_hd_1000.fq	4999234	4999234	4614860	 1.1	Felidae	Prionailurus_rubiginosus	954	540	+	37	92	13.4 (7.3,21.8)	20.9 (13.9,29.4)	0.0 (0.0,84.2)	0.0 (0.0,97.5)	44.0	44.3
simadna_hd_1000.fq	4999234	4999234	4614860	 1.1	Felidae	Prionailurus_viverrinus	1009	551	++	35	76	17.0 (10.2,25.8)	15.8 (9.8,23.6)	33.3 (0.8,90.6)	100.0 (2.5,100.0)	44.2	45.3
simadna_hd_1000.fq	4999234	4999234	4614860	 1.1	Felidae	Profelis_aurata	887	491	+	27	68	8.6 (3.8,16.2)	22.9 (14.4,33.4)	0.0 (0.0,84.2)	0.0 (0.0,97.5)	44.3	44.9
simadna_hd_1000.fq	4999234	4999234	4614860	 1.1	Felidae	Puma_concolor	743	459	-	24	69	13.5 (7.2,22.4)	15.8 (8.4,26.0)	0.0 (0.0,97.5)	N/A (N/A,N/A)	44.1	44.2
simadna_hd_1000.fq	4999234	4999234	4614860	 1.1	Galagidae	Galago_moholi	12	12	-	0	1	0.0 (0.0,84.2)	0.0 (0.0,84.2)	N/A (N/A,N/A)	N/A (N/A,N/A)	42.1	52.0
simadna_hd_1000.fq	4999234	4999234	4614860	 1.1	Galagidae	Galago_senegalensis	6	6	-	0	1	0.0 (0.0,97.5)	0.0 (0.0,97.5)	N/A (N/A,N/A)	N/A (N/A,N/A)	42.5	52.0
simadna_hd_1000.fq	4999234	4999234	4614860	 1.1	Galagidae	Otolemur_crassicaudatus	15	13	-	1	4	0.0 (0.0,60.2)	20.0 (0.5,71.6)	N/A (N/A,N/A)	N/A (N/A,N/A)	41.7	38.8
simadna_hd_1000.fq	4999234	4999234	4614860	 1.1	Giraffidae	Giraffa_camelopardalis	102	76	+	9	24	37.5 (15.2,64.6)	28.6 (8.4,58.1)	100.0 (2.5,100.0)	50.0 (1.3,98.7)	40.9	41.0
simadna_hd_1000.fq	4999234	4999234	4614860	 1.1	Giraffidae	Giraffa_giraffa_angolensis	98	73	+	7	20	33.3 (11.8,61.6)	15.4 (1.9,45.4)	N/A (N/A,N/A)	0.0 (0.0,97.5)	40.5	40.0
simadna_hd_1000.fq	4999234	4999234	4614860	 1.1	Giraffidae	Okapia_johnstoni	64	49	+	7	19	25.0 (3.2,65.1)	41.7 (15.2,72.3)	N/A (N/A,N/A)	N/A (N/A,N/A)	41.4	40.9
simadna_hd_1000.fq	4999234	4999234	4614860	 1.1	Gliridae	Glis_glis	14	14	-	2	3	100.0 (2.5,100.0)	20.0 (0.5,71.6)	N/A (N/A,N/A)	N/A (N/A,N/A)	42.1	37.3
simadna_hd_1000.fq	4999234	4999234	4614860	 1.1	Herpestidae	Urva_javanica	139	103	-	6	19	10.5 (1.3,33.1)	15.4 (4.4,34.9)	N/A (N/A,N/A)	N/A (N/A,N/A)	43.6	42.4
simadna_hd_1000.fq	4999234	4999234	4614860	 1.1	Hippopotamidae	Hexaprotodon_liberiensis	63	44	+	5	9	50.0 (15.7,84.3)	10.0 (0.3,44.5)	N/A (N/A,N/A)	N/A (N/A,N/A)	43.4	40.9
simadna_hd_1000.fq	4999234	4999234	4614860	 1.1	Hippopotamidae	Hippopotamus_amphibius	54	45	-	3	13	25.0 (3.2,65.1)	11.1 (0.3,48.2)	N/A (N/A,N/A)	N/A (N/A,N/A)	43.0	41.2
simadna_hd_1000.fq	4999234	4999234	4614860	 1.1	Hipposideridae	Hipposideros_armiger	28	14	-	1	1	100.0 (2.5,100.0)	0.0 (0.0,84.2)	N/A (N/A,N/A)	N/A (N/A,N/A)	40.4	50.0
simadna_hd_1000.fq	4999234	4999234	4614860	 1.1	Hominidae	Gorilla_gorilla	3699	2827	++	196	433	20.5 (16.8,24.6)	22.6 (18.9,26.7)	15.4 (1.9,45.4)	18.2 (2.3,51.8)	49.0	48.7
simadna_hd_1000.fq	4999234	4999234	4614860	 1.1	Hominidae	Gorilla_gorilla_gorilla	3647	2799	++	187	419	20.8 (17.1,24.9)	21.4 (17.7,25.5)	10.0 (0.3,44.5)	9.1 (0.2,41.3)	48.8	48.0
simadna_hd_1000.fq	4999234	4999234	4614860	 1.1	Hominidae	Homo_heidelbergensis	21905	14497	++	1355	2861	24.4 (22.7,26.1)	28.8 (27.1,30.6)	19.0 (13.1,26.1)	25.7 (17.9,34.7)	54.7	54.0
simadna_hd_1000.fq	4999234	4999234	4614860	 1.1	Hominidae	Homo_sapiens	25343	16383	++	1641	3429	25.8 (24.3,27.4)	28.7 (27.2,30.4)	22.7 (17.1,29.2)	25.7 (19.4,32.9)	55.6	54.7
simadna_hd_1000.fq	4999234	4999234	4614860	 1.1	Hominidae	Homo_sapiens_neanderthalensis	27066	17314	++	1867	3806	27.2 (25.7,28.7)	29.8 (28.3,31.3)	24.8 (19.4,30.8)	29.1 (22.9,35.8)	56.2	55.4
simadna_hd_1000.fq	4999234	4999234	4614860	 1.1	Hominidae	Homo_sapiens_subsp._'Denisova'	22378	14799	++	1368	2904	24.1 (22.5,25.8)	28.2 (26.5,29.9)	21.5 (15.2,28.9)	25.4 (18.1,33.9)	54.7	54.0
simadna_hd_1000.fq	4999234	4999234	4614860	 1.1	Hominidae	Pan_paniscus	6540	4809	++	322	743	18.5 (15.8,21.5)	22.6 (19.8,25.6)	6.7 (0.8,22.1)	8.0 (1.0,26.0)	49.5	48.9
simadna_hd_1000.fq	4999234	4999234	4614860	 1.1	Hominidae	Pan_troglodytes	6136	4583	++	300	692	16.9 (14.1,19.9)	24.1 (21.1,27.2)	12.1 (3.4,28.2)	14.3 (4.0,32.7)	49.1	48.2
simadna_hd_1000.fq	4999234	4999234	4614860	 1.1	Hominidae	Pongo_abelii	1315	1054	+	61	141	13.5 (8.7,19.7)	21.2 (15.6,27.7)	8.3 (0.2,38.5)	33.3 (0.8,90.6)	46.4	47.6
simadna_hd_1000.fq	4999234	4999234	4614860	 1.1	Hominidae	Pongo_pygmaeus	1082	894	+	56	118	12.5 (7.7,18.8)	21.4 (15.5,28.3)	0.0 (0.0,41.0)	0.0 (0.0,84.2)	45.6	45.2
simadna_hd_1000.fq	4999234	4999234	4614860	 1.1	Hyaenidae	Crocuta_crocuta	961601	31776	++	2062	3653	13.3 (12.6,14.2)	17.0 (16.1,17.9)	15.7 (11.5,20.8)	18.4 (13.5,24.2)	57.1	56.8
simadna_hd_1000.fq	4999234	4999234	4614860	 1.1	Hyaenidae	Hyaena_hyaena	136026	13018	+	510	1339	8.2 (7.2,9.4)	12.8 (11.5,14.2)	7.4 (2.4,16.3)	14.7 (5.0,31.1)	51.9	52.2
simadna_hd_1000.fq	4999234	4999234	4614860	 1.1	Hylobatidae	Hylobates_agilis	16	16	-	1	1	33.3 (0.8,90.6)	N/A (N/A,N/A)	N/A (N/A,N/A)	N/A (N/A,N/A)	42.4	38.0
simadna_hd_1000.fq	4999234	4999234	4614860	 1.1	Hylobatidae	Hylobates_lar	17	17	+	4	6	50.0 (11.8,88.2)	100.0 (2.5,100.0)	N/A (N/A,N/A)	N/A (N/A,N/A)	40.6	39.3
simadna_hd_1000.fq	4999234	4999234	4614860	 1.1	Hylobatidae	Hylobates_pileatus	15	15	+	4	5	33.3 (0.8,90.6)	60.0 (14.7,94.7)	N/A (N/A,N/A)	0.0 (0.0,97.5)	40.6	39.8
simadna_hd_1000.fq	4999234	4999234	4614860	 1.1	Hylobatidae	Nomascus_gabriellae	12	12	-	3	5	25.0 (0.6,80.6)	66.7 (9.4,99.2)	0.0 (0.0,97.5)	N/A (N/A,N/A)	42.2	39.4
simadna_hd_1000.fq	4999234	4999234	4614860	 1.1	Hylobatidae	Nomascus_leucogenys	14	14	+	4	6	20.0 (0.5,71.6)	60.0 (14.7,94.7)	0.0 (0.0,97.5)	N/A (N/A,N/A)	41.5	39.2
simadna_hd_1000.fq	4999234	4999234	4614860	 1.1	Hylobatidae	Nomascus_siki	16	16	+	4	5	20.0 (0.5,71.6)	60.0 (14.7,94.7)	0.0 (0.0,97.5)	N/A (N/A,N/A)	41.6	38.8
simadna_hd_1000.fq	4999234	4999234	4614860	 1.1	Hylobatidae	Symphalangus_syndactylus	10	10	-	1	1	0.0 (0.0,84.2)	50.0 (1.3,98.7)	N/A (N/A,N/A)	N/A (N/A,N/A)	40.6	38.0
simadna_hd_1000.fq	4999234	4999234	4614860	 1.1	Indriidae	Avahi_laniger	20	16	-	1	1	33.3 (0.8,90.6)	0.0 (0.0,84.2)	N/A (N/A,N/A)	0.0 (0.0,97.5)	40.5	39.0
simadna_hd_1000.fq	4999234	4999234	4614860	 1.1	Indriidae	Indri_indri	56	37	-	2	7	0.0 (0.0,70.8)	20.0 (2.5,55.6)	N/A (N/A,N/A)	N/A (N/A,N/A)	45.7	40.4
simadna_hd_1000.fq	4999234	4999234	4614860	 1.1	Indriidae	Propithecus_coquereli	53	44	-	5	7	30.0 (6.7,65.2)	16.7 (2.1,48.4)	N/A (N/A,N/A)	0.0 (0.0,84.2)	43.2	38.9
simadna_hd_1000.fq	4999234	4999234	4614860	 1.1	Indriidae	Propithecus_diadema	51	37	-	1	2	0.0 (0.0,84.2)	12.5 (0.3,52.7)	N/A (N/A,N/A)	N/A (N/A,N/A)	42.1	41.0
simadna_hd_1000.fq	4999234	4999234	4614860	 1.1	Indriidae	Propithecus_edwardsi	33	25	-	2	4	50.0 (1.3,98.7)	16.7 (0.4,64.1)	N/A (N/A,N/A)	0.0 (0.0,97.5)	41.3	38.2
simadna_hd_1000.fq	4999234	4999234	4614860	 1.1	Indriidae	Propithecus_tattersalli	42	37	-	5	7	27.3 (6.0,61.0)	18.2 (2.3,51.8)	0.0 (0.0,97.5)	0.0 (0.0,84.2)	41.9	38.9
simadna_hd_1000.fq	4999234	4999234	4614860	 1.1	Indriidae	Propithecus_verreauxi	52	41	-	4	8	20.0 (2.5,55.6)	28.6 (3.7,71.0)	0.0 (0.0,97.5)	0.0 (0.0,84.2)	41.7	41.1
simadna_hd_1000.fq	4999234	4999234	4614860	 1.1	Iniidae	Inia_geoffrensis	14	13	-	1	2	0.0 (0.0,52.2)	20.0 (0.5,71.6)	0.0 (0.0,97.5)	N/A (N/A,N/A)	40.2	42.0
simadna_hd_1000.fq	4999234	4999234	4614860	 1.1	Lemuridae	Eulemur_fulvus_fulvus	146	77	-	5	13	20.0 (5.7,43.7)	11.1 (0.3,48.2)	N/A (N/A,N/A)	N/A (N/A,N/A)	42.4	43.1
simadna_hd_1000.fq	4999234	4999234	4614860	 1.1	Lemuridae	Eulemur_fulvus_mayottensis	147	78	-	5	13	20.0 (5.7,43.7)	11.1 (0.3,48.2)	N/A (N/A,N/A)	N/A (N/A,N/A)	42.3	43.1
simadna_hd_1000.fq	4999234	4999234	4614860	 1.1	Lemuridae	Eulemur_macaco_macaco	172	92	-	5	12	14.3 (3.0,36.3)	14.3 (1.8,42.8)	N/A (N/A,N/A)	N/A (N/A,N/A)	42.3	44.4
simadna_hd_1000.fq	4999234	4999234	4614860	 1.1	Lemuridae	Eulemur_mongoz	161	79	+	6	12	29.4 (10.3,56.0)	14.3 (0.4,57.9)	N/A (N/A,N/A)	0.0 (0.0,97.5)	42.6	44.3
simadna_hd_1000.fq	4999234	4999234	4614860	 1.1	Lemuridae	Eulemur_rubriventer	133	79	-	6	10	15.8 (3.4,39.6)	27.3 (6.0,61.0)	0.0 (0.0,97.5)	0.0 (0.0,97.5)	41.5	43.4
simadna_hd_1000.fq	4999234	4999234	4614860	 1.1	Lemuridae	Eulemur_rufus	160	80	-	6	15	20.0 (5.7,43.7)	22.2 (2.8,60.0)	N/A (N/A,N/A)	N/A (N/A,N/A)	43.2	42.7
simadna_hd_1000.fq	4999234	4999234	4614860	 1.1	Lemuridae	Hapalemur_griseus	90	64	-	3	10	7.7 (0.2,36.0)	20.0 (2.5,55.6)	0.0 (0.0,97.5)	N/A (N/A,N/A)	41.8	41.2
simadna_hd_1000.fq	4999234	4999234	4614860	 1.1	Lemuridae	Prolemur_simus	103	57	-	2	8	0.0 (0.0,24.7)	18.2 (2.3,51.8)	0.0 (0.0,97.5)	N/A (N/A,N/A)	42.1	41.1
simadna_hd_1000.fq	4999234	4999234	4614860	 1.1	Lemuridae	Varecia_variegata	178	108	++	14	28	29.0 (14.2,48.0)	27.8 (9.7,53.5)	0.0 (0.0,97.5)	N/A (N/A,N/A)	41.9	40.7
simadna_hd_1000.fq	4999234	4999234	4614860	 1.1	Lemuridae	Varecia_variegata_variegata	180	105	+	13	24	34.5 (17.9,54.3)	16.7 (3.6,41.4)	0.0 (0.0,97.5)	0.0 (0.0,97.5)	41.5	40.3
simadna_hd_1000.fq	4999234	4999234	4614860	 1.1	Lepilemuridae	Lepilemur_hubbardi	44	30	-	4	10	0.0 (0.0,70.8)	36.4 (10.9,69.2)	0.0 (0.0,97.5)	N/A (N/A,N/A)	41.5	43.0
simadna_hd_1000.fq	4999234	4999234	4614860	 1.1	Lepilemuridae	Lepilemur_ruficaudatus	29	21	-	2	5	0.0 (0.0,97.5)	33.3 (4.3,77.7)	N/A (N/A,N/A)	N/A (N/A,N/A)	41.1	41.6
simadna_hd_1000.fq	4999234	4999234	4614860	 1.1	Lepilemuridae	Megaladapis_edwardsi	48	23	-	2	3	0.0 (0.0,70.8)	33.3 (4.3,77.7)	0.0 (0.0,97.5)	N/A (N/A,N/A)	45.2	41.0
simadna_hd_1000.fq	4999234	4999234	4614860	 1.1	Leporidae	Lepus_americanus	38	31	-	2	5	33.3 (0.8,90.6)	25.0 (0.6,80.6)	N/A (N/A,N/A)	N/A (N/A,N/A)	42.1	39.6
simadna_hd_1000.fq	4999234	4999234	4614860	 1.1	Leporidae	Lepus_capensis	67	55	-	3	9	0.0 (0.0,30.8)	27.3 (6.0,61.0)	N/A (N/A,N/A)	N/A (N/A,N/A)	40.4	39.0
simadna_hd_1000.fq	4999234	4999234	4614860	 1.1	Leporidae	Lepus_coreanus	68	52	-	3	4	12.5 (0.3,52.7)	16.7 (2.1,48.4)	N/A (N/A,N/A)	N/A (N/A,N/A)	40.7	43.0
simadna_hd_1000.fq	4999234	4999234	4614860	 1.1	Leporidae	Lepus_europaeus	22	17	-	0	1	0.0 (0.0,52.2)	0.0 (0.0,84.2)	N/A (N/A,N/A)	N/A (N/A,N/A)	41.4	45.0
simadna_hd_1000.fq	4999234	4999234	4614860	 1.1	Leporidae	Lepus_granatensis	71	54	-	3	4	11.1 (0.3,48.2)	16.7 (2.1,48.4)	N/A (N/A,N/A)	N/A (N/A,N/A)	40.7	43.0
simadna_hd_1000.fq	4999234	4999234	4614860	 1.1	Leporidae	Lepus_hainanus	26	24	-	2	3	20.0 (0.5,71.6)	25.0 (0.6,80.6)	N/A (N/A,N/A)	N/A (N/A,N/A)	39.8	37.0
simadna_hd_1000.fq	4999234	4999234	4614860	 1.1	Leporidae	Lepus_sinensis	51	42	-	2	3	10.0 (0.3,44.5)	16.7 (0.4,64.1)	N/A (N/A,N/A)	N/A (N/A,N/A)	41.0	37.7
simadna_hd_1000.fq	4999234	4999234	4614860	 1.1	Leporidae	Lepus_timidus	71	55	-	3	4	11.1 (0.3,48.2)	16.7 (2.1,48.4)	N/A (N/A,N/A)	N/A (N/A,N/A)	41.0	43.0
simadna_hd_1000.fq	4999234	4999234	4614860	 1.1	Leporidae	Lepus_tolai	68	56	-	3	9	0.0 (0.0,28.5)	25.0 (5.5,57.2)	N/A (N/A,N/A)	N/A (N/A,N/A)	40.9	39.0
simadna_hd_1000.fq	4999234	4999234	4614860	 1.1	Leporidae	Lepus_townsendii	95	72	-	6	14	15.4 (1.9,45.4)	22.2 (6.4,47.6)	N/A (N/A,N/A)	0.0 (0.0,97.5)	41.2	40.2
simadna_hd_1000.fq	4999234	4999234	4614860	 1.1	Leporidae	Oryctolagus_cuniculus	17	14	-	1	3	0.0 (0.0,60.2)	33.3 (0.8,90.6)	N/A (N/A,N/A)	N/A (N/A,N/A)	41.6	39.0
simadna_hd_1000.fq	4999234	4999234	4614860	 1.1	Lipotidae	Lipotes_vexillifer	77	41	-	3	4	33.3 (0.8,90.6)	16.7 (2.1,48.4)	N/A (N/A,N/A)	0.0 (0.0,97.5)	42.1	42.5
simadna_hd_1000.fq	4999234	4999234	4614860	 1.1	Lorisidae	Loris_lydekkerianus	21	16	-	3	4	N/A (N/A,N/A)	42.9 (9.9,81.6)	N/A (N/A,N/A)	N/A (N/A,N/A)	38.6	38.8
simadna_hd_1000.fq	4999234	4999234	4614860	 1.1	Lorisidae	Loris_tardigradus	15	13	-	0	1	N/A (N/A,N/A)	0.0 (0.0,60.2)	N/A (N/A,N/A)	N/A (N/A,N/A)	38.8	39.0
simadna_hd_1000.fq	4999234	4999234	4614860	 1.1	Lorisidae	Nycticebus_bengalensis	44	30	-	2	7	0.0 (0.0,52.2)	22.2 (2.8,60.0)	0.0 (0.0,97.5)	N/A (N/A,N/A)	41.9	40.6
simadna_hd_1000.fq	4999234	4999234	4614860	 1.1	Lorisidae	Nycticebus_coucang	45	31	-	2	7	0.0 (0.0,45.9)	22.2 (2.8,60.0)	0.0 (0.0,97.5)	N/A (N/A,N/A)	41.9	40.6
simadna_hd_1000.fq	4999234	4999234	4614860	 1.1	Lorisidae	Perodicticus_potto	14	12	-	1	5	0.0 (0.0,70.8)	33.3 (0.8,90.6)	N/A (N/A,N/A)	N/A (N/A,N/A)	44.3	43.4
simadna_hd_1000.fq	4999234	4999234	4614860	 1.1	Macroscelididae	Elephantulus_sp._VB001	19	18	-	1	5	25.0 (0.6,80.6)	0.0 (0.0,60.2)	N/A (N/A,N/A)	N/A (N/A,N/A)	40.8	40.0
simadna_hd_1000.fq	4999234	4999234	4614860	 1.1	Macroscelididae	Macroscelides_proboscideus	16	15	-	1	1	50.0 (1.3,98.7)	0.0 (0.0,70.8)	N/A (N/A,N/A)	N/A (N/A,N/A)	41.1	36.0
simadna_hd_1000.fq	4999234	4999234	4614860	 1.1	Manidae	Manis_javanica	35	31	-	3	6	50.0 (6.8,93.2)	16.7 (0.4,64.1)	N/A (N/A,N/A)	0.0 (0.0,97.5)	42.4	40.2
simadna_hd_1000.fq	4999234	4999234	4614860	 1.1	Manidae	Manis_pentadactyla	31	27	-	3	4	66.7 (9.4,99.2)	16.7 (0.4,64.1)	N/A (N/A,N/A)	0.0 (0.0,97.5)	42.1	37.8
simadna_hd_1000.fq	4999234	4999234	4614860	 1.1	Manidae	Phataginus_tetradactyla	30	24	-	0	3	0.0 (0.0,70.8)	0.0 (0.0,97.5)	N/A (N/A,N/A)	N/A (N/A,N/A)	40.8	41.7
simadna_hd_1000.fq	4999234	4999234	4614860	 1.1	Manidae	Phataginus_tricuspis	34	25	-	2	6	33.3 (0.8,90.6)	25.0 (0.6,80.6)	N/A (N/A,N/A)	N/A (N/A,N/A)	42.9	44.0
simadna_hd_1000.fq	4999234	4999234	4614860	 1.1	Manidae	Smutsia_temminckii	40	31	-	1	3	0.0 (0.0,60.2)	14.3 (0.4,57.9)	N/A (N/A,N/A)	N/A (N/A,N/A)	40.5	40.0
simadna_hd_1000.fq	4999234	4999234	4614860	 1.1	Megalonychidae	Choloepus_didactylus	18	17	-	2	3	50.0 (6.8,93.2)	0.0 (0.0,41.0)	N/A (N/A,N/A)	N/A (N/A,N/A)	41.5	39.0
simadna_hd_1000.fq	4999234	4999234	4614860	 1.1	Megalonychidae	Choloepus_hoffmanni	23	20	-	0	2	0.0 (0.0,84.2)	0.0 (0.0,52.2)	N/A (N/A,N/A)	N/A (N/A,N/A)	45.1	44.5
simadna_hd_1000.fq	4999234	4999234	4614860	 1.1	Mephitidae	Mephitis_mephitis	64	49	-	4	8	10.0 (0.3,44.5)	37.5 (8.5,75.5)	0.0 (0.0,97.5)	N/A (N/A,N/A)	40.9	39.5
simadna_hd_1000.fq	4999234	4999234	4614860	 1.1	Mephitidae	Spilogale_putorius	64	47	-	3	5	0.0 (0.0,36.9)	60.0 (14.7,94.7)	N/A (N/A,N/A)	N/A (N/A,N/A)	40.7	41.0
simadna_hd_1000.fq	4999234	4999234	4614860	 1.1	Monodontidae	Monodon_monoceros	46	33	-	2	6	16.7 (0.4,64.1)	16.7 (0.4,64.1)	N/A (N/A,N/A)	N/A (N/A,N/A)	44.0	44.3
simadna_hd_1000.fq	4999234	4999234	4614860	 1.1	Mormoopidae	Pteronotus_parnellii	24	20	-	0	1	0.0 (0.0,84.2)	0.0 (0.0,60.2)	N/A (N/A,N/A)	N/A (N/A,N/A)	42.2	48.0
simadna_hd_1000.fq	4999234	4999234	4614860	 1.1	Mormoopidae	Pteronotus_rubiginosus	33	26	-	3	3	16.7 (0.4,64.1)	22.2 (2.8,60.0)	0.0 (0.0,97.5)	0.0 (0.0,97.5)	39.8	41.3
simadna_hd_1000.fq	4999234	4999234	4614860	 1.1	Moschidae	Moschus_anhuiensis	203	114	-	10	22	25.0 (8.7,49.1)	25.0 (8.7,49.1)	0.0 (0.0,97.5)	N/A (N/A,N/A)	43.8	45.9
simadna_hd_1000.fq	4999234	4999234	4614860	 1.1	Moschidae	Moschus_berezovskii	219	128	+	13	28	30.8 (14.3,51.8)	20.0 (6.8,40.7)	0.0 (0.0,97.5)	N/A (N/A,N/A)	44.0	45.8
simadna_hd_1000.fq	4999234	4999234	4614860	 1.1	Moschidae	Moschus_chrysogaster	216	125	++	12	26	27.3 (10.7,50.2)	26.1 (10.2,48.4)	0.0 (0.0,97.5)	N/A (N/A,N/A)	44.0	45.7
simadna_hd_1000.fq	4999234	4999234	4614860	 1.1	Moschidae	Moschus_moschiferus	267	145	+	17	32	33.3 (18.0,51.8)	21.4 (8.3,41.0)	0.0 (0.0,97.5)	0.0 (0.0,84.2)	45.0	45.9
simadna_hd_1000.fq	4999234	4999234	4614860	 1.1	Muridae	Acomys_cahirinus	81	41	-	1	7	0.0 (0.0,26.5)	20.0 (0.5,71.6)	N/A (N/A,N/A)	N/A (N/A,N/A)	42.1	44.7
simadna_hd_1000.fq	4999234	4999234	4614860	 1.1	Muridae	Apodemus_agrarius	103	62	-	5	9	0.0 (0.0,21.8)	33.3 (11.8,61.6)	N/A (N/A,N/A)	N/A (N/A,N/A)	40.7	44.1
simadna_hd_1000.fq	4999234	4999234	4614860	 1.1	Muridae	Apodemus_chejuensis	104	62	-	2	6	0.0 (0.0,21.8)	16.7 (2.1,48.4)	N/A (N/A,N/A)	N/A (N/A,N/A)	40.0	45.5
simadna_hd_1000.fq	4999234	4999234	4614860	 1.1	Muridae	Apodemus_chevrieri	84	43	-	2	7	0.0 (0.0,28.5)	22.2 (2.8,60.0)	N/A (N/A,N/A)	N/A (N/A,N/A)	42.9	47.3
simadna_hd_1000.fq	4999234	4999234	4614860	 1.1	Muridae	Apodemus_draco	80	39	-	2	6	0.0 (0.0,28.5)	14.3 (1.8,42.8)	N/A (N/A,N/A)	N/A (N/A,N/A)	43.3	48.8
simadna_hd_1000.fq	4999234	4999234	4614860	 1.1	Muridae	Apodemus_latronum	101	55	+	6	12	5.6 (0.1,27.3)	41.7 (15.2,72.3)	0.0 (0.0,97.5)	N/A (N/A,N/A)	42.6	41.9
simadna_hd_1000.fq	4999234	4999234	4614860	 1.1	Muridae	Apodemus_peninsulae	89	49	-	2	8	0.0 (0.0,26.5)	22.2 (2.8,60.0)	N/A (N/A,N/A)	N/A (N/A,N/A)	44.0	48.8
simadna_hd_1000.fq	4999234	4999234	4614860	 1.1	Muridae	Bandicota_indica	92	47	-	2	11	6.2 (0.2,30.2)	14.3 (0.4,57.9)	N/A (N/A,N/A)	N/A (N/A,N/A)	42.9	46.0
simadna_hd_1000.fq	4999234	4999234	4614860	 1.1	Muridae	Leggadina_lakedownensis	66	30	-	1	7	0.0 (0.0,28.5)	16.7 (0.4,64.1)	N/A (N/A,N/A)	N/A (N/A,N/A)	42.9	43.9
simadna_hd_1000.fq	4999234	4999234	4614860	 1.1	Muridae	Leopoldamys_edwardsi	121	63	-	1	7	0.0 (0.0,24.7)	12.5 (0.3,52.7)	N/A (N/A,N/A)	N/A (N/A,N/A)	42.6	47.7
simadna_hd_1000.fq	4999234	4999234	4614860	 1.1	Muridae	Meriones_libycus	83	48	-	7	14	23.5 (6.8,49.9)	30.0 (6.7,65.2)	N/A (N/A,N/A)	N/A (N/A,N/A)	40.5	42.1
simadna_hd_1000.fq	4999234	4999234	4614860	 1.1	Muridae	Meriones_meridianus	133	53	-	2	10	0.0 (0.0,28.5)	20.0 (2.5,55.6)	N/A (N/A,N/A)	N/A (N/A,N/A)	39.9	41.3
simadna_hd_1000.fq	4999234	4999234	4614860	 1.1	Muridae	Meriones_unguiculatus	494	70	-	4	10	15.4 (1.9,45.4)	22.2 (2.8,60.0)	N/A (N/A,N/A)	N/A (N/A,N/A)	41.6	42.3
simadna_hd_1000.fq	4999234	4999234	4614860	 1.1	Muridae	Micromys_minutus	67	29	-	1	6	0.0 (0.0,33.6)	12.5 (0.3,52.7)	N/A (N/A,N/A)	N/A (N/A,N/A)	42.0	45.2
simadna_hd_1000.fq	4999234	4999234	4614860	 1.1	Muridae	Mus_caroli	75	38	-	2	7	11.1 (0.3,48.2)	20.0 (0.5,71.6)	N/A (N/A,N/A)	N/A (N/A,N/A)	42.1	44.0
simadna_hd_1000.fq	4999234	4999234	4614860	 1.1	Muridae	Mus_cervicolor	101	62	-	5	11	11.1 (1.4,34.7)	15.8 (3.4,39.6)	N/A (N/A,N/A)	0.0 (0.0,97.5)	40.8	42.5
simadna_hd_1000.fq	4999234	4999234	4614860	 1.1	Muridae	Mus_cookii	80	41	-	1	10	0.0 (0.0,19.5)	11.1 (0.3,48.2)	N/A (N/A,N/A)	N/A (N/A,N/A)	41.4	42.7
simadna_hd_1000.fq	4999234	4999234	4614860	 1.1	Muridae	Mus_fragilicauda	80	38	-	1	6	0.0 (0.0,33.6)	11.1 (0.3,48.2)	N/A (N/A,N/A)	N/A (N/A,N/A)	43.6	47.7
simadna_hd_1000.fq	4999234	4999234	4614860	 1.1	Muridae	Mus_musculus	94	45	-	3	10	8.3 (0.2,38.5)	28.6 (3.7,71.0)	N/A (N/A,N/A)	N/A (N/A,N/A)	43.8	45.0
simadna_hd_1000.fq	4999234	4999234	4614860	 1.1	Muridae	Mus_musculus_castaneus	91	46	-	3	9	9.1 (0.2,41.3)	25.0 (3.2,65.1)	N/A (N/A,N/A)	N/A (N/A,N/A)	42.7	45.2
simadna_hd_1000.fq	4999234	4999234	4614860	 1.1	Muridae	Mus_musculus_domesticus	94	45	-	3	10	8.3 (0.2,38.5)	28.6 (3.7,71.0)	N/A (N/A,N/A)	N/A (N/A,N/A)	43.8	45.0
simadna_hd_1000.fq	4999234	4999234	4614860	 1.1	Muridae	Mus_musculus_molossinus	90	47	-	4	13	15.4 (1.9,45.4)	28.6 (3.7,71.0)	N/A (N/A,N/A)	N/A (N/A,N/A)	42.7	43.3
simadna_hd_1000.fq	4999234	4999234	4614860	 1.1	Muridae	Mus_musculus_musculus	90	47	-	4	13	15.4 (1.9,45.4)	28.6 (3.7,71.0)	N/A (N/A,N/A)	N/A (N/A,N/A)	42.7	43.3
simadna_hd_1000.fq	4999234	4999234	4614860	 1.1	Muridae	Mus_spretus	89	47	-	5	12	23.1 (5.0,53.8)	20.0 (2.5,55.6)	N/A (N/A,N/A)	N/A (N/A,N/A)	41.6	42.5
simadna_hd_1000.fq	4999234	4999234	4614860	 1.1	Muridae	Mus_terricolor	74	37	-	2	7	0.0 (0.0,24.7)	18.2 (2.3,51.8)	N/A (N/A,N/A)	N/A (N/A,N/A)	41.9	44.6
simadna_hd_1000.fq	4999234	4999234	4614860	 1.1	Muridae	Niviventer_confucianus	80	36	-	2	8	11.1 (0.3,48.2)	14.3 (0.4,57.9)	N/A (N/A,N/A)	N/A (N/A,N/A)	43.2	45.2
simadna_hd_1000.fq	4999234	4999234	4614860	 1.1	Muridae	Niviventer_excelsior	64	27	-	1	5	0.0 (0.0,33.6)	25.0 (0.6,80.6)	N/A (N/A,N/A)	N/A (N/A,N/A)	43.4	46.4
simadna_hd_1000.fq	4999234	4999234	4614860	 1.1	Muridae	Pseudomys_chapmani	97	50	-	3	9	0.0 (0.0,28.5)	42.9 (9.9,81.6)	N/A (N/A,N/A)	N/A (N/A,N/A)	42.5	45.0
simadna_hd_1000.fq	4999234	4999234	4614860	 1.1	Muridae	Rattus_exulans	161	57	-	2	7	7.1 (0.2,33.9)	10.0 (0.3,44.5)	N/A (N/A,N/A)	N/A (N/A,N/A)	42.1	46.1
simadna_hd_1000.fq	4999234	4999234	4614860	 1.1	Muridae	Rattus_fuscipes	96	48	-	1	7	0.0 (0.0,23.2)	9.1 (0.2,41.3)	N/A (N/A,N/A)	N/A (N/A,N/A)	42.1	47.4
simadna_hd_1000.fq	4999234	4999234	4614860	 1.1	Muridae	Rattus_leucopus	98	46	-	4	11	7.1 (0.2,33.9)	30.0 (6.7,65.2)	0.0 (0.0,97.5)	N/A (N/A,N/A)	42.7	45.5
simadna_hd_1000.fq	4999234	4999234	4614860	 1.1	Muridae	Rattus_lutreolus	91	48	-	2	8	6.2 (0.2,30.2)	14.3 (0.4,57.9)	N/A (N/A,N/A)	N/A (N/A,N/A)	42.6	46.5
simadna_hd_1000.fq	4999234	4999234	4614860	 1.1	Muridae	Rattus_niobe	84	40	-	2	7	7.7 (0.2,36.0)	16.7 (0.4,64.1)	N/A (N/A,N/A)	N/A (N/A,N/A)	42.3	46.7
simadna_hd_1000.fq	4999234	4999234	4614860	 1.1	Muridae	Rattus_norvegicus	99	53	-	3	10	5.3 (0.1,26.0)	28.6 (3.7,71.0)	N/A (N/A,N/A)	N/A (N/A,N/A)	42.4	45.2
simadna_hd_1000.fq	4999234	4999234	4614860	 1.1	Muridae	Rattus_praetor	98	51	-	1	8	0.0 (0.0,21.8)	14.3 (0.4,57.9)	N/A (N/A,N/A)	N/A (N/A,N/A)	42.1	45.9
simadna_hd_1000.fq	4999234	4999234	4614860	 1.1	Muridae	Rattus_rattus	68	30	-	1	6	0.0 (0.0,30.8)	16.7 (0.4,64.1)	N/A (N/A,N/A)	N/A (N/A,N/A)	41.6	45.2
simadna_hd_1000.fq	4999234	4999234	4614860	 1.1	Muridae	Rattus_sordidus	115	62	-	4	13	16.7 (3.6,41.4)	7.7 (0.2,36.0)	N/A (N/A,N/A)	N/A (N/A,N/A)	42.3	43.8
simadna_hd_1000.fq	4999234	4999234	4614860	 1.1	Muridae	Rattus_tanezumi	77	35	-	1	6	0.0 (0.0,30.8)	16.7 (0.4,64.1)	N/A (N/A,N/A)	N/A (N/A,N/A)	42.7	47.8
simadna_hd_1000.fq	4999234	4999234	4614860	 1.1	Muridae	Rattus_tunneyi	111	60	-	2	8	5.3 (0.1,26.0)	8.3 (0.2,38.5)	N/A (N/A,N/A)	N/A (N/A,N/A)	42.5	46.4
simadna_hd_1000.fq	4999234	4999234	4614860	 1.1	Muridae	Rattus_villosissimus	109	63	-	3	12	11.1 (1.4,34.7)	15.4 (1.9,45.4)	100.0 (2.5,100.0)	100.0 (2.5,100.0)	41.8	43.2
simadna_hd_1000.fq	4999234	4999234	4614860	 1.1	Mustelidae	Arctonyx_collaris	575	177	+	15	35	10.0 (2.1,26.5)	28.6 (15.7,44.6)	0.0 (0.0,97.5)	N/A (N/A,N/A)	42.9	41.4
simadna_hd_1000.fq	4999234	4999234	4614860	 1.1	Mustelidae	Enhydra_lutris	253	118	-	8	14	14.3 (1.8,42.8)	24.0 (9.4,45.1)	0.0 (0.0,97.5)	N/A (N/A,N/A)	43.1	41.6
simadna_hd_1000.fq	4999234	4999234	4614860	 1.1	Mustelidae	Gulo_gulo	170	104	-	9	19	23.8 (8.2,47.2)	18.2 (5.2,40.3)	N/A (N/A,N/A)	0.0 (0.0,84.2)	42.1	41.7
simadna_hd_1000.fq	4999234	4999234	4614860	 1.1	Mustelidae	Martes_americana	254	135	+	14	27	13.3 (3.8,30.7)	34.5 (17.9,54.3)	0.0 (0.0,84.2)	0.0 (0.0,84.2)	40.9	40.7
simadna_hd_1000.fq	4999234	4999234	4614860	 1.1	Mustelidae	Martes_flavigula	233	111	-	8	17	0.0 (0.0,20.6)	30.8 (14.3,51.8)	N/A (N/A,N/A)	N/A (N/A,N/A)	42.6	40.5
simadna_hd_1000.fq	4999234	4999234	4614860	 1.1	Mustelidae	Martes_foina	175	109	+	12	24	11.1 (1.4,34.7)	34.5 (17.9,54.3)	0.0 (0.0,84.2)	N/A (N/A,N/A)	41.2	41.4
simadna_hd_1000.fq	4999234	4999234	4614860	 1.1	Mustelidae	Martes_martes	243	138	+	12	25	7.4 (0.9,24.3)	35.7 (18.6,55.9)	0.0 (0.0,70.8)	N/A (N/A,N/A)	41.7	40.6
simadna_hd_1000.fq	4999234	4999234	4614860	 1.1	Mustelidae	Martes_zibellina	294	144	+	10	25	3.8 (0.1,19.6)	24.3 (11.8,41.2)	0.0 (0.0,97.5)	N/A (N/A,N/A)	41.6	40.5
simadna_hd_1000.fq	4999234	4999234	4614860	 1.1	Mustelidae	Meles_meles	108	75	+	5	8	10.0 (0.3,44.5)	36.4 (10.9,69.2)	0.0 (0.0,97.5)	N/A (N/A,N/A)	43.3	41.8
simadna_hd_1000.fq	4999234	4999234	4614860	 1.1	Mustelidae	Melogale_moschata	137	95	+	9	16	7.1 (0.2,33.9)	38.1 (18.1,61.6)	0.0 (0.0,97.5)	N/A (N/A,N/A)	41.7	42.1
simadna_hd_1000.fq	4999234	4999234	4614860	 1.1	Mustelidae	Mustela_altaica	180	125	++	17	30	33.3 (14.6,57.0)	40.0 (21.1,61.3)	0.0 (0.0,84.2)	0.0 (0.0,97.5)	41.5	42.6
simadna_hd_1000.fq	4999234	4999234	4614860	 1.1	Mustelidae	Mustela_erminea	251	164	+	12	32	6.7 (0.8,22.1)	29.4 (15.1,47.5)	0.0 (0.0,84.2)	N/A (N/A,N/A)	41.2	41.7
simadna_hd_1000.fq	4999234	4999234	4614860	 1.1	Mustelidae	Mustela_eversmannii	144	98	+	12	22	20.0 (4.3,48.1)	36.0 (18.0,57.5)	0.0 (0.0,97.5)	0.0 (0.0,97.5)	41.5	40.6
simadna_hd_1000.fq	4999234	4999234	4614860	 1.1	Mustelidae	Mustela_kathiah	509	145	+	15	32	11.1 (2.4,29.2)	38.7 (21.8,57.8)	0.0 (0.0,84.2)	N/A (N/A,N/A)	42.3	41.1
simadna_hd_1000.fq	4999234	4999234	4614860	 1.1	Mustelidae	Mustela_nigripes	146	98	+	13	24	23.1 (5.0,53.8)	41.7 (22.1,63.4)	0.0 (0.0,97.5)	N/A (N/A,N/A)	41.6	41.2
simadna_hd_1000.fq	4999234	4999234	4614860	 1.1	Mustelidae	Mustela_nivalis	215	129	+	13	26	16.0 (4.5,36.1)	33.3 (16.5,54.0)	0.0 (0.0,70.8)	0.0 (0.0,97.5)	41.6	41.8
simadna_hd_1000.fq	4999234	4999234	4614860	 1.1	Mustelidae	Mustela_putorius	135	95	+	11	22	15.4 (1.9,45.4)	42.9 (21.8,66.0)	0.0 (0.0,97.5)	N/A (N/A,N/A)	41.9	40.6
simadna_hd_1000.fq	4999234	4999234	4614860	 1.1	Mustelidae	Mustela_sibirica	234	139	+	15	29	22.7 (7.8,45.4)	31.2 (16.1,50.0)	0.0 (0.0,97.5)	N/A (N/A,N/A)	41.8	39.4
simadna_hd_1000.fq	4999234	4999234	4614860	 1.1	Mustelidae	Neogale_frenata	163	91	+	8	18	18.2 (2.3,51.8)	30.0 (11.9,54.3)	N/A (N/A,N/A)	N/A (N/A,N/A)	42.4	44.2
simadna_hd_1000.fq	4999234	4999234	4614860	 1.1	Mustelidae	Neogale_vison	322	165	+	13	31	13.0 (2.8,33.6)	27.8 (14.2,45.2)	0.0 (0.0,84.2)	N/A (N/A,N/A)	42.9	41.3
simadna_hd_1000.fq	4999234	4999234	4614860	 1.1	Mustelidae	Pekania_pennanti	80	63	-	3	8	0.0 (0.0,30.8)	23.1 (5.0,53.8)	N/A (N/A,N/A)	N/A (N/A,N/A)	41.6	41.5
simadna_hd_1000.fq	4999234	4999234	4614860	 1.1	Mustelidae	Taxidea_taxus	117	79	-	5	13	0.0 (0.0,33.6)	31.2 (11.0,58.7)	N/A (N/A,N/A)	N/A (N/A,N/A)	43.2	45.2
simadna_hd_1000.fq	4999234	4999234	4614860	 1.1	Myrmecophagidae	Myrmecophaga_tridactyla	27	20	-	2	6	66.7 (9.4,99.2)	0.0 (0.0,52.2)	N/A (N/A,N/A)	N/A (N/A,N/A)	40.1	40.3
simadna_hd_1000.fq	4999234	4999234	4614860	 1.1	Myrmecophagidae	Tamandua_mexicana	9	9	-	1	2	25.0 (0.6,80.6)	0.0 (0.0,84.2)	N/A (N/A,N/A)	N/A (N/A,N/A)	42.1	38.5
simadna_hd_1000.fq	4999234	4999234	4614860	 1.1	Myrmecophagidae	Tamandua_tetradactyla	10	10	-	1	2	25.0 (0.6,80.6)	0.0 (0.0,97.5)	N/A (N/A,N/A)	N/A (N/A,N/A)	40.6	38.5
simadna_hd_1000.fq	4999234	4999234	4614860	 1.1	Mystacinidae	Mystacina_tuberculata	27	19	-	0	2	0.0 (0.0,84.2)	0.0 (0.0,70.8)	N/A (N/A,N/A)	N/A (N/A,N/A)	43.2	39.5
simadna_hd_1000.fq	4999234	4999234	4614860	 1.1	Nandiniidae	Nandinia_binotata	102	74	+	7	12	15.8 (3.4,39.6)	33.3 (9.9,65.1)	0.0 (0.0,97.5)	N/A (N/A,N/A)	45.3	45.1
simadna_hd_1000.fq	4999234	4999234	4614860	 1.1	Neobalaenidae	Caperea_marginata	37	27	+	6	8	41.7 (15.2,72.3)	25.0 (0.6,80.6)	0.0 (0.0,97.5)	N/A (N/A,N/A)	41.3	43.6
simadna_hd_1000.fq	4999234	4999234	4614860	 1.1	Ochotonidae	Ochotona_collaris	16	14	-	0	1	0.0 (0.0,60.2)	0.0 (0.0,70.8)	N/A (N/A,N/A)	N/A (N/A,N/A)	41.4	40.0
simadna_hd_1000.fq	4999234	4999234	4614860	 1.1	Ochotonidae	Ochotona_curzoniae	6	6	-	0	0	0.0 (0.0,84.2)	0.0 (0.0,97.5)	N/A (N/A,N/A)	N/A (N/A,N/A)	37.7	N/A
simadna_hd_1000.fq	4999234	4999234	4614860	 1.1	Octodontidae	Octodon_degus	13	13	-	0	0	0.0 (0.0,52.2)	0.0 (0.0,97.5)	N/A (N/A,N/A)	N/A (N/A,N/A)	39.1	N/A
simadna_hd_1000.fq	4999234	4999234	4614860	 1.1	Octodontidae	Spalacopus_cyanus	43	22	-	2	6	40.0 (5.3,85.3)	0.0 (0.0,52.2)	N/A (N/A,N/A)	N/A (N/A,N/A)	41.8	41.3
simadna_hd_1000.fq	4999234	4999234	4614860	 1.1	Octodontidae	Tympanoctomys_barrerae	8	8	-	0	0	0.0 (0.0,84.2)	0.0 (0.0,84.2)	N/A (N/A,N/A)	N/A (N/A,N/A)	37.2	N/A
simadna_hd_1000.fq	4999234	4999234	4614860	 1.1	Odobenidae	Odobenus_rosmarus_rosmarus	23	18	-	1	4	0.0 (0.0,60.2)	25.0 (0.6,80.6)	N/A (N/A,N/A)	N/A (N/A,N/A)	41.2	39.5
simadna_hd_1000.fq	4999234	4999234	4614860	 1.1	Orycteropodidae	Orycteropus_afer	16	14	-	1	4	0.0 (0.0,97.5)	33.3 (0.8,90.6)	N/A (N/A,N/A)	N/A (N/A,N/A)	40.8	40.5
simadna_hd_1000.fq	4999234	4999234	4614860	 1.1	Otariidae	Arctocephalus_forsteri	165	101	+	10	19	4.0 (0.1,20.4)	37.5 (18.8,59.4)	0.0 (0.0,70.8)	N/A (N/A,N/A)	41.8	40.9
simadna_hd_1000.fq	4999234	4999234	4614860	 1.1	Otariidae	Arctocephalus_pusillus	153	84	+	9	14	12.5 (1.6,38.3)	33.3 (14.6,57.0)	0.0 (0.0,70.8)	N/A (N/A,N/A)	42.5	42.4
simadna_hd_1000.fq	4999234	4999234	4614860	 1.1	Otariidae	Arctocephalus_townsendi	196	107	+	12	22	23.5 (6.8,49.9)	40.0 (19.1,63.9)	0.0 (0.0,84.2)	N/A (N/A,N/A)	42.4	40.5
simadna_hd_1000.fq	4999234	4999234	4614860	 1.1	Otariidae	Callorhinus_ursinus	123	70	-	6	9	12.5 (1.6,38.3)	25.0 (7.3,52.4)	0.0 (0.0,97.5)	N/A (N/A,N/A)	41.4	42.2
simadna_hd_1000.fq	4999234	4999234	4614860	 1.1	Otariidae	Eumetopias_jubatus	121	74	+	7	12	6.7 (0.2,31.9)	31.6 (12.6,56.6)	0.0 (0.0,84.2)	N/A (N/A,N/A)	42.6	40.3
simadna_hd_1000.fq	4999234	4999234	4614860	 1.1	Otariidae	Neophoca_cinerea	160	93	+	11	24	15.0 (3.2,37.9)	34.8 (16.4,57.3)	0.0 (0.0,97.5)	N/A (N/A,N/A)	42.5	40.7
simadna_hd_1000.fq	4999234	4999234	4614860	 1.1	Otariidae	Phocarctos_hookeri	179	107	+	9	16	8.3 (1.0,27.0)	29.2 (12.6,51.1)	0.0 (0.0,97.5)	N/A (N/A,N/A)	41.6	40.6
simadna_hd_1000.fq	4999234	4999234	4614860	 1.1	Otariidae	Zalophus_californianus	115	72	+	9	12	13.3 (1.7,40.5)	36.8 (16.3,61.6)	0.0 (0.0,84.2)	N/A (N/A,N/A)	42.0	41.3
simadna_hd_1000.fq	4999234	4999234	4614860	 1.1	Paleopropithecidae	Palaeopropithecus_ingens	27	20	-	3	7	66.7 (9.4,99.2)	25.0 (0.6,80.6)	N/A (N/A,N/A)	0.0 (0.0,97.5)	42.0	43.1
simadna_hd_1000.fq	4999234	4999234	4614860	 1.1	Phocidae	Cystophora_cristata	125	81	+	9	20	31.2 (11.0,58.7)	28.6 (8.4,58.1)	0.0 (0.0,97.5)	N/A (N/A,N/A)	43.1	44.0
simadna_hd_1000.fq	4999234	4999234	4614860	 1.1	Phocidae	Erignathus_barbatus	125	91	+	12	28	19.0 (5.4,41.9)	33.3 (16.5,54.0)	25.0 (0.6,80.6)	100.0 (2.5,100.0)	44.7	44.4
simadna_hd_1000.fq	4999234	4999234	4614860	 1.1	Phocidae	Halichoerus_grypus	182	122	++	14	32	25.8 (11.9,44.6)	25.0 (9.8,46.7)	0.0 (0.0,97.5)	0.0 (0.0,97.5)	42.6	42.5
simadna_hd_1000.fq	4999234	4999234	4614860	 1.1	Phocidae	Hydrurga_leptonyx	134	93	-	5	17	10.0 (1.2,31.7)	14.3 (3.0,36.3)	0.0 (0.0,84.2)	N/A (N/A,N/A)	42.4	42.8
simadna_hd_1000.fq	4999234	4999234	4614860	 1.1	Phocidae	Leptonychotes_weddellii	116	84	+	9	17	15.0 (3.2,37.9)	27.3 (10.7,50.2)	0.0 (0.0,70.8)	N/A (N/A,N/A)	43.2	44.5
simadna_hd_1000.fq	4999234	4999234	4614860	 1.1	Phocidae	Lobodon_carcinophaga	71	55	+	6	13	10.0 (0.3,44.5)	35.7 (12.8,64.9)	0.0 (0.0,97.5)	N/A (N/A,N/A)	42.9	41.8
simadna_hd_1000.fq	4999234	4999234	4614860	 1.1	Phocidae	Mirounga_leonina	123	94	-	7	18	15.8 (3.4,39.6)	21.1 (6.1,45.6)	0.0 (0.0,97.5)	N/A (N/A,N/A)	42.1	42.9
simadna_hd_1000.fq	4999234	4999234	4614860	 1.1	Phocidae	Neomonachus_schauinslandi	125	85	+	7	14	14.3 (1.8,42.8)	27.8 (9.7,53.5)	0.0 (0.0,84.2)	N/A (N/A,N/A)	43.0	43.3
simadna_hd_1000.fq	4999234	4999234	4614860	 1.1	Phocidae	Phoca_fasciata	114	77	-	3	16	0.0 (0.0,24.7)	18.8 (4.0,45.6)	0.0 (0.0,84.2)	N/A (N/A,N/A)	42.9	44.3
simadna_hd_1000.fq	4999234	4999234	4614860	 1.1	Phocidae	Phoca_groenlandica	56	45	-	5	12	0.0 (0.0,36.9)	45.5 (16.7,76.6)	0.0 (0.0,84.2)	N/A (N/A,N/A)	43.0	46.2
simadna_hd_1000.fq	4999234	4999234	4614860	 1.1	Phocidae	Phoca_largha	135	86	+	12	25	23.8 (8.2,47.2)	41.2 (18.4,67.1)	0.0 (0.0,70.8)	N/A (N/A,N/A)	42.5	43.6
simadna_hd_1000.fq	4999234	4999234	4614860	 1.1	Phocidae	Phoca_vitulina	129	83	++	14	25	31.6 (12.6,56.6)	47.1 (23.0,72.2)	0.0 (0.0,70.8)	N/A (N/A,N/A)	43.2	44.4
simadna_hd_1000.fq	4999234	4999234	4614860	 1.1	Phocidae	Pusa_caspica	127	84	+	9	21	18.8 (4.0,45.6)	35.3 (14.2,61.7)	0.0 (0.0,84.2)	N/A (N/A,N/A)	43.1	44.5
simadna_hd_1000.fq	4999234	4999234	4614860	 1.1	Phocidae	Pusa_hispida	164	112	+	12	28	24.0 (9.4,45.1)	28.6 (11.3,52.2)	0.0 (0.0,70.8)	N/A (N/A,N/A)	43.5	44.6
simadna_hd_1000.fq	4999234	4999234	4614860	 1.1	Phocidae	Pusa_sibirica	195	125	+	13	30	22.2 (8.6,42.3)	30.4 (13.2,52.9)	0.0 (0.0,70.8)	N/A (N/A,N/A)	43.1	43.4
simadna_hd_1000.fq	4999234	4999234	4614860	 1.1	Phocoenidae	Neophocaena_asiaeorientalis	5	5	-	0	2	0.0 (0.0,84.2)	0.0 (0.0,70.8)	N/A (N/A,N/A)	N/A (N/A,N/A)	41.6	42.0
simadna_hd_1000.fq	4999234	4999234	4614860	 1.1	Phocoenidae	Neophocaena_phocaenoides	9	8	-	0	2	0.0 (0.0,84.2)	0.0 (0.0,52.2)	N/A (N/A,N/A)	N/A (N/A,N/A)	40.8	42.0
simadna_hd_1000.fq	4999234	4999234	4614860	 1.1	Phocoenidae	Phocoena_phocoena	15	15	-	2	5	20.0 (0.5,71.6)	16.7 (0.4,64.1)	N/A (N/A,N/A)	N/A (N/A,N/A)	43.1	42.0
simadna_hd_1000.fq	4999234	4999234	4614860	 1.1	Phyllostomidae	Anoura_caudifer	137	77	-	6	13	26.7 (7.8,55.1)	16.7 (2.1,48.4)	N/A (N/A,N/A)	N/A (N/A,N/A)	42.1	45.3
simadna_hd_1000.fq	4999234	4999234	4614860	 1.1	Phyllostomidae	Artibeus_jamaicensis	67	51	-	1	5	0.0 (0.0,60.2)	12.5 (0.3,52.7)	0.0 (0.0,97.5)	N/A (N/A,N/A)	39.5	37.6
simadna_hd_1000.fq	4999234	4999234	4614860	 1.1	Phyllostomidae	Artibeus_lituratus	348	104	-	2	13	20.0 (0.5,71.6)	8.3 (0.2,38.5)	N/A (N/A,N/A)	N/A (N/A,N/A)	41.0	40.5
simadna_hd_1000.fq	4999234	4999234	4614860	 1.1	Phyllostomidae	Brachyphylla_cavernarum	43	32	-	2	4	0.0 (0.0,70.8)	33.3 (4.3,77.7)	N/A (N/A,N/A)	N/A (N/A,N/A)	40.2	37.5
simadna_hd_1000.fq	4999234	4999234	4614860	 1.1	Phyllostomidae	Carollia_perspicillata	38	28	-	1	5	0.0 (0.0,97.5)	25.0 (0.6,80.6)	N/A (N/A,N/A)	N/A (N/A,N/A)	42.9	51.8
simadna_hd_1000.fq	4999234	4999234	4614860	 1.1	Phyllostomidae	Desmodus_rotundus	23	14	-	1	2	0.0 (0.0,70.8)	33.3 (0.8,90.6)	0.0 (0.0,97.5)	N/A (N/A,N/A)	37.8	38.0
simadna_hd_1000.fq	4999234	4999234	4614860	 1.1	Phyllostomidae	Lophostoma_silvicola	11	9	-	2	4	50.0 (1.3,98.7)	50.0 (1.3,98.7)	N/A (N/A,N/A)	N/A (N/A,N/A)	43.0	42.5
simadna_hd_1000.fq	4999234	4999234	4614860	 1.1	Phyllostomidae	Micronycteris_megalotis	54	35	-	2	5	28.6 (3.7,71.0)	0.0 (0.0,41.0)	N/A (N/A,N/A)	N/A (N/A,N/A)	44.5	44.6
simadna_hd_1000.fq	4999234	4999234	4614860	 1.1	Phyllostomidae	Rhinophylla_pumilio	164	59	-	1	4	0.0 (0.0,36.9)	11.1 (0.3,48.2)	N/A (N/A,N/A)	N/A (N/A,N/A)	41.3	39.2
simadna_hd_1000.fq	4999234	4999234	4614860	 1.1	Phyllostomidae	Sturnira_tildae	43	28	-	1	6	0.0 (0.0,60.2)	12.5 (0.3,52.7)	N/A (N/A,N/A)	N/A (N/A,N/A)	40.4	41.3
simadna_hd_1000.fq	4999234	4999234	4614860	 1.1	Phyllostomidae	Tonatia_saurophila	36	23	-	0	3	0.0 (0.0,52.2)	0.0 (0.0,70.8)	N/A (N/A,N/A)	N/A (N/A,N/A)	40.8	42.7
simadna_hd_1000.fq	4999234	4999234	4614860	 1.1	Phyllostomidae	Vampyrum_spectrum	49	36	-	3	3	12.5 (0.3,52.7)	33.3 (4.3,77.7)	N/A (N/A,N/A)	N/A (N/A,N/A)	40.6	37.7
simadna_hd_1000.fq	4999234	4999234	4614860	 1.1	Physeteridae	Kogia_breviceps	46	37	-	4	6	28.6 (3.7,71.0)	20.0 (2.5,55.6)	N/A (N/A,N/A)	0.0 (0.0,84.2)	42.8	41.8
simadna_hd_1000.fq	4999234	4999234	4614860	 1.1	Physeteridae	Physeter_macrocephalus	43	30	-	2	5	20.0 (0.5,71.6)	14.3 (0.4,57.9)	N/A (N/A,N/A)	N/A (N/A,N/A)	41.1	41.6
simadna_hd_1000.fq	4999234	4999234	4614860	 1.1	Pitheciidae	Cacajao_calvus	32	22	++	5	9	60.0 (14.7,94.7)	50.0 (11.8,88.2)	100.0 (2.5,100.0)	100.0 (2.5,100.0)	40.2	39.4
simadna_hd_1000.fq	4999234	4999234	4614860	 1.1	Pitheciidae	Cheracebus_lugens	28	21	++	6	10	50.0 (11.8,88.2)	42.9 (9.9,81.6)	N/A (N/A,N/A)	0.0 (0.0,84.2)	38.2	38.2
simadna_hd_1000.fq	4999234	4999234	4614860	 1.1	Pitheciidae	Chiropotes_albinasus	16	13	-	2	2	100.0 (15.8,100.0)	0.0 (0.0,97.5)	N/A (N/A,N/A)	N/A (N/A,N/A)	41.8	36.5
simadna_hd_1000.fq	4999234	4999234	4614860	 1.1	Pitheciidae	Chiropotes_israelita	21	15	-	2	3	50.0 (6.8,93.2)	0.0 (0.0,84.2)	N/A (N/A,N/A)	N/A (N/A,N/A)	42.6	40.7
simadna_hd_1000.fq	4999234	4999234	4614860	 1.1	Pitheciidae	Plecturocebus_cupreus	8	7	-	0	1	0.0 (0.0,97.5)	0.0 (0.0,84.2)	N/A (N/A,N/A)	N/A (N/A,N/A)	40.6	46.0
simadna_hd_1000.fq	4999234	4999234	4614860	 1.1	Pitheciidae	Plecturocebus_donacophilus	28	20	-	1	2	14.3 (0.4,57.9)	0.0 (0.0,70.8)	N/A (N/A,N/A)	N/A (N/A,N/A)	40.0	43.5
simadna_hd_1000.fq	4999234	4999234	4614860	 1.1	Platanistidae	Platanista_minor	33	28	-	2	6	14.3 (0.4,57.9)	16.7 (0.4,64.1)	N/A (N/A,N/A)	N/A (N/A,N/A)	42.4	38.5
simadna_hd_1000.fq	4999234	4999234	4614860	 1.1	Pontoporiidae	Pontoporia_blainvillei	74	37	-	5	8	12.5 (0.3,52.7)	26.7 (7.8,55.1)	N/A (N/A,N/A)	N/A (N/A,N/A)	40.9	42.5
simadna_hd_1000.fq	4999234	4999234	4614860	 1.1	Procaviidae	Dendrohyrax_dorsalis	7	7	-	0	1	0.0 (0.0,97.5)	0.0 (0.0,97.5)	N/A (N/A,N/A)	N/A (N/A,N/A)	39.1	42.0
simadna_hd_1000.fq	4999234	4999234	4614860	 1.1	Procaviidae	Procavia_capensis	241	56	-	3	7	8.3 (0.2,38.5)	28.6 (3.7,71.0)	N/A (N/A,N/A)	N/A (N/A,N/A)	41.3	44.0
simadna_hd_1000.fq	4999234	4999234	4614860	 1.1	Procyonidae	Nasua_nasua	32	25	-	2	10	0.0 (0.0,97.5)	25.0 (3.2,65.1)	N/A (N/A,N/A)	N/A (N/A,N/A)	40.6	40.4
simadna_hd_1000.fq	4999234	4999234	4614860	 1.1	Procyonidae	Procyon_lotor	65	55	-	2	5	20.0 (2.5,55.6)	0.0 (0.0,41.0)	N/A (N/A,N/A)	N/A (N/A,N/A)	41.5	42.0
simadna_hd_1000.fq	4999234	4999234	4614860	 1.1	Pteropodidae	Cynopterus_brachyotis	16	15	-	3	4	33.3 (0.8,90.6)	50.0 (6.8,93.2)	0.0 (0.0,97.5)	0.0 (0.0,97.5)	39.4	43.0
simadna_hd_1000.fq	4999234	4999234	4614860	 1.1	Pteropodidae	Pteropus_alecto	26	20	-	2	3	25.0 (0.6,80.6)	16.7 (0.4,64.1)	N/A (N/A,N/A)	N/A (N/A,N/A)	42.1	40.3
simadna_hd_1000.fq	4999234	4999234	4614860	 1.1	Pteropodidae	Pteropus_dasymallus	47	29	-	1	5	20.0 (0.5,71.6)	0.0 (0.0,60.2)	N/A (N/A,N/A)	N/A (N/A,N/A)	42.5	41.8
simadna_hd_1000.fq	4999234	4999234	4614860	 1.1	Pteropodidae	Pteropus_scapulatus	22	18	-	1	2	0.0 (0.0,97.5)	20.0 (0.5,71.6)	N/A (N/A,N/A)	N/A (N/A,N/A)	40.1	37.5
simadna_hd_1000.fq	4999234	4999234	4614860	 1.1	Pteropodidae	Pteropus_vampyrus	25	16	-	1	3	20.0 (0.5,71.6)	0.0 (0.0,84.2)	N/A (N/A,N/A)	N/A (N/A,N/A)	41.5	43.3
simadna_hd_1000.fq	4999234	4999234	4614860	 1.1	Pteropodidae	Rousettus_aegyptiacus	16	14	-	0	3	N/A (N/A,N/A)	0.0 (0.0,70.8)	N/A (N/A,N/A)	N/A (N/A,N/A)	39.9	37.0
simadna_hd_1000.fq	4999234	4999234	4614860	 1.1	Rhinocerotidae	Ceratotherium_simum	120	75	-	2	6	25.0 (0.6,80.6)	16.7 (0.4,64.1)	N/A (N/A,N/A)	N/A (N/A,N/A)	41.4	42.5
simadna_hd_1000.fq	4999234	4999234	4614860	 1.1	Rhinocerotidae	Coelodonta_antiquitatis	196	125	-	4	8	10.5 (1.3,33.1)	10.5 (1.3,33.1)	N/A (N/A,N/A)	0.0 (0.0,97.5)	42.7	46.9
simadna_hd_1000.fq	4999234	4999234	4614860	 1.1	Rhinocerotidae	Dicerorhinus_sumatrensis	302	130	-	3	9	4.8 (0.1,23.8)	10.5 (1.3,33.1)	N/A (N/A,N/A)	N/A (N/A,N/A)	43.0	45.3
simadna_hd_1000.fq	4999234	4999234	4614860	 1.1	Rhinocerotidae	Diceros_bicornis	233	116	-	7	15	21.4 (4.7,50.8)	18.2 (5.2,40.3)	N/A (N/A,N/A)	0.0 (0.0,97.5)	42.8	43.9
simadna_hd_1000.fq	4999234	4999234	4614860	 1.1	Rhinocerotidae	Rhinoceros_sondaicus	151	94	-	2	9	0.0 (0.0,52.2)	15.4 (1.9,45.4)	N/A (N/A,N/A)	N/A (N/A,N/A)	41.2	39.8
simadna_hd_1000.fq	4999234	4999234	4614860	 1.1	Rhinocerotidae	Rhinoceros_unicornis	204	123	-	5	12	20.0 (4.3,48.1)	8.0 (1.0,26.0)	0.0 (0.0,97.5)	0.0 (0.0,84.2)	42.2	45.1
simadna_hd_1000.fq	4999234	4999234	4614860	 1.1	Rhinolophidae	Rhinolophus_ferrumequinum_korai	193	92	++	11	19	33.3 (9.9,65.1)	30.4 (13.2,52.9)	N/A (N/A,N/A)	0.0 (0.0,84.2)	43.8	44.3
simadna_hd_1000.fq	4999234	4999234	4614860	 1.1	Rhinolophidae	Rhinolophus_ferrumequinum_quelpartis	193	92	++	11	19	33.3 (9.9,65.1)	30.4 (13.2,52.9)	N/A (N/A,N/A)	0.0 (0.0,84.2)	43.8	44.3
simadna_hd_1000.fq	4999234	4999234	4614860	 1.1	Rhinolophidae	Rhinolophus_formosae	268	119	++	14	26	30.0 (11.9,54.3)	30.8 (14.3,51.8)	0.0 (0.0,97.5)	0.0 (0.0,84.2)	44.3	44.9
simadna_hd_1000.fq	4999234	4999234	4614860	 1.1	Rhinolophidae	Rhinolophus_luctus	288	139	++	19	36	32.3 (16.7,51.4)	33.3 (17.3,52.8)	33.3 (0.8,90.6)	33.3 (0.8,90.6)	44.0	43.4
simadna_hd_1000.fq	4999234	4999234	4614860	 1.1	Rhinolophidae	Rhinolophus_macrotis	244	115	++	17	37	47.4 (24.4,71.1)	39.1 (19.7,61.5)	100.0 (2.5,100.0)	33.3 (0.8,90.6)	43.6	43.1
simadna_hd_1000.fq	4999234	4999234	4614860	 1.1	Rhinolophidae	Rhinolophus_monoceros	213	108	++	14	27	28.6 (11.3,52.2)	39.1 (19.7,61.5)	25.0 (0.6,80.6)	33.3 (0.8,90.6)	42.8	43.0
simadna_hd_1000.fq	4999234	4999234	4614860	 1.1	Rhinolophidae	Rhinolophus_pumilus	211	107	++	11	22	33.3 (11.8,61.6)	33.3 (13.3,59.0)	0.0 (0.0,97.5)	0.0 (0.0,84.2)	43.3	43.9
simadna_hd_1000.fq	4999234	4999234	4614860	 1.1	Rhinolophidae	Rhinolophus_rex	212	105	++	16	30	36.8 (16.3,61.6)	41.7 (22.1,63.4)	33.3 (0.8,90.6)	33.3 (0.8,90.6)	42.9	43.2
simadna_hd_1000.fq	4999234	4999234	4614860	 1.1	Sciuridae	Callosciurus_erythraeus	71	47	-	3	9	50.0 (6.8,93.2)	11.1 (0.3,48.2)	N/A (N/A,N/A)	N/A (N/A,N/A)	39.4	39.8
simadna_hd_1000.fq	4999234	4999234	4614860	 1.1	Sciuridae	Cynomys_leucurus	72	43	-	3	5	22.2 (2.8,60.0)	14.3 (0.4,57.9)	0.0 (0.0,97.5)	N/A (N/A,N/A)	39.5	42.4
simadna_hd_1000.fq	4999234	4999234	4614860	 1.1	Sciuridae	Cynomys_ludovicianus	77	45	-	4	7	37.5 (8.5,75.5)	12.5 (0.3,52.7)	0.0 (0.0,97.5)	N/A (N/A,N/A)	39.5	40.4
simadna_hd_1000.fq	4999234	4999234	4614860	 1.1	Sciuridae	Dremomys_rufigenis	45	31	-	2	2	66.7 (9.4,99.2)	0.0 (0.0,52.2)	N/A (N/A,N/A)	N/A (N/A,N/A)	39.3	40.5
simadna_hd_1000.fq	4999234	4999234	4614860	 1.1	Sciuridae	Hylopetes_phayrei	55	37	-	2	2	50.0 (6.8,93.2)	0.0 (0.0,45.9)	N/A (N/A,N/A)	N/A (N/A,N/A)	39.8	38.0
simadna_hd_1000.fq	4999234	4999234	4614860	 1.1	Sciuridae	Ictidomys_tridecemlineatus	77	50	-	4	8	37.5 (8.5,75.5)	14.3 (0.4,57.9)	N/A (N/A,N/A)	N/A (N/A,N/A)	40.4	40.6
simadna_hd_1000.fq	4999234	4999234	4614860	 1.1	Sciuridae	Marmota_himalayana	73	43	-	5	6	71.4 (29.0,96.3)	0.0 (0.0,36.9)	N/A (N/A,N/A)	N/A (N/A,N/A)	40.7	41.3
simadna_hd_1000.fq	4999234	4999234	4614860	 1.1	Sciuridae	Petaurista_alborufus	77	51	+	4	5	42.9 (9.9,81.6)	6.2 (0.2,30.2)	N/A (N/A,N/A)	0.0 (0.0,84.2)	39.7	40.0
simadna_hd_1000.fq	4999234	4999234	4614860	 1.1	Sciuridae	Petaurista_hainana	77	46	-	4	7	50.0 (1.3,98.7)	23.1 (5.0,53.8)	N/A (N/A,N/A)	N/A (N/A,N/A)	40.5	40.6
simadna_hd_1000.fq	4999234	4999234	4614860	 1.1	Sciuridae	Pteromys_volans	71	54	-	1	2	25.0 (0.6,80.6)	0.0 (0.0,30.8)	N/A (N/A,N/A)	N/A (N/A,N/A)	39.7	39.0
simadna_hd_1000.fq	4999234	4999234	4614860	 1.1	Sciuridae	Ratufa_bicolor	34	22	-	2	3	20.0 (0.5,71.6)	16.7 (0.4,64.1)	N/A (N/A,N/A)	N/A (N/A,N/A)	40.0	41.0
simadna_hd_1000.fq	4999234	4999234	4614860	 1.1	Sciuridae	Sciurus_vulgaris	64	46	-	4	5	14.3 (0.4,57.9)	23.1 (5.0,53.8)	0.0 (0.0,97.5)	0.0 (0.0,97.5)	39.0	37.6
simadna_hd_1000.fq	4999234	4999234	4614860	 1.1	Sciuridae	Spermophilus_dauricus	66	40	+	6	8	33.3 (4.3,77.7)	36.4 (10.9,69.2)	0.0 (0.0,97.5)	0.0 (0.0,97.5)	39.1	39.0
simadna_hd_1000.fq	4999234	4999234	4614860	 1.1	Sciuridae	Tamias_sibiricus	61	36	-	2	4	40.0 (5.3,85.3)	0.0 (0.0,41.0)	N/A (N/A,N/A)	0.0 (0.0,97.5)	39.1	37.2
simadna_hd_1000.fq	4999234	4999234	4614860	 1.1	Sciuridae	Tamiops_swinhoei	62	44	-	3	12	42.9 (9.9,81.6)	0.0 (0.0,60.2)	N/A (N/A,N/A)	N/A (N/A,N/A)	38.8	38.4
simadna_hd_1000.fq	4999234	4999234	4614860	 1.1	Soricidae	Anourosorex_squamipes	97	58	-	2	12	25.0 (3.2,65.1)	0.0 (0.0,24.7)	N/A (N/A,N/A)	N/A (N/A,N/A)	41.8	43.2
simadna_hd_1000.fq	4999234	4999234	4614860	 1.1	Soricidae	Blarinella_quadraticauda	94	58	-	4	11	30.8 (9.1,61.4)	0.0 (0.0,30.8)	N/A (N/A,N/A)	N/A (N/A,N/A)	42.6	47.7
simadna_hd_1000.fq	4999234	4999234	4614860	 1.1	Soricidae	Crocidura_attenuata	49	41	-	1	3	0.0 (0.0,52.2)	11.1 (0.3,48.2)	N/A (N/A,N/A)	N/A (N/A,N/A)	41.0	43.0
simadna_hd_1000.fq	4999234	4999234	4614860	 1.1	Soricidae	Crocidura_beata	42	31	-	2	3	25.0 (0.6,80.6)	25.0 (0.6,80.6)	N/A (N/A,N/A)	N/A (N/A,N/A)	39.7	39.0
simadna_hd_1000.fq	4999234	4999234	4614860	 1.1	Soricidae	Crocidura_grayi	49	35	-	1	2	0.0 (0.0,52.2)	33.3 (0.8,90.6)	N/A (N/A,N/A)	N/A (N/A,N/A)	40.2	40.0
simadna_hd_1000.fq	4999234	4999234	4614860	 1.1	Soricidae	Crocidura_mindorus	47	37	-	1	6	14.3 (0.4,57.9)	0.0 (0.0,52.2)	N/A (N/A,N/A)	N/A (N/A,N/A)	39.7	39.2
simadna_hd_1000.fq	4999234	4999234	4614860	 1.1	Soricidae	Crocidura_negrina	64	46	-	1	2	0.0 (0.0,30.8)	25.0 (0.6,80.6)	N/A (N/A,N/A)	N/A (N/A,N/A)	40.4	40.5
simadna_hd_1000.fq	4999234	4999234	4614860	 1.1	Soricidae	Crocidura_ninoyi	55	41	-	0	2	0.0 (0.0,41.0)	0.0 (0.0,60.2)	N/A (N/A,N/A)	N/A (N/A,N/A)	39.8	38.5
simadna_hd_1000.fq	4999234	4999234	4614860	 1.1	Soricidae	Crocidura_orientalis	53	35	-	2	7	0.0 (0.0,45.9)	40.0 (5.3,85.3)	0.0 (0.0,84.2)	N/A (N/A,N/A)	39.9	42.3
simadna_hd_1000.fq	4999234	4999234	4614860	 1.1	Soricidae	Crocidura_palawanensis	40	30	-	1	2	25.0 (0.6,80.6)	0.0 (0.0,60.2)	N/A (N/A,N/A)	N/A (N/A,N/A)	40.2	39.5
simadna_hd_1000.fq	4999234	4999234	4614860	 1.1	Soricidae	Crocidura_panayensis	55	41	-	0	2	0.0 (0.0,33.6)	0.0 (0.0,70.8)	N/A (N/A,N/A)	N/A (N/A,N/A)	40.1	38.5
simadna_hd_1000.fq	4999234	4999234	4614860	 1.1	Soricidae	Crocidura_shantungensis	65	41	-	0	2	0.0 (0.0,45.9)	0.0 (0.0,52.2)	N/A (N/A,N/A)	N/A (N/A,N/A)	42.6	45.5
simadna_hd_1000.fq	4999234	4999234	4614860	 1.1	Soricidae	Episoriculus_caudatus	92	63	+	8	18	45.5 (16.7,76.6)	21.4 (4.7,50.8)	N/A (N/A,N/A)	0.0 (0.0,97.5)	42.5	43.0
simadna_hd_1000.fq	4999234	4999234	4614860	 1.1	Soricidae	Nectogale_elegans	105	70	-	3	7	18.2 (2.3,51.8)	10.0 (0.3,44.5)	N/A (N/A,N/A)	N/A (N/A,N/A)	40.9	42.7
simadna_hd_1000.fq	4999234	4999234	4614860	 1.1	Soricidae	Neomys_fodiens	80	51	-	0	2	0.0 (0.0,84.2)	0.0 (0.0,33.6)	N/A (N/A,N/A)	N/A (N/A,N/A)	43.6	44.5
simadna_hd_1000.fq	4999234	4999234	4614860	 1.1	Soricidae	Pseudosoriculus_fumidus	111	65	-	6	9	60.0 (26.2,87.8)	0.0 (0.0,20.6)	N/A (N/A,N/A)	N/A (N/A,N/A)	39.6	40.2
simadna_hd_1000.fq	4999234	4999234	4614860	 1.1	Soricidae	Sorex_araneus	102	63	-	4	15	27.3 (6.0,61.0)	9.1 (0.2,41.3)	0.0 (0.0,97.5)	N/A (N/A,N/A)	41.9	43.1
simadna_hd_1000.fq	4999234	4999234	4614860	 1.1	Soricidae	Sorex_cylindricauda	114	77	+	8	14	35.7 (12.8,64.9)	23.1 (5.0,53.8)	0.0 (0.0,97.5)	0.0 (0.0,97.5)	41.6	40.1
simadna_hd_1000.fq	4999234	4999234	4614860	 1.1	Soricidae	Sorex_tundrensis	122	74	+	7	18	27.8 (9.7,53.5)	22.2 (2.8,60.0)	0.0 (0.0,97.5)	N/A (N/A,N/A)	42.4	43.3
simadna_hd_1000.fq	4999234	4999234	4614860	 1.1	Soricidae	Sorex_unguiculatus	57	41	-	2	5	40.0 (5.3,85.3)	0.0 (0.0,41.0)	N/A (N/A,N/A)	N/A (N/A,N/A)	41.4	45.0
simadna_hd_1000.fq	4999234	4999234	4614860	 1.1	Soricidae	Suncus_murinus	52	34	-	1	3	16.7 (0.4,64.1)	0.0 (0.0,70.8)	N/A (N/A,N/A)	N/A (N/A,N/A)	40.5	42.7
simadna_hd_1000.fq	4999234	4999234	4614860	 1.1	Spalacidae	Eospalax_fontanierii_baileyi	5	5	-	1	3	N/A (N/A,N/A)	33.3 (0.8,90.6)	N/A (N/A,N/A)	N/A (N/A,N/A)	38.6	38.3
simadna_hd_1000.fq	4999234	4999234	4614860	 1.1	Spalacidae	Eospalax_fontanierii_cansus	7	7	-	1	1	0.0 (0.0,84.2)	100.0 (2.5,100.0)	0.0 (0.0,97.5)	N/A (N/A,N/A)	39.3	40.0
simadna_hd_1000.fq	4999234	4999234	4614860	 1.1	Spalacidae	Eospalax_rothschildi	16	16	-	2	4	33.3 (0.8,90.6)	50.0 (1.3,98.7)	N/A (N/A,N/A)	N/A (N/A,N/A)	39.6	39.5
simadna_hd_1000.fq	4999234	4999234	4614860	 1.1	Spalacidae	Myospalax_aspalax	17	14	-	1	1	20.0 (0.5,71.6)	0.0 (0.0,97.5)	N/A (N/A,N/A)	N/A (N/A,N/A)	39.1	38.0
simadna_hd_1000.fq	4999234	4999234	4614860	 1.1	Spalacidae	Myospalax_psilurus	4	4	-	1	2	100.0 (2.5,100.0)	0.0 (0.0,97.5)	N/A (N/A,N/A)	0.0 (0.0,97.5)	36.8	38.0
simadna_hd_1000.fq	4999234	4999234	4614860	 1.1	Spalacidae	Nannospalax_ehrenbergi	42	32	-	1	3	12.5 (0.3,52.7)	0.0 (0.0,36.9)	N/A (N/A,N/A)	0.0 (0.0,97.5)	42.3	44.3
simadna_hd_1000.fq	4999234	4999234	4614860	 1.1	Spalacidae	Nannospalax_galili	51	39	-	3	6	11.1 (0.3,48.2)	20.0 (2.5,55.6)	N/A (N/A,N/A)	0.0 (0.0,97.5)	42.4	44.0
simadna_hd_1000.fq	4999234	4999234	4614860	 1.1	Spalacidae	Nannospalax_golani	48	37	-	1	3	12.5 (0.3,52.7)	0.0 (0.0,28.5)	N/A (N/A,N/A)	0.0 (0.0,97.5)	42.1	44.3
simadna_hd_1000.fq	4999234	4999234	4614860	 1.1	Spalacidae	Nannospalax_judaei	42	32	-	1	3	12.5 (0.3,52.7)	0.0 (0.0,36.9)	N/A (N/A,N/A)	0.0 (0.0,97.5)	42.3	44.3
simadna_hd_1000.fq	4999234	4999234	4614860	 1.1	Spalacidae	Rhizomys_pruinosus	4	4	-	0	1	0.0 (0.0,97.5)	N/A (N/A,N/A)	N/A (N/A,N/A)	N/A (N/A,N/A)	44.8	40.0
simadna_hd_1000.fq	4999234	4999234	4614860	 1.1	Spalacidae	Rhizomys_sinensis	13	12	-	0	1	0.0 (0.0,70.8)	0.0 (0.0,97.5)	N/A (N/A,N/A)	N/A (N/A,N/A)	41.5	40.0
simadna_hd_1000.fq	4999234	4999234	4614860	 1.1	Spalacidae	Spalax_carmeli	50	38	-	2	4	12.5 (0.3,52.7)	12.5 (0.3,52.7)	N/A (N/A,N/A)	0.0 (0.0,97.5)	42.8	44.0
simadna_hd_1000.fq	4999234	4999234	4614860	 1.1	Suidae	Phacochoerus_africanus	63810	12454	++	618	1480	11.4 (10.1,12.9)	17.7 (16.1,19.4)	9.9 (4.1,19.3)	16.3 (6.8,30.7)	53.3	54.1
simadna_hd_1000.fq	4999234	4999234	4614860	 1.1	Suidae	Potamochoerus_porcus	50644	10503	++	517	1250	11.6 (10.2,13.2)	17.0 (15.4,18.8)	5.7 (1.6,14.0)	10.5 (2.9,24.8)	53.2	53.8
simadna_hd_1000.fq	4999234	4999234	4614860	 1.1	Suidae	Sus_barbatus	307547	30010	++	1692	3628	13.4 (12.5,14.3)	17.0 (16.0,18.0)	13.4 (8.9,19.0)	17.1 (11.5,24.0)	59.9	63.4
simadna_hd_1000.fq	4999234	4999234	4614860	 1.1	Suidae	Sus_cebifrons	267227	28862	++	1592	3485	12.9 (12.0,13.8)	17.2 (16.2,18.2)	9.7 (6.0,14.8)	14.1 (8.7,21.1)	59.2	62.3
simadna_hd_1000.fq	4999234	4999234	4614860	 1.1	Suidae	Sus_celebensis	294153	29414	++	1673	3639	13.7 (12.9,14.7)	16.7 (15.7,17.7)	10.0 (6.3,14.9)	13.4 (8.5,19.7)	59.5	63.0
simadna_hd_1000.fq	4999234	4999234	4614860	 1.1	Suidae	Sus_scrofa	358123	31096	++	1873	3782	14.0 (13.1,14.9)	17.6 (16.6,18.6)	11.1 (7.3,15.9)	14.7 (9.7,20.9)	60.4	65.4
simadna_hd_1000.fq	4999234	4999234	4614860	 1.1	Suidae	Sus_scrofa_domesticus	362809	31219	++	1919	3851	14.3 (13.4,15.2)	17.8 (16.9,18.8)	11.6 (7.8,16.5)	15.9 (10.7,22.3)	60.5	65.5
simadna_hd_1000.fq	4999234	4999234	4614860	 1.1	Suidae	Sus_scrofa_taivanus	388845	31413	++	1982	3818	15.0 (14.2,15.9)	17.7 (16.8,18.7)	12.3 (8.3,17.3)	15.8 (10.8,22.0)	60.6	66.2
simadna_hd_1000.fq	4999234	4999234	4614860	 1.1	Suidae	Sus_verrucosus	302444	29715	++	1660	3547	13.1 (12.2,14.0)	17.0 (16.0,18.0)	12.5 (8.3,17.9)	18.0 (12.0,25.4)	59.8	63.4
simadna_hd_1000.fq	4999234	4999234	4614860	 1.1	Talpidae	Galemys_pyrenaicus	41	31	-	3	4	12.5 (0.3,52.7)	66.7 (9.4,99.2)	N/A (N/A,N/A)	N/A (N/A,N/A)	39.6	38.5
simadna_hd_1000.fq	4999234	4999234	4614860	 1.1	Talpidae	Mogera_wogura	98	51	-	3	5	12.5 (0.3,52.7)	18.2 (2.3,51.8)	0.0 (0.0,97.5)	N/A (N/A,N/A)	44.6	42.2
simadna_hd_1000.fq	4999234	4999234	4614860	 1.1	Talpidae	Scapanulus_oweni	82	52	-	4	6	20.0 (2.5,55.6)	22.2 (2.8,60.0)	0.0 (0.0,97.5)	N/A (N/A,N/A)	44.3	38.8
simadna_hd_1000.fq	4999234	4999234	4614860	 1.1	Talpidae	Talpa_europaea	102	57	-	3	6	8.3 (0.2,38.5)	16.7 (2.1,48.4)	0.0 (0.0,97.5)	N/A (N/A,N/A)	45.2	40.8
simadna_hd_1000.fq	4999234	4999234	4614860	 1.1	Talpidae	Uropsilus_soricipes	89	52	-	3	6	14.3 (0.4,57.9)	14.3 (1.8,42.8)	N/A (N/A,N/A)	N/A (N/A,N/A)	43.4	45.8
simadna_hd_1000.fq	4999234	4999234	4614860	 1.1	Talpidae	Uropsilus_sp._1_FT-2014	117	64	++	10	13	46.2 (19.2,74.9)	42.9 (17.7,71.1)	100.0 (15.8,100.0)	100.0 (15.8,100.0)	45.8	47.8
simadna_hd_1000.fq	4999234	4999234	4614860	 1.1	Talpidae	Uropsilus_sp._4_FT-2015	83	59	-	3	7	13.3 (1.7,40.5)	11.1 (0.3,48.2)	0.0 (0.0,97.5)	0.0 (0.0,97.5)	42.8	44.7
simadna_hd_1000.fq	4999234	4999234	4614860	 1.1	Talpidae	Urotrichus_talpoides	78	51	-	4	5	14.3 (0.4,57.9)	27.3 (6.0,61.0)	0.0 (0.0,84.2)	N/A (N/A,N/A)	43.4	43.0
simadna_hd_1000.fq	4999234	4999234	4614860	 1.1	Tapiridae	Tapirus_indicus	25	22	-	1	1	0.0 (0.0,45.9)	33.3 (0.8,90.6)	N/A (N/A,N/A)	N/A (N/A,N/A)	40.7	39.0
simadna_hd_1000.fq	4999234	4999234	4614860	 1.1	Tarsiidae	Carlito_syrichta	15	12	-	3	5	50.0 (11.8,88.2)	0.0 (0.0,84.2)	N/A (N/A,N/A)	N/A (N/A,N/A)	39.6	40.6
simadna_hd_1000.fq	4999234	4999234	4614860	 1.1	Tarsiidae	Cephalopachus_bancanus	57	28	-	2	5	20.0 (2.5,55.6)	0.0 (0.0,60.2)	N/A (N/A,N/A)	N/A (N/A,N/A)	42.0	40.8
simadna_hd_1000.fq	4999234	4999234	4614860	 1.1	Tarsiidae	Tarsius_dentatus	33	28	-	5	11	33.3 (7.5,70.1)	28.6 (3.7,71.0)	0.0 (0.0,84.2)	N/A (N/A,N/A)	40.1	40.5
simadna_hd_1000.fq	4999234	4999234	4614860	 1.1	Tarsiidae	Tarsius_lariang	21	20	-	1	4	50.0 (1.3,98.7)	0.0 (0.0,84.2)	N/A (N/A,N/A)	N/A (N/A,N/A)	39.0	39.5
simadna_hd_1000.fq	4999234	4999234	4614860	 1.1	Tarsiidae	Tarsius_wallacei	24	22	-	3	6	50.0 (6.8,93.2)	16.7 (0.4,64.1)	N/A (N/A,N/A)	N/A (N/A,N/A)	40.5	38.8
simadna_hd_1000.fq	4999234	4999234	4614860	 1.1	Tayassuidae	Dicotyles_tajacu	131	65	-	6	13	25.0 (5.5,57.2)	37.5 (8.5,75.5)	N/A (N/A,N/A)	N/A (N/A,N/A)	42.5	39.9
simadna_hd_1000.fq	4999234	4999234	4614860	 1.1	Tenrecidae	Echinops_telfairi	11	11	-	0	1	0.0 (0.0,84.2)	0.0 (0.0,97.5)	N/A (N/A,N/A)	N/A (N/A,N/A)	38.9	39.0
simadna_hd_1000.fq	4999234	4999234	4614860	 1.1	Thryonomyidae	Thryonomys_swinderianus	63	31	-	4	11	25.0 (3.2,65.1)	18.2 (2.3,51.8)	N/A (N/A,N/A)	0.0 (0.0,97.5)	41.4	39.6
simadna_hd_1000.fq	4999234	4999234	4614860	 1.1	Tragulidae	Hyemoschus_aquaticus	31	26	-	3	3	16.7 (0.4,64.1)	33.3 (4.3,77.7)	N/A (N/A,N/A)	N/A (N/A,N/A)	41.7	40.3
simadna_hd_1000.fq	4999234	4999234	4614860	 1.1	Tragulidae	Tragulus_kanchil	17	15	-	0	1	N/A (N/A,N/A)	0.0 (0.0,84.2)	N/A (N/A,N/A)	N/A (N/A,N/A)	41.6	38.0
simadna_hd_1000.fq	4999234	4999234	4614860	 1.1	Trichechidae	Trichechus_manatus	7	6	-	1	2	0.0 (0.0,97.5)	50.0 (1.3,98.7)	0.0 (0.0,97.5)	N/A (N/A,N/A)	37.8	40.0
simadna_hd_1000.fq	4999234	4999234	4614860	 1.1	Tupaiidae	Tupaia_belangeri	20	13	-	2	2	0.0 (0.0,84.2)	66.7 (9.4,99.2)	N/A (N/A,N/A)	N/A (N/A,N/A)	44.7	51.5
simadna_hd_1000.fq	4999234	4999234	4614860	 1.1	Ursidae	Ailuropoda_melanoleuca	105	70	+	6	15	6.7 (0.2,31.9)	27.8 (9.7,53.5)	0.0 (0.0,84.2)	N/A (N/A,N/A)	43.9	42.3
simadna_hd_1000.fq	4999234	4999234	4614860	 1.1	Ursidae	Helarctos_malayanus	168	106	-	9	23	20.8 (7.1,42.2)	16.0 (4.5,36.1)	N/A (N/A,N/A)	0.0 (0.0,97.5)	44.0	44.6
simadna_hd_1000.fq	4999234	4999234	4614860	 1.1	Ursidae	Melursus_ursinus	129	86	+	7	15	11.8 (1.5,36.4)	27.8 (9.7,53.5)	0.0 (0.0,97.5)	N/A (N/A,N/A)	43.0	42.7
simadna_hd_1000.fq	4999234	4999234	4614860	 1.1	Ursidae	Tremarctos_ornatus	146	85	-	5	12	20.0 (4.3,48.1)	25.0 (5.5,57.2)	50.0 (1.3,98.7)	100.0 (2.5,100.0)	41.2	40.0
simadna_hd_1000.fq	4999234	4999234	4614860	 1.1	Ursidae	Ursus_americanus	118	74	-	7	16	16.7 (3.6,41.4)	28.6 (8.4,58.1)	0.0 (0.0,97.5)	N/A (N/A,N/A)	42.9	44.9
simadna_hd_1000.fq	4999234	4999234	4614860	 1.1	Ursidae	Ursus_arctos	120	89	-	4	10	5.9 (0.1,28.7)	21.4 (4.7,50.8)	0.0 (0.0,97.5)	N/A (N/A,N/A)	42.8	43.0
simadna_hd_1000.fq	4999234	4999234	4614860	 1.1	Ursidae	Ursus_maritimus	149	92	-	5	10	6.7 (0.2,31.9)	28.6 (8.4,58.1)	0.0 (0.0,97.5)	N/A (N/A,N/A)	43.2	43.4
simadna_hd_1000.fq	4999234	4999234	4614860	 1.1	Ursidae	Ursus_spelaeus	93	73	+	9	14	11.1 (1.4,34.7)	53.8 (25.1,80.8)	0.0 (0.0,84.2)	N/A (N/A,N/A)	42.8	44.0
simadna_hd_1000.fq	4999234	4999234	4614860	 1.1	Ursidae	Ursus_thibetanus	149	97	-	6	17	13.3 (1.7,40.5)	16.7 (4.7,37.4)	N/A (N/A,N/A)	N/A (N/A,N/A)	43.3	45.3
simadna_hd_1000.fq	4999234	4999234	4614860	 1.1	Ursidae	Ursus_thibetanus_formosanus	132	82	-	4	13	7.7 (0.2,36.0)	17.6 (3.8,43.4)	0.0 (0.0,97.5)	N/A (N/A,N/A)	42.6	45.5
simadna_hd_1000.fq	4999234	4999234	4614860	 1.1	Ursidae	Ursus_thibetanus_mupinensis	124	79	-	4	13	8.3 (0.2,38.5)	15.8 (3.4,39.6)	N/A (N/A,N/A)	N/A (N/A,N/A)	43.1	46.3
simadna_hd_1000.fq	4999234	4999234	4614860	 1.1	Ursidae	Ursus_thibetanus_thibetanus	127	86	-	6	14	16.7 (2.1,48.4)	19.0 (5.4,41.9)	0.0 (0.0,97.5)	N/A (N/A,N/A)	43.0	44.4
simadna_hd_1000.fq	4999234	4999234	4614860	 1.1	Ursidae	Ursus_thibetanus_ussuricus	129	85	-	7	16	21.4 (4.7,50.8)	20.0 (5.7,43.7)	N/A (N/A,N/A)	N/A (N/A,N/A)	43.2	44.8
simadna_hd_1000.fq	4999234	4999234	4614860	 1.1	Vespertilionidae	Chalinolobus_tuberculatus	45	41	-	2	9	0.0 (0.0,60.2)	18.2 (2.3,51.8)	N/A (N/A,N/A)	N/A (N/A,N/A)	38.9	36.8
simadna_hd_1000.fq	4999234	4999234	4614860	 1.1	Vespertilionidae	Corynorhinus_rafinesquii	56	43	-	1	4	0.0 (0.0,84.2)	14.3 (0.4,57.9)	N/A (N/A,N/A)	N/A (N/A,N/A)	40.1	36.2
simadna_hd_1000.fq	4999234	4999234	4614860	 1.1	Vespertilionidae	Lasiurus_borealis	42	37	-	2	6	28.6 (3.7,71.0)	0.0 (0.0,97.5)	N/A (N/A,N/A)	N/A (N/A,N/A)	39.4	37.0
simadna_hd_1000.fq	4999234	4999234	4614860	 1.1	Vespertilionidae	Murina_leucogaster	61	44	+	6	9	22.2 (2.8,60.0)	44.4 (13.7,78.8)	0.0 (0.0,97.5)	0.0 (0.0,97.5)	39.7	39.8
simadna_hd_1000.fq	4999234	4999234	4614860	 1.1	Vespertilionidae	Murina_ussuriensis	133	66	-	4	8	28.6 (3.7,71.0)	28.6 (3.7,71.0)	N/A (N/A,N/A)	0.0 (0.0,97.5)	38.6	39.0
simadna_hd_1000.fq	4999234	4999234	4614860	 1.1	Vespertilionidae	Myotis_brandtii	111	48	-	3	10	28.6 (3.7,71.0)	11.1 (0.3,48.2)	N/A (N/A,N/A)	N/A (N/A,N/A)	42.8	41.5
simadna_hd_1000.fq	4999234	4999234	4614860	 1.1	Vespertilionidae	Myotis_davidii	73	60	-	4	9	11.1 (0.3,48.2)	21.4 (4.7,50.8)	N/A (N/A,N/A)	N/A (N/A,N/A)	40.2	37.2
simadna_hd_1000.fq	4999234	4999234	4614860	 1.1	Vespertilionidae	Myotis_formosus	99	69	-	2	8	0.0 (0.0,33.6)	16.7 (2.1,48.4)	0.0 (0.0,97.5)	N/A (N/A,N/A)	40.9	39.5
simadna_hd_1000.fq	4999234	4999234	4614860	 1.1	Vespertilionidae	Myotis_ikonnikovi	97	78	+	7	20	16.7 (2.1,48.4)	29.4 (10.3,56.0)	0.0 (0.0,84.2)	N/A (N/A,N/A)	40.3	39.6
simadna_hd_1000.fq	4999234	4999234	4614860	 1.1	Vespertilionidae	Myotis_macrodactylus	74	53	-	4	12	14.3 (0.4,57.9)	25.0 (5.5,57.2)	0.0 (0.0,97.5)	0.0 (0.0,97.5)	41.0	39.0
simadna_hd_1000.fq	4999234	4999234	4614860	 1.1	Vespertilionidae	Nyctalus_noctula	42	38	-	2	5	20.0 (0.5,71.6)	16.7 (0.4,64.1)	0.0 (0.0,97.5)	N/A (N/A,N/A)	38.6	37.0
simadna_hd_1000.fq	4999234	4999234	4614860	 1.1	Vespertilionidae	Pipistrellus_abramus	40	32	-	3	8	25.0 (0.6,80.6)	28.6 (3.7,71.0)	N/A (N/A,N/A)	N/A (N/A,N/A)	39.6	37.0
simadna_hd_1000.fq	4999234	4999234	4614860	 1.1	Vespertilionidae	Plecotus_auritus	45	37	-	3	8	28.6 (3.7,71.0)	20.0 (0.5,71.6)	N/A (N/A,N/A)	N/A (N/A,N/A)	39.8	40.8
simadna_hd_1000.fq	4999234	4999234	4614860	 1.1	Vespertilionidae	Plecotus_macrobullaris	30	28	-	1	3	14.3 (0.4,57.9)	0.0 (0.0,60.2)	N/A (N/A,N/A)	N/A (N/A,N/A)	38.6	35.0
simadna_hd_1000.fq	4999234	4999234	4614860	 1.1	Vespertilionidae	Vespertilio_sinensis	20	18	-	0	4	0.0 (0.0,60.2)	0.0 (0.0,60.2)	N/A (N/A,N/A)	N/A (N/A,N/A)	39.1	38.8
simadna_hd_1000.fq	4999234	4999234	4614860	 1.1	Viverridae	Genetta_servalina	263	169	++	22	35	25.7 (12.5,43.3)	35.9 (21.2,52.8)	33.3 (0.8,90.6)	100.0 (2.5,100.0)	44.9	42.8
simadna_hd_1000.fq	4999234	4999234	4614860	 1.1	Viverridae	Prionodon_pardicolor	230	134	+	9	19	9.4 (2.0,25.0)	26.9 (11.6,47.8)	50.0 (1.3,98.7)	100.0 (2.5,100.0)	44.5	42.4
simadna_hd_1000.fq	4999234	4999234	4614860	 1.1	Viverridae	Viverricula_indica	381	234	+	24	54	18.9 (9.4,32.0)	29.8 (17.3,44.9)	0.0 (0.0,52.2)	0.0 (0.0,97.5)	44.8	43.6
simadna_hd_1000.fq	4999234	4999234	4614860	 1.1	Ziphiidae	Berardius_bairdii	36	33	-	3	7	0.0 (0.0,41.0)	37.5 (8.5,75.5)	N/A (N/A,N/A)	N/A (N/A,N/A)	39.8	38.6
simadna_hd_1000.fq	4999234	4999234	4614860	 1.1	Ziphiidae	Hyperoodon_ampullatus	81	63	+	7	12	12.5 (1.6,38.3)	35.3 (14.2,61.7)	50.0 (1.3,98.7)	100.0 (2.5,100.0)	41.3	42.4
simadna_hd_1000.fq	4999234	4999234	4614860	 1.1	Ziphiidae	Mesoplodon_densirostris	40	33	+	5	11	14.3 (0.4,57.9)	55.6 (21.2,86.3)	100.0 (2.5,100.0)	100.0 (2.5,100.0)	42.1	42.9
simadna_hd_1000.fq	4999234	4999234	4614860	 1.1	Ziphiidae	Mesoplodon_europaeus	53	49	-	2	11	9.1 (0.2,41.3)	18.2 (2.3,51.8)	100.0 (2.5,100.0)	100.0 (2.5,100.0)	40.4	40.8
simadna_hd_1000.fq	4999234	4999234	4614860	 1.1	Ziphiidae	Mesoplodon_ginkgodens	43	40	+	4	8	11.1 (0.3,48.2)	40.0 (12.2,73.8)	100.0 (2.5,100.0)	100.0 (2.5,100.0)	39.9	39.8
simadna_hd_1000.fq	4999234	4999234	4614860	 1.1	Ziphiidae	Mesoplodon_grayi	62	52	+	7	12	21.4 (4.7,50.8)	38.5 (13.9,68.4)	50.0 (1.3,98.7)	100.0 (2.5,100.0)	41.2	38.2
simadna_hd_1000.fq	4999234	4999234	4614860	 1.1	Ziphiidae	Ziphius_cavirostris	78	48	+	7	13	21.4 (4.7,50.8)	29.4 (10.3,56.0)	50.0 (1.3,98.7)	50.0 (1.3,98.7)	41.7	42.5
simadna_md_1000.fq	4999212	4999212	3416403	 1.5	Ailuridae	Ailurus_fulgens	22	19	-	2	2	66.7 (9.4,99.2)	0.0 (0.0,45.9)	N/A (N/A,N/A)	N/A (N/A,N/A)	43.8	43.0
simadna_md_1000.fq	4999212	4999212	3416403	 1.5	Ailuridae	Ailurus_styani	25	22	-	2	2	66.7 (9.4,99.2)	0.0 (0.0,45.9)	N/A (N/A,N/A)	N/A (N/A,N/A)	43.8	43.0
simadna_md_1000.fq	4999212	4999212	3416403	 1.5	Anomaluridae	Anomalurus_sp._GP-2005	3	3	-	0	1	N/A (N/A,N/A)	N/A (N/A,N/A)	N/A (N/A,N/A)	N/A (N/A,N/A)	43.0	35.0
simadna_md_1000.fq	4999212	4999212	3416403	 1.5	Antilocapridae	Antilocapra_americana	16	15	-	3	5	42.9 (9.9,81.6)	0.0 (0.0,97.5)	N/A (N/A,N/A)	0.0 (0.0,97.5)	39.7	36.4
simadna_md_1000.fq	4999212	4999212	3416403	 1.5	Aotidae	Aotus_azarai	4	3	-	1	1	100.0 (2.5,100.0)	0.0 (0.0,97.5)	N/A (N/A,N/A)	0.0 (0.0,97.5)	38.0	36.0
simadna_md_1000.fq	4999212	4999212	3416403	 1.5	Aotidae	Aotus_azarai_azarai	4	3	-	1	1	100.0 (2.5,100.0)	0.0 (0.0,97.5)	N/A (N/A,N/A)	0.0 (0.0,97.5)	38.0	36.0
simadna_md_1000.fq	4999212	4999212	3416403	 1.5	Aotidae	Aotus_lemurinus	1	1	-	0	0	N/A (N/A,N/A)	N/A (N/A,N/A)	N/A (N/A,N/A)	N/A (N/A,N/A)	40.0	N/A
simadna_md_1000.fq	4999212	4999212	3416403	 1.5	Aotidae	Aotus_nancymaae	3	2	-	1	1	100.0 (2.5,100.0)	0.0 (0.0,97.5)	N/A (N/A,N/A)	0.0 (0.0,97.5)	37.0	36.0
simadna_md_1000.fq	4999212	4999212	3416403	 1.5	Atelidae	Alouatta_seniculus	16	13	-	1	1	0.0 (0.0,70.8)	25.0 (0.6,80.6)	0.0 (0.0,97.5)	N/A (N/A,N/A)	39.8	44.0
simadna_md_1000.fq	4999212	4999212	3416403	 1.5	Atelidae	Ateles_belzebuth	8	8	-	0	0	0.0 (0.0,97.5)	0.0 (0.0,84.2)	N/A (N/A,N/A)	N/A (N/A,N/A)	39.6	N/A
simadna_md_1000.fq	4999212	4999212	3416403	 1.5	Atelidae	Lagothrix_lagotricha	9	9	-	0	0	0.0 (0.0,97.5)	0.0 (0.0,70.8)	N/A (N/A,N/A)	N/A (N/A,N/A)	39.2	N/A
simadna_md_1000.fq	4999212	4999212	3416403	 1.5	Balaenidae	Balaena_mysticetus	7	6	-	1	1	33.3 (0.8,90.6)	0.0 (0.0,97.5)	N/A (N/A,N/A)	0.0 (0.0,97.5)	39.5	38.0
simadna_md_1000.fq	4999212	4999212	3416403	 1.5	Balaenidae	Eubalaena_australis	6	6	-	0	0	0.0 (0.0,97.5)	0.0 (0.0,84.2)	N/A (N/A,N/A)	N/A (N/A,N/A)	38.8	N/A
simadna_md_1000.fq	4999212	4999212	3416403	 1.5	Balaenidae	Eubalaena_japonica	6	6	-	1	1	50.0 (1.3,98.7)	0.0 (0.0,70.8)	N/A (N/A,N/A)	0.0 (0.0,97.5)	38.8	38.0
simadna_md_1000.fq	4999212	4999212	3416403	 1.5	Balaenopteridae	Balaenoptera_acutorostrata	5	5	-	0	1	0.0 (0.0,84.2)	0.0 (0.0,97.5)	N/A (N/A,N/A)	N/A (N/A,N/A)	40.8	44.0
simadna_md_1000.fq	4999212	4999212	3416403	 1.5	Balaenopteridae	Balaenoptera_bonaerensis	9	8	-	0	1	0.0 (0.0,84.2)	0.0 (0.0,97.5)	N/A (N/A,N/A)	N/A (N/A,N/A)	41.9	44.0
simadna_md_1000.fq	4999212	4999212	3416403	 1.5	Balaenopteridae	Balaenoptera_borealis	10	9	-	0	0	0.0 (0.0,84.2)	0.0 (0.0,84.2)	N/A (N/A,N/A)	N/A (N/A,N/A)	39.2	N/A
simadna_md_1000.fq	4999212	4999212	3416403	 1.5	Balaenopteridae	Balaenoptera_brydei	8	7	-	0	0	0.0 (0.0,70.8)	0.0 (0.0,70.8)	N/A (N/A,N/A)	N/A (N/A,N/A)	39.7	N/A
simadna_md_1000.fq	4999212	4999212	3416403	 1.5	Balaenopteridae	Balaenoptera_edeni	9	8	-	0	0	0.0 (0.0,60.2)	0.0 (0.0,70.8)	N/A (N/A,N/A)	N/A (N/A,N/A)	39.5	N/A
simadna_md_1000.fq	4999212	4999212	3416403	 1.5	Balaenopteridae	Balaenoptera_musculus	6	5	-	0	0	0.0 (0.0,84.2)	0.0 (0.0,70.8)	N/A (N/A,N/A)	N/A (N/A,N/A)	37.6	N/A
simadna_md_1000.fq	4999212	4999212	3416403	 1.5	Balaenopteridae	Balaenoptera_omurai	20	18	-	0	2	0.0 (0.0,60.2)	0.0 (0.0,84.2)	N/A (N/A,N/A)	N/A (N/A,N/A)	43.0	46.5
simadna_md_1000.fq	4999212	4999212	3416403	 1.5	Balaenopteridae	Balaenoptera_physalus	6	6	-	0	0	0.0 (0.0,84.2)	0.0 (0.0,97.5)	N/A (N/A,N/A)	N/A (N/A,N/A)	41.0	N/A
simadna_md_1000.fq	4999212	4999212	3416403	 1.5	Balaenopteridae	Megaptera_novaeangliae	6	6	-	0	0	0.0 (0.0,70.8)	0.0 (0.0,97.5)	N/A (N/A,N/A)	N/A (N/A,N/A)	41.2	N/A
simadna_md_1000.fq	4999212	4999212	3416403	 1.5	Bathyergidae	Fukomys_damarensis	4	4	-	0	1	0.0 (0.0,97.5)	0.0 (0.0,84.2)	N/A (N/A,N/A)	N/A (N/A,N/A)	36.0	37.0
simadna_md_1000.fq	4999212	4999212	3416403	 1.5	Bathyergidae	Heterocephalus_glaber	5	5	-	0	1	0.0 (0.0,97.5)	0.0 (0.0,97.5)	N/A (N/A,N/A)	N/A (N/A,N/A)	36.6	37.0
simadna_md_1000.fq	4999212	4999212	3416403	 1.5	Bovidae	Addax_nasomaculatus	28692	4169	-	86	252	5.2 (3.8,7.0)	5.8 (4.3,7.6)	12.5 (0.3,52.7)	14.3 (0.4,57.9)	51.1	52.9
simadna_md_1000.fq	4999212	4999212	3416403	 1.5	Bovidae	Aepyceros_melampus	29652	4097	-	98	271	7.4 (5.6,9.6)	5.4 (4.0,7.1)	16.7 (0.4,64.1)	8.3 (0.2,38.5)	53.1	54.2
simadna_md_1000.fq	4999212	4999212	3416403	 1.5	Bovidae	Alcelaphus_buselaphus	31225	4259	-	115	288	7.3 (5.6,9.3)	6.4 (4.9,8.1)	10.0 (0.3,44.5)	7.7 (0.2,36.0)	50.9	52.1
simadna_md_1000.fq	4999212	4999212	3416403	 1.5	Bovidae	Ammotragus_lervia	28366	3884	-	80	238	3.9 (2.7,5.6)	6.0 (4.5,7.8)	20.0 (0.5,71.6)	14.3 (0.4,57.9)	50.8	52.5
simadna_md_1000.fq	4999212	4999212	3416403	 1.5	Bovidae	Antidorcas_marsupialis	21977	3465	-	68	204	4.6 (3.0,6.5)	5.9 (4.2,7.9)	0.0 (0.0,36.9)	0.0 (0.0,97.5)	50.2	53.4
simadna_md_1000.fq	4999212	4999212	3416403	 1.5	Bovidae	Antilope_cervicapra	26595	3899	-	88	222	5.9 (4.3,7.9)	5.6 (4.1,7.5)	0.0 (0.0,36.9)	0.0 (0.0,41.0)	51.7	51.5
simadna_md_1000.fq	4999212	4999212	3416403	 1.5	Bovidae	Arabitragus_jayakari	28380	3859	-	86	233	4.5 (3.1,6.3)	6.7 (5.1,8.6)	0.0 (0.0,33.6)	0.0 (0.0,33.6)	50.1	51.6
simadna_md_1000.fq	4999212	4999212	3416403	 1.5	Bovidae	Beatragus_hunteri	29984	4169	-	112	322	6.7 (5.0,8.8)	7.0 (5.4,8.8)	9.1 (0.2,41.3)	11.1 (0.3,48.2)	50.9	52.2
simadna_md_1000.fq	4999212	4999212	3416403	 1.5	Bovidae	Bison_bison	374816	22372	-	583	1366	5.7 (5.0,6.4)	6.7 (6.0,7.5)	5.8 (1.6,14.2)	4.9 (1.3,12.0)	60.1	59.8
simadna_md_1000.fq	4999212	4999212	3416403	 1.5	Bovidae	Bison_bonasus	438115	24210	-	652	1509	5.9 (5.2,6.5)	6.7 (6.0,7.4)	3.7 (0.8,10.3)	3.7 (0.8,10.3)	60.2	59.9
simadna_md_1000.fq	4999212	4999212	3416403	 1.5	Bovidae	Bison_priscus	381318	22408	-	593	1414	5.7 (5.0,6.4)	6.9 (6.2,7.6)	7.1 (2.4,15.9)	6.7 (2.2,14.9)	60.0	59.0
simadna_md_1000.fq	4999212	4999212	3416403	 1.5	Bovidae	Bos_gaurus	331334	21383	-	583	1428	6.9 (6.1,7.6)	6.2 (5.6,7.0)	4.5 (0.6,15.5)	2.4 (0.3,8.3)	59.6	58.8
simadna_md_1000.fq	4999212	4999212	3416403	 1.5	Bovidae	Bos_grunniens	345672	21738	-	567	1336	5.7 (5.0,6.4)	6.8 (6.1,7.6)	4.8 (1.0,13.3)	4.2 (0.9,11.7)	59.9	59.8
simadna_md_1000.fq	4999212	4999212	3416403	 1.5	Bovidae	Bos_indicus	753069	30335	-	877	1447	6.7 (6.1,7.3)	5.7 (5.2,6.3)	8.8 (3.6,17.2)	5.0 (2.0,10.0)	61.2	61.3
simadna_md_1000.fq	4999212	4999212	3416403	 1.5	Bovidae	Bos_javanicus	797285	30942	-	866	1153	6.7 (6.2,7.3)	5.0 (4.5,5.6)	6.5 (2.1,14.5)	3.8 (1.3,8.7)	60.7	59.3
simadna_md_1000.fq	4999212	4999212	3416403	 1.5	Bovidae	Bos_mutus	365083	22048	-	568	1321	5.8 (5.1,6.5)	6.5 (5.8,7.2)	5.0 (1.0,13.9)	4.1 (0.8,11.4)	59.9	59.7
simadna_md_1000.fq	4999212	4999212	3416403	 1.5	Bovidae	Bos_primigenius	790823	30904	-	875	1243	6.8 (6.2,7.4)	5.1 (4.6,5.7)	6.8 (2.2,15.1)	3.6 (1.2,8.2)	60.8	59.5
simadna_md_1000.fq	4999212	4999212	3416403	 1.5	Bovidae	Bos_taurus	796643	30941	-	864	1160	6.7 (6.1,7.2)	5.1 (4.6,5.6)	5.2 (1.4,12.8)	3.1 (0.9,7.7)	60.7	59.4
simadna_md_1000.fq	4999212	4999212	3416403	 1.5	Bovidae	Boselaphus_tragocamelus	44022	5463	-	128	409	4.9 (3.6,6.5)	7.4 (6.0,9.1)	6.7 (0.2,31.9)	10.0 (0.3,44.5)	53.6	54.4
simadna_md_1000.fq	4999212	4999212	3416403	 1.5	Bovidae	Bubalus_depressicornis	58307	6728	-	165	473	4.8 (3.6,6.1)	7.6 (6.3,9.1)	0.0 (0.0,16.1)	0.0 (0.0,23.2)	53.5	54.4
simadna_md_1000.fq	4999212	4999212	3416403	 1.5	Bovidae	Bubalus_kerabau	55373	6270	-	172	487	6.8 (5.4,8.4)	7.1 (5.8,8.6)	0.0 (0.0,16.8)	0.0 (0.0,17.6)	52.7	53.8
simadna_md_1000.fq	4999212	4999212	3416403	 1.5	Bovidae	Budorcas_taxicolor	25464	3692	-	89	238	5.9 (4.3,8.0)	6.2 (4.6,8.1)	0.0 (0.0,41.0)	0.0 (0.0,52.2)	50.4	52.9
simadna_md_1000.fq	4999212	4999212	3416403	 1.5	Bovidae	Capra_aegagrus	29379	4100	-	67	197	3.0 (1.9,4.5)	5.2 (3.8,6.9)	0.0 (0.0,45.9)	0.0 (0.0,60.2)	51.5	52.3
simadna_md_1000.fq	4999212	4999212	3416403	 1.5	Bovidae	Capra_caucasica	25877	3929	-	108	273	4.9 (3.4,6.8)	9.0 (7.1,11.2)	0.0 (0.0,28.5)	0.0 (0.0,41.0)	49.5	48.6
simadna_md_1000.fq	4999212	4999212	3416403	 1.5	Bovidae	Capra_falconeri	28164	4004	-	80	246	4.8 (3.4,6.6)	5.0 (3.6,6.6)	0.0 (0.0,45.9)	0.0 (0.0,26.5)	50.4	50.9
simadna_md_1000.fq	4999212	4999212	3416403	 1.5	Bovidae	Capra_hircus	28451	4076	-	76	206	3.4 (2.3,5.0)	6.0 (4.5,7.9)	0.0 (0.0,45.9)	0.0 (0.0,84.2)	50.2	52.0
simadna_md_1000.fq	4999212	4999212	3416403	 1.5	Bovidae	Capra_ibex	28241	3968	-	79	239	3.9 (2.6,5.6)	6.6 (5.0,8.6)	0.0 (0.0,45.9)	0.0 (0.0,45.9)	49.5	51.1
simadna_md_1000.fq	4999212	4999212	3416403	 1.5	Bovidae	Capra_nubiana	31176	4035	-	83	221	3.6 (2.4,5.2)	6.7 (5.1,8.7)	0.0 (0.0,41.0)	0.0 (0.0,60.2)	49.8	52.6
simadna_md_1000.fq	4999212	4999212	3416403	 1.5	Bovidae	Capra_pyrenaica	32596	4259	-	86	271	3.9 (2.6,5.5)	6.7 (5.1,8.6)	0.0 (0.0,36.9)	0.0 (0.0,41.0)	50.4	51.4
simadna_md_1000.fq	4999212	4999212	3416403	 1.5	Bovidae	Capra_sibirica	34787	4586	-	94	280	4.0 (2.8,5.6)	6.6 (5.1,8.4)	0.0 (0.0,28.5)	0.0 (0.0,52.2)	50.5	52.8
simadna_md_1000.fq	4999212	4999212	3416403	 1.5	Bovidae	Capricornis_crispus	26160	3559	-	86	289	5.3 (3.7,7.2)	6.6 (4.9,8.7)	0.0 (0.0,33.6)	0.0 (0.0,41.0)	50.3	52.6
simadna_md_1000.fq	4999212	4999212	3416403	 1.5	Bovidae	Capricornis_milneedwardsii	23996	3522	-	109	307	6.1 (4.5,8.2)	9.6 (7.5,12.0)	0.0 (0.0,28.5)	0.0 (0.0,45.9)	50.1	52.0
simadna_md_1000.fq	4999212	4999212	3416403	 1.5	Bovidae	Capricornis_sumatraensis	21438	3265	-	89	265	4.9 (3.4,6.9)	9.1 (7.0,11.6)	0.0 (0.0,30.8)	0.0 (0.0,60.2)	49.8	52.4
simadna_md_1000.fq	4999212	4999212	3416403	 1.5	Bovidae	Capricornis_swinhoei	19820	3106	-	69	223	4.8 (3.2,7.0)	6.8 (5.0,9.1)	0.0 (0.0,52.2)	0.0 (0.0,41.0)	48.4	47.6
simadna_md_1000.fq	4999212	4999212	3416403	 1.5	Bovidae	Cephalophorus_callipygus	31199	4132	-	116	324	6.2 (4.6,8.2)	8.6 (6.7,10.7)	9.1 (0.2,41.3)	16.7 (0.4,64.1)	52.0	53.9
simadna_md_1000.fq	4999212	4999212	3416403	 1.5	Bovidae	Cephalophorus_leucogaster	30943	4305	-	109	303	5.1 (3.7,6.9)	7.7 (6.1,9.7)	8.3 (0.2,38.5)	9.1 (0.2,41.3)	51.2	51.5
simadna_md_1000.fq	4999212	4999212	3416403	 1.5	Bovidae	Cephalophorus_natalensis	28141	4247	-	91	284	5.7 (4.1,7.5)	5.4 (4.0,7.2)	0.0 (0.0,52.2)	0.0 (0.0,28.5)	51.9	52.2
simadna_md_1000.fq	4999212	4999212	3416403	 1.5	Bovidae	Cephalophorus_nigrifrons	27184	4108	-	89	270	5.6 (4.1,7.6)	5.6 (4.2,7.4)	0.0 (0.0,36.9)	0.0 (0.0,26.5)	51.7	52.5
simadna_md_1000.fq	4999212	4999212	3416403	 1.5	Bovidae	Cephalophorus_ogilbyi	27325	3885	-	104	289	5.7 (4.2,7.6)	7.9 (6.1,10.0)	7.7 (0.2,36.0)	14.3 (0.4,57.9)	51.8	53.0
simadna_md_1000.fq	4999212	4999212	3416403	 1.5	Bovidae	Cephalophorus_rufilatus	28533	4162	-	86	258	5.1 (3.6,6.9)	5.8 (4.3,7.6)	0.0 (0.0,41.0)	0.0 (0.0,36.9)	51.6	52.4
simadna_md_1000.fq	4999212	4999212	3416403	 1.5	Bovidae	Cephalophus_dorsalis	27078	4058	-	104	294	3.9 (2.7,5.6)	8.5 (6.7,10.5)	0.0 (0.0,24.7)	0.0 (0.0,41.0)	50.2	49.9
simadna_md_1000.fq	4999212	4999212	3416403	 1.5	Bovidae	Cephalophus_jentinki	24882	3785	-	107	284	6.1 (4.5,8.2)	8.6 (6.7,10.8)	0.0 (0.0,28.5)	0.0 (0.0,30.8)	48.9	48.6
simadna_md_1000.fq	4999212	4999212	3416403	 1.5	Bovidae	Cephalophus_silvicultor	29089	4272	-	117	310	4.6 (3.3,6.3)	9.2 (7.3,11.2)	0.0 (0.0,41.0)	0.0 (0.0,33.6)	50.3	50.9
simadna_md_1000.fq	4999212	4999212	3416403	 1.5	Bovidae	Cephalophus_spadix	28877	4013	-	127	315	7.2 (5.4,9.4)	9.4 (7.5,11.6)	0.0 (0.0,28.5)	0.0 (0.0,33.6)	50.5	50.4
simadna_md_1000.fq	4999212	4999212	3416403	 1.5	Bovidae	Connochaetes_gnou	29333	4357	-	89	289	4.5 (3.2,6.1)	5.7 (4.3,7.4)	0.0 (0.0,41.0)	0.0 (0.0,41.0)	49.9	50.5
simadna_md_1000.fq	4999212	4999212	3416403	 1.5	Bovidae	Connochaetes_taurinus	29538	4479	-	107	333	6.0 (4.5,7.8)	5.9 (4.5,7.6)	0.0 (0.0,30.8)	0.0 (0.0,26.5)	50.8	50.4
simadna_md_1000.fq	4999212	4999212	3416403	 1.5	Bovidae	Damaliscus_lunatus	24481	3653	-	86	264	6.0 (4.4,8.0)	5.6 (4.1,7.4)	0.0 (0.0,41.0)	0.0 (0.0,28.5)	49.1	49.0
simadna_md_1000.fq	4999212	4999212	3416403	 1.5	Bovidae	Damaliscus_pygargus	24882	3557	-	83	293	4.6 (3.1,6.5)	7.7 (5.8,9.9)	12.5 (0.3,52.7)	20.0 (0.5,71.6)	50.8	50.7
simadna_md_1000.fq	4999212	4999212	3416403	 1.5	Bovidae	Dorcatragus_megalotis	31913	4031	-	70	209	4.3 (2.9,6.1)	4.9 (3.5,6.6)	11.1 (0.3,48.2)	16.7 (0.4,64.1)	51.5	53.2
simadna_md_1000.fq	4999212	4999212	3416403	 1.5	Bovidae	Eudorcas_rufifrons	24805	3644	-	85	210	5.8 (4.1,8.0)	6.4 (4.8,8.4)	0.0 (0.0,28.5)	0.0 (0.0,45.9)	50.5	50.9
simadna_md_1000.fq	4999212	4999212	3416403	 1.5	Bovidae	Gazella_bennettii	31562	4189	-	92	276	4.3 (3.0,6.1)	7.1 (5.5,9.1)	0.0 (0.0,28.5)	0.0 (0.0,30.8)	52.7	53.1
simadna_md_1000.fq	4999212	4999212	3416403	 1.5	Bovidae	Gazella_cuvieri	23300	3797	-	78	241	4.2 (2.8,6.0)	6.6 (4.9,8.6)	0.0 (0.0,21.8)	0.0 (0.0,45.9)	51.0	53.0
simadna_md_1000.fq	4999212	4999212	3416403	 1.5	Bovidae	Gazella_dorcas	30009	4188	-	90	277	5.2 (3.7,7.0)	6.3 (4.8,8.2)	9.1 (0.2,41.3)	11.1 (0.3,48.2)	52.5	53.9
simadna_md_1000.fq	4999212	4999212	3416403	 1.5	Bovidae	Gazella_erlangeri	29793	4207	-	88	271	5.8 (4.3,7.7)	5.1 (3.7,6.8)	0.0 (0.0,45.9)	0.0 (0.0,33.6)	52.3	53.7
simadna_md_1000.fq	4999212	4999212	3416403	 1.5	Bovidae	Gazella_gazella	31051	4362	-	91	286	5.4 (3.9,7.3)	5.6 (4.2,7.3)	0.0 (0.0,33.6)	0.0 (0.0,41.0)	52.6	54.5
simadna_md_1000.fq	4999212	4999212	3416403	 1.5	Bovidae	Gazella_leptoceros	24022	3866	-	82	247	4.1 (2.7,5.8)	6.9 (5.2,8.9)	0.0 (0.0,23.2)	0.0 (0.0,52.2)	51.3	53.5
simadna_md_1000.fq	4999212	4999212	3416403	 1.5	Bovidae	Gazella_spekei	30364	4122	-	78	234	4.2 (2.9,5.9)	5.6 (4.1,7.4)	0.0 (0.0,33.6)	0.0 (0.0,60.2)	52.1	53.8
simadna_md_1000.fq	4999212	4999212	3416403	 1.5	Bovidae	Gazella_subgutturosa	31751	4382	-	99	257	4.6 (3.2,6.3)	7.1 (5.5,8.9)	0.0 (0.0,30.8)	0.0 (0.0,41.0)	52.2	52.4
simadna_md_1000.fq	4999212	4999212	3416403	 1.5	Bovidae	Hemitragus_jemlahicus	33428	4392	-	99	257	4.3 (3.0,6.0)	6.7 (5.2,8.4)	0.0 (0.0,36.9)	0.0 (0.0,60.2)	49.6	49.1
simadna_md_1000.fq	4999212	4999212	3416403	 1.5	Bovidae	Hippotragus_equinus	33930	4554	-	91	266	3.8 (2.6,5.3)	6.2 (4.7,7.9)	0.0 (0.0,36.9)	0.0 (0.0,45.9)	52.0	51.4
simadna_md_1000.fq	4999212	4999212	3416403	 1.5	Bovidae	Hippotragus_niger	34897	4228	-	97	302	5.0 (3.6,6.7)	6.7 (5.1,8.6)	11.1 (0.3,48.2)	11.1 (0.3,48.2)	51.3	50.4
simadna_md_1000.fq	4999212	4999212	3416403	 1.5	Bovidae	Kobus_ellipsiprymnus	26512	3855	-	97	275	5.5 (3.9,7.4)	7.0 (5.4,8.9)	11.1 (0.3,48.2)	12.5 (0.3,52.7)	50.9	51.8
simadna_md_1000.fq	4999212	4999212	3416403	 1.5	Bovidae	Kobus_leche	33956	4693	-	106	289	5.7 (4.3,7.4)	5.5 (4.1,7.1)	16.7 (0.4,64.1)	9.1 (0.2,41.3)	50.8	51.9
simadna_md_1000.fq	4999212	4999212	3416403	 1.5	Bovidae	Leucocephalophus_adersi	34418	4676	-	93	275	5.6 (4.2,7.4)	4.8 (3.5,6.3)	14.3 (0.4,57.9)	9.1 (0.2,41.3)	52.3	54.1
simadna_md_1000.fq	4999212	4999212	3416403	 1.5	Bovidae	Litocranius_walleri	32612	4167	-	98	224	7.1 (5.4,9.2)	5.6 (4.1,7.4)	0.0 (0.0,36.9)	0.0 (0.0,45.9)	50.8	52.2
simadna_md_1000.fq	4999212	4999212	3416403	 1.5	Bovidae	Madoqua_kirkii	19338	3070	-	70	221	5.6 (3.8,8.0)	6.4 (4.7,8.6)	0.0 (0.0,30.8)	0.0 (0.0,52.2)	49.6	50.3
simadna_md_1000.fq	4999212	4999212	3416403	 1.5	Bovidae	Madoqua_saltiana	23106	3367	-	73	201	4.5 (3.0,6.5)	6.7 (4.9,8.8)	14.3 (0.4,57.9)	16.7 (0.4,64.1)	50.1	51.6
simadna_md_1000.fq	4999212	4999212	3416403	 1.5	Bovidae	Naemorhedus_baileyi	28036	3624	-	65	224	4.0 (2.7,5.7)	5.2 (3.7,7.2)	0.0 (0.0,60.2)	0.0 (0.0,70.8)	49.3	48.8
simadna_md_1000.fq	4999212	4999212	3416403	 1.5	Bovidae	Naemorhedus_caudatus	23170	3503	-	68	194	3.9 (2.5,5.9)	6.6 (4.9,8.8)	0.0 (0.0,36.9)	0.0 (0.0,70.8)	48.2	49.2
simadna_md_1000.fq	4999212	4999212	3416403	 1.5	Bovidae	Naemorhedus_goral	20283	3207	-	56	171	3.4 (2.0,5.2)	5.8 (4.1,7.9)	0.0 (0.0,45.9)	0.0 (0.0,70.8)	48.4	51.2
simadna_md_1000.fq	4999212	4999212	3416403	 1.5	Bovidae	Naemorhedus_griseus	25262	3325	-	76	227	4.5 (3.0,6.4)	7.4 (5.6,9.7)	10.0 (0.3,44.5)	33.3 (0.8,90.6)	49.5	50.4
simadna_md_1000.fq	4999212	4999212	3416403	 1.5	Bovidae	Nanger_dama	31661	3915	-	81	252	5.4 (3.9,7.2)	5.0 (3.6,6.7)	0.0 (0.0,30.8)	0.0 (0.0,41.0)	52.3	52.4
simadna_md_1000.fq	4999212	4999212	3416403	 1.5	Bovidae	Nanger_granti	26589	3577	-	60	198	4.0 (2.7,5.8)	4.8 (3.3,6.6)	0.0 (0.0,45.9)	0.0 (0.0,70.8)	51.7	54.2
simadna_md_1000.fq	4999212	4999212	3416403	 1.5	Bovidae	Nanger_soemmerringii	31430	3951	-	80	218	4.3 (2.9,6.0)	6.3 (4.7,8.2)	0.0 (0.0,41.0)	0.0 (0.0,60.2)	51.9	52.8
simadna_md_1000.fq	4999212	4999212	3416403	 1.5	Bovidae	Neotragus_batesi	25279	3813	-	66	218	3.1 (2.0,4.7)	5.8 (4.2,7.7)	0.0 (0.0,60.2)	0.0 (0.0,45.9)	50.7	51.5
simadna_md_1000.fq	4999212	4999212	3416403	 1.5	Bovidae	Neotragus_moschatus	26143	4119	-	92	305	5.2 (3.8,7.1)	6.3 (4.8,8.2)	12.5 (0.3,52.7)	10.0 (0.3,44.5)	51.9	52.7
simadna_md_1000.fq	4999212	4999212	3416403	 1.5	Bovidae	Oreamnos_americanus	30024	4247	-	81	206	5.3 (3.8,7.2)	4.9 (3.6,6.5)	22.2 (2.8,60.0)	15.4 (1.9,45.4)	50.7	51.0
simadna_md_1000.fq	4999212	4999212	3416403	 1.5	Bovidae	Oreotragus_oreotragus	29023	3872	-	83	233	5.7 (4.1,7.7)	5.5 (4.0,7.4)	0.0 (0.0,45.9)	0.0 (0.0,26.5)	52.0	52.3
simadna_md_1000.fq	4999212	4999212	3416403	 1.5	Bovidae	Oryx_beisa	27670	3940	-	87	262	4.2 (2.9,5.8)	6.8 (5.1,8.7)	0.0 (0.0,23.2)	0.0 (0.0,60.2)	51.2	50.6
simadna_md_1000.fq	4999212	4999212	3416403	 1.5	Bovidae	Oryx_gazella	26471	3729	-	84	238	4.9 (3.5,6.8)	6.0 (4.5,7.9)	5.6 (0.1,27.3)	12.5 (0.3,52.7)	49.9	50.3
simadna_md_1000.fq	4999212	4999212	3416403	 1.5	Bovidae	Oryx_leucoryx	26731	3911	-	86	273	5.6 (4.1,7.5)	5.7 (4.2,7.6)	0.0 (0.0,28.5)	0.0 (0.0,84.2)	51.2	51.3
simadna_md_1000.fq	4999212	4999212	3416403	 1.5	Bovidae	Ourebia_ourebi	26203	3676	-	77	247	5.6 (4.0,7.6)	5.2 (3.8,7.1)	0.0 (0.0,41.0)	0.0 (0.0,45.9)	51.7	51.8
simadna_md_1000.fq	4999212	4999212	3416403	 1.5	Bovidae	Ovibos_moschatus	23380	3372	-	58	226	3.3 (2.0,5.1)	5.2 (3.7,7.0)	16.7 (0.4,64.1)	25.0 (0.6,80.6)	50.5	51.1
simadna_md_1000.fq	4999212	4999212	3416403	 1.5	Bovidae	Ovis_ammon	25656	3943	-	77	247	4.9 (3.4,6.7)	5.1 (3.7,6.9)	0.0 (0.0,52.2)	0.0 (0.0,28.5)	50.2	48.6
simadna_md_1000.fq	4999212	4999212	3416403	 1.5	Bovidae	Ovis_aries	29502	4036	-	99	295	6.0 (4.4,7.9)	6.5 (4.9,8.5)	14.3 (0.4,57.9)	8.3 (0.2,38.5)	49.8	49.9
simadna_md_1000.fq	4999212	4999212	3416403	 1.5	Bovidae	Ovis_canadensis	30269	3961	-	101	277	4.5 (3.1,6.3)	8.2 (6.4,10.3)	0.0 (0.0,36.9)	0.0 (0.0,45.9)	49.7	51.7
simadna_md_1000.fq	4999212	4999212	3416403	 1.5	Bovidae	Ovis_orientalis	29392	4061	-	98	284	6.0 (4.4,7.9)	6.5 (4.9,8.4)	14.3 (0.4,57.9)	8.3 (0.2,38.5)	49.5	49.5
simadna_md_1000.fq	4999212	4999212	3416403	 1.5	Bovidae	Ovis_vignei	25694	3820	-	78	234	4.9 (3.4,6.7)	5.9 (4.3,7.8)	0.0 (0.0,45.9)	0.0 (0.0,33.6)	49.6	49.8
simadna_md_1000.fq	4999212	4999212	3416403	 1.5	Bovidae	Pantholops_hodgsonii	30368	4062	-	87	269	6.2 (4.6,8.1)	4.7 (3.4,6.4)	11.1 (0.3,48.2)	7.7 (0.2,36.0)	48.6	49.1
simadna_md_1000.fq	4999212	4999212	3416403	 1.5	Bovidae	Pelea_capreolus	24794	3824	-	88	263	4.0 (2.7,5.7)	7.7 (5.9,9.7)	0.0 (0.0,20.6)	0.0 (0.0,45.9)	49.9	49.2
simadna_md_1000.fq	4999212	4999212	3416403	 1.5	Bovidae	Philantomba_maxwellii	44562	5085	-	118	307	5.3 (4.0,7.0)	6.4 (5.0,8.0)	0.0 (0.0,24.7)	0.0 (0.0,20.6)	52.6	55.3
simadna_md_1000.fq	4999212	4999212	3416403	 1.5	Bovidae	Philantomba_monticola	36660	4768	-	102	291	5.4 (4.0,7.2)	6.2 (4.7,7.9)	12.5 (0.3,52.7)	9.1 (0.2,41.3)	51.6	53.4
simadna_md_1000.fq	4999212	4999212	3416403	 1.5	Bovidae	Procapra_gutturosa	28946	3668	-	82	224	6.5 (4.8,8.6)	5.1 (3.7,6.9)	16.7 (0.4,64.1)	7.7 (0.2,36.0)	51.8	51.3
simadna_md_1000.fq	4999212	4999212	3416403	 1.5	Bovidae	Procapra_przewalskii	31521	3869	-	80	239	6.0 (4.3,8.0)	4.8 (3.4,6.6)	0.0 (0.0,60.2)	0.0 (0.0,30.8)	52.4	51.8
simadna_md_1000.fq	4999212	4999212	3416403	 1.5	Bovidae	Pseudois_nayaur	28625	4337	-	93	265	4.5 (3.2,6.3)	7.0 (5.4,9.0)	0.0 (0.0,36.9)	0.0 (0.0,41.0)	50.4	50.8
simadna_md_1000.fq	4999212	4999212	3416403	 1.5	Bovidae	Pseudois_schaeferi	28083	4217	-	101	255	4.8 (3.4,6.5)	8.2 (6.3,10.3)	0.0 (0.0,36.9)	0.0 (0.0,45.9)	50.1	50.4
simadna_md_1000.fq	4999212	4999212	3416403	 1.5	Bovidae	Pseudoryx_nghetinhensis	54948	6396	-	153	450	5.8 (4.5,7.3)	6.6 (5.4,8.1)	0.0 (0.0,15.4)	0.0 (0.0,26.5)	53.2	55.4
simadna_md_1000.fq	4999212	4999212	3416403	 1.5	Bovidae	Raphicerus_campestris	17681	2964	-	61	177	5.2 (3.5,7.4)	5.8 (4.0,8.1)	0.0 (0.0,36.9)	0.0 (0.0,60.2)	50.7	51.6
simadna_md_1000.fq	4999212	4999212	3416403	 1.5	Bovidae	Redunca_arundinum	27134	3850	-	88	247	5.9 (4.3,7.9)	6.1 (4.5,8.0)	18.2 (2.3,51.8)	25.0 (3.2,65.1)	51.0	49.3
simadna_md_1000.fq	4999212	4999212	3416403	 1.5	Bovidae	Redunca_fulvorufula	22553	3562	-	77	224	4.6 (3.2,6.5)	6.4 (4.8,8.4)	18.2 (2.3,51.8)	18.2 (2.3,51.8)	51.8	52.3
simadna_md_1000.fq	4999212	4999212	3416403	 1.5	Bovidae	Rupicapra_pyrenaica	27101	3878	-	95	293	4.9 (3.4,6.7)	7.2 (5.6,9.2)	12.5 (0.3,52.7)	11.1 (0.3,48.2)	49.5	50.1
simadna_md_1000.fq	4999212	4999212	3416403	 1.5	Bovidae	Rupicapra_rupicapra	24833	3924	-	104	288	5.9 (4.3,7.9)	7.6 (5.8,9.6)	20.0 (0.5,71.6)	8.3 (0.2,38.5)	49.9	50.6
simadna_md_1000.fq	4999212	4999212	3416403	 1.5	Bovidae	Saiga_tatarica	29679	3868	-	92	255	6.0 (4.3,8.0)	6.5 (4.8,8.4)	0.0 (0.0,45.9)	0.0 (0.0,33.6)	52.3	53.0
simadna_md_1000.fq	4999212	4999212	3416403	 1.5	Bovidae	Sylvicapra_grimmia	32201	4628	-	116	305	6.1 (4.5,7.9)	7.2 (5.6,9.0)	0.0 (0.0,33.6)	0.0 (0.0,36.9)	50.7	51.5
simadna_md_1000.fq	4999212	4999212	3416403	 1.5	Bovidae	Syncerus_caffer	63105	7008	-	180	505	5.9 (4.7,7.3)	7.1 (5.9,8.6)	4.0 (0.1,20.4)	4.3 (0.1,21.9)	53.3	52.8
simadna_md_1000.fq	4999212	4999212	3416403	 1.5	Bovidae	Taurotragus_derbianus	42100	5075	-	137	383	6.1 (4.7,7.8)	7.5 (5.9,9.2)	10.0 (0.3,44.5)	7.7 (0.2,36.0)	52.3	51.5
simadna_md_1000.fq	4999212	4999212	3416403	 1.5	Bovidae	Tetracerus_quadricornis	46656	5537	-	119	338	4.3 (3.1,5.7)	7.3 (5.8,9.0)	8.3 (0.2,38.5)	10.0 (0.3,44.5)	53.9	54.1
simadna_md_1000.fq	4999212	4999212	3416403	 1.5	Bovidae	Tragelaphus_angasii	32795	4564	-	126	344	6.4 (4.8,8.4)	8.0 (6.4,9.9)	0.0 (0.0,26.5)	0.0 (0.0,26.5)	53.7	55.2
simadna_md_1000.fq	4999212	4999212	3416403	 1.5	Bovidae	Tragelaphus_eurycerus	38792	5047	-	154	445	7.0 (5.5,8.9)	8.1 (6.6,9.8)	16.7 (3.6,41.4)	20.0 (4.3,48.1)	53.7	55.4
simadna_md_1000.fq	4999212	4999212	3416403	 1.5	Bovidae	Tragelaphus_imberbis	35599	4286	-	135	297	7.0 (5.4,9.0)	8.9 (7.1,11.0)	5.6 (0.1,27.3)	5.9 (0.1,28.7)	53.8	55.0
simadna_md_1000.fq	4999212	4999212	3416403	 1.5	Bovidae	Tragelaphus_oryx	38323	4961	-	128	388	5.1 (3.8,6.6)	8.2 (6.5,10.1)	0.0 (0.0,28.5)	0.0 (0.0,28.5)	52.3	51.6
simadna_md_1000.fq	4999212	4999212	3416403	 1.5	Bovidae	Tragelaphus_scriptus	33111	4601	-	133	390	5.3 (3.9,7.0)	9.1 (7.4,11.2)	0.0 (0.0,28.5)	0.0 (0.0,30.8)	51.5	52.3
simadna_md_1000.fq	4999212	4999212	3416403	 1.5	Bovidae	Tragelaphus_spekii	40532	4877	-	148	396	7.3 (5.7,9.2)	8.3 (6.7,10.2)	8.3 (0.2,38.5)	7.1 (0.2,33.9)	52.9	55.1
simadna_md_1000.fq	4999212	4999212	3416403	 1.5	Bovidae	Tragelaphus_strepsiceros	29071	4099	-	107	284	5.3 (3.8,7.1)	7.6 (5.9,9.5)	14.3 (0.4,57.9)	10.0 (0.3,44.5)	53.4	53.7
simadna_md_1000.fq	4999212	4999212	3416403	 1.5	Bradypodidae	Bradypus_pygmaeus	2	1	-	0	0	N/A (N/A,N/A)	N/A (N/A,N/A)	N/A (N/A,N/A)	N/A (N/A,N/A)	42.0	N/A
simadna_md_1000.fq	4999212	4999212	3416403	 1.5	Bradypodidae	Bradypus_torquatus	2	1	-	0	0	N/A (N/A,N/A)	N/A (N/A,N/A)	N/A (N/A,N/A)	N/A (N/A,N/A)	42.0	N/A
simadna_md_1000.fq	4999212	4999212	3416403	 1.5	Bradypodidae	Bradypus_variegatus	2	1	-	0	0	N/A (N/A,N/A)	N/A (N/A,N/A)	N/A (N/A,N/A)	N/A (N/A,N/A)	42.0	N/A
simadna_md_1000.fq	4999212	4999212	3416403	 1.5	Camelidae	Camelus_bactrianus	26	19	-	1	2	0.0 (0.0,97.5)	50.0 (1.3,98.7)	N/A (N/A,N/A)	N/A (N/A,N/A)	42.9	41.5
simadna_md_1000.fq	4999212	4999212	3416403	 1.5	Camelidae	Camelus_dromedarius	29	21	-	2	3	0.0 (0.0,97.5)	50.0 (6.8,93.2)	N/A (N/A,N/A)	N/A (N/A,N/A)	42.9	41.3
simadna_md_1000.fq	4999212	4999212	3416403	 1.5	Camelidae	Camelus_ferus	25	18	-	0	1	0.0 (0.0,97.5)	0.0 (0.0,97.5)	N/A (N/A,N/A)	N/A (N/A,N/A)	43.1	43.0
simadna_md_1000.fq	4999212	4999212	3416403	 1.5	Camelidae	Lama_glama	26	20	-	1	2	0.0 (0.0,84.2)	50.0 (1.3,98.7)	N/A (N/A,N/A)	N/A (N/A,N/A)	41.5	39.0
simadna_md_1000.fq	4999212	4999212	3416403	 1.5	Camelidae	Lama_guanicoe	24	18	-	1	1	0.0 (0.0,97.5)	100.0 (2.5,100.0)	N/A (N/A,N/A)	N/A (N/A,N/A)	41.7	35.0
simadna_md_1000.fq	4999212	4999212	3416403	 1.5	Camelidae	Vicugna_pacos	22	17	-	1	1	0.0 (0.0,97.5)	100.0 (2.5,100.0)	N/A (N/A,N/A)	N/A (N/A,N/A)	40.9	35.0
simadna_md_1000.fq	4999212	4999212	3416403	 1.5	Camelidae	Vicugna_vicugna	26	21	-	1	1	0.0 (0.0,84.2)	100.0 (2.5,100.0)	N/A (N/A,N/A)	N/A (N/A,N/A)	41.4	35.0
simadna_md_1000.fq	4999212	4999212	3416403	 1.5	Canidae	Canis_latrans	20	19	-	0	2	0.0 (0.0,60.2)	0.0 (0.0,60.2)	N/A (N/A,N/A)	N/A (N/A,N/A)	38.9	35.5
simadna_md_1000.fq	4999212	4999212	3416403	 1.5	Canidae	Canis_lupaster	26	24	-	0	1	0.0 (0.0,52.2)	0.0 (0.0,70.8)	N/A (N/A,N/A)	N/A (N/A,N/A)	40.8	35.0
simadna_md_1000.fq	4999212	4999212	3416403	 1.5	Canidae	Canis_lupus	21	20	-	0	1	0.0 (0.0,60.2)	0.0 (0.0,84.2)	N/A (N/A,N/A)	N/A (N/A,N/A)	39.1	35.0
simadna_md_1000.fq	4999212	4999212	3416403	 1.5	Canidae	Canis_lupus_chanco	29	28	-	0	1	0.0 (0.0,45.9)	0.0 (0.0,60.2)	N/A (N/A,N/A)	N/A (N/A,N/A)	40.0	35.0
simadna_md_1000.fq	4999212	4999212	3416403	 1.5	Canidae	Canis_lupus_familiaris	21	20	-	0	1	0.0 (0.0,60.2)	0.0 (0.0,84.2)	N/A (N/A,N/A)	N/A (N/A,N/A)	39.3	35.0
simadna_md_1000.fq	4999212	4999212	3416403	 1.5	Canidae	Canis_lupus_lupus	21	20	-	0	1	0.0 (0.0,60.2)	0.0 (0.0,84.2)	N/A (N/A,N/A)	N/A (N/A,N/A)	39.2	35.0
simadna_md_1000.fq	4999212	4999212	3416403	 1.5	Canidae	Chrysocyon_brachyurus	56	30	-	2	2	16.7 (0.4,64.1)	20.0 (0.5,71.6)	N/A (N/A,N/A)	N/A (N/A,N/A)	39.5	40.0
simadna_md_1000.fq	4999212	4999212	3416403	 1.5	Canidae	Cuon_alpinus	203	56	-	3	5	0.0 (0.0,21.8)	42.9 (9.9,81.6)	N/A (N/A,N/A)	N/A (N/A,N/A)	41.4	41.2
simadna_md_1000.fq	4999212	4999212	3416403	 1.5	Canidae	Lycaon_pictus	175	61	-	1	5	0.0 (0.0,28.5)	8.3 (0.2,38.5)	N/A (N/A,N/A)	N/A (N/A,N/A)	41.9	41.8
simadna_md_1000.fq	4999212	4999212	3416403	 1.5	Canidae	Nyctereutes_procyonoides	55	36	-	1	3	0.0 (0.0,30.8)	25.0 (0.6,80.6)	N/A (N/A,N/A)	N/A (N/A,N/A)	40.4	41.0
simadna_md_1000.fq	4999212	4999212	3416403	 1.5	Canidae	Urocyon_cinereoargenteus	25	20	-	1	1	20.0 (0.5,71.6)	0.0 (0.0,70.8)	N/A (N/A,N/A)	N/A (N/A,N/A)	42.2	48.0
simadna_md_1000.fq	4999212	4999212	3416403	 1.5	Canidae	Vulpes_corsac	237	39	-	2	2	5.6 (0.1,27.3)	20.0 (0.5,71.6)	N/A (N/A,N/A)	N/A (N/A,N/A)	41.3	41.0
simadna_md_1000.fq	4999212	4999212	3416403	 1.5	Canidae	Vulpes_ferrilata	370	61	-	4	7	16.7 (3.6,41.4)	14.3 (0.4,57.9)	N/A (N/A,N/A)	0.0 (0.0,97.5)	40.5	38.9
simadna_md_1000.fq	4999212	4999212	3416403	 1.5	Canidae	Vulpes_lagopus	14	13	-	1	1	0.0 (0.0,70.8)	25.0 (0.6,80.6)	0.0 (0.0,97.5)	N/A (N/A,N/A)	39.5	43.0
simadna_md_1000.fq	4999212	4999212	3416403	 1.5	Canidae	Vulpes_vulpes	69	32	-	3	6	25.0 (3.2,65.1)	12.5 (0.3,52.7)	0.0 (0.0,97.5)	N/A (N/A,N/A)	40.5	41.7
simadna_md_1000.fq	4999212	4999212	3416403	 1.5	Canidae	Vulpes_zerda	65	27	-	2	5	25.0 (3.2,65.1)	0.0 (0.0,52.2)	N/A (N/A,N/A)	N/A (N/A,N/A)	40.7	38.4
simadna_md_1000.fq	4999212	4999212	3416403	 1.5	Castoridae	Castor_fiber	5	5	-	0	1	0.0 (0.0,70.8)	0.0 (0.0,70.8)	N/A (N/A,N/A)	N/A (N/A,N/A)	45.2	42.0
simadna_md_1000.fq	4999212	4999212	3416403	 1.5	Caviidae	Cavia_porcellus	15	14	-	1	1	50.0 (1.3,98.7)	0.0 (0.0,60.2)	N/A (N/A,N/A)	0.0 (0.0,97.5)	40.9	41.0
simadna_md_1000.fq	4999212	4999212	3416403	 1.5	Cebidae	Callimico_goeldii	17	16	-	1	3	0.0 (0.0,70.8)	33.3 (0.8,90.6)	N/A (N/A,N/A)	N/A (N/A,N/A)	43.2	48.0
simadna_md_1000.fq	4999212	4999212	3416403	 1.5	Cebidae	Callithrix_geoffroyi	12	12	-	1	1	33.3 (0.8,90.6)	0.0 (0.0,60.2)	N/A (N/A,N/A)	0.0 (0.0,97.5)	38.8	38.0
simadna_md_1000.fq	4999212	4999212	3416403	 1.5	Cebidae	Callithrix_jacchus	13	13	-	2	2	33.3 (0.8,90.6)	20.0 (0.5,71.6)	N/A (N/A,N/A)	0.0 (0.0,97.5)	39.3	41.5
simadna_md_1000.fq	4999212	4999212	3416403	 1.5	Cebidae	Callithrix_kuhlii	12	12	-	1	1	33.3 (0.8,90.6)	0.0 (0.0,60.2)	N/A (N/A,N/A)	0.0 (0.0,97.5)	38.8	38.0
simadna_md_1000.fq	4999212	4999212	3416403	 1.5	Cebidae	Cebuella_pygmaea	12	12	-	1	2	0.0 (0.0,84.2)	25.0 (0.6,80.6)	N/A (N/A,N/A)	N/A (N/A,N/A)	40.2	45.5
simadna_md_1000.fq	4999212	4999212	3416403	 1.5	Cebidae	Cebus_albifrons	13	13	-	4	5	40.0 (5.3,85.3)	40.0 (5.3,85.3)	N/A (N/A,N/A)	0.0 (0.0,97.5)	38.6	39.8
simadna_md_1000.fq	4999212	4999212	3416403	 1.5	Cebidae	Leontopithecus_rosalia	17	15	-	3	3	33.3 (0.8,90.6)	33.3 (4.3,77.7)	N/A (N/A,N/A)	0.0 (0.0,97.5)	39.3	41.7
simadna_md_1000.fq	4999212	4999212	3416403	 1.5	Cebidae	Saguinus_oedipus	14	14	-	1	1	25.0 (0.6,80.6)	0.0 (0.0,52.2)	N/A (N/A,N/A)	0.0 (0.0,97.5)	39.5	43.0
simadna_md_1000.fq	4999212	4999212	3416403	 1.5	Cebidae	Saimiri_boliviensis	22	20	-	2	4	0.0 (0.0,84.2)	28.6 (3.7,71.0)	N/A (N/A,N/A)	N/A (N/A,N/A)	39.3	41.2
simadna_md_1000.fq	4999212	4999212	3416403	 1.5	Cebidae	Saimiri_boliviensis_boliviensis	22	20	-	2	4	0.0 (0.0,84.2)	28.6 (3.7,71.0)	N/A (N/A,N/A)	N/A (N/A,N/A)	39.3	41.2
simadna_md_1000.fq	4999212	4999212	3416403	 1.5	Cebidae	Saimiri_oerstedii_citrinellus	24	20	-	2	3	0.0 (0.0,84.2)	28.6 (3.7,71.0)	N/A (N/A,N/A)	N/A (N/A,N/A)	39.5	40.7
simadna_md_1000.fq	4999212	4999212	3416403	 1.5	Cebidae	Saimiri_sciureus	22	20	-	2	4	0.0 (0.0,84.2)	28.6 (3.7,71.0)	N/A (N/A,N/A)	N/A (N/A,N/A)	39.3	41.2
simadna_md_1000.fq	4999212	4999212	3416403	 1.5	Cebidae	Sapajus_xanthosternos	16	16	-	3	4	50.0 (1.3,98.7)	50.0 (6.8,93.2)	N/A (N/A,N/A)	N/A (N/A,N/A)	39.2	40.2
simadna_md_1000.fq	4999212	4999212	3416403	 1.5	Cercopithecidae	Allenopithecus_nigroviridis	27	25	-	0	1	0.0 (0.0,45.9)	0.0 (0.0,97.5)	N/A (N/A,N/A)	N/A (N/A,N/A)	40.1	36.0
simadna_md_1000.fq	4999212	4999212	3416403	 1.5	Cercopithecidae	Allochrocebus_lhoesti	33	30	-	2	4	12.5 (0.3,52.7)	50.0 (1.3,98.7)	N/A (N/A,N/A)	N/A (N/A,N/A)	40.0	37.5
simadna_md_1000.fq	4999212	4999212	3416403	 1.5	Cercopithecidae	Cercocebus_atys	26	25	-	1	2	14.3 (0.4,57.9)	N/A (N/A,N/A)	N/A (N/A,N/A)	N/A (N/A,N/A)	39.6	40.0
simadna_md_1000.fq	4999212	4999212	3416403	 1.5	Cercopithecidae	Cercocebus_chrysogaster	38	37	-	2	5	0.0 (0.0,26.5)	50.0 (6.8,93.2)	0.0 (0.0,97.5)	N/A (N/A,N/A)	40.1	40.2
simadna_md_1000.fq	4999212	4999212	3416403	 1.5	Cercopithecidae	Cercocebus_torquatus	38	37	-	4	6	27.3 (6.0,61.0)	100.0 (2.5,100.0)	N/A (N/A,N/A)	N/A (N/A,N/A)	40.1	38.5
simadna_md_1000.fq	4999212	4999212	3416403	 1.5	Cercopithecidae	Cercopithecus_albogularis	21	20	-	1	1	20.0 (0.5,71.6)	N/A (N/A,N/A)	N/A (N/A,N/A)	N/A (N/A,N/A)	39.9	35.0
simadna_md_1000.fq	4999212	4999212	3416403	 1.5	Cercopithecidae	Cercopithecus_diana	22	21	-	0	2	0.0 (0.0,52.2)	0.0 (0.0,97.5)	N/A (N/A,N/A)	N/A (N/A,N/A)	41.0	35.5
simadna_md_1000.fq	4999212	4999212	3416403	 1.5	Cercopithecidae	Cercopithecus_mitis	31	27	-	1	1	16.7 (0.4,64.1)	0.0 (0.0,84.2)	N/A (N/A,N/A)	N/A (N/A,N/A)	39.9	35.0
simadna_md_1000.fq	4999212	4999212	3416403	 1.5	Cercopithecidae	Chlorocebus_aethiops	25	24	-	3	5	11.1 (0.3,48.2)	40.0 (5.3,85.3)	0.0 (0.0,84.2)	N/A (N/A,N/A)	40.7	39.8
simadna_md_1000.fq	4999212	4999212	3416403	 1.5	Cercopithecidae	Chlorocebus_cynosuros	27	25	-	3	5	11.1 (0.3,48.2)	50.0 (6.8,93.2)	0.0 (0.0,84.2)	N/A (N/A,N/A)	40.4	39.8
simadna_md_1000.fq	4999212	4999212	3416403	 1.5	Cercopithecidae	Chlorocebus_pygerythrus	27	25	-	3	5	11.1 (0.3,48.2)	50.0 (6.8,93.2)	0.0 (0.0,84.2)	N/A (N/A,N/A)	40.4	39.8
simadna_md_1000.fq	4999212	4999212	3416403	 1.5	Cercopithecidae	Chlorocebus_sabaeus	23	22	-	3	5	25.0 (3.2,65.1)	50.0 (1.3,98.7)	0.0 (0.0,97.5)	N/A (N/A,N/A)	39.0	38.6
simadna_md_1000.fq	4999212	4999212	3416403	 1.5	Cercopithecidae	Chlorocebus_tantalus	25	24	-	2	4	12.5 (0.3,52.7)	33.3 (0.8,90.6)	0.0 (0.0,97.5)	N/A (N/A,N/A)	39.7	36.8
simadna_md_1000.fq	4999212	4999212	3416403	 1.5	Cercopithecidae	Colobus_guereza	17	17	-	2	4	0.0 (0.0,45.9)	40.0 (5.3,85.3)	0.0 (0.0,84.2)	N/A (N/A,N/A)	38.7	37.5
simadna_md_1000.fq	4999212	4999212	3416403	 1.5	Cercopithecidae	Erythrocebus_patas	29	26	-	0	3	0.0 (0.0,45.9)	0.0 (0.0,60.2)	N/A (N/A,N/A)	N/A (N/A,N/A)	40.4	37.0
simadna_md_1000.fq	4999212	4999212	3416403	 1.5	Cercopithecidae	Lophocebus_aterrimus	30	28	-	1	3	0.0 (0.0,36.9)	50.0 (1.3,98.7)	0.0 (0.0,97.5)	N/A (N/A,N/A)	39.3	38.3
simadna_md_1000.fq	4999212	4999212	3416403	 1.5	Cercopithecidae	Macaca_arctoides	23	22	-	2	3	28.6 (3.7,71.0)	N/A (N/A,N/A)	N/A (N/A,N/A)	N/A (N/A,N/A)	40.6	36.0
simadna_md_1000.fq	4999212	4999212	3416403	 1.5	Cercopithecidae	Macaca_assamensis	26	25	-	1	4	14.3 (0.4,57.9)	0.0 (0.0,84.2)	N/A (N/A,N/A)	N/A (N/A,N/A)	40.1	38.2
simadna_md_1000.fq	4999212	4999212	3416403	 1.5	Cercopithecidae	Macaca_cyclopis	24	23	-	2	5	12.5 (0.3,52.7)	25.0 (0.6,80.6)	0.0 (0.0,97.5)	N/A (N/A,N/A)	40.8	39.0
simadna_md_1000.fq	4999212	4999212	3416403	 1.5	Cercopithecidae	Macaca_fascicularis	31	30	-	3	4	16.7 (2.1,48.4)	33.3 (0.8,90.6)	0.0 (0.0,97.5)	N/A (N/A,N/A)	40.6	37.0
simadna_md_1000.fq	4999212	4999212	3416403	 1.5	Cercopithecidae	Macaca_fuscata	20	19	-	1	2	16.7 (0.4,64.1)	N/A (N/A,N/A)	N/A (N/A,N/A)	N/A (N/A,N/A)	40.6	35.5
simadna_md_1000.fq	4999212	4999212	3416403	 1.5	Cercopithecidae	Macaca_leonina	24	24	-	2	4	11.1 (0.3,48.2)	50.0 (1.3,98.7)	0.0 (0.0,97.5)	N/A (N/A,N/A)	39.2	38.8
simadna_md_1000.fq	4999212	4999212	3416403	 1.5	Cercopithecidae	Macaca_mulatta	20	19	-	1	2	14.3 (0.4,57.9)	0.0 (0.0,97.5)	N/A (N/A,N/A)	N/A (N/A,N/A)	40.8	35.5
simadna_md_1000.fq	4999212	4999212	3416403	 1.5	Cercopithecidae	Macaca_nemestrina	34	34	-	4	5	14.3 (1.8,42.8)	50.0 (6.8,93.2)	0.0 (0.0,84.2)	N/A (N/A,N/A)	39.6	37.8
simadna_md_1000.fq	4999212	4999212	3416403	 1.5	Cercopithecidae	Macaca_nigra	23	23	-	1	3	12.5 (0.3,52.7)	0.0 (0.0,84.2)	N/A (N/A,N/A)	N/A (N/A,N/A)	39.8	36.7
simadna_md_1000.fq	4999212	4999212	3416403	 1.5	Cercopithecidae	Macaca_silenus	30	30	-	2	5	9.1 (0.2,41.3)	33.3 (0.8,90.6)	0.0 (0.0,97.5)	N/A (N/A,N/A)	39.2	37.2
simadna_md_1000.fq	4999212	4999212	3416403	 1.5	Cercopithecidae	Macaca_sylvanus	20	20	-	1	2	14.3 (0.4,57.9)	N/A (N/A,N/A)	N/A (N/A,N/A)	N/A (N/A,N/A)	40.2	35.5
simadna_md_1000.fq	4999212	4999212	3416403	 1.5	Cercopithecidae	Macaca_thibetana	28	27	-	2	4	12.5 (0.3,52.7)	33.3 (0.8,90.6)	0.0 (0.0,97.5)	N/A (N/A,N/A)	40.3	37.5
simadna_md_1000.fq	4999212	4999212	3416403	 1.5	Cercopithecidae	Macaca_tonkeana	26	26	-	1	3	0.0 (0.0,36.9)	16.7 (0.4,64.1)	0.0 (0.0,97.5)	N/A (N/A,N/A)	40.1	38.7
simadna_md_1000.fq	4999212	4999212	3416403	 1.5	Cercopithecidae	Mandrillus_leucophaeus	36	35	-	2	4	10.0 (0.3,44.5)	100.0 (2.5,100.0)	N/A (N/A,N/A)	N/A (N/A,N/A)	39.9	38.0
simadna_md_1000.fq	4999212	4999212	3416403	 1.5	Cercopithecidae	Mandrillus_sphinx	35	33	-	2	4	11.1 (0.3,48.2)	50.0 (1.3,98.7)	N/A (N/A,N/A)	N/A (N/A,N/A)	39.9	40.2
simadna_md_1000.fq	4999212	4999212	3416403	 1.5	Cercopithecidae	Nasalis_larvatus	32	30	-	3	6	10.0 (0.3,44.5)	22.2 (2.8,60.0)	0.0 (0.0,84.2)	N/A (N/A,N/A)	41.9	40.0
simadna_md_1000.fq	4999212	4999212	3416403	 1.5	Cercopithecidae	Papio_anubis	33	29	-	2	5	11.1 (0.3,48.2)	33.3 (0.8,90.6)	0.0 (0.0,97.5)	N/A (N/A,N/A)	39.2	38.4
simadna_md_1000.fq	4999212	4999212	3416403	 1.5	Cercopithecidae	Papio_cynocephalus	33	29	-	2	5	11.1 (0.3,48.2)	33.3 (0.8,90.6)	0.0 (0.0,97.5)	N/A (N/A,N/A)	39.2	38.4
simadna_md_1000.fq	4999212	4999212	3416403	 1.5	Cercopithecidae	Papio_hamadryas	32	28	-	2	5	11.1 (0.3,48.2)	33.3 (0.8,90.6)	0.0 (0.0,97.5)	N/A (N/A,N/A)	39.2	38.4
simadna_md_1000.fq	4999212	4999212	3416403	 1.5	Cercopithecidae	Papio_kindae	38	31	-	2	4	12.5 (0.3,52.7)	33.3 (0.8,90.6)	0.0 (0.0,97.5)	N/A (N/A,N/A)	39.8	37.5
simadna_md_1000.fq	4999212	4999212	3416403	 1.5	Cercopithecidae	Papio_papio	33	29	-	2	5	11.1 (0.3,48.2)	33.3 (0.8,90.6)	0.0 (0.0,97.5)	N/A (N/A,N/A)	39.3	38.4
simadna_md_1000.fq	4999212	4999212	3416403	 1.5	Cercopithecidae	Papio_ursinus	37	31	-	2	4	10.0 (0.3,44.5)	33.3 (0.8,90.6)	0.0 (0.0,97.5)	N/A (N/A,N/A)	39.5	37.5
simadna_md_1000.fq	4999212	4999212	3416403	 1.5	Cercopithecidae	Piliocolobus_badius	23	22	-	2	3	0.0 (0.0,36.9)	40.0 (5.3,85.3)	0.0 (0.0,84.2)	N/A (N/A,N/A)	38.7	37.0
simadna_md_1000.fq	4999212	4999212	3416403	 1.5	Cercopithecidae	Presbytis_melalophos	38	32	-	3	6	9.1 (0.2,41.3)	28.6 (3.7,71.0)	0.0 (0.0,84.2)	N/A (N/A,N/A)	42.0	37.7
simadna_md_1000.fq	4999212	4999212	3416403	 1.5	Cercopithecidae	Procolobus_verus	26	25	-	1	2	0.0 (0.0,45.9)	25.0 (0.6,80.6)	0.0 (0.0,97.5)	N/A (N/A,N/A)	38.6	36.0
simadna_md_1000.fq	4999212	4999212	3416403	 1.5	Cercopithecidae	Pygathrix_cinerea_1_RL-2012	62	51	-	2	3	10.0 (0.3,44.5)	12.5 (0.3,52.7)	N/A (N/A,N/A)	0.0 (0.0,97.5)	41.5	39.3
simadna_md_1000.fq	4999212	4999212	3416403	 1.5	Cercopithecidae	Pygathrix_cinerea_2_RL-2012	51	42	-	1	2	10.0 (0.3,44.5)	0.0 (0.0,52.2)	N/A (N/A,N/A)	0.0 (0.0,97.5)	42.0	38.5
simadna_md_1000.fq	4999212	4999212	3416403	 1.5	Cercopithecidae	Pygathrix_nemaeus	51	42	-	2	3	9.1 (0.2,41.3)	14.3 (0.4,57.9)	0.0 (0.0,97.5)	0.0 (0.0,97.5)	41.3	38.7
simadna_md_1000.fq	4999212	4999212	3416403	 1.5	Cercopithecidae	Pygathrix_nigripes	42	34	-	3	4	20.0 (2.5,55.6)	14.3 (0.4,57.9)	0.0 (0.0,97.5)	0.0 (0.0,97.5)	42.0	39.0
simadna_md_1000.fq	4999212	4999212	3416403	 1.5	Cercopithecidae	Rhinopithecus_avunculus	52	47	-	2	5	6.2 (0.2,30.2)	14.3 (0.4,57.9)	0.0 (0.0,97.5)	N/A (N/A,N/A)	41.1	39.0
simadna_md_1000.fq	4999212	4999212	3416403	 1.5	Cercopithecidae	Rhinopithecus_bieti	37	33	-	2	6	9.1 (0.2,41.3)	20.0 (0.5,71.6)	0.0 (0.0,97.5)	N/A (N/A,N/A)	39.3	37.7
simadna_md_1000.fq	4999212	4999212	3416403	 1.5	Cercopithecidae	Rhinopithecus_bieti_1_RL-2012	37	33	-	2	6	9.1 (0.2,41.3)	20.0 (0.5,71.6)	0.0 (0.0,97.5)	N/A (N/A,N/A)	39.3	37.7
simadna_md_1000.fq	4999212	4999212	3416403	 1.5	Cercopithecidae	Rhinopithecus_bieti_2_RL-2012	35	31	-	2	5	10.0 (0.3,44.5)	25.0 (0.6,80.6)	0.0 (0.0,97.5)	N/A (N/A,N/A)	39.4	38.0
simadna_md_1000.fq	4999212	4999212	3416403	 1.5	Cercopithecidae	Rhinopithecus_brelichi	45	39	+	5	6	6.7 (0.2,31.9)	50.0 (15.7,84.3)	0.0 (0.0,70.8)	N/A (N/A,N/A)	41.0	39.5
simadna_md_1000.fq	4999212	4999212	3416403	 1.5	Cercopithecidae	Rhinopithecus_roxellana	51	44	+	6	7	13.3 (1.7,40.5)	50.0 (15.7,84.3)	0.0 (0.0,70.8)	N/A (N/A,N/A)	41.2	39.1
simadna_md_1000.fq	4999212	4999212	3416403	 1.5	Cercopithecidae	Rhinopithecus_strykeri	33	29	-	2	5	10.0 (0.3,44.5)	25.0 (0.6,80.6)	0.0 (0.0,97.5)	N/A (N/A,N/A)	39.6	38.0
simadna_md_1000.fq	4999212	4999212	3416403	 1.5	Cercopithecidae	Semnopithecus_entellus	27	26	-	2	5	16.7 (0.4,64.1)	25.0 (0.6,80.6)	0.0 (0.0,97.5)	N/A (N/A,N/A)	39.2	37.8
simadna_md_1000.fq	4999212	4999212	3416403	 1.5	Cercopithecidae	Simias_concolor	41	39	-	3	5	9.1 (0.2,41.3)	25.0 (3.2,65.1)	0.0 (0.0,84.2)	N/A (N/A,N/A)	41.1	38.4
simadna_md_1000.fq	4999212	4999212	3416403	 1.5	Cercopithecidae	Theropithecus_gelada	23	23	-	2	4	0.0 (0.0,33.6)	100.0 (15.8,100.0)	0.0 (0.0,84.2)	N/A (N/A,N/A)	39.8	38.8
simadna_md_1000.fq	4999212	4999212	3416403	 1.5	Cercopithecidae	Trachypithecus_cristatus	40	36	-	3	6	22.2 (2.8,60.0)	20.0 (0.5,71.6)	N/A (N/A,N/A)	N/A (N/A,N/A)	40.9	39.5
simadna_md_1000.fq	4999212	4999212	3416403	 1.5	Cercopithecidae	Trachypithecus_francoisi	34	32	-	1	7	12.5 (0.3,52.7)	0.0 (0.0,45.9)	N/A (N/A,N/A)	N/A (N/A,N/A)	40.8	40.6
simadna_md_1000.fq	4999212	4999212	3416403	 1.5	Cercopithecidae	Trachypithecus_germaini	34	32	-	2	4	11.1 (0.3,48.2)	20.0 (0.5,71.6)	N/A (N/A,N/A)	N/A (N/A,N/A)	40.8	38.2
simadna_md_1000.fq	4999212	4999212	3416403	 1.5	Cercopithecidae	Trachypithecus_hatinhensis	36	34	-	1	7	11.1 (0.3,48.2)	0.0 (0.0,45.9)	N/A (N/A,N/A)	N/A (N/A,N/A)	40.6	40.6
simadna_md_1000.fq	4999212	4999212	3416403	 1.5	Cercopithecidae	Trachypithecus_johnii	26	24	-	2	4	12.5 (0.3,52.7)	33.3 (0.8,90.6)	0.0 (0.0,97.5)	N/A (N/A,N/A)	39.7	37.5
simadna_md_1000.fq	4999212	4999212	3416403	 1.5	Cercopithecidae	Trachypithecus_obscurus	26	25	-	0	2	0.0 (0.0,45.9)	0.0 (0.0,52.2)	N/A (N/A,N/A)	N/A (N/A,N/A)	41.2	43.5
simadna_md_1000.fq	4999212	4999212	3416403	 1.5	Cercopithecidae	Trachypithecus_pileatus	26	26	-	3	4	22.2 (2.8,60.0)	25.0 (0.6,80.6)	0.0 (0.0,97.5)	N/A (N/A,N/A)	40.5	38.5
simadna_md_1000.fq	4999212	4999212	3416403	 1.5	Cercopithecidae	Trachypithecus_shortridgei	24	24	-	4	5	33.3 (7.5,70.1)	33.3 (0.8,90.6)	0.0 (0.0,97.5)	N/A (N/A,N/A)	40.2	37.8
simadna_md_1000.fq	4999212	4999212	3416403	 1.5	Cercopithecidae	Trachypithecus_vetulus	31	29	-	2	4	11.1 (0.3,48.2)	16.7 (0.4,64.1)	0.0 (0.0,97.5)	N/A (N/A,N/A)	41.8	37.5
simadna_md_1000.fq	4999212	4999212	3416403	 1.5	Cervidae	Alces_alces	72	66	-	3	4	9.1 (0.2,41.3)	14.3 (1.8,42.8)	N/A (N/A,N/A)	N/A (N/A,N/A)	41.8	46.8
simadna_md_1000.fq	4999212	4999212	3416403	 1.5	Cervidae	Axis_axis	89	82	-	7	11	7.1 (0.9,23.5)	20.8 (7.1,42.2)	0.0 (0.0,84.2)	N/A (N/A,N/A)	40.7	39.9
simadna_md_1000.fq	4999212	4999212	3416403	 1.5	Cervidae	Axis_porcinus	73	67	-	5	7	5.0 (0.1,24.9)	25.0 (7.3,52.4)	0.0 (0.0,84.2)	N/A (N/A,N/A)	41.1	39.3
simadna_md_1000.fq	4999212	4999212	3416403	 1.5	Cervidae	Blastocerus_dichotomus	86	79	-	3	5	9.5 (1.2,30.4)	5.3 (0.1,26.0)	N/A (N/A,N/A)	N/A (N/A,N/A)	40.5	42.4
simadna_md_1000.fq	4999212	4999212	3416403	 1.5	Cervidae	Capreolus_capreolus	63	57	-	2	4	0.0 (0.0,33.6)	15.4 (1.9,45.4)	N/A (N/A,N/A)	N/A (N/A,N/A)	40.9	40.8
simadna_md_1000.fq	4999212	4999212	3416403	 1.5	Cervidae	Capreolus_pygargus	50	45	-	0	2	0.0 (0.0,30.8)	0.0 (0.0,24.7)	N/A (N/A,N/A)	N/A (N/A,N/A)	41.7	39.5
simadna_md_1000.fq	4999212	4999212	3416403	 1.5	Cervidae	Cervus_albirostris	79	74	-	4	7	9.5 (1.2,30.4)	11.1 (1.4,34.7)	N/A (N/A,N/A)	N/A (N/A,N/A)	40.6	39.1
simadna_md_1000.fq	4999212	4999212	3416403	 1.5	Cervidae	Cervus_canadensis_songaricus	96	85	-	6	12	10.0 (1.2,31.7)	18.2 (5.2,40.3)	N/A (N/A,N/A)	N/A (N/A,N/A)	40.4	39.0
simadna_md_1000.fq	4999212	4999212	3416403	 1.5	Cervidae	Cervus_elaphus	86	77	-	2	7	0.0 (0.0,19.5)	10.5 (1.3,33.1)	N/A (N/A,N/A)	N/A (N/A,N/A)	41.4	39.4
simadna_md_1000.fq	4999212	4999212	3416403	 1.5	Cervidae	Cervus_elaphus_xanthopygus	83	76	-	6	11	10.5 (1.3,33.1)	16.7 (4.7,37.4)	N/A (N/A,N/A)	N/A (N/A,N/A)	40.5	38.0
simadna_md_1000.fq	4999212	4999212	3416403	 1.5	Cervidae	Cervus_hanglu_yarkandensis	88	78	-	3	6	6.2 (0.2,30.2)	11.1 (1.4,34.7)	N/A (N/A,N/A)	N/A (N/A,N/A)	40.8	39.2
simadna_md_1000.fq	4999212	4999212	3416403	 1.5	Cervidae	Cervus_nippon_centralis	70	64	-	3	7	6.7 (0.2,31.9)	10.5 (1.3,33.1)	N/A (N/A,N/A)	N/A (N/A,N/A)	41.0	37.0
simadna_md_1000.fq	4999212	4999212	3416403	 1.5	Cervidae	Cervus_nippon_hortulorum	70	66	-	3	10	12.5 (1.6,38.3)	7.7 (0.2,36.0)	N/A (N/A,N/A)	N/A (N/A,N/A)	40.8	40.0
simadna_md_1000.fq	4999212	4999212	3416403	 1.5	Cervidae	Cervus_nippon_kopschi	81	75	-	3	9	5.3 (0.1,26.0)	8.7 (1.1,28.0)	N/A (N/A,N/A)	N/A (N/A,N/A)	40.8	38.2
simadna_md_1000.fq	4999212	4999212	3416403	 1.5	Cervidae	Cervus_nippon_sichuanicus	80	74	-	3	9	5.6 (0.1,27.3)	8.7 (1.1,28.0)	N/A (N/A,N/A)	N/A (N/A,N/A)	40.8	38.2
simadna_md_1000.fq	4999212	4999212	3416403	 1.5	Cervidae	Cervus_nippon_taiouanus	82	76	-	3	11	10.0 (1.2,31.7)	4.5 (0.1,22.8)	N/A (N/A,N/A)	0.0 (0.0,97.5)	40.8	39.2
simadna_md_1000.fq	4999212	4999212	3416403	 1.5	Cervidae	Cervus_nippon_yakushimae	78	70	-	1	6	0.0 (0.0,24.7)	5.0 (0.1,24.9)	N/A (N/A,N/A)	N/A (N/A,N/A)	41.5	38.2
simadna_md_1000.fq	4999212	4999212	3416403	 1.5	Cervidae	Cervus_nippon_yesoensis	68	63	-	3	6	6.7 (0.2,31.9)	10.5 (1.3,33.1)	N/A (N/A,N/A)	N/A (N/A,N/A)	40.8	37.0
simadna_md_1000.fq	4999212	4999212	3416403	 1.5	Cervidae	Dama_dama	84	77	-	3	10	4.0 (0.1,20.4)	15.4 (1.9,45.4)	N/A (N/A,N/A)	N/A (N/A,N/A)	40.8	39.2
simadna_md_1000.fq	4999212	4999212	3416403	 1.5	Cervidae	Dama_mesopotamica	81	72	-	3	6	5.3 (0.1,26.0)	16.7 (2.1,48.4)	N/A (N/A,N/A)	N/A (N/A,N/A)	40.9	38.3
simadna_md_1000.fq	4999212	4999212	3416403	 1.5	Cervidae	Elaphodus_cephalophus	59	51	-	2	6	18.2 (2.3,51.8)	0.0 (0.0,36.9)	N/A (N/A,N/A)	N/A (N/A,N/A)	40.8	39.0
simadna_md_1000.fq	4999212	4999212	3416403	 1.5	Cervidae	Elaphurus_davidianus	78	73	-	4	7	8.7 (1.1,28.0)	10.5 (1.3,33.1)	N/A (N/A,N/A)	N/A (N/A,N/A)	40.8	40.3
simadna_md_1000.fq	4999212	4999212	3416403	 1.5	Cervidae	Hippocamelus_antisensis	68	63	-	1	4	0.0 (0.0,23.2)	6.2 (0.2,30.2)	N/A (N/A,N/A)	N/A (N/A,N/A)	40.6	46.0
simadna_md_1000.fq	4999212	4999212	3416403	 1.5	Cervidae	Hydropotes_inermis	55	51	-	1	5	8.3 (0.2,38.5)	0.0 (0.0,33.6)	N/A (N/A,N/A)	N/A (N/A,N/A)	40.7	40.2
simadna_md_1000.fq	4999212	4999212	3416403	 1.5	Cervidae	Hydropotes_inermis_argyropus	49	46	-	1	4	10.0 (0.3,44.5)	0.0 (0.0,36.9)	N/A (N/A,N/A)	N/A (N/A,N/A)	41.0	40.0
simadna_md_1000.fq	4999212	4999212	3416403	 1.5	Cervidae	Mazama_americana	70	63	-	1	4	9.1 (0.2,41.3)	0.0 (0.0,21.8)	N/A (N/A,N/A)	N/A (N/A,N/A)	41.0	42.0
simadna_md_1000.fq	4999212	4999212	3416403	 1.5	Cervidae	Mazama_rufina	91	81	-	6	13	13.6 (2.9,34.9)	13.6 (2.9,34.9)	0.0 (0.0,97.5)	0.0 (0.0,97.5)	41.1	39.5
simadna_md_1000.fq	4999212	4999212	3416403	 1.5	Cervidae	Muntiacus_crinifrons	80	71	-	3	7	12.5 (1.6,38.3)	5.6 (0.1,27.3)	0.0 (0.0,97.5)	0.0 (0.0,84.2)	40.9	40.7
simadna_md_1000.fq	4999212	4999212	3416403	 1.5	Cervidae	Muntiacus_muntjak	82	72	-	3	6	6.7 (0.2,31.9)	11.1 (1.4,34.7)	0.0 (0.0,97.5)	0.0 (0.0,97.5)	40.8	40.7
simadna_md_1000.fq	4999212	4999212	3416403	 1.5	Cervidae	Muntiacus_reevesi	91	82	-	2	4	4.8 (0.1,23.8)	4.8 (0.1,23.8)	0.0 (0.0,97.5)	0.0 (0.0,97.5)	40.7	39.0
simadna_md_1000.fq	4999212	4999212	3416403	 1.5	Cervidae	Muntiacus_reevesi_micrurus	93	82	-	2	6	5.0 (0.1,24.9)	4.8 (0.1,23.8)	0.0 (0.0,97.5)	0.0 (0.0,97.5)	40.5	39.3
simadna_md_1000.fq	4999212	4999212	3416403	 1.5	Cervidae	Muntiacus_vuquangensis	86	77	-	3	7	0.0 (0.0,20.6)	17.6 (3.8,43.4)	0.0 (0.0,97.5)	N/A (N/A,N/A)	40.9	39.7
simadna_md_1000.fq	4999212	4999212	3416403	 1.5	Cervidae	Odocoileus_hemionus	66	60	-	0	7	0.0 (0.0,28.5)	0.0 (0.0,23.2)	N/A (N/A,N/A)	N/A (N/A,N/A)	40.7	39.3
simadna_md_1000.fq	4999212	4999212	3416403	 1.5	Cervidae	Odocoileus_virginianus	74	65	-	0	5	0.0 (0.0,24.7)	0.0 (0.0,21.8)	N/A (N/A,N/A)	N/A (N/A,N/A)	40.8	39.6
simadna_md_1000.fq	4999212	4999212	3416403	 1.5	Cervidae	Ozotoceros_bezoarticus	77	69	-	3	11	5.3 (0.1,26.0)	11.8 (1.5,36.4)	0.0 (0.0,97.5)	0.0 (0.0,97.5)	40.4	41.0
simadna_md_1000.fq	4999212	4999212	3416403	 1.5	Cervidae	Passalites_nemorivagus	74	64	-	2	7	5.9 (0.1,28.7)	11.1 (0.3,48.2)	N/A (N/A,N/A)	N/A (N/A,N/A)	40.2	42.1
simadna_md_1000.fq	4999212	4999212	3416403	 1.5	Cervidae	Pudu_mephistophiles	103	90	-	6	16	13.6 (2.9,34.9)	13.0 (2.8,33.6)	0.0 (0.0,97.5)	0.0 (0.0,97.5)	41.0	40.4
simadna_md_1000.fq	4999212	4999212	3416403	 1.5	Cervidae	Pudu_puda	70	62	-	1	4	0.0 (0.0,24.7)	6.2 (0.2,30.2)	0.0 (0.0,97.5)	N/A (N/A,N/A)	40.9	40.8
simadna_md_1000.fq	4999212	4999212	3416403	 1.5	Cervidae	Rangifer_tarandus	83	78	-	2	6	10.5 (1.3,33.1)	0.0 (0.0,23.2)	N/A (N/A,N/A)	N/A (N/A,N/A)	41.8	41.3
simadna_md_1000.fq	4999212	4999212	3416403	 1.5	Cervidae	Rucervus_duvaucelii	68	63	-	3	5	7.7 (0.2,36.0)	12.5 (1.6,38.3)	0.0 (0.0,97.5)	N/A (N/A,N/A)	40.8	39.2
simadna_md_1000.fq	4999212	4999212	3416403	 1.5	Cervidae	Rucervus_eldii	73	66	-	1	4	0.0 (0.0,20.6)	7.1 (0.2,33.9)	N/A (N/A,N/A)	N/A (N/A,N/A)	40.3	37.5
simadna_md_1000.fq	4999212	4999212	3416403	 1.5	Cervidae	Rusa_alfredi	63	60	-	1	2	0.0 (0.0,36.9)	6.2 (0.2,30.2)	N/A (N/A,N/A)	N/A (N/A,N/A)	41.4	41.5
simadna_md_1000.fq	4999212	4999212	3416403	 1.5	Cervidae	Rusa_timorensis	79	72	-	2	4	5.9 (0.1,28.7)	5.9 (0.1,28.7)	N/A (N/A,N/A)	N/A (N/A,N/A)	41.4	40.0
simadna_md_1000.fq	4999212	4999212	3416403	 1.5	Cervidae	Rusa_unicolor_swinhoei	64	60	-	3	6	6.7 (0.2,31.9)	12.5 (1.6,38.3)	N/A (N/A,N/A)	N/A (N/A,N/A)	40.4	37.8
simadna_md_1000.fq	4999212	4999212	3416403	 1.5	Cervidae	Subulo_gouazoubira	78	71	-	3	8	7.1 (0.2,33.9)	9.5 (1.2,30.4)	N/A (N/A,N/A)	0.0 (0.0,97.5)	40.7	42.9
simadna_md_1000.fq	4999212	4999212	3416403	 1.5	Cheirogaleidae	Microcebus_murinus	3	3	-	0	0	0.0 (0.0,97.5)	N/A (N/A,N/A)	N/A (N/A,N/A)	N/A (N/A,N/A)	48.0	N/A
simadna_md_1000.fq	4999212	4999212	3416403	 1.5	Chinchillidae	Chinchilla_lanigera	5	4	-	0	1	0.0 (0.0,97.5)	0.0 (0.0,97.5)	N/A (N/A,N/A)	N/A (N/A,N/A)	39.2	48.0
simadna_md_1000.fq	4999212	4999212	3416403	 1.5	Chlamyphoridae	Cabassous_centralis	13	12	-	0	0	N/A (N/A,N/A)	0.0 (0.0,70.8)	N/A (N/A,N/A)	N/A (N/A,N/A)	38.3	N/A
simadna_md_1000.fq	4999212	4999212	3416403	 1.5	Chlamyphoridae	Cabassous_chacoensis	8	8	-	0	1	N/A (N/A,N/A)	0.0 (0.0,84.2)	N/A (N/A,N/A)	N/A (N/A,N/A)	38.6	38.0
simadna_md_1000.fq	4999212	4999212	3416403	 1.5	Chlamyphoridae	Cabassous_tatouay	52	12	-	0	0	0.0 (0.0,84.2)	0.0 (0.0,70.8)	N/A (N/A,N/A)	N/A (N/A,N/A)	41.2	N/A
simadna_md_1000.fq	4999212	4999212	3416403	 1.5	Chlamyphoridae	Cabassous_unicinctus	7	7	-	0	0	N/A (N/A,N/A)	0.0 (0.0,97.5)	N/A (N/A,N/A)	N/A (N/A,N/A)	38.9	N/A
simadna_md_1000.fq	4999212	4999212	3416403	 1.5	Chlamyphoridae	Calyptophractus_retusus	162	29	-	0	1	0.0 (0.0,36.9)	0.0 (0.0,45.9)	N/A (N/A,N/A)	N/A (N/A,N/A)	42.0	40.0
simadna_md_1000.fq	4999212	4999212	3416403	 1.5	Chlamyphoridae	Chaetophractus_vellerosus	51	20	-	1	1	0.0 (0.0,45.9)	25.0 (0.6,80.6)	N/A (N/A,N/A)	N/A (N/A,N/A)	41.6	40.0
simadna_md_1000.fq	4999212	4999212	3416403	 1.5	Chlamyphoridae	Chaetophractus_villosus	56	21	-	0	0	0.0 (0.0,60.2)	0.0 (0.0,84.2)	N/A (N/A,N/A)	N/A (N/A,N/A)	41.9	N/A
simadna_md_1000.fq	4999212	4999212	3416403	 1.5	Chlamyphoridae	Chlamyphorus_truncatus	11	10	-	0	3	0.0 (0.0,70.8)	0.0 (0.0,84.2)	N/A (N/A,N/A)	N/A (N/A,N/A)	40.9	39.3
simadna_md_1000.fq	4999212	4999212	3416403	 1.5	Chlamyphoridae	Euphractus_sexcinctus	14	13	-	0	1	0.0 (0.0,84.2)	0.0 (0.0,84.2)	N/A (N/A,N/A)	N/A (N/A,N/A)	39.5	36.0
simadna_md_1000.fq	4999212	4999212	3416403	 1.5	Chlamyphoridae	Priodontes_maximus	20	14	-	1	1	N/A (N/A,N/A)	50.0 (1.3,98.7)	N/A (N/A,N/A)	N/A (N/A,N/A)	44.1	40.0
simadna_md_1000.fq	4999212	4999212	3416403	 1.5	Chlamyphoridae	Tolypeutes_matacus	11	10	-	0	0	N/A (N/A,N/A)	0.0 (0.0,70.8)	N/A (N/A,N/A)	N/A (N/A,N/A)	42.9	N/A
simadna_md_1000.fq	4999212	4999212	3416403	 1.5	Chlamyphoridae	Tolypeutes_tricinctus	13	12	-	0	1	N/A (N/A,N/A)	0.0 (0.0,70.8)	N/A (N/A,N/A)	N/A (N/A,N/A)	42.5	45.0
simadna_md_1000.fq	4999212	4999212	3416403	 1.5	Chlamyphoridae	Zaedyus_pichiy	10	10	-	1	1	0.0 (0.0,97.5)	25.0 (0.6,80.6)	N/A (N/A,N/A)	N/A (N/A,N/A)	41.5	40.0
simadna_md_1000.fq	4999212	4999212	3416403	 1.5	Chrysochloridae	Chrysochloris_asiatica	14	12	-	1	1	25.0 (0.6,80.6)	0.0 (0.0,97.5)	N/A (N/A,N/A)	N/A (N/A,N/A)	40.6	41.0
simadna_md_1000.fq	4999212	4999212	3416403	 1.5	Chrysochloridae	Eremitalpa_granti	8	6	-	0	0	0.0 (0.0,97.5)	0.0 (0.0,97.5)	N/A (N/A,N/A)	N/A (N/A,N/A)	42.7	N/A
simadna_md_1000.fq	4999212	4999212	3416403	 1.5	Cricetidae	Akodon_montensis	4	4	-	0	0	N/A (N/A,N/A)	N/A (N/A,N/A)	N/A (N/A,N/A)	N/A (N/A,N/A)	40.8	N/A
simadna_md_1000.fq	4999212	4999212	3416403	 1.5	Cricetidae	Alexandromys_fortis_calamorum	8	7	-	0	1	N/A (N/A,N/A)	N/A (N/A,N/A)	N/A (N/A,N/A)	N/A (N/A,N/A)	42.1	38.0
simadna_md_1000.fq	4999212	4999212	3416403	 1.5	Cricetidae	Alexandromys_fortis_fortis	8	7	-	0	1	N/A (N/A,N/A)	N/A (N/A,N/A)	N/A (N/A,N/A)	N/A (N/A,N/A)	42.1	38.0
simadna_md_1000.fq	4999212	4999212	3416403	 1.5	Cricetidae	Alexandromys_kikuchii	6	6	-	1	2	0.0 (0.0,97.5)	50.0 (1.3,98.7)	0.0 (0.0,97.5)	N/A (N/A,N/A)	42.7	40.0
simadna_md_1000.fq	4999212	4999212	3416403	 1.5	Cricetidae	Anteliomys_chinensis	7	7	-	0	0	0.0 (0.0,97.5)	0.0 (0.0,97.5)	N/A (N/A,N/A)	N/A (N/A,N/A)	42.0	N/A
simadna_md_1000.fq	4999212	4999212	3416403	 1.5	Cricetidae	Cricetulus_griseus	7	6	-	1	1	0.0 (0.0,84.2)	33.3 (0.8,90.6)	0.0 (0.0,97.5)	N/A (N/A,N/A)	41.7	43.0
simadna_md_1000.fq	4999212	4999212	3416403	 1.5	Cricetidae	Cricetulus_longicaudatus	6	5	-	1	1	0.0 (0.0,97.5)	50.0 (1.3,98.7)	0.0 (0.0,97.5)	N/A (N/A,N/A)	40.6	43.0
simadna_md_1000.fq	4999212	4999212	3416403	 1.5	Cricetidae	Eothenomys_melanogaster	4	4	-	0	0	N/A (N/A,N/A)	N/A (N/A,N/A)	N/A (N/A,N/A)	N/A (N/A,N/A)	43.8	N/A
simadna_md_1000.fq	4999212	4999212	3416403	 1.5	Cricetidae	Mesocricetus_auratus	14	13	-	2	3	0.0 (0.0,70.8)	40.0 (5.3,85.3)	0.0 (0.0,97.5)	N/A (N/A,N/A)	40.5	40.7
simadna_md_1000.fq	4999212	4999212	3416403	 1.5	Cricetidae	Microtus_ochrogaster	3	3	-	0	0	N/A (N/A,N/A)	0.0 (0.0,97.5)	N/A (N/A,N/A)	N/A (N/A,N/A)	46.3	N/A
simadna_md_1000.fq	4999212	4999212	3416403	 1.5	Cricetidae	Microtus_rossiaemeridionalis	9	9	-	1	2	0.0 (0.0,70.8)	25.0 (0.6,80.6)	0.0 (0.0,97.5)	N/A (N/A,N/A)	38.3	40.0
simadna_md_1000.fq	4999212	4999212	3416403	 1.5	Cricetidae	Mictomicrotus_liangshanensis	8	8	-	1	4	0.0 (0.0,84.2)	33.3 (0.8,90.6)	0.0 (0.0,97.5)	N/A (N/A,N/A)	40.9	45.2
simadna_md_1000.fq	4999212	4999212	3416403	 1.5	Cricetidae	Myodes_glareolus	5	5	-	0	0	N/A (N/A,N/A)	N/A (N/A,N/A)	N/A (N/A,N/A)	N/A (N/A,N/A)	45.0	N/A
simadna_md_1000.fq	4999212	4999212	3416403	 1.5	Cricetidae	Myodes_regulus	9	7	-	0	2	0.0 (0.0,97.5)	N/A (N/A,N/A)	N/A (N/A,N/A)	N/A (N/A,N/A)	44.7	50.5
simadna_md_1000.fq	4999212	4999212	3416403	 1.5	Cricetidae	Neodon_irene	4	4	-	0	0	N/A (N/A,N/A)	N/A (N/A,N/A)	N/A (N/A,N/A)	N/A (N/A,N/A)	45.2	N/A
simadna_md_1000.fq	4999212	4999212	3416403	 1.5	Cricetidae	Tscherskia_triton	4	3	-	0	0	N/A (N/A,N/A)	N/A (N/A,N/A)	N/A (N/A,N/A)	N/A (N/A,N/A)	38.0	N/A
simadna_md_1000.fq	4999212	4999212	3416403	 1.5	Cricetidae	Wiedomys_cerradensis	8	7	-	0	1	0.0 (0.0,97.5)	0.0 (0.0,97.5)	N/A (N/A,N/A)	N/A (N/A,N/A)	42.7	40.0
simadna_md_1000.fq	4999212	4999212	3416403	 1.5	Ctenomyidae	Ctenomys_leucodon	2	2	-	0	0	N/A (N/A,N/A)	N/A (N/A,N/A)	N/A (N/A,N/A)	N/A (N/A,N/A)	41.0	N/A
simadna_md_1000.fq	4999212	4999212	3416403	 1.5	Ctenomyidae	Ctenomys_sociabilis	2	2	-	0	0	0.0 (0.0,97.5)	N/A (N/A,N/A)	N/A (N/A,N/A)	N/A (N/A,N/A)	40.0	N/A
simadna_md_1000.fq	4999212	4999212	3416403	 1.5	Cyclopedidae	Cyclopes_didactylus	5	5	-	1	1	N/A (N/A,N/A)	100.0 (2.5,100.0)	N/A (N/A,N/A)	N/A (N/A,N/A)	36.2	37.0
simadna_md_1000.fq	4999212	4999212	3416403	 1.5	Cynocephalidae	Galeopterus_variegatus	8	6	-	1	2	100.0 (2.5,100.0)	0.0 (0.0,70.8)	N/A (N/A,N/A)	0.0 (0.0,97.5)	40.8	39.5
simadna_md_1000.fq	4999212	4999212	3416403	 1.5	Dasypodidae	Dasypus_hybridus	21	18	-	3	4	16.7 (0.4,64.1)	66.7 (9.4,99.2)	0.0 (0.0,84.2)	N/A (N/A,N/A)	41.3	43.5
simadna_md_1000.fq	4999212	4999212	3416403	 1.5	Dasypodidae	Dasypus_kappleri	12	12	-	1	3	33.3 (0.8,90.6)	20.0 (0.5,71.6)	100.0 (2.5,100.0)	100.0 (2.5,100.0)	43.8	50.0
simadna_md_1000.fq	4999212	4999212	3416403	 1.5	Dasypodidae	Dasypus_novemcinctus	8	8	-	1	1	N/A (N/A,N/A)	50.0 (1.3,98.7)	N/A (N/A,N/A)	N/A (N/A,N/A)	38.8	35.0
simadna_md_1000.fq	4999212	4999212	3416403	 1.5	Dasypodidae	Dasypus_pilosus	15	15	-	1	2	0.0 (0.0,84.2)	25.0 (0.6,80.6)	N/A (N/A,N/A)	N/A (N/A,N/A)	39.7	35.0
simadna_md_1000.fq	4999212	4999212	3416403	 1.5	Dasypodidae	Dasypus_sabanicola	11	11	-	0	1	0.0 (0.0,97.5)	0.0 (0.0,70.8)	N/A (N/A,N/A)	N/A (N/A,N/A)	37.7	36.0
simadna_md_1000.fq	4999212	4999212	3416403	 1.5	Dasypodidae	Dasypus_septemcinctus	21	18	-	3	4	16.7 (0.4,64.1)	66.7 (9.4,99.2)	0.0 (0.0,84.2)	N/A (N/A,N/A)	41.3	43.5
simadna_md_1000.fq	4999212	4999212	3416403	 1.5	Dasypodidae	Dasypus_yepesi	10	10	-	0	0	0.0 (0.0,97.5)	0.0 (0.0,70.8)	N/A (N/A,N/A)	N/A (N/A,N/A)	37.9	N/A
simadna_md_1000.fq	4999212	4999212	3416403	 1.5	Daubentoniidae	Daubentonia_madagascariensis	6	6	-	0	1	0.0 (0.0,84.2)	0.0 (0.0,97.5)	N/A (N/A,N/A)	N/A (N/A,N/A)	39.3	40.0
simadna_md_1000.fq	4999212	4999212	3416403	 1.5	Delphinidae	Cephalorhynchus_heavisidii	15	15	-	0	1	0.0 (0.0,70.8)	0.0 (0.0,52.2)	N/A (N/A,N/A)	N/A (N/A,N/A)	39.2	42.0
simadna_md_1000.fq	4999212	4999212	3416403	 1.5	Delphinidae	Delphinus_capensis	11	11	-	1	2	0.0 (0.0,84.2)	50.0 (1.3,98.7)	N/A (N/A,N/A)	N/A (N/A,N/A)	41.0	37.5
simadna_md_1000.fq	4999212	4999212	3416403	 1.5	Delphinidae	Feresa_attenuata	24	21	-	2	3	0.0 (0.0,52.2)	40.0 (5.3,85.3)	0.0 (0.0,97.5)	N/A (N/A,N/A)	40.3	38.0
simadna_md_1000.fq	4999212	4999212	3416403	 1.5	Delphinidae	Globicephala_macrorhynchus	10	10	-	1	3	0.0 (0.0,97.5)	50.0 (1.3,98.7)	N/A (N/A,N/A)	N/A (N/A,N/A)	40.1	37.7
simadna_md_1000.fq	4999212	4999212	3416403	 1.5	Delphinidae	Grampus_griseus	16	16	-	0	1	0.0 (0.0,60.2)	0.0 (0.0,60.2)	N/A (N/A,N/A)	N/A (N/A,N/A)	39.4	40.0
simadna_md_1000.fq	4999212	4999212	3416403	 1.5	Delphinidae	Orcaella_brevirostris	20	17	-	1	1	0.0 (0.0,60.2)	50.0 (1.3,98.7)	N/A (N/A,N/A)	N/A (N/A,N/A)	39.8	39.0
simadna_md_1000.fq	4999212	4999212	3416403	 1.5	Delphinidae	Orcaella_heinsohni	17	15	-	1	3	0.0 (0.0,70.8)	33.3 (0.8,90.6)	N/A (N/A,N/A)	N/A (N/A,N/A)	40.1	37.7
simadna_md_1000.fq	4999212	4999212	3416403	 1.5	Delphinidae	Peponocephala_electra	22	19	-	2	3	0.0 (0.0,52.2)	50.0 (6.8,93.2)	0.0 (0.0,97.5)	N/A (N/A,N/A)	39.7	38.0
simadna_md_1000.fq	4999212	4999212	3416403	 1.5	Delphinidae	Pseudorca_crassidens	24	22	-	2	3	0.0 (0.0,60.2)	28.6 (3.7,71.0)	0.0 (0.0,97.5)	N/A (N/A,N/A)	40.3	38.7
simadna_md_1000.fq	4999212	4999212	3416403	 1.5	Delphinidae	Sousa_chinensis	19	17	-	1	1	0.0 (0.0,70.8)	33.3 (0.8,90.6)	N/A (N/A,N/A)	N/A (N/A,N/A)	41.0	39.0
simadna_md_1000.fq	4999212	4999212	3416403	 1.5	Delphinidae	Stenella_attenuata	13	11	-	1	1	0.0 (0.0,60.2)	33.3 (0.8,90.6)	N/A (N/A,N/A)	N/A (N/A,N/A)	41.0	39.0
simadna_md_1000.fq	4999212	4999212	3416403	 1.5	Delphinidae	Stenella_coeruleoalba	11	9	-	1	1	0.0 (0.0,60.2)	33.3 (0.8,90.6)	N/A (N/A,N/A)	N/A (N/A,N/A)	40.8	39.0
simadna_md_1000.fq	4999212	4999212	3416403	 1.5	Delphinidae	Tursiops_aduncus	6	6	-	1	1	0.0 (0.0,97.5)	50.0 (1.3,98.7)	N/A (N/A,N/A)	N/A (N/A,N/A)	41.3	39.0
simadna_md_1000.fq	4999212	4999212	3416403	 1.5	Delphinidae	Tursiops_australis	10	8	-	0	0	0.0 (0.0,70.8)	0.0 (0.0,70.8)	N/A (N/A,N/A)	N/A (N/A,N/A)	40.1	N/A
simadna_md_1000.fq	4999212	4999212	3416403	 1.5	Delphinidae	Tursiops_truncatus	10	10	-	1	1	0.0 (0.0,84.2)	50.0 (1.3,98.7)	N/A (N/A,N/A)	N/A (N/A,N/A)	41.5	39.0
simadna_md_1000.fq	4999212	4999212	3416403	 1.5	Dipodidae	Dipus_sagitta	1	1	-	0	0	N/A (N/A,N/A)	N/A (N/A,N/A)	N/A (N/A,N/A)	N/A (N/A,N/A)	40.0	N/A
simadna_md_1000.fq	4999212	4999212	3416403	 1.5	Dipodidae	Eozapus_setchuanus	7	5	-	0	0	0.0 (0.0,97.5)	N/A (N/A,N/A)	N/A (N/A,N/A)	N/A (N/A,N/A)	39.4	N/A
simadna_md_1000.fq	4999212	4999212	3416403	 1.5	Dipodidae	Euchoreutes_naso	2	2	-	0	0	N/A (N/A,N/A)	N/A (N/A,N/A)	N/A (N/A,N/A)	N/A (N/A,N/A)	37.5	N/A
simadna_md_1000.fq	4999212	4999212	3416403	 1.5	Dipodidae	Jaculus_jaculus	2	2	-	0	0	N/A (N/A,N/A)	N/A (N/A,N/A)	N/A (N/A,N/A)	N/A (N/A,N/A)	38.0	N/A
simadna_md_1000.fq	4999212	4999212	3416403	 1.5	Dipodidae	Stylodipus_telum	2	2	-	1	1	N/A (N/A,N/A)	100.0 (2.5,100.0)	N/A (N/A,N/A)	N/A (N/A,N/A)	38.0	40.0
simadna_md_1000.fq	4999212	4999212	3416403	 1.5	Dugongidae	Dugong_dugon	6	6	-	0	2	N/A (N/A,N/A)	0.0 (0.0,84.2)	N/A (N/A,N/A)	N/A (N/A,N/A)	41.3	41.5
simadna_md_1000.fq	4999212	4999212	3416403	 1.5	Echimyidae	Proechimys_longicaudatus	2	2	-	0	0	N/A (N/A,N/A)	N/A (N/A,N/A)	N/A (N/A,N/A)	N/A (N/A,N/A)	42.0	N/A
simadna_md_1000.fq	4999212	4999212	3416403	 1.5	Elephantidae	Elephas_maximus	119394	26038	++	1213	2341	11.9 (11.0,12.9)	12.8 (11.9,13.7)	9.4 (5.1,15.5)	12.4 (6.8,20.2)	62.2	62.8
simadna_md_1000.fq	4999212	4999212	3416403	 1.5	Elephantidae	Loxodonta_africana	112316	25003	++	1193	2369	12.4 (11.4,13.3)	13.2 (12.3,14.2)	7.5 (3.3,14.3)	7.3 (3.2,14.0)	61.7	61.9
simadna_md_1000.fq	4999212	4999212	3416403	 1.5	Elephantidae	Loxodonta_cyclotis	119966	26059	++	1215	2350	12.2 (11.3,13.2)	12.4 (11.5,13.4)	5.4 (2.0,11.3)	5.6 (2.1,11.8)	62.3	62.6
simadna_md_1000.fq	4999212	4999212	3416403	 1.5	Elephantidae	Mammuthus_columbi	172069	31883	++	1654	2599	14.4 (13.5,15.3)	12.3 (11.5,13.1)	17.1 (11.5,24.0)	14.5 (9.7,20.6)	66.4	68.1
simadna_md_1000.fq	4999212	4999212	3416403	 1.5	Elephantidae	Mammuthus_primigenius	172858	31946	++	1636	2506	14.2 (13.4,15.1)	12.1 (11.3,12.9)	15.0 (9.8,21.7)	13.1 (8.5,19.1)	66.5	68.5
simadna_md_1000.fq	4999212	4999212	3416403	 1.5	Equidae	Equus_asinus	31	27	-	1	2	0.0 (0.0,33.6)	16.7 (0.4,64.1)	0.0 (0.0,97.5)	N/A (N/A,N/A)	40.4	42.0
simadna_md_1000.fq	4999212	4999212	3416403	 1.5	Equidae	Equus_grevyi	28	21	-	0	1	0.0 (0.0,52.2)	0.0 (0.0,45.9)	N/A (N/A,N/A)	N/A (N/A,N/A)	42.5	52.0
simadna_md_1000.fq	4999212	4999212	3416403	 1.5	Equidae	Equus_hemionus	90	50	-	0	1	0.0 (0.0,26.5)	0.0 (0.0,24.7)	N/A (N/A,N/A)	N/A (N/A,N/A)	41.9	46.0
simadna_md_1000.fq	4999212	4999212	3416403	 1.5	Equidae	Equus_hemionus_kulan	159	57	-	1	2	0.0 (0.0,28.5)	6.2 (0.2,30.2)	N/A (N/A,N/A)	N/A (N/A,N/A)	41.5	42.0
simadna_md_1000.fq	4999212	4999212	3416403	 1.5	Equidae	Equus_kiang	90	50	-	0	1	0.0 (0.0,26.5)	0.0 (0.0,24.7)	N/A (N/A,N/A)	N/A (N/A,N/A)	41.9	46.0
simadna_md_1000.fq	4999212	4999212	3416403	 1.5	Equidae	Equus_ovodovi	32	27	-	1	2	0.0 (0.0,33.6)	16.7 (0.4,64.1)	0.0 (0.0,97.5)	N/A (N/A,N/A)	40.2	42.0
simadna_md_1000.fq	4999212	4999212	3416403	 1.5	Equidae	Equus_przewalskii	148	54	-	1	2	0.0 (0.0,28.5)	10.0 (0.3,44.5)	0.0 (0.0,97.5)	N/A (N/A,N/A)	40.4	42.0
simadna_md_1000.fq	4999212	4999212	3416403	 1.5	Equidae	Equus_quagga_chapmani	72	35	-	0	0	0.0 (0.0,36.9)	0.0 (0.0,30.8)	N/A (N/A,N/A)	N/A (N/A,N/A)	39.8	N/A
simadna_md_1000.fq	4999212	4999212	3416403	 1.5	Equidae	Equus_zebra	28	21	-	1	1	11.1 (0.3,48.2)	0.0 (0.0,45.9)	N/A (N/A,N/A)	0.0 (0.0,97.5)	40.9	39.0
simadna_md_1000.fq	4999212	4999212	3416403	 1.5	Equidae	Equus_zebra_hartmannae	27	20	-	1	1	0.0 (0.0,41.0)	16.7 (0.4,64.1)	0.0 (0.0,97.5)	N/A (N/A,N/A)	40.8	38.0
simadna_md_1000.fq	4999212	4999212	3416403	 1.5	Erethizontidae	Coendou_insidiosus	7	6	-	1	2	0.0 (0.0,97.5)	100.0 (2.5,100.0)	0.0 (0.0,97.5)	N/A (N/A,N/A)	37.8	41.0
simadna_md_1000.fq	4999212	4999212	3416403	 1.5	Erinaceidae	Echinosorex_gymnura	1	1	-	0	0	N/A (N/A,N/A)	N/A (N/A,N/A)	N/A (N/A,N/A)	N/A (N/A,N/A)	37.0	N/A
simadna_md_1000.fq	4999212	4999212	3416403	 1.5	Erinaceidae	Erinaceus_europaeus	4	4	-	0	0	N/A (N/A,N/A)	N/A (N/A,N/A)	N/A (N/A,N/A)	N/A (N/A,N/A)	37.0	N/A
simadna_md_1000.fq	4999212	4999212	3416403	 1.5	Erinaceidae	Hemiechinus_auritus	5	5	-	0	0	N/A (N/A,N/A)	0.0 (0.0,84.2)	N/A (N/A,N/A)	N/A (N/A,N/A)	41.0	N/A
simadna_md_1000.fq	4999212	4999212	3416403	 1.5	Erinaceidae	Hylomys_suillus	6	6	-	0	0	N/A (N/A,N/A)	N/A (N/A,N/A)	N/A (N/A,N/A)	N/A (N/A,N/A)	39.2	N/A
simadna_md_1000.fq	4999212	4999212	3416403	 1.5	Erinaceidae	Neotetracus_sinensis	2	2	-	0	0	N/A (N/A,N/A)	N/A (N/A,N/A)	N/A (N/A,N/A)	N/A (N/A,N/A)	43.0	N/A
simadna_md_1000.fq	4999212	4999212	3416403	 1.5	Eupleridae	Mungotictis_decemlineata	430	94	-	4	8	13.6 (2.9,34.9)	6.2 (0.2,30.2)	N/A (N/A,N/A)	N/A (N/A,N/A)	43.6	43.1
simadna_md_1000.fq	4999212	4999212	3416403	 1.5	Felidae	Acinonyx_jubatus	223	146	-	5	14	3.3 (0.1,17.2)	12.1 (3.4,28.2)	0.0 (0.0,97.5)	0.0 (0.0,97.5)	41.2	39.9
simadna_md_1000.fq	4999212	4999212	3416403	 1.5	Felidae	Caracal_caracal	150	116	-	5	7	8.7 (1.1,28.0)	12.0 (2.5,31.2)	0.0 (0.0,97.5)	0.0 (0.0,84.2)	42.2	42.1
simadna_md_1000.fq	4999212	4999212	3416403	 1.5	Felidae	Catopuma_badia	203	160	-	9	20	2.9 (0.1,15.3)	20.5 (9.3,36.5)	0.0 (0.0,84.2)	0.0 (0.0,97.5)	42.5	42.4
simadna_md_1000.fq	4999212	4999212	3416403	 1.5	Felidae	Catopuma_temminckii	370	177	-	7	14	5.7 (0.7,19.2)	16.1 (5.5,33.7)	N/A (N/A,N/A)	0.0 (0.0,97.5)	41.6	41.9
simadna_md_1000.fq	4999212	4999212	3416403	 1.5	Felidae	Felis_catus	238	163	+	14	24	12.5 (3.5,29.0)	26.3 (13.4,43.1)	N/A (N/A,N/A)	0.0 (0.0,84.2)	42.3	40.9
simadna_md_1000.fq	4999212	4999212	3416403	 1.5	Felidae	Felis_chaus	198	135	+	8	20	7.1 (0.9,23.5)	25.0 (9.8,46.7)	0.0 (0.0,97.5)	0.0 (0.0,97.5)	42.6	41.4
simadna_md_1000.fq	4999212	4999212	3416403	 1.5	Felidae	Felis_margarita	177	131	-	7	12	10.3 (2.2,27.4)	15.4 (4.4,34.9)	N/A (N/A,N/A)	0.0 (0.0,84.2)	42.9	42.8
simadna_md_1000.fq	4999212	4999212	3416403	 1.5	Felidae	Felis_nigripes	183	137	-	8	16	10.7 (2.3,28.2)	17.9 (6.1,36.9)	0.0 (0.0,97.5)	0.0 (0.0,84.2)	42.7	41.9
simadna_md_1000.fq	4999212	4999212	3416403	 1.5	Felidae	Felis_silvestris	257	153	-	10	15	13.2 (4.4,28.1)	13.5 (4.5,28.8)	N/A (N/A,N/A)	0.0 (0.0,60.2)	42.6	41.7
simadna_md_1000.fq	4999212	4999212	3416403	 1.5	Felidae	Herpailurus_yagouaroundi	322	175	+	12	24	9.8 (2.7,23.1)	25.7 (12.5,43.3)	100.0 (2.5,100.0)	50.0 (1.3,98.7)	42.5	42.5
simadna_md_1000.fq	4999212	4999212	3416403	 1.5	Felidae	Leopardus_colocola	512	221	-	12	20	7.1 (1.5,19.5)	17.6 (8.4,30.9)	0.0 (0.0,70.8)	0.0 (0.0,84.2)	42.3	42.5
simadna_md_1000.fq	4999212	4999212	3416403	 1.5	Felidae	Leopardus_geoffroyi	482	225	+	18	32	20.5 (9.8,35.3)	15.0 (7.1,26.6)	0.0 (0.0,84.2)	0.0 (0.0,60.2)	42.2	42.7
simadna_md_1000.fq	4999212	4999212	3416403	 1.5	Felidae	Leopardus_guigna	497	224	-	15	31	13.6 (5.2,27.4)	16.7 (7.9,29.3)	0.0 (0.0,84.2)	0.0 (0.0,70.8)	42.2	41.0
simadna_md_1000.fq	4999212	4999212	3416403	 1.5	Felidae	Leopardus_jacobita	215	156	-	9	22	10.8 (3.0,25.4)	14.6 (5.6,29.2)	50.0 (1.3,98.7)	33.3 (0.8,90.6)	42.3	41.7
simadna_md_1000.fq	4999212	4999212	3416403	 1.5	Felidae	Leopardus_pardalis	441	209	-	9	20	6.4 (1.3,17.5)	13.3 (5.1,26.8)	0.0 (0.0,97.5)	0.0 (0.0,84.2)	41.7	41.6
simadna_md_1000.fq	4999212	4999212	3416403	 1.5	Felidae	Leopardus_tigrinus	499	212	+	18	32	13.3 (5.1,26.8)	22.8 (12.7,35.8)	33.3 (0.8,90.6)	25.0 (0.6,80.6)	41.6	41.8
simadna_md_1000.fq	4999212	4999212	3416403	 1.5	Felidae	Leopardus_wiedii	486	237	-	11	26	5.6 (1.2,15.4)	15.1 (6.7,27.6)	0.0 (0.0,70.8)	0.0 (0.0,84.2)	41.8	41.4
simadna_md_1000.fq	4999212	4999212	3416403	 1.5	Felidae	Leptailurus_serval	234	173	-	10	22	6.1 (0.7,20.2)	20.5 (9.3,36.5)	0.0 (0.0,97.5)	0.0 (0.0,84.2)	41.8	43.0
simadna_md_1000.fq	4999212	4999212	3416403	 1.5	Felidae	Lynx_canadensis	560	184	-	12	27	12.2 (4.1,26.2)	13.2 (5.5,25.3)	0.0 (0.0,84.2)	0.0 (0.0,84.2)	42.2	41.7
simadna_md_1000.fq	4999212	4999212	3416403	 1.5	Felidae	Lynx_lynx	677	206	-	10	21	13.3 (5.1,26.8)	6.9 (1.9,16.7)	0.0 (0.0,97.5)	0.0 (0.0,70.8)	42.1	41.1
simadna_md_1000.fq	4999212	4999212	3416403	 1.5	Felidae	Lynx_pardinus	454	183	-	11	23	10.6 (3.5,23.1)	12.8 (4.8,25.7)	0.0 (0.0,60.2)	0.0 (0.0,84.2)	42.3	41.5
simadna_md_1000.fq	4999212	4999212	3416403	 1.5	Felidae	Lynx_rufus	196	155	-	10	20	11.4 (3.8,24.6)	12.8 (4.3,27.4)	0.0 (0.0,97.5)	0.0 (0.0,70.8)	42.2	41.7
simadna_md_1000.fq	4999212	4999212	3416403	 1.5	Felidae	Neofelis_nebulosa	254	150	-	9	25	9.7 (2.0,25.8)	21.9 (9.3,40.0)	100.0 (2.5,100.0)	50.0 (1.3,98.7)	41.6	41.0
simadna_md_1000.fq	4999212	4999212	3416403	 1.5	Felidae	Otocolobus_manul	175	137	+	9	21	6.7 (0.8,22.1)	26.9 (11.6,47.8)	N/A (N/A,N/A)	0.0 (0.0,84.2)	42.1	40.5
simadna_md_1000.fq	4999212	4999212	3416403	 1.5	Felidae	Panthera_leo	359	185	-	9	20	7.5 (1.6,20.4)	16.2 (6.2,32.0)	0.0 (0.0,97.5)	0.0 (0.0,97.5)	41.7	40.5
simadna_md_1000.fq	4999212	4999212	3416403	 1.5	Felidae	Panthera_leo_persica	356	188	-	9	19	7.0 (1.5,19.1)	16.2 (6.2,32.0)	0.0 (0.0,97.5)	0.0 (0.0,97.5)	41.7	41.1
simadna_md_1000.fq	4999212	4999212	3416403	 1.5	Felidae	Panthera_onca	246	154	-	5	14	3.0 (0.1,15.8)	16.7 (4.7,37.4)	N/A (N/A,N/A)	0.0 (0.0,97.5)	42.1	44.5
simadna_md_1000.fq	4999212	4999212	3416403	 1.5	Felidae	Panthera_pardus	253	163	-	10	23	16.7 (6.4,32.8)	11.1 (3.1,26.1)	0.0 (0.0,97.5)	0.0 (0.0,97.5)	41.6	41.3
simadna_md_1000.fq	4999212	4999212	3416403	 1.5	Felidae	Panthera_tigris	260	165	+	8	15	3.1 (0.1,16.2)	24.2 (11.1,42.3)	50.0 (1.3,98.7)	100.0 (2.5,100.0)	42.2	42.5
simadna_md_1000.fq	4999212	4999212	3416403	 1.5	Felidae	Panthera_tigris_amoyensis	278	161	+	8	16	3.6 (0.1,18.3)	22.2 (10.1,39.2)	50.0 (1.3,98.7)	100.0 (2.5,100.0)	41.5	42.8
simadna_md_1000.fq	4999212	4999212	3416403	 1.5	Felidae	Panthera_uncia	271	150	-	10	18	11.8 (3.3,27.5)	18.8 (7.2,36.4)	0.0 (0.0,97.5)	0.0 (0.0,97.5)	42.1	42.1
simadna_md_1000.fq	4999212	4999212	3416403	 1.5	Felidae	Pardofelis_marmorata	369	188	+	13	27	6.5 (1.4,17.9)	19.2 (9.6,32.5)	0.0 (0.0,70.8)	0.0 (0.0,97.5)	41.9	42.0
simadna_md_1000.fq	4999212	4999212	3416403	 1.5	Felidae	Prionailurus_bengalensis	328	177	-	6	9	8.1 (1.7,21.9)	7.7 (1.6,20.9)	0.0 (0.0,97.5)	0.0 (0.0,70.8)	41.8	41.4
simadna_md_1000.fq	4999212	4999212	3416403	 1.5	Felidae	Prionailurus_bengalensis_euptilurus	281	190	-	7	22	7.7 (1.6,20.9)	8.2 (2.3,19.6)	N/A (N/A,N/A)	0.0 (0.0,70.8)	42.5	41.8
simadna_md_1000.fq	4999212	4999212	3416403	 1.5	Felidae	Prionailurus_planiceps	240	153	-	6	15	11.1 (2.4,29.2)	9.1 (1.9,24.3)	N/A (N/A,N/A)	0.0 (0.0,84.2)	41.6	41.7
simadna_md_1000.fq	4999212	4999212	3416403	 1.5	Felidae	Prionailurus_rubiginosus	312	185	-	7	22	10.0 (2.8,23.7)	6.2 (1.3,17.2)	N/A (N/A,N/A)	0.0 (0.0,70.8)	41.6	41.5
simadna_md_1000.fq	4999212	4999212	3416403	 1.5	Felidae	Prionailurus_viverrinus	418	188	-	7	14	8.3 (1.8,22.5)	8.7 (2.4,20.8)	0.0 (0.0,97.5)	0.0 (0.0,84.2)	42.3	42.6
simadna_md_1000.fq	4999212	4999212	3416403	 1.5	Felidae	Profelis_aurata	277	158	-	7	15	9.4 (2.0,25.0)	9.3 (2.6,22.1)	0.0 (0.0,97.5)	0.0 (0.0,70.8)	41.8	41.2
simadna_md_1000.fq	4999212	4999212	3416403	 1.5	Felidae	Puma_concolor	190	133	-	6	11	7.1 (0.9,23.5)	15.4 (4.4,34.9)	N/A (N/A,N/A)	0.0 (0.0,84.2)	41.1	40.0
simadna_md_1000.fq	4999212	4999212	3416403	 1.5	Galagidae	Galago_moholi	2	2	-	0	0	N/A (N/A,N/A)	0.0 (0.0,97.5)	N/A (N/A,N/A)	N/A (N/A,N/A)	45.0	N/A
simadna_md_1000.fq	4999212	4999212	3416403	 1.5	Galagidae	Galago_senegalensis	1	1	-	0	0	N/A (N/A,N/A)	N/A (N/A,N/A)	N/A (N/A,N/A)	N/A (N/A,N/A)	51.0	N/A
simadna_md_1000.fq	4999212	4999212	3416403	 1.5	Galagidae	Otolemur_crassicaudatus	1	1	-	0	0	0.0 (0.0,97.5)	N/A (N/A,N/A)	N/A (N/A,N/A)	N/A (N/A,N/A)	38.0	N/A
simadna_md_1000.fq	4999212	4999212	3416403	 1.5	Giraffidae	Giraffa_camelopardalis	27	22	-	3	4	16.7 (0.4,64.1)	22.2 (2.8,60.0)	0.0 (0.0,97.5)	N/A (N/A,N/A)	40.8	43.5
simadna_md_1000.fq	4999212	4999212	3416403	 1.5	Giraffidae	Giraffa_giraffa_angolensis	26	21	+	4	7	16.7 (0.4,64.1)	44.4 (13.7,78.8)	33.3 (0.8,90.6)	100.0 (2.5,100.0)	40.9	42.3
simadna_md_1000.fq	4999212	4999212	3416403	 1.5	Giraffidae	Okapia_johnstoni	18	16	-	1	4	50.0 (1.3,98.7)	33.3 (0.8,90.6)	100.0 (2.5,100.0)	100.0 (2.5,100.0)	40.4	40.5
simadna_md_1000.fq	4999212	4999212	3416403	 1.5	Gliridae	Glis_glis	2	2	-	0	0	N/A (N/A,N/A)	0.0 (0.0,97.5)	N/A (N/A,N/A)	N/A (N/A,N/A)	35.0	N/A
simadna_md_1000.fq	4999212	4999212	3416403	 1.5	Herpestidae	Urva_javanica	23	20	-	1	1	11.1 (0.3,48.2)	0.0 (0.0,60.2)	N/A (N/A,N/A)	N/A (N/A,N/A)	41.5	47.0
simadna_md_1000.fq	4999212	4999212	3416403	 1.5	Hippopotamidae	Hexaprotodon_liberiensis	14	13	-	1	2	0.0 (0.0,84.2)	16.7 (0.4,64.1)	N/A (N/A,N/A)	N/A (N/A,N/A)	43.2	47.0
simadna_md_1000.fq	4999212	4999212	3416403	 1.5	Hippopotamidae	Hippopotamus_amphibius	6	6	-	0	1	N/A (N/A,N/A)	0.0 (0.0,70.8)	N/A (N/A,N/A)	N/A (N/A,N/A)	46.8	50.0
simadna_md_1000.fq	4999212	4999212	3416403	 1.5	Hipposideridae	Hipposideros_armiger	2	2	-	0	0	N/A (N/A,N/A)	N/A (N/A,N/A)	N/A (N/A,N/A)	N/A (N/A,N/A)	36.0	N/A
simadna_md_1000.fq	4999212	4999212	3416403	 1.5	Hominidae	Gorilla_gorilla	7222	4743	+	214	426	11.1 (9.2,13.3)	11.7 (9.7,13.9)	4.8 (0.1,23.8)	5.6 (0.1,27.3)	50.6	50.6
simadna_md_1000.fq	4999212	4999212	3416403	 1.5	Hominidae	Gorilla_gorilla_gorilla	7197	4777	+	209	415	10.4 (8.5,12.5)	12.0 (10.0,14.3)	4.5 (0.1,22.8)	6.2 (0.2,30.2)	50.5	50.5
simadna_md_1000.fq	4999212	4999212	3416403	 1.5	Hominidae	Homo_heidelbergensis	37219	20843	++	1281	2149	15.5 (14.4,16.6)	14.3 (13.3,15.4)	14.9 (9.7,21.6)	12.9 (8.4,18.8)	56.1	56.5
simadna_md_1000.fq	4999212	4999212	3416403	 1.5	Hominidae	Homo_sapiens	40584	22376	++	1440	2377	16.1 (15.0,17.1)	14.6 (13.6,15.7)	19.2 (13.8,25.7)	16.6 (11.8,22.3)	56.6	56.8
simadna_md_1000.fq	4999212	4999212	3416403	 1.5	Hominidae	Homo_sapiens_neanderthalensis	41479	22747	++	1480	2300	16.5 (15.5,17.6)	14.3 (13.3,15.3)	19.1 (13.8,25.5)	15.9 (11.4,21.4)	56.8	57.0
simadna_md_1000.fq	4999212	4999212	3416403	 1.5	Hominidae	Homo_sapiens_subsp._'Denisova'	38206	21357	++	1368	2347	16.1 (15.0,17.2)	14.8 (13.8,15.8)	17.2 (11.8,23.7)	15.4 (10.6,21.4)	56.3	56.4
simadna_md_1000.fq	4999212	4999212	3416403	 1.5	Hominidae	Pan_paniscus	12713	8117	++	421	833	12.1 (10.6,13.9)	14.4 (12.8,16.2)	18.5 (9.3,31.4)	26.3 (13.4,43.1)	50.9	50.2
simadna_md_1000.fq	4999212	4999212	3416403	 1.5	Hominidae	Pan_troglodytes	11999	7748	++	388	771	12.0 (10.4,13.7)	13.4 (11.7,15.1)	13.6 (5.2,27.4)	15.0 (5.7,29.8)	50.5	49.2
simadna_md_1000.fq	4999212	4999212	3416403	 1.5	Hominidae	Pongo_abelii	2922	2024	-	81	187	9.7 (7.0,13.1)	10.8 (7.9,14.2)	25.0 (0.6,80.6)	11.1 (0.3,48.2)	47.9	48.0
simadna_md_1000.fq	4999212	4999212	3416403	 1.5	Hominidae	Pongo_pygmaeus	2532	1797	-	75	169	9.1 (6.3,12.6)	11.4 (8.4,15.0)	0.0 (0.0,45.9)	0.0 (0.0,41.0)	47.3	46.1
simadna_md_1000.fq	4999212	4999212	3416403	 1.5	Hyaenidae	Crocuta_crocuta	1074244	31624	-	1094	1555	7.5 (7.0,8.1)	5.8 (5.3,6.3)	12.1 (6.8,19.4)	8.3 (4.6,13.5)	60.8	58.1
simadna_md_1000.fq	4999212	4999212	3416403	 1.5	Hyaenidae	Hyaena_hyaena	188196	12691	-	313	885	4.8 (4.0,5.7)	6.9 (6.0,7.9)	0.0 (0.0,11.6)	0.0 (0.0,10.9)	55.2	55.6
simadna_md_1000.fq	4999212	4999212	3416403	 1.5	Hylobatidae	Hylobates_agilis	3	3	-	0	0	N/A (N/A,N/A)	0.0 (0.0,97.5)	N/A (N/A,N/A)	N/A (N/A,N/A)	40.3	N/A
simadna_md_1000.fq	4999212	4999212	3416403	 1.5	Hylobatidae	Hylobates_lar	4	4	-	1	1	100.0 (2.5,100.0)	N/A (N/A,N/A)	N/A (N/A,N/A)	N/A (N/A,N/A)	42.2	36.0
simadna_md_1000.fq	4999212	4999212	3416403	 1.5	Hylobatidae	Hylobates_pileatus	2	2	-	0	0	N/A (N/A,N/A)	N/A (N/A,N/A)	N/A (N/A,N/A)	N/A (N/A,N/A)	40.5	N/A
simadna_md_1000.fq	4999212	4999212	3416403	 1.5	Hylobatidae	Nomascus_gabriellae	2	2	-	0	1	N/A (N/A,N/A)	0.0 (0.0,97.5)	N/A (N/A,N/A)	N/A (N/A,N/A)	40.5	44.0
simadna_md_1000.fq	4999212	4999212	3416403	 1.5	Hylobatidae	Nomascus_leucogenys	2	2	-	0	1	N/A (N/A,N/A)	0.0 (0.0,97.5)	N/A (N/A,N/A)	N/A (N/A,N/A)	40.5	44.0
simadna_md_1000.fq	4999212	4999212	3416403	 1.5	Hylobatidae	Nomascus_siki	2	2	-	0	1	N/A (N/A,N/A)	0.0 (0.0,97.5)	N/A (N/A,N/A)	N/A (N/A,N/A)	40.5	44.0
simadna_md_1000.fq	4999212	4999212	3416403	 1.5	Indriidae	Avahi_laniger	5	3	-	0	0	N/A (N/A,N/A)	0.0 (0.0,97.5)	N/A (N/A,N/A)	N/A (N/A,N/A)	39.0	N/A
simadna_md_1000.fq	4999212	4999212	3416403	 1.5	Indriidae	Indri_indri	7	7	-	0	1	N/A (N/A,N/A)	0.0 (0.0,70.8)	N/A (N/A,N/A)	N/A (N/A,N/A)	39.9	43.0
simadna_md_1000.fq	4999212	4999212	3416403	 1.5	Indriidae	Propithecus_coquereli	10	8	-	1	1	50.0 (1.3,98.7)	0.0 (0.0,84.2)	N/A (N/A,N/A)	0.0 (0.0,97.5)	41.0	37.0
simadna_md_1000.fq	4999212	4999212	3416403	 1.5	Indriidae	Propithecus_diadema	5	5	-	0	0	0.0 (0.0,97.5)	N/A (N/A,N/A)	N/A (N/A,N/A)	N/A (N/A,N/A)	38.2	N/A
simadna_md_1000.fq	4999212	4999212	3416403	 1.5	Indriidae	Propithecus_edwardsi	4	4	-	0	0	N/A (N/A,N/A)	0.0 (0.0,97.5)	N/A (N/A,N/A)	N/A (N/A,N/A)	38.5	N/A
simadna_md_1000.fq	4999212	4999212	3416403	 1.5	Indriidae	Propithecus_tattersalli	8	6	-	1	1	50.0 (1.3,98.7)	0.0 (0.0,84.2)	N/A (N/A,N/A)	0.0 (0.0,97.5)	41.2	37.0
simadna_md_1000.fq	4999212	4999212	3416403	 1.5	Indriidae	Propithecus_verreauxi	9	7	-	1	1	100.0 (2.5,100.0)	0.0 (0.0,84.2)	N/A (N/A,N/A)	0.0 (0.0,97.5)	40.9	37.0
simadna_md_1000.fq	4999212	4999212	3416403	 1.5	Iniidae	Inia_geoffrensis	3	3	-	0	1	0.0 (0.0,97.5)	0.0 (0.0,97.5)	N/A (N/A,N/A)	N/A (N/A,N/A)	41.3	47.0
simadna_md_1000.fq	4999212	4999212	3416403	 1.5	Lemuridae	Eulemur_fulvus_fulvus	27	21	-	1	3	11.1 (0.3,48.2)	0.0 (0.0,60.2)	N/A (N/A,N/A)	N/A (N/A,N/A)	40.3	41.0
simadna_md_1000.fq	4999212	4999212	3416403	 1.5	Lemuridae	Eulemur_fulvus_mayottensis	27	21	-	1	3	11.1 (0.3,48.2)	0.0 (0.0,60.2)	N/A (N/A,N/A)	N/A (N/A,N/A)	40.3	41.0
simadna_md_1000.fq	4999212	4999212	3416403	 1.5	Lemuridae	Eulemur_macaco_macaco	41	34	-	2	4	7.1 (0.2,33.9)	14.3 (0.4,57.9)	N/A (N/A,N/A)	N/A (N/A,N/A)	40.4	40.2
simadna_md_1000.fq	4999212	4999212	3416403	 1.5	Lemuridae	Eulemur_mongoz	28	23	-	1	2	12.5 (0.3,52.7)	0.0 (0.0,52.2)	N/A (N/A,N/A)	N/A (N/A,N/A)	41.7	43.5
simadna_md_1000.fq	4999212	4999212	3416403	 1.5	Lemuridae	Eulemur_rubriventer	27	22	-	0	0	0.0 (0.0,52.2)	0.0 (0.0,70.8)	N/A (N/A,N/A)	N/A (N/A,N/A)	41.7	N/A
simadna_md_1000.fq	4999212	4999212	3416403	 1.5	Lemuridae	Eulemur_rufus	26	20	-	1	3	14.3 (0.4,57.9)	0.0 (0.0,60.2)	N/A (N/A,N/A)	N/A (N/A,N/A)	40.4	41.0
simadna_md_1000.fq	4999212	4999212	3416403	 1.5	Lemuridae	Hapalemur_griseus	18	15	-	0	0	0.0 (0.0,45.9)	0.0 (0.0,84.2)	N/A (N/A,N/A)	N/A (N/A,N/A)	42.3	N/A
simadna_md_1000.fq	4999212	4999212	3416403	 1.5	Lemuridae	Prolemur_simus	24	19	-	1	2	11.1 (0.3,48.2)	0.0 (0.0,84.2)	N/A (N/A,N/A)	N/A (N/A,N/A)	41.3	43.5
simadna_md_1000.fq	4999212	4999212	3416403	 1.5	Lemuridae	Varecia_variegata	38	32	-	2	6	14.3 (1.8,42.8)	0.0 (0.0,41.0)	N/A (N/A,N/A)	N/A (N/A,N/A)	41.6	43.5
simadna_md_1000.fq	4999212	4999212	3416403	 1.5	Lemuridae	Varecia_variegata_variegata	37	31	-	2	5	16.7 (2.1,48.4)	0.0 (0.0,41.0)	N/A (N/A,N/A)	N/A (N/A,N/A)	41.7	45.2
simadna_md_1000.fq	4999212	4999212	3416403	 1.5	Lepilemuridae	Lepilemur_hubbardi	13	11	-	0	1	0.0 (0.0,97.5)	N/A (N/A,N/A)	N/A (N/A,N/A)	N/A (N/A,N/A)	42.1	49.0
simadna_md_1000.fq	4999212	4999212	3416403	 1.5	Lepilemuridae	Lepilemur_ruficaudatus	10	8	-	0	0	0.0 (0.0,97.5)	N/A (N/A,N/A)	N/A (N/A,N/A)	N/A (N/A,N/A)	40.2	N/A
simadna_md_1000.fq	4999212	4999212	3416403	 1.5	Lepilemuridae	Megaladapis_edwardsi	8	5	-	0	0	0.0 (0.0,97.5)	N/A (N/A,N/A)	N/A (N/A,N/A)	N/A (N/A,N/A)	48.0	N/A
simadna_md_1000.fq	4999212	4999212	3416403	 1.5	Leporidae	Lepus_americanus	3	3	-	0	0	N/A (N/A,N/A)	0.0 (0.0,97.5)	N/A (N/A,N/A)	N/A (N/A,N/A)	40.7	N/A
simadna_md_1000.fq	4999212	4999212	3416403	 1.5	Leporidae	Lepus_capensis	7	6	-	0	1	0.0 (0.0,97.5)	0.0 (0.0,97.5)	N/A (N/A,N/A)	N/A (N/A,N/A)	40.0	38.0
simadna_md_1000.fq	4999212	4999212	3416403	 1.5	Leporidae	Lepus_coreanus	10	8	-	0	1	0.0 (0.0,97.5)	0.0 (0.0,97.5)	N/A (N/A,N/A)	N/A (N/A,N/A)	41.5	40.0
simadna_md_1000.fq	4999212	4999212	3416403	 1.5	Leporidae	Lepus_europaeus	4	3	-	0	0	N/A (N/A,N/A)	N/A (N/A,N/A)	N/A (N/A,N/A)	N/A (N/A,N/A)	40.0	N/A
simadna_md_1000.fq	4999212	4999212	3416403	 1.5	Leporidae	Lepus_granatensis	9	7	-	0	0	0.0 (0.0,97.5)	0.0 (0.0,97.5)	N/A (N/A,N/A)	N/A (N/A,N/A)	41.7	N/A
simadna_md_1000.fq	4999212	4999212	3416403	 1.5	Leporidae	Lepus_hainanus	3	3	-	0	0	N/A (N/A,N/A)	0.0 (0.0,97.5)	N/A (N/A,N/A)	N/A (N/A,N/A)	40.7	N/A
simadna_md_1000.fq	4999212	4999212	3416403	 1.5	Leporidae	Lepus_sinensis	15	12	-	0	0	0.0 (0.0,84.2)	0.0 (0.0,60.2)	N/A (N/A,N/A)	N/A (N/A,N/A)	40.2	N/A
simadna_md_1000.fq	4999212	4999212	3416403	 1.5	Leporidae	Lepus_timidus	10	8	-	0	1	0.0 (0.0,97.5)	0.0 (0.0,97.5)	N/A (N/A,N/A)	N/A (N/A,N/A)	41.5	40.0
simadna_md_1000.fq	4999212	4999212	3416403	 1.5	Leporidae	Lepus_tolai	7	6	-	0	1	0.0 (0.0,97.5)	0.0 (0.0,97.5)	N/A (N/A,N/A)	N/A (N/A,N/A)	40.0	38.0
simadna_md_1000.fq	4999212	4999212	3416403	 1.5	Leporidae	Lepus_townsendii	20	15	-	0	1	0.0 (0.0,97.5)	0.0 (0.0,52.2)	N/A (N/A,N/A)	N/A (N/A,N/A)	41.0	38.0
simadna_md_1000.fq	4999212	4999212	3416403	 1.5	Leporidae	Oryctolagus_cuniculus	2	2	-	0	0	0.0 (0.0,97.5)	N/A (N/A,N/A)	N/A (N/A,N/A)	N/A (N/A,N/A)	40.5	N/A
simadna_md_1000.fq	4999212	4999212	3416403	 1.5	Lipotidae	Lipotes_vexillifer	12	10	-	2	2	0.0 (0.0,97.5)	66.7 (9.4,99.2)	0.0 (0.0,97.5)	N/A (N/A,N/A)	40.8	41.0
simadna_md_1000.fq	4999212	4999212	3416403	 1.5	Lorisidae	Loris_lydekkerianus	5	4	-	0	0	N/A (N/A,N/A)	N/A (N/A,N/A)	N/A (N/A,N/A)	N/A (N/A,N/A)	36.8	N/A
simadna_md_1000.fq	4999212	4999212	3416403	 1.5	Lorisidae	Loris_tardigradus	5	4	-	0	0	N/A (N/A,N/A)	N/A (N/A,N/A)	N/A (N/A,N/A)	N/A (N/A,N/A)	36.8	N/A
simadna_md_1000.fq	4999212	4999212	3416403	 1.5	Lorisidae	Nycticebus_bengalensis	14	11	-	1	1	100.0 (2.5,100.0)	N/A (N/A,N/A)	N/A (N/A,N/A)	N/A (N/A,N/A)	38.3	36.0
simadna_md_1000.fq	4999212	4999212	3416403	 1.5	Lorisidae	Nycticebus_coucang	14	11	-	1	1	100.0 (2.5,100.0)	N/A (N/A,N/A)	N/A (N/A,N/A)	N/A (N/A,N/A)	38.3	36.0
simadna_md_1000.fq	4999212	4999212	3416403	 1.5	Lorisidae	Perodicticus_potto	1	1	-	1	1	100.0 (2.5,100.0)	N/A (N/A,N/A)	N/A (N/A,N/A)	N/A (N/A,N/A)	36.0	36.0
simadna_md_1000.fq	4999212	4999212	3416403	 1.5	Macroscelididae	Elephantulus_sp._VB001	1	1	-	0	0	N/A (N/A,N/A)	0.0 (0.0,97.5)	N/A (N/A,N/A)	N/A (N/A,N/A)	44.0	N/A
simadna_md_1000.fq	4999212	4999212	3416403	 1.5	Manidae	Manis_javanica	6	6	-	1	1	N/A (N/A,N/A)	33.3 (0.8,90.6)	N/A (N/A,N/A)	N/A (N/A,N/A)	37.8	35.0
simadna_md_1000.fq	4999212	4999212	3416403	 1.5	Manidae	Manis_pentadactyla	3	3	-	0	0	N/A (N/A,N/A)	0.0 (0.0,97.5)	N/A (N/A,N/A)	N/A (N/A,N/A)	38.0	N/A
simadna_md_1000.fq	4999212	4999212	3416403	 1.5	Manidae	Phataginus_tetradactyla	3	3	-	0	0	N/A (N/A,N/A)	N/A (N/A,N/A)	N/A (N/A,N/A)	N/A (N/A,N/A)	38.3	N/A
simadna_md_1000.fq	4999212	4999212	3416403	 1.5	Manidae	Phataginus_tricuspis	4	4	-	0	1	N/A (N/A,N/A)	N/A (N/A,N/A)	N/A (N/A,N/A)	N/A (N/A,N/A)	41.5	49.0
simadna_md_1000.fq	4999212	4999212	3416403	 1.5	Manidae	Smutsia_temminckii	5	5	-	1	1	N/A (N/A,N/A)	100.0 (2.5,100.0)	N/A (N/A,N/A)	N/A (N/A,N/A)	38.4	35.0
simadna_md_1000.fq	4999212	4999212	3416403	 1.5	Megalonychidae	Choloepus_didactylus	5	4	-	1	1	0.0 (0.0,84.2)	33.3 (0.8,90.6)	0.0 (0.0,97.5)	N/A (N/A,N/A)	44.5	40.0
simadna_md_1000.fq	4999212	4999212	3416403	 1.5	Megalonychidae	Choloepus_hoffmanni	7	6	-	1	1	0.0 (0.0,84.2)	50.0 (1.3,98.7)	0.0 (0.0,97.5)	N/A (N/A,N/A)	42.2	40.0
simadna_md_1000.fq	4999212	4999212	3416403	 1.5	Mephitidae	Mephitis_mephitis	12	10	-	0	0	N/A (N/A,N/A)	0.0 (0.0,70.8)	N/A (N/A,N/A)	N/A (N/A,N/A)	41.3	N/A
simadna_md_1000.fq	4999212	4999212	3416403	 1.5	Mephitidae	Spilogale_putorius	9	6	-	0	0	N/A (N/A,N/A)	N/A (N/A,N/A)	N/A (N/A,N/A)	N/A (N/A,N/A)	40.5	N/A
simadna_md_1000.fq	4999212	4999212	3416403	 1.5	Monodontidae	Monodon_monoceros	9	7	-	0	1	0.0 (0.0,97.5)	0.0 (0.0,84.2)	N/A (N/A,N/A)	N/A (N/A,N/A)	44.1	46.0
simadna_md_1000.fq	4999212	4999212	3416403	 1.5	Mormoopidae	Pteronotus_parnellii	7	7	-	1	1	0.0 (0.0,97.5)	33.3 (0.8,90.6)	N/A (N/A,N/A)	N/A (N/A,N/A)	40.1	47.0
simadna_md_1000.fq	4999212	4999212	3416403	 1.5	Mormoopidae	Pteronotus_rubiginosus	11	11	-	1	1	0.0 (0.0,70.8)	25.0 (0.6,80.6)	N/A (N/A,N/A)	N/A (N/A,N/A)	41.1	47.0
simadna_md_1000.fq	4999212	4999212	3416403	 1.5	Moschidae	Moschus_anhuiensis	32	30	+	5	5	20.0 (0.5,71.6)	36.4 (10.9,69.2)	0.0 (0.0,97.5)	N/A (N/A,N/A)	41.5	40.8
simadna_md_1000.fq	4999212	4999212	3416403	 1.5	Moschidae	Moschus_berezovskii	42	40	+	5	7	12.5 (0.3,52.7)	33.3 (9.9,65.1)	0.0 (0.0,97.5)	N/A (N/A,N/A)	42.1	41.3
simadna_md_1000.fq	4999212	4999212	3416403	 1.5	Moschidae	Moschus_chrysogaster	37	35	+	5	6	14.3 (0.4,57.9)	33.3 (9.9,65.1)	0.0 (0.0,97.5)	N/A (N/A,N/A)	42.2	41.7
simadna_md_1000.fq	4999212	4999212	3416403	 1.5	Moschidae	Moschus_moschiferus	42	39	+	9	11	20.0 (2.5,55.6)	63.6 (30.8,89.1)	0.0 (0.0,84.2)	N/A (N/A,N/A)	42.6	43.0
simadna_md_1000.fq	4999212	4999212	3416403	 1.5	Muridae	Acomys_cahirinus	16	12	-	1	1	20.0 (0.5,71.6)	0.0 (0.0,84.2)	N/A (N/A,N/A)	0.0 (0.0,97.5)	46.8	47.0
simadna_md_1000.fq	4999212	4999212	3416403	 1.5	Muridae	Apodemus_agrarius	26	22	-	2	2	40.0 (5.3,85.3)	0.0 (0.0,60.2)	N/A (N/A,N/A)	0.0 (0.0,97.5)	42.5	41.5
simadna_md_1000.fq	4999212	4999212	3416403	 1.5	Muridae	Apodemus_chejuensis	32	25	-	1	1	16.7 (0.4,64.1)	0.0 (0.0,60.2)	N/A (N/A,N/A)	0.0 (0.0,97.5)	41.3	47.0
simadna_md_1000.fq	4999212	4999212	3416403	 1.5	Muridae	Apodemus_chevrieri	26	20	-	3	3	40.0 (5.3,85.3)	25.0 (0.6,80.6)	0.0 (0.0,97.5)	0.0 (0.0,97.5)	42.5	40.0
simadna_md_1000.fq	4999212	4999212	3416403	 1.5	Muridae	Apodemus_draco	16	13	-	1	1	33.3 (0.8,90.6)	0.0 (0.0,97.5)	N/A (N/A,N/A)	0.0 (0.0,97.5)	44.5	47.0
simadna_md_1000.fq	4999212	4999212	3416403	 1.5	Muridae	Apodemus_latronum	26	22	-	2	2	33.3 (4.3,77.7)	0.0 (0.0,45.9)	N/A (N/A,N/A)	0.0 (0.0,97.5)	43.6	41.5
simadna_md_1000.fq	4999212	4999212	3416403	 1.5	Muridae	Apodemus_peninsulae	20	16	-	2	2	40.0 (5.3,85.3)	0.0 (0.0,84.2)	N/A (N/A,N/A)	0.0 (0.0,97.5)	43.2	46.0
simadna_md_1000.fq	4999212	4999212	3416403	 1.5	Muridae	Bandicota_indica	23	20	-	2	2	40.0 (5.3,85.3)	0.0 (0.0,70.8)	N/A (N/A,N/A)	0.0 (0.0,97.5)	44.1	41.5
simadna_md_1000.fq	4999212	4999212	3416403	 1.5	Muridae	Leggadina_lakedownensis	25	16	-	2	2	33.3 (4.3,77.7)	0.0 (0.0,41.0)	N/A (N/A,N/A)	0.0 (0.0,97.5)	43.8	41.5
simadna_md_1000.fq	4999212	4999212	3416403	 1.5	Muridae	Leopoldamys_edwardsi	66	35	-	2	2	20.0 (2.5,55.6)	0.0 (0.0,60.2)	N/A (N/A,N/A)	0.0 (0.0,97.5)	43.5	41.5
simadna_md_1000.fq	4999212	4999212	3416403	 1.5	Muridae	Meriones_libycus	19	16	-	1	3	20.0 (0.5,71.6)	0.0 (0.0,60.2)	N/A (N/A,N/A)	N/A (N/A,N/A)	42.2	37.0
simadna_md_1000.fq	4999212	4999212	3416403	 1.5	Muridae	Meriones_meridianus	91	34	-	0	2	0.0 (0.0,60.2)	0.0 (0.0,45.9)	N/A (N/A,N/A)	N/A (N/A,N/A)	40.5	36.5
simadna_md_1000.fq	4999212	4999212	3416403	 1.5	Muridae	Meriones_unguiculatus	471	57	-	1	3	10.0 (0.3,44.5)	0.0 (0.0,36.9)	N/A (N/A,N/A)	N/A (N/A,N/A)	42.9	43.0
simadna_md_1000.fq	4999212	4999212	3416403	 1.5	Muridae	Micromys_minutus	17	14	-	2	2	50.0 (6.8,93.2)	0.0 (0.0,84.2)	N/A (N/A,N/A)	0.0 (0.0,97.5)	44.1	41.5
simadna_md_1000.fq	4999212	4999212	3416403	 1.5	Muridae	Mus_caroli	20	17	-	1	1	20.0 (0.5,71.6)	0.0 (0.0,52.2)	N/A (N/A,N/A)	0.0 (0.0,97.5)	43.3	47.0
simadna_md_1000.fq	4999212	4999212	3416403	 1.5	Muridae	Mus_cervicolor	24	20	-	3	3	50.0 (11.8,88.2)	0.0 (0.0,70.8)	N/A (N/A,N/A)	0.0 (0.0,84.2)	43.1	42.0
simadna_md_1000.fq	4999212	4999212	3416403	 1.5	Muridae	Mus_cookii	22	19	-	2	2	33.3 (4.3,77.7)	0.0 (0.0,60.2)	N/A (N/A,N/A)	0.0 (0.0,97.5)	42.2	41.5
simadna_md_1000.fq	4999212	4999212	3416403	 1.5	Muridae	Mus_fragilicauda	20	16	-	1	1	33.3 (0.8,90.6)	0.0 (0.0,60.2)	N/A (N/A,N/A)	0.0 (0.0,97.5)	43.8	47.0
simadna_md_1000.fq	4999212	4999212	3416403	 1.5	Muridae	Mus_musculus	26	21	-	3	4	40.0 (5.3,85.3)	25.0 (0.6,80.6)	N/A (N/A,N/A)	0.0 (0.0,97.5)	43.2	39.5
simadna_md_1000.fq	4999212	4999212	3416403	 1.5	Muridae	Mus_musculus_castaneus	25	19	-	2	2	40.0 (5.3,85.3)	0.0 (0.0,70.8)	N/A (N/A,N/A)	0.0 (0.0,97.5)	44.0	41.5
simadna_md_1000.fq	4999212	4999212	3416403	 1.5	Muridae	Mus_musculus_domesticus	26	21	-	3	4	40.0 (5.3,85.3)	25.0 (0.6,80.6)	N/A (N/A,N/A)	0.0 (0.0,97.5)	43.2	39.5
simadna_md_1000.fq	4999212	4999212	3416403	 1.5	Muridae	Mus_musculus_molossinus	23	19	-	2	3	40.0 (5.3,85.3)	0.0 (0.0,84.2)	N/A (N/A,N/A)	0.0 (0.0,97.5)	43.3	41.0
simadna_md_1000.fq	4999212	4999212	3416403	 1.5	Muridae	Mus_musculus_musculus	23	19	-	2	3	40.0 (5.3,85.3)	0.0 (0.0,84.2)	N/A (N/A,N/A)	0.0 (0.0,97.5)	43.3	41.0
simadna_md_1000.fq	4999212	4999212	3416403	 1.5	Muridae	Mus_spretus	23	17	-	3	4	50.0 (11.8,88.2)	0.0 (0.0,60.2)	N/A (N/A,N/A)	0.0 (0.0,97.5)	43.0	40.0
simadna_md_1000.fq	4999212	4999212	3416403	 1.5	Muridae	Mus_terricolor	14	11	-	2	2	50.0 (6.8,93.2)	0.0 (0.0,70.8)	N/A (N/A,N/A)	0.0 (0.0,97.5)	44.5	41.5
simadna_md_1000.fq	4999212	4999212	3416403	 1.5	Muridae	Niviventer_confucianus	19	14	-	2	2	50.0 (6.8,93.2)	0.0 (0.0,70.8)	N/A (N/A,N/A)	0.0 (0.0,97.5)	44.0	41.5
simadna_md_1000.fq	4999212	4999212	3416403	 1.5	Muridae	Niviventer_excelsior	16	13	-	2	3	40.0 (5.3,85.3)	0.0 (0.0,70.8)	N/A (N/A,N/A)	0.0 (0.0,97.5)	44.3	40.3
simadna_md_1000.fq	4999212	4999212	3416403	 1.5	Muridae	Pseudomys_chapmani	26	21	-	2	2	40.0 (5.3,85.3)	0.0 (0.0,52.2)	N/A (N/A,N/A)	0.0 (0.0,84.2)	43.5	47.5
simadna_md_1000.fq	4999212	4999212	3416403	 1.5	Muridae	Rattus_exulans	83	28	-	2	4	40.0 (5.3,85.3)	0.0 (0.0,41.0)	N/A (N/A,N/A)	0.0 (0.0,97.5)	43.2	40.2
simadna_md_1000.fq	4999212	4999212	3416403	 1.5	Muridae	Rattus_fuscipes	27	23	-	2	2	40.0 (5.3,85.3)	0.0 (0.0,52.2)	N/A (N/A,N/A)	0.0 (0.0,97.5)	44.3	41.5
simadna_md_1000.fq	4999212	4999212	3416403	 1.5	Muridae	Rattus_leucopus	25	20	-	2	3	33.3 (0.8,90.6)	14.3 (0.4,57.9)	N/A (N/A,N/A)	0.0 (0.0,97.5)	45.0	49.3
simadna_md_1000.fq	4999212	4999212	3416403	 1.5	Muridae	Rattus_lutreolus	28	24	-	3	4	42.9 (9.9,81.6)	0.0 (0.0,52.2)	N/A (N/A,N/A)	0.0 (0.0,97.5)	45.1	43.8
simadna_md_1000.fq	4999212	4999212	3416403	 1.5	Muridae	Rattus_niobe	19	16	-	2	2	40.0 (5.3,85.3)	0.0 (0.0,84.2)	N/A (N/A,N/A)	0.0 (0.0,97.5)	44.6	41.5
simadna_md_1000.fq	4999212	4999212	3416403	 1.5	Muridae	Rattus_norvegicus	43	19	-	2	2	33.3 (4.3,77.7)	0.0 (0.0,84.2)	N/A (N/A,N/A)	0.0 (0.0,97.5)	43.8	41.5
simadna_md_1000.fq	4999212	4999212	3416403	 1.5	Muridae	Rattus_praetor	24	20	-	2	4	50.0 (6.8,93.2)	0.0 (0.0,84.2)	N/A (N/A,N/A)	0.0 (0.0,97.5)	42.9	40.8
simadna_md_1000.fq	4999212	4999212	3416403	 1.5	Muridae	Rattus_rattus	16	13	-	2	2	50.0 (6.8,93.2)	0.0 (0.0,84.2)	N/A (N/A,N/A)	0.0 (0.0,97.5)	45.5	41.5
simadna_md_1000.fq	4999212	4999212	3416403	 1.5	Muridae	Rattus_sordidus	38	28	-	3	4	42.9 (9.9,81.6)	0.0 (0.0,33.6)	N/A (N/A,N/A)	0.0 (0.0,97.5)	43.5	43.8
simadna_md_1000.fq	4999212	4999212	3416403	 1.5	Muridae	Rattus_tanezumi	19	15	-	2	2	50.0 (6.8,93.2)	0.0 (0.0,70.8)	N/A (N/A,N/A)	0.0 (0.0,97.5)	44.4	41.5
simadna_md_1000.fq	4999212	4999212	3416403	 1.5	Muridae	Rattus_tunneyi	37	27	-	2	2	25.0 (3.2,65.1)	0.0 (0.0,30.8)	N/A (N/A,N/A)	0.0 (0.0,97.5)	45.0	41.5
simadna_md_1000.fq	4999212	4999212	3416403	 1.5	Muridae	Rattus_villosissimus	41	31	-	3	4	42.9 (9.9,81.6)	0.0 (0.0,36.9)	N/A (N/A,N/A)	0.0 (0.0,97.5)	42.8	43.8
simadna_md_1000.fq	4999212	4999212	3416403	 1.5	Mustelidae	Arctonyx_collaris	345	68	-	4	6	0.0 (0.0,33.6)	17.4 (5.0,38.8)	0.0 (0.0,84.2)	N/A (N/A,N/A)	41.9	42.0
simadna_md_1000.fq	4999212	4999212	3416403	 1.5	Mustelidae	Enhydra_lutris	131	44	-	2	5	0.0 (0.0,70.8)	25.0 (3.2,65.1)	N/A (N/A,N/A)	N/A (N/A,N/A)	41.9	39.4
simadna_md_1000.fq	4999212	4999212	3416403	 1.5	Mustelidae	Gulo_gulo	40	32	-	1	3	0.0 (0.0,70.8)	16.7 (0.4,64.1)	N/A (N/A,N/A)	N/A (N/A,N/A)	39.8	38.7
simadna_md_1000.fq	4999212	4999212	3416403	 1.5	Mustelidae	Martes_americana	195	68	-	2	6	9.1 (0.2,41.3)	5.3 (0.1,26.0)	N/A (N/A,N/A)	N/A (N/A,N/A)	39.9	41.2
simadna_md_1000.fq	4999212	4999212	3416403	 1.5	Mustelidae	Martes_flavigula	114	47	-	1	5	0.0 (0.0,52.2)	10.0 (0.3,44.5)	N/A (N/A,N/A)	N/A (N/A,N/A)	40.4	41.0
simadna_md_1000.fq	4999212	4999212	3416403	 1.5	Mustelidae	Martes_foina	102	43	-	2	7	0.0 (0.0,33.6)	15.4 (1.9,45.4)	0.0 (0.0,97.5)	N/A (N/A,N/A)	40.7	41.9
simadna_md_1000.fq	4999212	4999212	3416403	 1.5	Mustelidae	Martes_martes	120	51	-	2	3	11.1 (0.3,48.2)	6.7 (0.2,31.9)	N/A (N/A,N/A)	N/A (N/A,N/A)	40.4	40.7
simadna_md_1000.fq	4999212	4999212	3416403	 1.5	Mustelidae	Martes_zibellina	214	73	-	3	8	16.7 (2.1,48.4)	4.2 (0.1,21.1)	N/A (N/A,N/A)	0.0 (0.0,97.5)	40.9	41.2
simadna_md_1000.fq	4999212	4999212	3416403	 1.5	Mustelidae	Meles_meles	15	13	-	1	1	N/A (N/A,N/A)	33.3 (0.8,90.6)	N/A (N/A,N/A)	N/A (N/A,N/A)	41.1	42.0
simadna_md_1000.fq	4999212	4999212	3416403	 1.5	Mustelidae	Melogale_moschata	35	29	-	3	6	20.0 (0.5,71.6)	40.0 (5.3,85.3)	N/A (N/A,N/A)	N/A (N/A,N/A)	40.3	40.2
simadna_md_1000.fq	4999212	4999212	3416403	 1.5	Mustelidae	Mustela_altaica	36	30	-	4	5	25.0 (3.2,65.1)	28.6 (3.7,71.0)	0.0 (0.0,97.5)	0.0 (0.0,97.5)	40.2	41.0
simadna_md_1000.fq	4999212	4999212	3416403	 1.5	Mustelidae	Mustela_erminea	93	55	-	3	5	8.3 (0.2,38.5)	18.2 (2.3,51.8)	0.0 (0.0,97.5)	N/A (N/A,N/A)	39.8	41.4
simadna_md_1000.fq	4999212	4999212	3416403	 1.5	Mustelidae	Mustela_eversmannii	55	36	-	2	3	0.0 (0.0,84.2)	20.0 (2.5,55.6)	0.0 (0.0,97.5)	N/A (N/A,N/A)	39.5	38.7
simadna_md_1000.fq	4999212	4999212	3416403	 1.5	Mustelidae	Mustela_kathiah	337	65	-	6	8	7.7 (0.2,36.0)	23.8 (8.2,47.2)	0.0 (0.0,70.8)	0.0 (0.0,97.5)	41.6	39.5
simadna_md_1000.fq	4999212	4999212	3416403	 1.5	Mustelidae	Mustela_nigripes	59	41	-	2	5	0.0 (0.0,70.8)	20.0 (2.5,55.6)	0.0 (0.0,97.5)	N/A (N/A,N/A)	39.9	40.8
simadna_md_1000.fq	4999212	4999212	3416403	 1.5	Mustelidae	Mustela_nivalis	75	46	-	4	6	11.1 (0.3,48.2)	30.0 (6.7,65.2)	0.0 (0.0,97.5)	N/A (N/A,N/A)	39.5	40.7
simadna_md_1000.fq	4999212	4999212	3416403	 1.5	Mustelidae	Mustela_putorius	38	31	-	2	5	0.0 (0.0,84.2)	33.3 (4.3,77.7)	0.0 (0.0,97.5)	N/A (N/A,N/A)	39.7	40.8
simadna_md_1000.fq	4999212	4999212	3416403	 1.5	Mustelidae	Mustela_sibirica	105	46	-	3	7	33.3 (0.8,90.6)	16.7 (2.1,48.4)	0.0 (0.0,97.5)	N/A (N/A,N/A)	39.5	37.7
simadna_md_1000.fq	4999212	4999212	3416403	 1.5	Mustelidae	Neogale_frenata	24	19	-	1	3	0.0 (0.0,84.2)	33.3 (0.8,90.6)	N/A (N/A,N/A)	N/A (N/A,N/A)	40.1	42.0
simadna_md_1000.fq	4999212	4999212	3416403	 1.5	Mustelidae	Neogale_vison	147	54	-	5	8	14.3 (0.4,57.9)	21.1 (6.1,45.6)	0.0 (0.0,97.5)	N/A (N/A,N/A)	41.4	40.5
simadna_md_1000.fq	4999212	4999212	3416403	 1.5	Mustelidae	Pekania_pennanti	27	23	-	1	2	0.0 (0.0,84.2)	11.1 (0.3,48.2)	N/A (N/A,N/A)	N/A (N/A,N/A)	41.9	46.0
simadna_md_1000.fq	4999212	4999212	3416403	 1.5	Mustelidae	Taxidea_taxus	31	26	-	1	1	0.0 (0.0,60.2)	20.0 (0.5,71.6)	N/A (N/A,N/A)	N/A (N/A,N/A)	41.7	42.0
simadna_md_1000.fq	4999212	4999212	3416403	 1.5	Myrmecophagidae	Myrmecophaga_tridactyla	7	6	-	0	1	0.0 (0.0,97.5)	N/A (N/A,N/A)	N/A (N/A,N/A)	N/A (N/A,N/A)	39.5	39.0
simadna_md_1000.fq	4999212	4999212	3416403	 1.5	Myrmecophagidae	Tamandua_mexicana	1	1	-	0	0	N/A (N/A,N/A)	N/A (N/A,N/A)	N/A (N/A,N/A)	N/A (N/A,N/A)	36.0	N/A
simadna_md_1000.fq	4999212	4999212	3416403	 1.5	Myrmecophagidae	Tamandua_tetradactyla	5	5	-	0	1	N/A (N/A,N/A)	N/A (N/A,N/A)	N/A (N/A,N/A)	N/A (N/A,N/A)	37.8	39.0
simadna_md_1000.fq	4999212	4999212	3416403	 1.5	Mystacinidae	Mystacina_tuberculata	5	4	-	0	0	N/A (N/A,N/A)	0.0 (0.0,97.5)	N/A (N/A,N/A)	N/A (N/A,N/A)	41.8	N/A
simadna_md_1000.fq	4999212	4999212	3416403	 1.5	Nandiniidae	Nandinia_binotata	44	29	-	1	2	0.0 (0.0,45.9)	25.0 (0.6,80.6)	N/A (N/A,N/A)	N/A (N/A,N/A)	45.0	51.0
simadna_md_1000.fq	4999212	4999212	3416403	 1.5	Neobalaenidae	Caperea_marginata	9	9	-	0	2	0.0 (0.0,97.5)	0.0 (0.0,97.5)	N/A (N/A,N/A)	N/A (N/A,N/A)	38.9	40.0
simadna_md_1000.fq	4999212	4999212	3416403	 1.5	Ochotonidae	Ochotona_collaris	4	4	-	1	1	0.0 (0.0,97.5)	100.0 (2.5,100.0)	0.0 (0.0,97.5)	N/A (N/A,N/A)	39.8	38.0
simadna_md_1000.fq	4999212	4999212	3416403	 1.5	Ochotonidae	Ochotona_curzoniae	3	3	-	1	1	N/A (N/A,N/A)	33.3 (0.8,90.6)	N/A (N/A,N/A)	N/A (N/A,N/A)	37.0	36.0
simadna_md_1000.fq	4999212	4999212	3416403	 1.5	Octodontidae	Octodon_degus	5	5	-	0	0	N/A (N/A,N/A)	N/A (N/A,N/A)	N/A (N/A,N/A)	N/A (N/A,N/A)	37.4	N/A
simadna_md_1000.fq	4999212	4999212	3416403	 1.5	Octodontidae	Spalacopus_cyanus	6	6	-	1	2	25.0 (0.6,80.6)	0.0 (0.0,97.5)	N/A (N/A,N/A)	N/A (N/A,N/A)	41.8	41.0
simadna_md_1000.fq	4999212	4999212	3416403	 1.5	Octodontidae	Tympanoctomys_barrerae	2	2	-	0	0	N/A (N/A,N/A)	N/A (N/A,N/A)	N/A (N/A,N/A)	N/A (N/A,N/A)	38.0	N/A
simadna_md_1000.fq	4999212	4999212	3416403	 1.5	Odobenidae	Odobenus_rosmarus_rosmarus	3	3	-	0	1	0.0 (0.0,97.5)	0.0 (0.0,84.2)	N/A (N/A,N/A)	N/A (N/A,N/A)	38.3	41.0
simadna_md_1000.fq	4999212	4999212	3416403	 1.5	Otariidae	Arctocephalus_forsteri	33	27	-	1	2	0.0 (0.0,36.9)	16.7 (0.4,64.1)	N/A (N/A,N/A)	N/A (N/A,N/A)	41.9	38.5
simadna_md_1000.fq	4999212	4999212	3416403	 1.5	Otariidae	Arctocephalus_pusillus	35	29	-	2	6	0.0 (0.0,45.9)	20.0 (2.5,55.6)	N/A (N/A,N/A)	N/A (N/A,N/A)	41.8	38.2
simadna_md_1000.fq	4999212	4999212	3416403	 1.5	Otariidae	Arctocephalus_townsendi	30	25	-	1	4	0.0 (0.0,52.2)	20.0 (0.5,71.6)	N/A (N/A,N/A)	N/A (N/A,N/A)	42.4	38.5
simadna_md_1000.fq	4999212	4999212	3416403	 1.5	Otariidae	Callorhinus_ursinus	65	35	-	3	6	0.0 (0.0,52.2)	33.3 (7.5,70.1)	N/A (N/A,N/A)	N/A (N/A,N/A)	40.5	38.7
simadna_md_1000.fq	4999212	4999212	3416403	 1.5	Otariidae	Eumetopias_jubatus	25	20	-	2	4	0.0 (0.0,45.9)	25.0 (3.2,65.1)	N/A (N/A,N/A)	N/A (N/A,N/A)	41.2	37.8
simadna_md_1000.fq	4999212	4999212	3416403	 1.5	Otariidae	Neophoca_cinerea	28	23	-	1	4	0.0 (0.0,60.2)	20.0 (0.5,71.6)	N/A (N/A,N/A)	N/A (N/A,N/A)	41.9	38.5
simadna_md_1000.fq	4999212	4999212	3416403	 1.5	Otariidae	Phocarctos_hookeri	34	29	-	2	5	0.0 (0.0,45.9)	22.2 (2.8,60.0)	N/A (N/A,N/A)	N/A (N/A,N/A)	40.4	38.0
simadna_md_1000.fq	4999212	4999212	3416403	 1.5	Otariidae	Zalophus_californianus	22	17	-	1	3	0.0 (0.0,60.2)	16.7 (0.4,64.1)	N/A (N/A,N/A)	N/A (N/A,N/A)	41.5	39.3
simadna_md_1000.fq	4999212	4999212	3416403	 1.5	Paleopropithecidae	Palaeopropithecus_ingens	5	3	-	0	0	0.0 (0.0,97.5)	0.0 (0.0,97.5)	N/A (N/A,N/A)	N/A (N/A,N/A)	44.0	N/A
simadna_md_1000.fq	4999212	4999212	3416403	 1.5	Phocidae	Cystophora_cristata	31	30	-	2	2	11.1 (0.3,48.2)	12.5 (0.3,52.7)	N/A (N/A,N/A)	N/A (N/A,N/A)	40.9	37.0
simadna_md_1000.fq	4999212	4999212	3416403	 1.5	Phocidae	Erignathus_barbatus	18	16	-	1	1	0.0 (0.0,52.2)	16.7 (0.4,64.1)	N/A (N/A,N/A)	N/A (N/A,N/A)	40.8	35.0
simadna_md_1000.fq	4999212	4999212	3416403	 1.5	Phocidae	Halichoerus_grypus	32	30	-	2	3	20.0 (2.5,55.6)	0.0 (0.0,41.0)	N/A (N/A,N/A)	0.0 (0.0,97.5)	41.1	40.0
simadna_md_1000.fq	4999212	4999212	3416403	 1.5	Phocidae	Hydrurga_leptonyx	35	31	-	2	2	14.3 (0.4,57.9)	11.1 (0.3,48.2)	N/A (N/A,N/A)	N/A (N/A,N/A)	40.9	43.0
simadna_md_1000.fq	4999212	4999212	3416403	 1.5	Phocidae	Leptonychotes_weddellii	28	27	-	1	1	0.0 (0.0,36.9)	14.3 (0.4,57.9)	N/A (N/A,N/A)	N/A (N/A,N/A)	39.4	35.0
simadna_md_1000.fq	4999212	4999212	3416403	 1.5	Phocidae	Lobodon_carcinophaga	19	18	-	4	4	0.0 (0.0,45.9)	44.4 (13.7,78.8)	0.0 (0.0,97.5)	N/A (N/A,N/A)	39.4	37.0
simadna_md_1000.fq	4999212	4999212	3416403	 1.5	Phocidae	Mirounga_leonina	29	26	-	1	2	0.0 (0.0,33.6)	20.0 (0.5,71.6)	N/A (N/A,N/A)	N/A (N/A,N/A)	39.7	35.5
simadna_md_1000.fq	4999212	4999212	3416403	 1.5	Phocidae	Neomonachus_schauinslandi	29	24	-	1	1	0.0 (0.0,70.8)	25.0 (0.6,80.6)	N/A (N/A,N/A)	N/A (N/A,N/A)	40.6	35.0
simadna_md_1000.fq	4999212	4999212	3416403	 1.5	Phocidae	Phoca_fasciata	19	19	-	1	1	0.0 (0.0,45.9)	20.0 (0.5,71.6)	N/A (N/A,N/A)	N/A (N/A,N/A)	39.6	35.0
simadna_md_1000.fq	4999212	4999212	3416403	 1.5	Phocidae	Phoca_groenlandica	16	15	-	2	2	20.0 (0.5,71.6)	33.3 (4.3,77.7)	100.0 (2.5,100.0)	100.0 (2.5,100.0)	39.1	39.0
simadna_md_1000.fq	4999212	4999212	3416403	 1.5	Phocidae	Phoca_largha	28	27	-	3	4	18.2 (2.3,51.8)	16.7 (0.4,64.1)	N/A (N/A,N/A)	0.0 (0.0,97.5)	40.3	38.8
simadna_md_1000.fq	4999212	4999212	3416403	 1.5	Phocidae	Phoca_vitulina	29	28	-	3	4	20.0 (2.5,55.6)	16.7 (0.4,64.1)	N/A (N/A,N/A)	0.0 (0.0,97.5)	40.0	38.8
simadna_md_1000.fq	4999212	4999212	3416403	 1.5	Phocidae	Pusa_caspica	27	26	-	2	3	11.1 (0.3,48.2)	14.3 (0.4,57.9)	N/A (N/A,N/A)	0.0 (0.0,97.5)	40.0	38.7
simadna_md_1000.fq	4999212	4999212	3416403	 1.5	Phocidae	Pusa_hispida	29	27	-	3	4	25.0 (3.2,65.1)	14.3 (0.4,57.9)	N/A (N/A,N/A)	0.0 (0.0,97.5)	40.5	38.8
simadna_md_1000.fq	4999212	4999212	3416403	 1.5	Phocidae	Pusa_sibirica	41	39	-	3	4	18.2 (2.3,51.8)	14.3 (0.4,57.9)	N/A (N/A,N/A)	0.0 (0.0,97.5)	40.3	38.8
simadna_md_1000.fq	4999212	4999212	3416403	 1.5	Phocoenidae	Neophocaena_asiaeorientalis	2	2	-	0	1	0.0 (0.0,97.5)	N/A (N/A,N/A)	N/A (N/A,N/A)	N/A (N/A,N/A)	39.5	43.0
simadna_md_1000.fq	4999212	4999212	3416403	 1.5	Phocoenidae	Neophocaena_phocaenoides	2	2	-	0	1	0.0 (0.0,97.5)	N/A (N/A,N/A)	N/A (N/A,N/A)	N/A (N/A,N/A)	39.5	43.0
simadna_md_1000.fq	4999212	4999212	3416403	 1.5	Phocoenidae	Phocoena_phocoena	1	1	-	0	0	0.0 (0.0,97.5)	N/A (N/A,N/A)	N/A (N/A,N/A)	N/A (N/A,N/A)	43.0	N/A
simadna_md_1000.fq	4999212	4999212	3416403	 1.5	Phyllostomidae	Anoura_caudifer	75	26	-	1	2	20.0 (0.5,71.6)	0.0 (0.0,70.8)	N/A (N/A,N/A)	N/A (N/A,N/A)	40.0	41.0
simadna_md_1000.fq	4999212	4999212	3416403	 1.5	Phyllostomidae	Artibeus_jamaicensis	11	11	-	0	0	0.0 (0.0,84.2)	N/A (N/A,N/A)	N/A (N/A,N/A)	N/A (N/A,N/A)	39.5	N/A
simadna_md_1000.fq	4999212	4999212	3416403	 1.5	Phyllostomidae	Artibeus_lituratus	253	47	-	2	3	16.7 (0.4,64.1)	12.5 (0.3,52.7)	N/A (N/A,N/A)	N/A (N/A,N/A)	39.7	43.3
simadna_md_1000.fq	4999212	4999212	3416403	 1.5	Phyllostomidae	Brachyphylla_cavernarum	7	7	-	0	0	0.0 (0.0,97.5)	N/A (N/A,N/A)	N/A (N/A,N/A)	N/A (N/A,N/A)	39.6	N/A
simadna_md_1000.fq	4999212	4999212	3416403	 1.5	Phyllostomidae	Carollia_perspicillata	6	6	-	0	0	0.0 (0.0,97.5)	N/A (N/A,N/A)	N/A (N/A,N/A)	N/A (N/A,N/A)	39.7	N/A
simadna_md_1000.fq	4999212	4999212	3416403	 1.5	Phyllostomidae	Desmodus_rotundus	10	10	-	0	1	0.0 (0.0,52.2)	N/A (N/A,N/A)	N/A (N/A,N/A)	N/A (N/A,N/A)	41.0	37.0
simadna_md_1000.fq	4999212	4999212	3416403	 1.5	Phyllostomidae	Lophostoma_silvicola	5	5	-	0	0	0.0 (0.0,84.2)	N/A (N/A,N/A)	N/A (N/A,N/A)	N/A (N/A,N/A)	39.6	N/A
simadna_md_1000.fq	4999212	4999212	3416403	 1.5	Phyllostomidae	Micronycteris_megalotis	15	14	-	0	1	0.0 (0.0,97.5)	0.0 (0.0,97.5)	N/A (N/A,N/A)	N/A (N/A,N/A)	39.8	40.0
simadna_md_1000.fq	4999212	4999212	3416403	 1.5	Phyllostomidae	Rhinophylla_pumilio	104	31	-	0	0	0.0 (0.0,70.8)	0.0 (0.0,84.2)	N/A (N/A,N/A)	N/A (N/A,N/A)	40.5	N/A
simadna_md_1000.fq	4999212	4999212	3416403	 1.5	Phyllostomidae	Sturnira_tildae	7	7	-	0	1	N/A (N/A,N/A)	0.0 (0.0,97.5)	N/A (N/A,N/A)	N/A (N/A,N/A)	40.6	38.0
simadna_md_1000.fq	4999212	4999212	3416403	 1.5	Phyllostomidae	Tonatia_saurophila	8	8	-	0	0	0.0 (0.0,84.2)	N/A (N/A,N/A)	N/A (N/A,N/A)	N/A (N/A,N/A)	39.6	N/A
simadna_md_1000.fq	4999212	4999212	3416403	 1.5	Phyllostomidae	Vampyrum_spectrum	13	13	-	0	1	0.0 (0.0,97.5)	N/A (N/A,N/A)	N/A (N/A,N/A)	N/A (N/A,N/A)	39.2	40.0
simadna_md_1000.fq	4999212	4999212	3416403	 1.5	Physeteridae	Kogia_breviceps	6	6	-	1	1	50.0 (1.3,98.7)	0.0 (0.0,84.2)	N/A (N/A,N/A)	N/A (N/A,N/A)	39.8	36.0
simadna_md_1000.fq	4999212	4999212	3416403	 1.5	Physeteridae	Physeter_macrocephalus	12	9	-	1	1	0.0 (0.0,97.5)	50.0 (1.3,98.7)	N/A (N/A,N/A)	N/A (N/A,N/A)	40.9	37.0
simadna_md_1000.fq	4999212	4999212	3416403	 1.5	Pitheciidae	Cacajao_calvus	4	4	-	0	3	N/A (N/A,N/A)	N/A (N/A,N/A)	N/A (N/A,N/A)	N/A (N/A,N/A)	40.2	42.0
simadna_md_1000.fq	4999212	4999212	3416403	 1.5	Pitheciidae	Cheracebus_lugens	4	4	-	0	1	0.0 (0.0,70.8)	0.0 (0.0,97.5)	N/A (N/A,N/A)	N/A (N/A,N/A)	38.5	38.0
simadna_md_1000.fq	4999212	4999212	3416403	 1.5	Pitheciidae	Chiropotes_albinasus	2	2	-	0	0	0.0 (0.0,97.5)	0.0 (0.0,97.5)	N/A (N/A,N/A)	N/A (N/A,N/A)	42.0	N/A
simadna_md_1000.fq	4999212	4999212	3416403	 1.5	Pitheciidae	Chiropotes_israelita	3	3	-	1	1	0.0 (0.0,97.5)	50.0 (1.3,98.7)	N/A (N/A,N/A)	N/A (N/A,N/A)	39.7	43.0
simadna_md_1000.fq	4999212	4999212	3416403	 1.5	Pitheciidae	Plecturocebus_cupreus	2	2	-	0	0	0.0 (0.0,97.5)	0.0 (0.0,97.5)	N/A (N/A,N/A)	N/A (N/A,N/A)	41.5	N/A
simadna_md_1000.fq	4999212	4999212	3416403	 1.5	Pitheciidae	Plecturocebus_donacophilus	7	7	-	0	0	0.0 (0.0,60.2)	N/A (N/A,N/A)	N/A (N/A,N/A)	N/A (N/A,N/A)	40.0	N/A
simadna_md_1000.fq	4999212	4999212	3416403	 1.5	Platanistidae	Platanista_minor	9	8	-	0	1	0.0 (0.0,97.5)	0.0 (0.0,84.2)	N/A (N/A,N/A)	N/A (N/A,N/A)	40.4	45.0
simadna_md_1000.fq	4999212	4999212	3416403	 1.5	Pontoporiidae	Pontoporia_blainvillei	13	10	-	0	0	0.0 (0.0,60.2)	0.0 (0.0,70.8)	N/A (N/A,N/A)	N/A (N/A,N/A)	39.9	N/A
simadna_md_1000.fq	4999212	4999212	3416403	 1.5	Procaviidae	Dendrohyrax_dorsalis	1	1	-	0	0	N/A (N/A,N/A)	N/A (N/A,N/A)	N/A (N/A,N/A)	N/A (N/A,N/A)	37.0	N/A
simadna_md_1000.fq	4999212	4999212	3416403	 1.5	Procaviidae	Procavia_capensis	271	45	-	4	5	28.6 (8.4,58.1)	20.0 (0.5,71.6)	100.0 (2.5,100.0)	50.0 (1.3,98.7)	40.4	43.6
simadna_md_1000.fq	4999212	4999212	3416403	 1.5	Procyonidae	Nasua_nasua	2	2	-	0	0	N/A (N/A,N/A)	0.0 (0.0,97.5)	N/A (N/A,N/A)	N/A (N/A,N/A)	36.5	N/A
simadna_md_1000.fq	4999212	4999212	3416403	 1.5	Procyonidae	Procyon_lotor	7	6	-	0	0	N/A (N/A,N/A)	0.0 (0.0,84.2)	N/A (N/A,N/A)	N/A (N/A,N/A)	38.0	N/A
simadna_md_1000.fq	4999212	4999212	3416403	 1.5	Pteropodidae	Cynopterus_brachyotis	7	7	-	0	0	0.0 (0.0,84.2)	0.0 (0.0,97.5)	N/A (N/A,N/A)	N/A (N/A,N/A)	38.6	N/A
simadna_md_1000.fq	4999212	4999212	3416403	 1.5	Pteropodidae	Pteropus_alecto	11	11	-	0	1	0.0 (0.0,97.5)	0.0 (0.0,84.2)	N/A (N/A,N/A)	N/A (N/A,N/A)	38.5	38.0
simadna_md_1000.fq	4999212	4999212	3416403	 1.5	Pteropodidae	Pteropus_dasymallus	12	11	-	1	1	0.0 (0.0,97.5)	50.0 (1.3,98.7)	N/A (N/A,N/A)	N/A (N/A,N/A)	37.5	38.0
simadna_md_1000.fq	4999212	4999212	3416403	 1.5	Pteropodidae	Pteropus_scapulatus	8	7	-	0	0	0.0 (0.0,97.5)	N/A (N/A,N/A)	N/A (N/A,N/A)	N/A (N/A,N/A)	36.9	N/A
simadna_md_1000.fq	4999212	4999212	3416403	 1.5	Pteropodidae	Pteropus_vampyrus	8	8	-	1	1	0.0 (0.0,84.2)	100.0 (2.5,100.0)	N/A (N/A,N/A)	N/A (N/A,N/A)	37.2	38.0
simadna_md_1000.fq	4999212	4999212	3416403	 1.5	Pteropodidae	Rousettus_aegyptiacus	3	3	-	0	0	N/A (N/A,N/A)	0.0 (0.0,97.5)	N/A (N/A,N/A)	N/A (N/A,N/A)	37.7	N/A
simadna_md_1000.fq	4999212	4999212	3416403	 1.5	Rhinocerotidae	Ceratotherium_simum	31	26	-	1	2	20.0 (0.5,71.6)	0.0 (0.0,70.8)	N/A (N/A,N/A)	N/A (N/A,N/A)	39.7	36.0
simadna_md_1000.fq	4999212	4999212	3416403	 1.5	Rhinocerotidae	Coelodonta_antiquitatis	66	38	-	1	2	16.7 (0.4,64.1)	0.0 (0.0,84.2)	N/A (N/A,N/A)	N/A (N/A,N/A)	41.9	42.5
simadna_md_1000.fq	4999212	4999212	3416403	 1.5	Rhinocerotidae	Dicerorhinus_sumatrensis	153	56	-	2	5	10.0 (0.3,44.5)	10.0 (0.3,44.5)	0.0 (0.0,97.5)	N/A (N/A,N/A)	42.0	39.8
simadna_md_1000.fq	4999212	4999212	3416403	 1.5	Rhinocerotidae	Diceros_bicornis	77	49	-	2	3	12.5 (0.3,52.7)	12.5 (0.3,52.7)	N/A (N/A,N/A)	N/A (N/A,N/A)	40.2	37.3
simadna_md_1000.fq	4999212	4999212	3416403	 1.5	Rhinocerotidae	Rhinoceros_sondaicus	38	33	-	2	3	25.0 (3.2,65.1)	0.0 (0.0,70.8)	N/A (N/A,N/A)	N/A (N/A,N/A)	40.0	37.7
simadna_md_1000.fq	4999212	4999212	3416403	 1.5	Rhinocerotidae	Rhinoceros_unicornis	66	40	-	1	1	25.0 (0.6,80.6)	0.0 (0.0,52.2)	N/A (N/A,N/A)	N/A (N/A,N/A)	40.6	37.0
simadna_md_1000.fq	4999212	4999212	3416403	 1.5	Rhinolophidae	Rhinolophus_ferrumequinum_korai	45	37	-	3	4	25.0 (0.6,80.6)	15.4 (1.9,45.4)	N/A (N/A,N/A)	0.0 (0.0,97.5)	40.9	39.5
simadna_md_1000.fq	4999212	4999212	3416403	 1.5	Rhinolophidae	Rhinolophus_ferrumequinum_quelpartis	45	37	-	3	4	25.0 (0.6,80.6)	15.4 (1.9,45.4)	N/A (N/A,N/A)	0.0 (0.0,97.5)	40.9	39.5
simadna_md_1000.fq	4999212	4999212	3416403	 1.5	Rhinolophidae	Rhinolophus_formosae	43	35	-	2	3	20.0 (0.5,71.6)	8.3 (0.2,38.5)	N/A (N/A,N/A)	0.0 (0.0,97.5)	41.0	39.3
simadna_md_1000.fq	4999212	4999212	3416403	 1.5	Rhinolophidae	Rhinolophus_luctus	53	42	-	1	1	14.3 (0.4,57.9)	0.0 (0.0,28.5)	N/A (N/A,N/A)	0.0 (0.0,97.5)	41.7	35.0
simadna_md_1000.fq	4999212	4999212	3416403	 1.5	Rhinolophidae	Rhinolophus_macrotis	40	33	-	2	3	20.0 (0.5,71.6)	10.0 (0.3,44.5)	N/A (N/A,N/A)	0.0 (0.0,97.5)	41.5	36.3
simadna_md_1000.fq	4999212	4999212	3416403	 1.5	Rhinolophidae	Rhinolophus_monoceros	41	36	-	1	3	16.7 (0.4,64.1)	0.0 (0.0,26.5)	N/A (N/A,N/A)	0.0 (0.0,97.5)	41.8	36.0
simadna_md_1000.fq	4999212	4999212	3416403	 1.5	Rhinolophidae	Rhinolophus_pumilus	37	32	-	1	2	16.7 (0.4,64.1)	0.0 (0.0,28.5)	N/A (N/A,N/A)	0.0 (0.0,97.5)	41.9	36.5
simadna_md_1000.fq	4999212	4999212	3416403	 1.5	Rhinolophidae	Rhinolophus_rex	34	29	-	1	3	33.3 (0.8,90.6)	0.0 (0.0,33.6)	N/A (N/A,N/A)	0.0 (0.0,97.5)	41.4	36.0
simadna_md_1000.fq	4999212	4999212	3416403	 1.5	Sciuridae	Callosciurus_erythraeus	20	15	-	1	2	50.0 (1.3,98.7)	0.0 (0.0,97.5)	N/A (N/A,N/A)	N/A (N/A,N/A)	39.6	40.0
simadna_md_1000.fq	4999212	4999212	3416403	 1.5	Sciuridae	Cynomys_leucurus	18	15	-	0	0	0.0 (0.0,70.8)	0.0 (0.0,84.2)	N/A (N/A,N/A)	N/A (N/A,N/A)	38.5	N/A
simadna_md_1000.fq	4999212	4999212	3416403	 1.5	Sciuridae	Cynomys_ludovicianus	17	15	-	0	0	0.0 (0.0,84.2)	0.0 (0.0,97.5)	N/A (N/A,N/A)	N/A (N/A,N/A)	38.8	N/A
simadna_md_1000.fq	4999212	4999212	3416403	 1.5	Sciuridae	Dremomys_rufigenis	10	8	-	0	0	0.0 (0.0,97.5)	0.0 (0.0,97.5)	N/A (N/A,N/A)	N/A (N/A,N/A)	38.2	N/A
simadna_md_1000.fq	4999212	4999212	3416403	 1.5	Sciuridae	Hylopetes_phayrei	14	11	-	1	1	50.0 (1.3,98.7)	0.0 (0.0,97.5)	N/A (N/A,N/A)	N/A (N/A,N/A)	39.1	39.0
simadna_md_1000.fq	4999212	4999212	3416403	 1.5	Sciuridae	Ictidomys_tridecemlineatus	21	17	-	2	2	66.7 (9.4,99.2)	0.0 (0.0,84.2)	N/A (N/A,N/A)	N/A (N/A,N/A)	40.5	37.5
simadna_md_1000.fq	4999212	4999212	3416403	 1.5	Sciuridae	Marmota_himalayana	12	10	-	0	0	0.0 (0.0,97.5)	0.0 (0.0,97.5)	N/A (N/A,N/A)	N/A (N/A,N/A)	39.3	N/A
simadna_md_1000.fq	4999212	4999212	3416403	 1.5	Sciuridae	Petaurista_alborufus	17	13	-	0	1	0.0 (0.0,84.2)	0.0 (0.0,52.2)	N/A (N/A,N/A)	N/A (N/A,N/A)	38.6	36.0
simadna_md_1000.fq	4999212	4999212	3416403	 1.5	Sciuridae	Petaurista_hainana	16	12	-	0	1	0.0 (0.0,97.5)	0.0 (0.0,60.2)	N/A (N/A,N/A)	N/A (N/A,N/A)	38.2	36.0
simadna_md_1000.fq	4999212	4999212	3416403	 1.5	Sciuridae	Pteromys_volans	18	15	-	1	1	0.0 (0.0,97.5)	20.0 (0.5,71.6)	N/A (N/A,N/A)	N/A (N/A,N/A)	40.6	47.0
simadna_md_1000.fq	4999212	4999212	3416403	 1.5	Sciuridae	Ratufa_bicolor	7	5	-	0	0	0.0 (0.0,97.5)	0.0 (0.0,97.5)	N/A (N/A,N/A)	N/A (N/A,N/A)	37.6	N/A
simadna_md_1000.fq	4999212	4999212	3416403	 1.5	Sciuridae	Sciurus_vulgaris	16	10	-	0	0	0.0 (0.0,70.8)	0.0 (0.0,70.8)	N/A (N/A,N/A)	N/A (N/A,N/A)	41.2	N/A
simadna_md_1000.fq	4999212	4999212	3416403	 1.5	Sciuridae	Spermophilus_dauricus	15	10	-	0	0	0.0 (0.0,84.2)	0.0 (0.0,84.2)	N/A (N/A,N/A)	N/A (N/A,N/A)	41.4	N/A
simadna_md_1000.fq	4999212	4999212	3416403	 1.5	Sciuridae	Tamias_sibiricus	17	13	-	1	1	33.3 (0.8,90.6)	0.0 (0.0,84.2)	N/A (N/A,N/A)	N/A (N/A,N/A)	39.2	39.0
simadna_md_1000.fq	4999212	4999212	3416403	 1.5	Sciuridae	Tamiops_swinhoei	9	7	-	0	0	0.0 (0.0,97.5)	0.0 (0.0,97.5)	N/A (N/A,N/A)	N/A (N/A,N/A)	37.6	N/A
simadna_md_1000.fq	4999212	4999212	3416403	 1.5	Soricidae	Anourosorex_squamipes	21	20	-	1	4	50.0 (1.3,98.7)	0.0 (0.0,84.2)	N/A (N/A,N/A)	N/A (N/A,N/A)	39.0	40.5
simadna_md_1000.fq	4999212	4999212	3416403	 1.5	Soricidae	Blarinella_quadraticauda	12	11	-	0	1	0.0 (0.0,84.2)	0.0 (0.0,70.8)	N/A (N/A,N/A)	N/A (N/A,N/A)	39.6	38.0
simadna_md_1000.fq	4999212	4999212	3416403	 1.5	Soricidae	Crocidura_attenuata	8	8	-	0	0	N/A (N/A,N/A)	0.0 (0.0,97.5)	N/A (N/A,N/A)	N/A (N/A,N/A)	40.0	N/A
simadna_md_1000.fq	4999212	4999212	3416403	 1.5	Soricidae	Crocidura_beata	6	6	-	0	0	N/A (N/A,N/A)	0.0 (0.0,84.2)	N/A (N/A,N/A)	N/A (N/A,N/A)	39.5	N/A
simadna_md_1000.fq	4999212	4999212	3416403	 1.5	Soricidae	Crocidura_grayi	7	7	-	0	0	N/A (N/A,N/A)	0.0 (0.0,97.5)	N/A (N/A,N/A)	N/A (N/A,N/A)	43.3	N/A
simadna_md_1000.fq	4999212	4999212	3416403	 1.5	Soricidae	Crocidura_mindorus	7	7	-	0	0	N/A (N/A,N/A)	0.0 (0.0,97.5)	N/A (N/A,N/A)	N/A (N/A,N/A)	43.3	N/A
simadna_md_1000.fq	4999212	4999212	3416403	 1.5	Soricidae	Crocidura_negrina	7	7	-	0	0	N/A (N/A,N/A)	N/A (N/A,N/A)	N/A (N/A,N/A)	N/A (N/A,N/A)	42.4	N/A
simadna_md_1000.fq	4999212	4999212	3416403	 1.5	Soricidae	Crocidura_ninoyi	5	5	-	0	0	N/A (N/A,N/A)	N/A (N/A,N/A)	N/A (N/A,N/A)	N/A (N/A,N/A)	40.4	N/A
simadna_md_1000.fq	4999212	4999212	3416403	 1.5	Soricidae	Crocidura_orientalis	7	7	-	0	1	N/A (N/A,N/A)	0.0 (0.0,97.5)	N/A (N/A,N/A)	N/A (N/A,N/A)	39.1	45.0
simadna_md_1000.fq	4999212	4999212	3416403	 1.5	Soricidae	Crocidura_palawanensis	9	9	-	0	0	N/A (N/A,N/A)	0.0 (0.0,84.2)	N/A (N/A,N/A)	N/A (N/A,N/A)	41.4	N/A
simadna_md_1000.fq	4999212	4999212	3416403	 1.5	Soricidae	Crocidura_panayensis	7	7	-	0	0	N/A (N/A,N/A)	N/A (N/A,N/A)	N/A (N/A,N/A)	N/A (N/A,N/A)	42.4	N/A
simadna_md_1000.fq	4999212	4999212	3416403	 1.5	Soricidae	Crocidura_shantungensis	11	11	-	0	0	N/A (N/A,N/A)	N/A (N/A,N/A)	N/A (N/A,N/A)	N/A (N/A,N/A)	40.5	N/A
simadna_md_1000.fq	4999212	4999212	3416403	 1.5	Soricidae	Episoriculus_caudatus	12	11	-	1	4	50.0 (1.3,98.7)	0.0 (0.0,97.5)	N/A (N/A,N/A)	N/A (N/A,N/A)	39.2	37.5
simadna_md_1000.fq	4999212	4999212	3416403	 1.5	Soricidae	Nectogale_elegans	20	18	-	0	0	0.0 (0.0,84.2)	0.0 (0.0,70.8)	N/A (N/A,N/A)	N/A (N/A,N/A)	41.0	N/A
simadna_md_1000.fq	4999212	4999212	3416403	 1.5	Soricidae	Neomys_fodiens	13	12	-	1	3	100.0 (2.5,100.0)	0.0 (0.0,97.5)	N/A (N/A,N/A)	N/A (N/A,N/A)	41.0	42.7
simadna_md_1000.fq	4999212	4999212	3416403	 1.5	Soricidae	Pseudosoriculus_fumidus	63	21	-	3	4	60.0 (14.7,94.7)	0.0 (0.0,52.2)	N/A (N/A,N/A)	N/A (N/A,N/A)	38.0	40.0
simadna_md_1000.fq	4999212	4999212	3416403	 1.5	Soricidae	Sorex_araneus	22	21	-	1	5	50.0 (1.3,98.7)	0.0 (0.0,70.8)	N/A (N/A,N/A)	N/A (N/A,N/A)	40.4	41.4
simadna_md_1000.fq	4999212	4999212	3416403	 1.5	Soricidae	Sorex_cylindricauda	16	15	-	1	1	100.0 (2.5,100.0)	0.0 (0.0,70.8)	N/A (N/A,N/A)	N/A (N/A,N/A)	39.4	42.0
simadna_md_1000.fq	4999212	4999212	3416403	 1.5	Soricidae	Sorex_tundrensis	18	17	-	1	3	100.0 (2.5,100.0)	0.0 (0.0,70.8)	N/A (N/A,N/A)	N/A (N/A,N/A)	40.4	41.7
simadna_md_1000.fq	4999212	4999212	3416403	 1.5	Soricidae	Sorex_unguiculatus	14	13	-	2	3	66.7 (9.4,99.2)	0.0 (0.0,84.2)	N/A (N/A,N/A)	N/A (N/A,N/A)	40.6	39.3
simadna_md_1000.fq	4999212	4999212	3416403	 1.5	Soricidae	Suncus_murinus	10	10	-	0	1	N/A (N/A,N/A)	0.0 (0.0,97.5)	N/A (N/A,N/A)	N/A (N/A,N/A)	43.8	44.0
simadna_md_1000.fq	4999212	4999212	3416403	 1.5	Spalacidae	Eospalax_fontanierii_baileyi	4	4	-	1	1	N/A (N/A,N/A)	100.0 (2.5,100.0)	N/A (N/A,N/A)	N/A (N/A,N/A)	38.8	43.0
simadna_md_1000.fq	4999212	4999212	3416403	 1.5	Spalacidae	Eospalax_fontanierii_cansus	7	7	-	1	1	0.0 (0.0,97.5)	25.0 (0.6,80.6)	N/A (N/A,N/A)	N/A (N/A,N/A)	38.6	43.0
simadna_md_1000.fq	4999212	4999212	3416403	 1.5	Spalacidae	Myospalax_aspalax	4	4	-	0	0	N/A (N/A,N/A)	0.0 (0.0,97.5)	N/A (N/A,N/A)	N/A (N/A,N/A)	37.8	N/A
simadna_md_1000.fq	4999212	4999212	3416403	 1.5	Spalacidae	Myospalax_psilurus	5	5	-	0	1	N/A (N/A,N/A)	0.0 (0.0,97.5)	N/A (N/A,N/A)	N/A (N/A,N/A)	38.8	39.0
simadna_md_1000.fq	4999212	4999212	3416403	 1.5	Spalacidae	Nannospalax_ehrenbergi	6	5	-	1	2	0.0 (0.0,84.2)	33.3 (0.8,90.6)	N/A (N/A,N/A)	N/A (N/A,N/A)	37.6	39.0
simadna_md_1000.fq	4999212	4999212	3416403	 1.5	Spalacidae	Nannospalax_galili	8	7	-	1	3	0.0 (0.0,70.8)	33.3 (0.8,90.6)	N/A (N/A,N/A)	N/A (N/A,N/A)	37.7	39.7
simadna_md_1000.fq	4999212	4999212	3416403	 1.5	Spalacidae	Nannospalax_golani	7	6	-	1	2	0.0 (0.0,84.2)	33.3 (0.8,90.6)	N/A (N/A,N/A)	N/A (N/A,N/A)	37.2	39.0
simadna_md_1000.fq	4999212	4999212	3416403	 1.5	Spalacidae	Nannospalax_judaei	6	5	-	1	2	0.0 (0.0,84.2)	33.3 (0.8,90.6)	N/A (N/A,N/A)	N/A (N/A,N/A)	37.6	39.0
simadna_md_1000.fq	4999212	4999212	3416403	 1.5	Spalacidae	Rhizomys_pruinosus	2	1	-	0	0	0.0 (0.0,97.5)	N/A (N/A,N/A)	N/A (N/A,N/A)	N/A (N/A,N/A)	39.0	N/A
simadna_md_1000.fq	4999212	4999212	3416403	 1.5	Spalacidae	Rhizomys_sinensis	4	3	-	0	0	0.0 (0.0,84.2)	N/A (N/A,N/A)	N/A (N/A,N/A)	N/A (N/A,N/A)	36.7	N/A
simadna_md_1000.fq	4999212	4999212	3416403	 1.5	Spalacidae	Spalax_carmeli	6	5	-	1	2	0.0 (0.0,84.2)	33.3 (0.8,90.6)	N/A (N/A,N/A)	N/A (N/A,N/A)	37.6	39.0
simadna_md_1000.fq	4999212	4999212	3416403	 1.5	Suidae	Phacochoerus_africanus	104922	13239	-	376	953	6.9 (5.9,8.0)	8.5 (7.4,9.6)	5.4 (0.7,18.2)	6.9 (0.8,22.8)	57.5	57.9
simadna_md_1000.fq	4999212	4999212	3416403	 1.5	Suidae	Potamochoerus_porcus	86004	11099	-	320	823	6.8 (5.8,8.0)	8.3 (7.2,9.5)	6.9 (0.8,22.8)	8.3 (1.0,27.0)	57.6	58.1
simadna_md_1000.fq	4999212	4999212	3416403	 1.5	Suidae	Sus_barbatus	435922	30355	-	926	1787	7.0 (6.4,7.6)	7.3 (6.7,8.0)	5.4 (1.8,12.2)	5.4 (1.8,12.2)	64.9	70.2
simadna_md_1000.fq	4999212	4999212	3416403	 1.5	Suidae	Sus_cebifrons	398211	29252	-	867	1785	6.9 (6.2,7.5)	7.5 (6.8,8.2)	4.8 (1.6,10.9)	5.5 (1.8,12.4)	64.7	67.9
simadna_md_1000.fq	4999212	4999212	3416403	 1.5	Suidae	Sus_celebensis	424463	29819	-	905	1814	7.2 (6.5,7.8)	7.1 (6.5,7.8)	7.9 (3.5,15.0)	9.1 (4.0,17.1)	64.7	69.4
simadna_md_1000.fq	4999212	4999212	3416403	 1.5	Suidae	Sus_scrofa	477292	31259	-	873	1527	7.1 (6.5,7.7)	5.8 (5.2,6.4)	14.1 (7.5,23.4)	11.5 (6.1,19.3)	64.2	71.4
simadna_md_1000.fq	4999212	4999212	3416403	 1.5	Suidae	Sus_scrofa_domesticus	480824	31311	-	884	1550	7.1 (6.5,7.7)	5.9 (5.3,6.4)	15.5 (8.5,25.0)	11.8 (6.4,19.4)	64.2	71.3
simadna_md_1000.fq	4999212	4999212	3416403	 1.5	Suidae	Sus_scrofa_taivanus	488860	31457	-	822	1262	6.7 (6.1,7.3)	5.1 (4.6,5.7)	9.7 (3.6,19.9)	6.2 (2.3,13.1)	63.9	72.2
simadna_md_1000.fq	4999212	4999212	3416403	 1.5	Suidae	Sus_verrucosus	431059	30029	-	900	1701	6.8 (6.2,7.5)	7.3 (6.7,8.0)	6.3 (2.4,13.2)	7.1 (2.6,14.7)	64.7	70.5
simadna_md_1000.fq	4999212	4999212	3416403	 1.5	Talpidae	Galemys_pyrenaicus	7	7	-	0	0	0.0 (0.0,97.5)	0.0 (0.0,97.5)	N/A (N/A,N/A)	N/A (N/A,N/A)	38.9	N/A
simadna_md_1000.fq	4999212	4999212	3416403	 1.5	Talpidae	Mogera_wogura	23	20	-	0	1	0.0 (0.0,70.8)	0.0 (0.0,52.2)	N/A (N/A,N/A)	N/A (N/A,N/A)	41.1	50.0
simadna_md_1000.fq	4999212	4999212	3416403	 1.5	Talpidae	Scapanulus_oweni	16	13	-	0	0	0.0 (0.0,70.8)	0.0 (0.0,84.2)	N/A (N/A,N/A)	N/A (N/A,N/A)	41.5	N/A
simadna_md_1000.fq	4999212	4999212	3416403	 1.5	Talpidae	Talpa_europaea	18	16	-	2	3	66.7 (9.4,99.2)	0.0 (0.0,70.8)	N/A (N/A,N/A)	N/A (N/A,N/A)	42.2	44.3
simadna_md_1000.fq	4999212	4999212	3416403	 1.5	Talpidae	Uropsilus_soricipes	7	6	-	0	0	0.0 (0.0,84.2)	N/A (N/A,N/A)	N/A (N/A,N/A)	N/A (N/A,N/A)	39.3	N/A
simadna_md_1000.fq	4999212	4999212	3416403	 1.5	Talpidae	Uropsilus_sp._1_FT-2014	11	7	-	1	1	33.3 (0.8,90.6)	N/A (N/A,N/A)	N/A (N/A,N/A)	N/A (N/A,N/A)	41.0	46.0
simadna_md_1000.fq	4999212	4999212	3416403	 1.5	Talpidae	Uropsilus_sp._4_FT-2015	11	10	-	0	0	0.0 (0.0,60.2)	0.0 (0.0,97.5)	N/A (N/A,N/A)	N/A (N/A,N/A)	39.1	N/A
simadna_md_1000.fq	4999212	4999212	3416403	 1.5	Talpidae	Urotrichus_talpoides	11	9	-	0	0	0.0 (0.0,84.2)	0.0 (0.0,70.8)	N/A (N/A,N/A)	N/A (N/A,N/A)	42.6	N/A
simadna_md_1000.fq	4999212	4999212	3416403	 1.5	Tapiridae	Tapirus_indicus	8	6	-	0	1	0.0 (0.0,97.5)	0.0 (0.0,84.2)	N/A (N/A,N/A)	N/A (N/A,N/A)	37.2	35.0
simadna_md_1000.fq	4999212	4999212	3416403	 1.5	Tarsiidae	Carlito_syrichta	3	1	-	0	1	N/A (N/A,N/A)	N/A (N/A,N/A)	N/A (N/A,N/A)	N/A (N/A,N/A)	42.0	42.0
simadna_md_1000.fq	4999212	4999212	3416403	 1.5	Tarsiidae	Cephalopachus_bancanus	11	9	-	0	0	0.0 (0.0,84.2)	0.0 (0.0,84.2)	N/A (N/A,N/A)	N/A (N/A,N/A)	42.1	N/A
simadna_md_1000.fq	4999212	4999212	3416403	 1.5	Tarsiidae	Tarsius_dentatus	8	7	-	0	0	0.0 (0.0,70.8)	0.0 (0.0,70.8)	N/A (N/A,N/A)	N/A (N/A,N/A)	40.0	N/A
simadna_md_1000.fq	4999212	4999212	3416403	 1.5	Tarsiidae	Tarsius_lariang	5	5	-	0	0	0.0 (0.0,60.2)	0.0 (0.0,97.5)	N/A (N/A,N/A)	N/A (N/A,N/A)	38.8	N/A
simadna_md_1000.fq	4999212	4999212	3416403	 1.5	Tarsiidae	Tarsius_wallacei	5	5	-	0	0	0.0 (0.0,60.2)	0.0 (0.0,97.5)	N/A (N/A,N/A)	N/A (N/A,N/A)	38.8	N/A
simadna_md_1000.fq	4999212	4999212	3416403	 1.5	Tayassuidae	Dicotyles_tajacu	21	18	-	3	4	0.0 (0.0,70.8)	75.0 (19.4,99.4)	N/A (N/A,N/A)	N/A (N/A,N/A)	41.4	40.5
simadna_md_1000.fq	4999212	4999212	3416403	 1.5	Thryonomyidae	Thryonomys_swinderianus	11	7	-	0	1	0.0 (0.0,70.8)	0.0 (0.0,84.2)	N/A (N/A,N/A)	N/A (N/A,N/A)	39.6	40.0
simadna_md_1000.fq	4999212	4999212	3416403	 1.5	Tragulidae	Hyemoschus_aquaticus	10	9	-	0	0	N/A (N/A,N/A)	0.0 (0.0,84.2)	N/A (N/A,N/A)	N/A (N/A,N/A)	42.3	N/A
simadna_md_1000.fq	4999212	4999212	3416403	 1.5	Tragulidae	Tragulus_kanchil	6	6	-	0	0	0.0 (0.0,97.5)	0.0 (0.0,97.5)	N/A (N/A,N/A)	N/A (N/A,N/A)	40.8	N/A
simadna_md_1000.fq	4999212	4999212	3416403	 1.5	Tupaiidae	Tupaia_belangeri	10	7	-	0	1	0.0 (0.0,84.2)	0.0 (0.0,97.5)	N/A (N/A,N/A)	N/A (N/A,N/A)	41.9	39.0
simadna_md_1000.fq	4999212	4999212	3416403	 1.5	Ursidae	Ailuropoda_melanoleuca	3	3	-	0	0	N/A (N/A,N/A)	0.0 (0.0,97.5)	N/A (N/A,N/A)	N/A (N/A,N/A)	43.7	N/A
simadna_md_1000.fq	4999212	4999212	3416403	 1.5	Ursidae	Helarctos_malayanus	16	16	-	1	3	20.0 (0.5,71.6)	0.0 (0.0,70.8)	N/A (N/A,N/A)	0.0 (0.0,97.5)	40.9	44.0
simadna_md_1000.fq	4999212	4999212	3416403	 1.5	Ursidae	Melursus_ursinus	14	12	-	0	1	0.0 (0.0,60.2)	0.0 (0.0,70.8)	N/A (N/A,N/A)	N/A (N/A,N/A)	40.6	36.0
simadna_md_1000.fq	4999212	4999212	3416403	 1.5	Ursidae	Tremarctos_ornatus	90	28	-	1	5	20.0 (0.5,71.6)	0.0 (0.0,52.2)	N/A (N/A,N/A)	0.0 (0.0,97.5)	39.9	37.6
simadna_md_1000.fq	4999212	4999212	3416403	 1.5	Ursidae	Ursus_americanus	24	20	-	1	2	16.7 (0.4,64.1)	0.0 (0.0,52.2)	N/A (N/A,N/A)	N/A (N/A,N/A)	40.8	38.5
simadna_md_1000.fq	4999212	4999212	3416403	 1.5	Ursidae	Ursus_arctos	19	16	-	1	1	0.0 (0.0,52.2)	20.0 (0.5,71.6)	N/A (N/A,N/A)	N/A (N/A,N/A)	40.6	36.0
simadna_md_1000.fq	4999212	4999212	3416403	 1.5	Ursidae	Ursus_maritimus	22	19	-	1	2	0.0 (0.0,45.9)	20.0 (0.5,71.6)	N/A (N/A,N/A)	N/A (N/A,N/A)	42.3	36.0
simadna_md_1000.fq	4999212	4999212	3416403	 1.5	Ursidae	Ursus_spelaeus	23	20	-	0	1	0.0 (0.0,41.0)	0.0 (0.0,45.9)	N/A (N/A,N/A)	N/A (N/A,N/A)	41.0	36.0
simadna_md_1000.fq	4999212	4999212	3416403	 1.5	Ursidae	Ursus_thibetanus	23	20	-	0	1	0.0 (0.0,60.2)	0.0 (0.0,70.8)	N/A (N/A,N/A)	N/A (N/A,N/A)	41.4	36.0
simadna_md_1000.fq	4999212	4999212	3416403	 1.5	Ursidae	Ursus_thibetanus_formosanus	21	18	-	0	1	0.0 (0.0,60.2)	0.0 (0.0,70.8)	N/A (N/A,N/A)	N/A (N/A,N/A)	39.8	36.0
simadna_md_1000.fq	4999212	4999212	3416403	 1.5	Ursidae	Ursus_thibetanus_mupinensis	20	17	-	0	1	0.0 (0.0,60.2)	0.0 (0.0,70.8)	N/A (N/A,N/A)	N/A (N/A,N/A)	40.9	36.0
simadna_md_1000.fq	4999212	4999212	3416403	 1.5	Ursidae	Ursus_thibetanus_thibetanus	20	17	-	0	1	0.0 (0.0,33.6)	0.0 (0.0,84.2)	N/A (N/A,N/A)	N/A (N/A,N/A)	41.6	36.0
simadna_md_1000.fq	4999212	4999212	3416403	 1.5	Ursidae	Ursus_thibetanus_ussuricus	24	20	-	0	1	0.0 (0.0,41.0)	0.0 (0.0,84.2)	N/A (N/A,N/A)	N/A (N/A,N/A)	42.0	36.0
simadna_md_1000.fq	4999212	4999212	3416403	 1.5	Vespertilionidae	Chalinolobus_tuberculatus	5	5	-	0	1	0.0 (0.0,97.5)	N/A (N/A,N/A)	N/A (N/A,N/A)	N/A (N/A,N/A)	36.8	35.0
simadna_md_1000.fq	4999212	4999212	3416403	 1.5	Vespertilionidae	Corynorhinus_rafinesquii	7	7	-	0	0	N/A (N/A,N/A)	N/A (N/A,N/A)	N/A (N/A,N/A)	N/A (N/A,N/A)	39.9	N/A
simadna_md_1000.fq	4999212	4999212	3416403	 1.5	Vespertilionidae	Lasiurus_borealis	2	2	-	0	0	N/A (N/A,N/A)	N/A (N/A,N/A)	N/A (N/A,N/A)	N/A (N/A,N/A)	38.0	N/A
simadna_md_1000.fq	4999212	4999212	3416403	 1.5	Vespertilionidae	Murina_leucogaster	11	10	-	2	5	40.0 (5.3,85.3)	0.0 (0.0,84.2)	N/A (N/A,N/A)	N/A (N/A,N/A)	41.3	41.4
simadna_md_1000.fq	4999212	4999212	3416403	 1.5	Vespertilionidae	Murina_ussuriensis	104	32	-	2	3	33.3 (4.3,77.7)	0.0 (0.0,84.2)	N/A (N/A,N/A)	N/A (N/A,N/A)	39.5	39.3
simadna_md_1000.fq	4999212	4999212	3416403	 1.5	Vespertilionidae	Myotis_brandtii	22	16	-	1	1	25.0 (0.6,80.6)	0.0 (0.0,84.2)	N/A (N/A,N/A)	N/A (N/A,N/A)	42.9	38.0
simadna_md_1000.fq	4999212	4999212	3416403	 1.5	Vespertilionidae	Myotis_davidii	7	7	-	0	1	0.0 (0.0,97.5)	0.0 (0.0,97.5)	N/A (N/A,N/A)	N/A (N/A,N/A)	38.4	36.0
simadna_md_1000.fq	4999212	4999212	3416403	 1.5	Vespertilionidae	Myotis_formosus	11	10	-	0	0	0.0 (0.0,84.2)	0.0 (0.0,97.5)	N/A (N/A,N/A)	N/A (N/A,N/A)	38.5	N/A
simadna_md_1000.fq	4999212	4999212	3416403	 1.5	Vespertilionidae	Myotis_ikonnikovi	19	15	-	0	0	0.0 (0.0,84.2)	0.0 (0.0,97.5)	N/A (N/A,N/A)	N/A (N/A,N/A)	39.8	N/A
simadna_md_1000.fq	4999212	4999212	3416403	 1.5	Vespertilionidae	Myotis_macrodactylus	13	13	-	0	2	0.0 (0.0,97.5)	0.0 (0.0,97.5)	N/A (N/A,N/A)	N/A (N/A,N/A)	39.2	37.0
simadna_md_1000.fq	4999212	4999212	3416403	 1.5	Vespertilionidae	Nyctalus_noctula	11	10	-	0	0	0.0 (0.0,70.8)	0.0 (0.0,97.5)	N/A (N/A,N/A)	N/A (N/A,N/A)	37.7	N/A
simadna_md_1000.fq	4999212	4999212	3416403	 1.5	Vespertilionidae	Pipistrellus_abramus	3	3	-	0	0	N/A (N/A,N/A)	N/A (N/A,N/A)	N/A (N/A,N/A)	N/A (N/A,N/A)	38.3	N/A
simadna_md_1000.fq	4999212	4999212	3416403	 1.5	Vespertilionidae	Plecotus_auritus	8	8	-	2	2	0.0 (0.0,97.5)	50.0 (6.8,93.2)	N/A (N/A,N/A)	N/A (N/A,N/A)	38.4	39.5
simadna_md_1000.fq	4999212	4999212	3416403	 1.5	Vespertilionidae	Plecotus_macrobullaris	4	4	-	0	0	0.0 (0.0,84.2)	0.0 (0.0,97.5)	N/A (N/A,N/A)	N/A (N/A,N/A)	37.5	N/A
simadna_md_1000.fq	4999212	4999212	3416403	 1.5	Vespertilionidae	Vespertilio_sinensis	4	4	-	0	0	0.0 (0.0,97.5)	0.0 (0.0,97.5)	N/A (N/A,N/A)	N/A (N/A,N/A)	38.2	N/A
simadna_md_1000.fq	4999212	4999212	3416403	 1.5	Viverridae	Genetta_servalina	103	61	-	9	11	24.0 (9.4,45.1)	18.8 (4.0,45.6)	0.0 (0.0,84.2)	0.0 (0.0,84.2)	43.3	42.7
simadna_md_1000.fq	4999212	4999212	3416403	 1.5	Viverridae	Prionodon_pardicolor	38	29	-	3	6	10.0 (0.3,44.5)	33.3 (4.3,77.7)	0.0 (0.0,84.2)	N/A (N/A,N/A)	43.7	39.7
simadna_md_1000.fq	4999212	4999212	3416403	 1.5	Viverridae	Viverricula_indica	81	69	-	8	11	20.0 (5.7,43.7)	16.0 (4.5,36.1)	0.0 (0.0,97.5)	0.0 (0.0,84.2)	41.7	41.4
simadna_md_1000.fq	4999212	4999212	3416403	 1.5	Ziphiidae	Berardius_bairdii	6	6	-	0	0	0.0 (0.0,84.2)	N/A (N/A,N/A)	N/A (N/A,N/A)	N/A (N/A,N/A)	41.8	N/A
simadna_md_1000.fq	4999212	4999212	3416403	 1.5	Ziphiidae	Hyperoodon_ampullatus	12	11	-	1	2	0.0 (0.0,70.8)	25.0 (0.6,80.6)	N/A (N/A,N/A)	N/A (N/A,N/A)	40.4	41.0
simadna_md_1000.fq	4999212	4999212	3416403	 1.5	Ziphiidae	Mesoplodon_densirostris	5	5	-	0	0	0.0 (0.0,97.5)	0.0 (0.0,84.2)	N/A (N/A,N/A)	N/A (N/A,N/A)	42.8	N/A
simadna_md_1000.fq	4999212	4999212	3416403	 1.5	Ziphiidae	Mesoplodon_europaeus	4	3	-	0	0	0.0 (0.0,70.8)	N/A (N/A,N/A)	N/A (N/A,N/A)	N/A (N/A,N/A)	38.3	N/A
simadna_md_1000.fq	4999212	4999212	3416403	 1.5	Ziphiidae	Mesoplodon_ginkgodens	3	3	-	0	0	0.0 (0.0,97.5)	N/A (N/A,N/A)	N/A (N/A,N/A)	N/A (N/A,N/A)	38.3	N/A
simadna_md_1000.fq	4999212	4999212	3416403	 1.5	Ziphiidae	Mesoplodon_grayi	7	7	-	0	1	0.0 (0.0,97.5)	0.0 (0.0,97.5)	N/A (N/A,N/A)	N/A (N/A,N/A)	39.1	42.0
simadna_md_1000.fq	4999212	4999212	3416403	 1.5	Ziphiidae	Ziphius_cavirostris	14	13	-	2	3	0.0 (0.0,84.2)	28.6 (3.7,71.0)	N/A (N/A,N/A)	N/A (N/A,N/A)	41.2	40.7
