sample	id	taxid	name	rank	nalign	nreads	mean_rlen	var_rlen	mean_gc	var_gc	lca	taxa_path	A	q	c	phi	llh	ncall	sigmaD	Zfit	A_b	q_b	c_b	phi_b	A_CI_l	A_CI_h	q_CI_l	q_CI_h	c_CI_l	c_CI_h	phi_CI_l	phi_CI_h	fwK0	fwN0	fwf0	fwdx0	fwdxConf0	fwK1	fwN1	fwf1	fwdx1	fwdxConf1	fwK2	fwN2	fwf2	fwdx2	fwdxConf2	fwK3	fwN3	fwf3	fwdx3	fwdxConf3	fwK4	fwN4	fwf4	fwdx4	fwdxConf4	bwK0	bwN0	bwf0	bwdx0	bwdxConf0	bwK1	bwN1	bwf1	bwdx1	bwdxConf1	bwK2	bwN2	bwf2	bwdx2	bwdxConf2	bwK3	bwN3	bwf3	bwdx3	bwdxConf3	bwK4	bwN4	bwf4	bwdx4	bwdxConf4
simadna_md_01.fq	simadna_md_01.fq	1	"root"	"no rank"	1139	334	46.547448	128.869776	0.452764	0.006023	1:"root":"no rank"	1:"root":"no rank"	0.142765	0.587752	0.010799	227.522736	-29.072782	2425.000000	0.033240	4.294922	0.139568	0.640799	0.013640	161.715995	0.111577	0.168088	0.460857	1.000000	0.000000	0.030394	56.176054	231.926657	31	214	0.144860	0.153564	0.034257	25	242	0.103306	0.069653	0.023456	12	253	0.047431	0.035062	0.016769	7	271	0.025830	0.020801	0.012805	2	238	0.008403	0.014922	0.011217	40	235	0.170213	0.153564	0.033459	3	202	0.014851	0.069653	0.024555	8	198	0.040404	0.035062	0.017837	3	236	0.012712	0.020801	0.013231	4	282	0.014184	0.014922	0.010781
simadna_md_01.fq	simadna_md_01.fq	2759	"Eukaryota"	"domain"	1139	334	47.273589	138.791055	0.447860	0.006307	2759:"Eukaryota":"domain"	2759:"Eukaryota":"domain";131567:"cellular organisms":"cellular root";1:"root":"no rank"	0.142765	0.587751	0.010799	227.522586	-29.072782	689.000000	0.033240	4.294922	0.139568	0.640799	0.013640	161.717153	0.111577	0.168088	0.460857	1.000000	0.000000	0.030394	56.176032	231.926574	31	214	0.144860	0.153564	0.034257	25	242	0.103306	0.069653	0.023456	12	253	0.047431	0.035062	0.016769	7	271	0.025830	0.020801	0.012805	2	238	0.008403	0.014922	0.011217	40	235	0.170213	0.153564	0.033459	3	202	0.014851	0.069653	0.024555	8	198	0.040404	0.035062	0.017837	3	236	0.012712	0.020801	0.013231	4	282	0.014184	0.014922	0.010781
simadna_md_01.fq	simadna_md_01.fq	6072	"Eumetazoa"	"clade"	1139	334	48.401971	153.755724	0.440527	0.006638	6072:"Eumetazoa":"clade"	6072:"Eumetazoa":"clade";33208:"Metazoa":"kingdom";33154:"Opisthokonta":"clade";2759:"Eukaryota":"domain";131567:"cellular organisms":"cellular root";1:"root":"no rank"	0.142765	0.587752	0.010799	227.522048	-29.072782	3703.000000	0.033240	4.294919	0.139568	0.640799	0.013640	161.717025	0.111577	0.168088	0.460857	1.000000	0.000000	0.030394	56.176049	231.926884	31	214	0.144860	0.153564	0.034257	25	242	0.103306	0.069653	0.023456	12	253	0.047431	0.035062	0.016769	7	271	0.025830	0.020801	0.012805	2	238	0.008403	0.014922	0.011217	40	235	0.170213	0.153564	0.033459	3	202	0.014851	0.069653	0.024555	8	198	0.040404	0.035062	0.017837	3	236	0.012712	0.020801	0.013231	4	282	0.014184	0.014922	0.010781
simadna_md_01.fq	simadna_md_01.fq	7711	"Chordata"	"phylum"	1139	334	49.481507	168.180768	0.433235	0.006813	7711:"Chordata":"phylum"	7711:"Chordata":"phylum";33511:"Deuterostomia":"clade";33213:"Bilateria":"clade";6072:"Eumetazoa":"clade";33208:"Metazoa":"kingdom";33154:"Opisthokonta":"clade";2759:"Eukaryota":"domain";131567:"cellular organisms":"cellular root";1:"root":"no rank"	0.142765	0.587752	0.010799	227.522706	-29.072782	3193.000000	0.033240	4.294921	0.139568	0.640799	0.013640	161.719863	0.111577	0.168088	0.460857	1.000000	0.000000	0.030394	56.176027	231.926574	31	214	0.144860	0.153564	0.034257	25	242	0.103306	0.069653	0.023456	12	253	0.047431	0.035062	0.016769	7	271	0.025830	0.020801	0.012805	2	238	0.008403	0.014922	0.011217	40	235	0.170213	0.153564	0.033459	3	202	0.014851	0.069653	0.024555	8	198	0.040404	0.035062	0.017837	3	236	0.012712	0.020801	0.013231	4	282	0.014184	0.014922	0.010781
simadna_md_01.fq	simadna_md_01.fq	7742	"Vertebrata"	"clade"	1139	334	50.106582	177.056044	0.428141	0.006821	7742:"Vertebrata":"clade"	7742:"Vertebrata":"clade";89593:"Craniata":"subphylum";7711:"Chordata":"phylum";33511:"Deuterostomia":"clade";33213:"Bilateria":"clade";6072:"Eumetazoa":"clade";33208:"Metazoa":"kingdom";33154:"Opisthokonta":"clade";2759:"Eukaryota":"domain";131567:"cellular organisms":"cellular root";1:"root":"no rank"	0.142765	0.587752	0.010799	227.522667	-29.072782	4463.000000	0.033240	4.294922	0.139568	0.640799	0.013640	161.713334	0.111577	0.168088	0.460857	1.000000	0.000000	0.030394	56.176001	231.926767	31	214	0.144860	0.153564	0.034257	25	242	0.103306	0.069653	0.023456	12	253	0.047431	0.035062	0.016769	7	271	0.025830	0.020801	0.012805	2	238	0.008403	0.014922	0.011217	40	235	0.170213	0.153564	0.033459	3	202	0.014851	0.069653	0.024555	8	198	0.040404	0.035062	0.017837	3	236	0.012712	0.020801	0.013231	4	282	0.014184	0.014922	0.010781
simadna_md_01.fq	simadna_md_01.fq	7776	"Gnathostomata"	"clade"	1139	334	50.375860	181.151550	0.425412	0.006790	7776:"Gnathostomata":"clade"	7776:"Gnathostomata":"clade";7742:"Vertebrata":"clade";89593:"Craniata":"subphylum";7711:"Chordata":"phylum";33511:"Deuterostomia":"clade";33213:"Bilateria":"clade";6072:"Eumetazoa":"clade";33208:"Metazoa":"kingdom";33154:"Opisthokonta":"clade";2759:"Eukaryota":"domain";131567:"cellular organisms":"cellular root";1:"root":"no rank"	0.142765	0.587752	0.010799	227.522219	-29.072782	2875.000000	0.033240	4.294920	0.139568	0.640799	0.013640	161.716563	0.111577	0.168088	0.460857	1.000000	0.000000	0.030394	56.176102	231.927374	31	214	0.144860	0.153564	0.034257	25	242	0.103306	0.069653	0.023456	12	253	0.047431	0.035062	0.016769	7	271	0.025830	0.020801	0.012805	2	238	0.008403	0.014922	0.011217	40	235	0.170213	0.153564	0.033459	3	202	0.014851	0.069653	0.024555	8	198	0.040404	0.035062	0.017837	3	236	0.012712	0.020801	0.013231	4	282	0.014184	0.014922	0.010781
simadna_md_01.fq	simadna_md_01.fq	8287	"Sarcopterygii"	"superclass"	1139	334	50.976673	191.483171	0.416179	0.006563	8287:"Sarcopterygii":"superclass"	8287:"Sarcopterygii":"superclass";117571:"Euteleostomi":"clade";117570:"Teleostomi":"clade";7776:"Gnathostomata":"clade";7742:"Vertebrata":"clade";89593:"Craniata":"subphylum";7711:"Chordata":"phylum";33511:"Deuterostomia":"clade";33213:"Bilateria":"clade";6072:"Eumetazoa":"clade";33208:"Metazoa":"kingdom";33154:"Opisthokonta":"clade";2759:"Eukaryota":"domain";131567:"cellular organisms":"cellular root";1:"root":"no rank"	0.142765	0.587752	0.010799	227.523332	-29.072782	653.000000	0.033240	4.294925	0.139568	0.640799	0.013640	161.717580	0.111577	0.168088	0.460857	1.000000	0.000000	0.030394	56.176013	231.926617	31	214	0.144860	0.153564	0.034257	25	242	0.103306	0.069653	0.023456	12	253	0.047431	0.035062	0.016769	7	271	0.025830	0.020801	0.012805	2	238	0.008403	0.014922	0.011217	40	235	0.170213	0.153564	0.033459	3	202	0.014851	0.069653	0.024555	8	198	0.040404	0.035062	0.017837	3	236	0.012712	0.020801	0.013231	4	282	0.014184	0.014922	0.010781
simadna_md_01.fq	simadna_md_01.fq	9347	"Eutheria"	"clade"	1139	334	51.486857	199.100166	0.402886	0.005977	9347:"Eutheria":"clade"	9347:"Eutheria":"clade";32525:"Theria":"clade";40674:"Mammalia":"class";32524:"Amniota":"clade";32523:"Tetrapoda":"clade";1338369:"Dipnotetrapodomorpha":"clade";8287:"Sarcopterygii":"superclass";117571:"Euteleostomi":"clade";117570:"Teleostomi":"clade";7776:"Gnathostomata":"clade";7742:"Vertebrata":"clade";89593:"Craniata":"subphylum";7711:"Chordata":"phylum";33511:"Deuterostomia":"clade";33213:"Bilateria":"clade";6072:"Eumetazoa":"clade";33208:"Metazoa":"kingdom";33154:"Opisthokonta":"clade";2759:"Eukaryota":"domain";131567:"cellular organisms":"cellular root";1:"root":"no rank"	0.142765	0.587752	0.010799	227.522695	-29.072782	1142.000000	0.033240	4.294922	0.139568	0.640799	0.013640	161.717490	0.111577	0.168088	0.460858	1.000000	0.000000	0.030394	56.176027	231.926744	31	214	0.144860	0.153564	0.034257	25	242	0.103306	0.069653	0.023456	12	253	0.047431	0.035062	0.016769	7	271	0.025830	0.020801	0.012805	2	238	0.008403	0.014922	0.011217	40	235	0.170213	0.153564	0.033459	3	202	0.014851	0.069653	0.024555	8	198	0.040404	0.035062	0.017837	3	236	0.012712	0.020801	0.013231	4	282	0.014184	0.014922	0.010781
simadna_md_01.fq	simadna_md_01.fq	9443	"Primates"	"order"	10	5	41.918367	13.600000	0.510261	0.004240	9443:"Primates":"order"	9443:"Primates":"order";314146:"Euarchontoglires":"superorder";1437010:"Boreoeutheria":"clade";9347:"Eutheria":"clade";32525:"Theria":"clade";40674:"Mammalia":"class";32524:"Amniota":"clade";32523:"Tetrapoda":"clade";1338369:"Dipnotetrapodomorpha":"clade";8287:"Sarcopterygii":"superclass";117571:"Euteleostomi":"clade";117570:"Teleostomi":"clade";7776:"Gnathostomata":"clade";7742:"Vertebrata":"clade";89593:"Craniata":"subphylum";7711:"Chordata":"phylum";33511:"Deuterostomia":"clade";33213:"Bilateria":"clade";6072:"Eumetazoa":"clade";33208:"Metazoa":"kingdom";33154:"Opisthokonta":"clade";2759:"Eukaryota":"domain";131567:"cellular organisms":"cellular root";1:"root":"no rank"	0.455365	1.000000	0.000000	2.000000	-2.984542	1248.000000	0.371190	1.226770	0.455366	1.000000	0.000000	2.000000	0.455364	0.455369	1.000000	1.000000	0.000000	0.000000	2.000000	2.000000	3	3	1.000000	0.455365	0.371190	0	5	0.000000	0.000000	0.000082	0	2	0.000000	0.000000	0.000082	0	1	0.000000	0.000000	0.000100	0	1	0.000000	0.000000	0.000100	0	4	0.000000	0.455365	0.352142	0	1	0.000000	0.000000	0.000121	0	5	0.000000	0.000000	0.000068	0	4	0.000000	0.000000	0.000071	0	4	0.000000	0.000000	0.000071
simadna_md_01.fq	simadna_md_01.fq	9479	"Platyrrhini"	"parvorder"	3	3	44.000000	26.500000	0.534869	0.009737	9479:"Platyrrhini":"parvorder"	9479:"Platyrrhini":"parvorder";314293:"Simiiformes":"infraorder";376913:"Haplorrhini":"suborder";9443:"Primates":"order";314146:"Euarchontoglires":"superorder";1437010:"Boreoeutheria":"clade";9347:"Eutheria":"clade";32525:"Theria":"clade";40674:"Mammalia":"class";32524:"Amniota":"clade";32523:"Tetrapoda":"clade";1338369:"Dipnotetrapodomorpha":"clade";8287:"Sarcopterygii":"superclass";117571:"Euteleostomi":"clade";117570:"Teleostomi":"clade";7776:"Gnathostomata":"clade";7742:"Vertebrata":"clade";89593:"Craniata":"subphylum";7711:"Chordata":"phylum";33511:"Deuterostomia":"clade";33213:"Bilateria":"clade";6072:"Eumetazoa":"clade";33208:"Metazoa":"kingdom";33154:"Opisthokonta":"clade";2759:"Eukaryota":"domain";131567:"cellular organisms":"cellular root";1:"root":"no rank"	0.000000	1.000000	0.000000	2.000000	-0.000000	132.000000	0.000100	0.000100	0.000000	1.000000	0.000000	2.029605	0.000000	0.000000	1.000000	1.000000	0.000000	0.000000	2.000000	2.000000	0	0	0.000000	0.000000	0.000000	0	1	0.000000	0.000000	0.000100	0	2	0.000000	0.000000	0.000082	0	1	0.000000	0.000000	0.000100	0	1	0.000000	0.000000	0.000100	0	1	0.000000	0.000000	0.000141	0	1	0.000000	0.000000	0.000100	0	1	0.000000	0.000000	0.000100	0	0	0.000000	0.000000	0.000000	0	0	0.000000	0.000000	0.000000
simadna_md_01.fq	simadna_md_01.fq	9480	"Callitrichinae"	"subfamily"	3	3	44.000000	26.500000	0.534869	0.009737	9480:"Callitrichinae":"subfamily"	9480:"Callitrichinae":"subfamily";9498:"Cebidae":"family";9479:"Platyrrhini":"parvorder";314293:"Simiiformes":"infraorder";376913:"Haplorrhini":"suborder";9443:"Primates":"order";314146:"Euarchontoglires":"superorder";1437010:"Boreoeutheria":"clade";9347:"Eutheria":"clade";32525:"Theria":"clade";40674:"Mammalia":"class";32524:"Amniota":"clade";32523:"Tetrapoda":"clade";1338369:"Dipnotetrapodomorpha":"clade";8287:"Sarcopterygii":"superclass";117571:"Euteleostomi":"clade";117570:"Teleostomi":"clade";7776:"Gnathostomata":"clade";7742:"Vertebrata":"clade";89593:"Craniata":"subphylum";7711:"Chordata":"phylum";33511:"Deuterostomia":"clade";33213:"Bilateria":"clade";6072:"Eumetazoa":"clade";33208:"Metazoa":"kingdom";33154:"Opisthokonta":"clade";2759:"Eukaryota":"domain";131567:"cellular organisms":"cellular root";1:"root":"no rank"	0.000000	1.000000	0.000000	2.000000	-0.000000	278.000000	0.000100	0.000100	0.000000	1.000000	0.000000	2.088835	0.000000	0.000000	1.000000	1.000000	0.000000	0.000000	2.000000	2.304643	0	0	0.000000	0.000000	0.000000	0	1	0.000000	0.000000	0.000100	0	2	0.000000	0.000000	0.000082	0	1	0.000000	0.000000	0.000100	0	1	0.000000	0.000000	0.000100	0	1	0.000000	0.000000	0.000141	0	1	0.000000	0.000000	0.000100	0	1	0.000000	0.000000	0.000100	0	0	0.000000	0.000000	0.000000	0	0	0.000000	0.000000	0.000000
simadna_md_01.fq	simadna_md_01.fq	9498	"Cebidae"	"family"	3	3	44.000000	26.500000	0.534869	0.009737	9498:"Cebidae":"family"	9498:"Cebidae":"family";9479:"Platyrrhini":"parvorder";314293:"Simiiformes":"infraorder";376913:"Haplorrhini":"suborder";9443:"Primates":"order";314146:"Euarchontoglires":"superorder";1437010:"Boreoeutheria":"clade";9347:"Eutheria":"clade";32525:"Theria":"clade";40674:"Mammalia":"class";32524:"Amniota":"clade";32523:"Tetrapoda":"clade";1338369:"Dipnotetrapodomorpha":"clade";8287:"Sarcopterygii":"superclass";117571:"Euteleostomi":"clade";117570:"Teleostomi":"clade";7776:"Gnathostomata":"clade";7742:"Vertebrata":"clade";89593:"Craniata":"subphylum";7711:"Chordata":"phylum";33511:"Deuterostomia":"clade";33213:"Bilateria":"clade";6072:"Eumetazoa":"clade";33208:"Metazoa":"kingdom";33154:"Opisthokonta":"clade";2759:"Eukaryota":"domain";131567:"cellular organisms":"cellular root";1:"root":"no rank"	0.000000	1.000000	0.000000	2.000000	-0.000000	105.000000	0.000100	0.000100	0.000000	0.999422	0.000000	2.179405	0.000000	0.000000	1.000000	1.000000	0.000000	0.000000	2.000000	2.787331	0	0	0.000000	0.000000	0.000000	0	1	0.000000	0.000000	0.000100	0	2	0.000000	0.000000	0.000082	0	1	0.000000	0.000000	0.000100	0	1	0.000000	0.000000	0.000100	0	1	0.000000	0.000000	0.000141	0	1	0.000000	0.000000	0.000100	0	1	0.000000	0.000000	0.000100	0	0	0.000000	0.000000	0.000000	0	0	0.000000	0.000000	0.000000
simadna_md_01.fq	simadna_md_01.fq	9526	"Catarrhini"	"parvorder"	7	2	41.000000	4.000000	0.499404	0.000149	9526:"Catarrhini":"parvorder"	9526:"Catarrhini":"parvorder";314293:"Simiiformes":"infraorder";376913:"Haplorrhini":"suborder";9443:"Primates":"order";314146:"Euarchontoglires":"superorder";1437010:"Boreoeutheria":"clade";9347:"Eutheria":"clade";32525:"Theria":"clade";40674:"Mammalia":"class";32524:"Amniota":"clade";32523:"Tetrapoda":"clade";1338369:"Dipnotetrapodomorpha":"clade";8287:"Sarcopterygii":"superclass";117571:"Euteleostomi":"clade";117570:"Teleostomi":"clade";7776:"Gnathostomata":"clade";7742:"Vertebrata":"clade";89593:"Craniata":"subphylum";7711:"Chordata":"phylum";33511:"Deuterostomia":"clade";33213:"Bilateria":"clade";6072:"Eumetazoa":"clade";33208:"Metazoa":"kingdom";33154:"Opisthokonta":"clade";2759:"Eukaryota":"domain";131567:"cellular organisms":"cellular root";1:"root":"no rank"	0.500000	1.000000	0.000000	2.000000	-2.772589	827.000000	0.372678	1.341641	0.500000	1.000000	0.000000	2.000000	0.500000	0.500000	1.000000	1.000000	0.000000	0.000000	2.000000	2.000000	3	3	1.000000	0.500000	0.372678	0	4	0.000000	0.000000	0.000087	0	0	0.000000	0.000000	0.000000	0	0	0.000000	0.000000	0.000000	0	0	0.000000	0.000000	0.000000	0	3	0.000000	0.500000	0.372678	0	0	0.000000	0.000000	0.000000	0	4	0.000000	0.000000	0.000071	0	4	0.000000	0.000000	0.000071	0	4	0.000000	0.000000	0.000071
simadna_md_01.fq	simadna_md_01.fq	9604	"Hominidae"	"family"	7	2	41.000000	4.000000	0.499404	0.000149	9604:"Hominidae":"family"	9604:"Hominidae":"family";314295:"Hominoidea":"superfamily";9526:"Catarrhini":"parvorder";314293:"Simiiformes":"infraorder";376913:"Haplorrhini":"suborder";9443:"Primates":"order";314146:"Euarchontoglires":"superorder";1437010:"Boreoeutheria":"clade";9347:"Eutheria":"clade";32525:"Theria":"clade";40674:"Mammalia":"class";32524:"Amniota":"clade";32523:"Tetrapoda":"clade";1338369:"Dipnotetrapodomorpha":"clade";8287:"Sarcopterygii":"superclass";117571:"Euteleostomi":"clade";117570:"Teleostomi":"clade";7776:"Gnathostomata":"clade";7742:"Vertebrata":"clade";89593:"Craniata":"subphylum";7711:"Chordata":"phylum";33511:"Deuterostomia":"clade";33213:"Bilateria":"clade";6072:"Eumetazoa":"clade";33208:"Metazoa":"kingdom";33154:"Opisthokonta":"clade";2759:"Eukaryota":"domain";131567:"cellular organisms":"cellular root";1:"root":"no rank"	0.500000	1.000000	0.000000	2.000000	-2.772589	886.000000	0.372678	1.341641	0.500001	1.000000	0.000000	2.000000	0.500000	0.500001	1.000000	1.000000	0.000000	0.000000	2.000000	2.000000	3	3	1.000000	0.500000	0.372678	0	4	0.000000	0.000000	0.000087	0	0	0.000000	0.000000	0.000000	0	0	0.000000	0.000000	0.000000	0	0	0.000000	0.000000	0.000000	0	3	0.000000	0.500000	0.372678	0	0	0.000000	0.000000	0.000000	0	4	0.000000	0.000000	0.000071	0	4	0.000000	0.000000	0.000071	0	4	0.000000	0.000000	0.000071
simadna_md_01.fq	simadna_md_01.fq	9605	"Homo"	"genus"	7	2	41.000000	4.000000	0.499404	0.000149	9605:"Homo":"genus"	9605:"Homo":"genus";207598:"Homininae":"subfamily";9604:"Hominidae":"family";314295:"Hominoidea":"superfamily";9526:"Catarrhini":"parvorder";314293:"Simiiformes":"infraorder";376913:"Haplorrhini":"suborder";9443:"Primates":"order";314146:"Euarchontoglires":"superorder";1437010:"Boreoeutheria":"clade";9347:"Eutheria":"clade";32525:"Theria":"clade";40674:"Mammalia":"class";32524:"Amniota":"clade";32523:"Tetrapoda":"clade";1338369:"Dipnotetrapodomorpha":"clade";8287:"Sarcopterygii":"superclass";117571:"Euteleostomi":"clade";117570:"Teleostomi":"clade";7776:"Gnathostomata":"clade";7742:"Vertebrata":"clade";89593:"Craniata":"subphylum";7711:"Chordata":"phylum";33511:"Deuterostomia":"clade";33213:"Bilateria":"clade";6072:"Eumetazoa":"clade";33208:"Metazoa":"kingdom";33154:"Opisthokonta":"clade";2759:"Eukaryota":"domain";131567:"cellular organisms":"cellular root";1:"root":"no rank"	0.499999	1.000000	0.000000	2.000000	-2.772589	1086.000000	0.372678	1.341638	0.500000	1.000000	0.000000	2.000000	0.499999	0.500000	1.000000	1.000000	0.000000	0.000000	2.000000	2.000000	3	3	1.000000	0.499999	0.372678	0	4	0.000000	0.000000	0.000087	0	0	0.000000	0.000000	0.000000	0	0	0.000000	0.000000	0.000000	0	0	0.000000	0.000000	0.000000	0	3	0.000000	0.499999	0.372678	0	0	0.000000	0.000000	0.000000	0	4	0.000000	0.000000	0.000071	0	4	0.000000	0.000000	0.000071	0	4	0.000000	0.000000	0.000071
simadna_md_01.fq	simadna_md_01.fq	9676	"Hyaenidae"	"family"	184	159	52.685534	196.189867	0.430221	0.006296	9676:"Hyaenidae":"family"	9676:"Hyaenidae":"family";379583:"Feliformia":"suborder";33554:"Carnivora":"order";314145:"Laurasiatheria":"superorder";1437010:"Boreoeutheria":"clade";9347:"Eutheria":"clade";32525:"Theria":"clade";40674:"Mammalia":"class";32524:"Amniota":"clade";32523:"Tetrapoda":"clade";1338369:"Dipnotetrapodomorpha":"clade";8287:"Sarcopterygii":"superclass";117571:"Euteleostomi":"clade";117570:"Teleostomi":"clade";7776:"Gnathostomata":"clade";7742:"Vertebrata":"clade";89593:"Craniata":"subphylum";7711:"Chordata":"phylum";33511:"Deuterostomia":"clade";33213:"Bilateria":"clade";6072:"Eumetazoa":"clade";33208:"Metazoa":"kingdom";33154:"Opisthokonta":"clade";2759:"Eukaryota":"domain";131567:"cellular organisms":"cellular root";1:"root":"no rank"	0.154412	0.927600	0.043387	57953.405118	-17.765333	6396.000000	0.061096	2.527361	0.152921	0.862926	0.040406	349.484543	0.112663	0.213931	0.702091	1.000000	0.014819	0.062283	22.372445	488.700782	9	35	0.257143	0.197799	0.067351	3	52	0.057692	0.054566	0.031511	0	39	0.000000	0.044196	0.032922	4	48	0.083333	0.043445	0.029436	0	43	0.000000	0.043391	0.031081	7	46	0.152174	0.197799	0.058755	2	36	0.055556	0.054566	0.037867	2	35	0.057143	0.044196	0.034751	1	36	0.027778	0.043445	0.033987	3	32	0.093750	0.043391	0.036025
simadna_md_01.fq	simadna_md_01.fq	9677	"Crocuta"	"genus"	163	141	53.290779	201.952362	0.432984	0.006096	9677:"Crocuta":"genus"	9677:"Crocuta":"genus";9676:"Hyaenidae":"family";379583:"Feliformia":"suborder";33554:"Carnivora":"order";314145:"Laurasiatheria":"superorder";1437010:"Boreoeutheria":"clade";9347:"Eutheria":"clade";32525:"Theria":"clade";40674:"Mammalia":"class";32524:"Amniota":"clade";32523:"Tetrapoda":"clade";1338369:"Dipnotetrapodomorpha":"clade";8287:"Sarcopterygii":"superclass";117571:"Euteleostomi":"clade";117570:"Teleostomi":"clade";7776:"Gnathostomata":"clade";7742:"Vertebrata":"clade";89593:"Craniata":"subphylum";7711:"Chordata":"phylum";33511:"Deuterostomia":"clade";33213:"Bilateria":"clade";6072:"Eumetazoa":"clade";33208:"Metazoa":"kingdom";33154:"Opisthokonta":"clade";2759:"Eukaryota":"domain";131567:"cellular organisms":"cellular root";1:"root":"no rank"	0.195736	1.000000	0.044379	302.619502	-17.685410	1132.000000	0.078245	2.501586	0.191608	0.935443	0.039083	19178.084242	0.136606	0.259444	0.811345	1.000000	0.027024	0.061062	11.203634	93092.265952	9	28	0.321429	0.240115	0.084237	1	46	0.021739	0.044379	0.032536	0	36	0.000000	0.044379	0.036247	4	43	0.093023	0.044379	0.033507	0	38	0.000000	0.044379	0.035384	7	39	0.179487	0.240115	0.072553	2	33	0.060606	0.044379	0.037691	2	34	0.058824	0.044379	0.037188	1	32	0.031250	0.044379	0.038218	3	31	0.096774	0.044379	0.038772
simadna_md_01.fq	simadna_md_01.fq	9678	"Crocuta crocuta"	"species"	163	141	53.290779	201.952362	0.432984	0.006096	9678:"Crocuta crocuta":"species"	9678:"Crocuta crocuta":"species";9677:"Crocuta":"genus";9676:"Hyaenidae":"family";379583:"Feliformia":"suborder";33554:"Carnivora":"order";314145:"Laurasiatheria":"superorder";1437010:"Boreoeutheria":"clade";9347:"Eutheria":"clade";32525:"Theria":"clade";40674:"Mammalia":"class";32524:"Amniota":"clade";32523:"Tetrapoda":"clade";1338369:"Dipnotetrapodomorpha":"clade";8287:"Sarcopterygii":"superclass";117571:"Euteleostomi":"clade";117570:"Teleostomi":"clade";7776:"Gnathostomata":"clade";7742:"Vertebrata":"clade";89593:"Craniata":"subphylum";7711:"Chordata":"phylum";33511:"Deuterostomia":"clade";33213:"Bilateria":"clade";6072:"Eumetazoa":"clade";33208:"Metazoa":"kingdom";33154:"Opisthokonta":"clade";2759:"Eukaryota":"domain";131567:"cellular organisms":"cellular root";1:"root":"no rank"	0.195736	1.000000	0.044379	302.622927	-17.685410	2479.000000	0.078245	2.501588	0.191604	0.935399	0.039086	14216.152090	0.136606	0.259444	0.811345	1.000000	0.027024	0.061062	11.203629	79062.131233	9	28	0.321429	0.240115	0.084237	1	46	0.021739	0.044379	0.032536	0	36	0.000000	0.044379	0.036247	4	43	0.093023	0.044379	0.033507	0	38	0.000000	0.044379	0.035384	7	39	0.179487	0.240115	0.072553	2	33	0.060606	0.044379	0.037691	2	34	0.058824	0.044379	0.037188	1	32	0.031250	0.044379	0.038218	3	31	0.096774	0.044379	0.038772
simadna_md_01.fq	simadna_md_01.fq	9779	"Proboscidea"	"order"	62	18	49.933332	208.648317	0.409280	0.007796	9779:"Proboscidea":"order"	9779:"Proboscidea":"order";311790:"Afrotheria":"superorder";9347:"Eutheria":"clade";32525:"Theria":"clade";40674:"Mammalia":"class";32524:"Amniota":"clade";32523:"Tetrapoda":"clade";1338369:"Dipnotetrapodomorpha":"clade";8287:"Sarcopterygii":"superclass";117571:"Euteleostomi":"clade";117570:"Teleostomi":"clade";7776:"Gnathostomata":"clade";7742:"Vertebrata":"clade";89593:"Craniata":"subphylum";7711:"Chordata":"phylum";33511:"Deuterostomia":"clade";33213:"Bilateria":"clade";6072:"Eumetazoa":"clade";33208:"Metazoa":"kingdom";33154:"Opisthokonta":"clade";2759:"Eukaryota":"domain";131567:"cellular organisms":"cellular root";1:"root":"no rank"	0.000015	0.000000	0.010829	14.434965	-4.504354	1324.000000	0.001566	0.009283	0.001097	0.150000	0.010945	8311.546906	0.000000	0.006537	0.000000	1.000000	0.000000	0.018144	2.403531	47031.159618	0	9	0.000000	0.010843	0.042537	0	13	0.000000	0.010843	0.038295	0	13	0.000000	0.010843	0.038295	2	22	0.090909	0.010843	0.033924	0	7	0.000000	0.010843	0.046128	0	16	0.000000	0.010843	0.036357	0	21	0.000000	0.010843	0.034242	0	15	0.000000	0.010843	0.036927	0	23	0.000000	0.010843	0.033630	0	14	0.000000	0.010843	0.037568
simadna_md_01.fq	simadna_md_01.fq	9780	"Elephantidae"	"family"	62	18	48.999999	181.486114	0.405435	0.007149	9780:"Elephantidae":"family"	9780:"Elephantidae":"family";9779:"Proboscidea":"order";311790:"Afrotheria":"superorder";9347:"Eutheria":"clade";32525:"Theria":"clade";40674:"Mammalia":"class";32524:"Amniota":"clade";32523:"Tetrapoda":"clade";1338369:"Dipnotetrapodomorpha":"clade";8287:"Sarcopterygii":"superclass";117571:"Euteleostomi":"clade";117570:"Teleostomi":"clade";7776:"Gnathostomata":"clade";7742:"Vertebrata":"clade";89593:"Craniata":"subphylum";7711:"Chordata":"phylum";33511:"Deuterostomia":"clade";33213:"Bilateria":"clade";6072:"Eumetazoa":"clade";33208:"Metazoa":"kingdom";33154:"Opisthokonta":"clade";2759:"Eukaryota":"domain";131567:"cellular organisms":"cellular root";1:"root":"no rank"	0.000000	0.000000	0.010843	14.434957	-4.504354	3287.000000	0.000041	0.000243	0.002212	0.199997	0.009831	26858.330875	0.000000	0.014207	0.000000	1.000000	0.000000	0.018144	2.403529	95243.306320	0	9	0.000000	0.010843	0.042537	0	13	0.000000	0.010843	0.038295	0	13	0.000000	0.010843	0.038295	2	22	0.090909	0.010843	0.033924	0	7	0.000000	0.010843	0.046128	0	16	0.000000	0.010843	0.036357	0	21	0.000000	0.010843	0.034242	0	15	0.000000	0.010843	0.036927	0	23	0.000000	0.010843	0.033630	0	14	0.000000	0.010843	0.037568
simadna_md_01.fq	simadna_md_01.fq	9821	"Suidae"	"family"	315	54	49.770833	157.677670	0.375680	0.005506	9821:"Suidae":"family"	9821:"Suidae":"family";35497:"Suina":"suborder";91561:"Artiodactyla":"order";314145:"Laurasiatheria":"superorder";1437010:"Boreoeutheria":"clade";9347:"Eutheria":"clade";32525:"Theria":"clade";40674:"Mammalia":"class";32524:"Amniota":"clade";32523:"Tetrapoda":"clade";1338369:"Dipnotetrapodomorpha":"clade";8287:"Sarcopterygii":"superclass";117571:"Euteleostomi":"clade";117570:"Teleostomi":"clade";7776:"Gnathostomata":"clade";7742:"Vertebrata":"clade";89593:"Craniata":"subphylum";7711:"Chordata":"phylum";33511:"Deuterostomia":"clade";33213:"Bilateria":"clade";6072:"Eumetazoa":"clade";33208:"Metazoa":"kingdom";33154:"Opisthokonta":"clade";2759:"Eukaryota":"domain";131567:"cellular organisms":"cellular root";1:"root":"no rank"	0.087722	0.399315	0.000000	6.241432	-17.689100	875.000000	0.109468	0.801343	0.089665	0.424780	0.000000	5.279293	0.062617	0.107516	0.359548	0.502894	0.000000	0.000000	3.384570	7.102510	0	74	0.000000	0.087722	0.109468	21	93	0.225806	0.052693	0.085766	2	66	0.030303	0.031652	0.068065	0	62	0.000000	0.019013	0.053244	0	77	0.000000	0.011421	0.041055	7	68	0.102941	0.087722	0.109843	0	57	0.000000	0.052693	0.087453	3	55	0.054545	0.031652	0.068651	0	58	0.000000	0.019013	0.053412	0	79	0.000000	0.011421	0.041016
simadna_md_01.fq	simadna_md_01.fq	9822	"Sus"	"genus"	305	47	49.382979	135.201647	0.373867	0.005243	9822:"Sus":"genus"	9822:"Sus":"genus";9821:"Suidae":"family";35497:"Suina":"suborder";91561:"Artiodactyla":"order";314145:"Laurasiatheria":"superorder";1437010:"Boreoeutheria":"clade";9347:"Eutheria":"clade";32525:"Theria":"clade";40674:"Mammalia":"class";32524:"Amniota":"clade";32523:"Tetrapoda":"clade";1338369:"Dipnotetrapodomorpha":"clade";8287:"Sarcopterygii":"superclass";117571:"Euteleostomi":"clade";117570:"Teleostomi":"clade";7776:"Gnathostomata":"clade";7742:"Vertebrata":"clade";89593:"Craniata":"subphylum";7711:"Chordata":"phylum";33511:"Deuterostomia":"clade";33213:"Bilateria":"clade";6072:"Eumetazoa":"clade";33208:"Metazoa":"kingdom";33154:"Opisthokonta":"clade";2759:"Eukaryota":"domain";131567:"cellular organisms":"cellular root";1:"root":"no rank"	0.090230	0.397518	0.000000	5.985203	-17.702244	3027.000000	0.112762	0.800178	0.094275	0.415510	0.000000	5.127399	0.071632	0.110977	0.329299	0.509613	0.000000	0.000000	3.747822	6.399392	0	73	0.000000	0.090230	0.112762	21	90	0.233333	0.054362	0.088593	2	61	0.032787	0.032752	0.070570	0	60	0.000000	0.019732	0.055185	0	75	0.000000	0.011888	0.042614	7	66	0.106061	0.090230	0.113214	0	57	0.000000	0.054362	0.090178	3	54	0.055556	0.032752	0.070978	0	56	0.000000	0.019732	0.055364	0	76	0.000000	0.011888	0.042593
simadna_md_01.fq	simadna_md_01.fq	9823	"Sus scrofa"	"species"	157	5	47.200001	23.139999	0.347240	0.000846	9823:"Sus scrofa":"species"	9823:"Sus scrofa":"species";9822:"Sus":"genus";9821:"Suidae":"family";35497:"Suina":"suborder";91561:"Artiodactyla":"order";314145:"Laurasiatheria":"superorder";1437010:"Boreoeutheria":"clade";9347:"Eutheria":"clade";32525:"Theria":"clade";40674:"Mammalia":"class";32524:"Amniota":"clade";32523:"Tetrapoda":"clade";1338369:"Dipnotetrapodomorpha":"clade";8287:"Sarcopterygii":"superclass";117571:"Euteleostomi":"clade";117570:"Teleostomi":"clade";7776:"Gnathostomata":"clade";7742:"Vertebrata":"clade";89593:"Craniata":"subphylum";7711:"Chordata":"phylum";33511:"Deuterostomia":"clade";33213:"Bilateria":"clade";6072:"Eumetazoa":"clade";33208:"Metazoa":"kingdom";33154:"Opisthokonta":"clade";2759:"Eukaryota":"domain";131567:"cellular organisms":"cellular root";1:"root":"no rank"	0.096804	0.464594	0.000000	5.321815	-12.635459	1246.000000	0.125996	0.768315	0.097840	0.455565	0.000000	4.558819	0.040933	0.127634	0.255448	0.614434	0.000000	0.000000	2.992906	7.205735	0	36	0.000000	0.096805	0.125996	11	46	0.239130	0.051830	0.093129	0	31	0.000000	0.027750	0.070713	0	29	0.000000	0.014858	0.052347	0	42	0.000000	0.007955	0.037503	3	30	0.100000	0.096805	0.127608	0	28	0.000000	0.051830	0.096183	2	29	0.068966	0.027750	0.071070	0	25	0.000000	0.014858	0.052992	0	40	0.000000	0.007955	0.037608
simadna_md_01.fq	simadna_md_01.fq	9845	"Ruminantia"	"suborder"	568	98	53.400660	200.918908	0.400534	0.004902	9845:"Ruminantia":"suborder"	9845:"Ruminantia":"suborder";91561:"Artiodactyla":"order";314145:"Laurasiatheria":"superorder";1437010:"Boreoeutheria":"clade";9347:"Eutheria":"clade";32525:"Theria":"clade";40674:"Mammalia":"class";32524:"Amniota":"clade";32523:"Tetrapoda":"clade";1338369:"Dipnotetrapodomorpha":"clade";8287:"Sarcopterygii":"superclass";117571:"Euteleostomi":"clade";117570:"Teleostomi":"clade";7776:"Gnathostomata":"clade";7742:"Vertebrata":"clade";89593:"Craniata":"subphylum";7711:"Chordata":"phylum";33511:"Deuterostomia":"clade";33213:"Bilateria":"clade";6072:"Eumetazoa":"clade";33208:"Metazoa":"kingdom";33154:"Opisthokonta":"clade";2759:"Eukaryota":"domain";131567:"cellular organisms":"cellular root";1:"root":"no rank"	0.210494	1.000000	0.022531	135.633891	-21.667713	1482.000000	0.054682	3.849400	0.221148	0.974413	0.022021	119.683498	0.161888	0.278843	0.916475	1.000000	0.015093	0.031128	25.533355	210.191299	19	93	0.204301	0.233026	0.056708	1	79	0.012658	0.022531	0.020927	10	133	0.075188	0.022531	0.018043	1	138	0.007246	0.022531	0.017878	2	110	0.018182	0.022531	0.018972	26	101	0.257426	0.233026	0.055359	1	87	0.011494	0.022531	0.020310	3	88	0.034091	0.022531	0.020239	2	115	0.017391	0.022531	0.018743	1	153	0.006536	0.022531	0.017438
simadna_md_01.fq	simadna_md_01.fq	9895	"Bovidae"	"family"	568	98	53.595645	202.362418	0.403657	0.004999	9895:"Bovidae":"family"	9895:"Bovidae":"family";35500:"Pecora":"infraorder";9845:"Ruminantia":"suborder";91561:"Artiodactyla":"order";314145:"Laurasiatheria":"superorder";1437010:"Boreoeutheria":"clade";9347:"Eutheria":"clade";32525:"Theria":"clade";40674:"Mammalia":"class";32524:"Amniota":"clade";32523:"Tetrapoda":"clade";1338369:"Dipnotetrapodomorpha":"clade";8287:"Sarcopterygii":"superclass";117571:"Euteleostomi":"clade";117570:"Teleostomi":"clade";7776:"Gnathostomata":"clade";7742:"Vertebrata":"clade";89593:"Craniata":"subphylum";7711:"Chordata":"phylum";33511:"Deuterostomia":"clade";33213:"Bilateria":"clade";6072:"Eumetazoa":"clade";33208:"Metazoa":"kingdom";33154:"Opisthokonta":"clade";2759:"Eukaryota":"domain";131567:"cellular organisms":"cellular root";1:"root":"no rank"	0.210494	1.000000	0.022531	135.634004	-21.667713	3612.000000	0.054682	3.849401	0.221148	0.974413	0.022021	119.683479	0.161888	0.278843	0.916475	1.000000	0.015093	0.031128	25.533367	210.191521	19	93	0.204301	0.233026	0.056708	1	79	0.012658	0.022531	0.020927	10	133	0.075188	0.022531	0.018043	1	138	0.007246	0.022531	0.017878	2	110	0.018182	0.022531	0.018972	26	101	0.257426	0.233026	0.055359	1	87	0.011494	0.022531	0.020310	3	88	0.034091	0.022531	0.020239	2	115	0.017391	0.022531	0.018743	1	153	0.006536	0.022531	0.017438
simadna_md_01.fq	simadna_md_01.fq	9903	"Bos"	"genus"	448	44	53.363636	214.988480	0.404694	0.003504	9903:"Bos":"genus"	9903:"Bos":"genus";27592:"Bovinae":"subfamily";9895:"Bovidae":"family";35500:"Pecora":"infraorder";9845:"Ruminantia":"suborder";91561:"Artiodactyla":"order";314145:"Laurasiatheria":"superorder";1437010:"Boreoeutheria":"clade";9347:"Eutheria":"clade";32525:"Theria":"clade";40674:"Mammalia":"class";32524:"Amniota":"clade";32523:"Tetrapoda":"clade";1338369:"Dipnotetrapodomorpha":"clade";8287:"Sarcopterygii":"superclass";117571:"Euteleostomi":"clade";117570:"Teleostomi":"clade";7776:"Gnathostomata":"clade";7742:"Vertebrata":"clade";89593:"Craniata":"subphylum";7711:"Chordata":"phylum";33511:"Deuterostomia":"clade";33213:"Bilateria":"clade";6072:"Eumetazoa":"clade";33208:"Metazoa":"kingdom";33154:"Opisthokonta":"clade";2759:"Eukaryota":"domain";131567:"cellular organisms":"cellular root";1:"root":"no rank"	0.196745	1.000000	0.020336	45.406503	-20.751746	511.000000	0.073941	2.660853	0.199540	0.964815	0.018658	31.367264	0.139178	0.245746	0.711803	1.000000	0.000000	0.027157	17.634392	50.948914	13	75	0.173333	0.217081	0.076679	1	64	0.015625	0.020336	0.027090	9	106	0.084906	0.020336	0.024763	0	108	0.000000	0.020336	0.024694	2	77	0.025974	0.020336	0.026124	21	84	0.250000	0.217081	0.075114	0	69	0.000000	0.020336	0.026680	3	77	0.038961	0.020336	0.026124	1	92	0.010870	0.020336	0.025322	0	122	0.000000	0.020336	0.024271
simadna_md_01.fq	simadna_md_01.fq	27592	"Bovinae"	"subfamily"	552	89	53.640449	202.687194	0.404375	0.005021	27592:"Bovinae":"subfamily"	27592:"Bovinae":"subfamily";9895:"Bovidae":"family";35500:"Pecora":"infraorder";9845:"Ruminantia":"suborder";91561:"Artiodactyla":"order";314145:"Laurasiatheria":"superorder";1437010:"Boreoeutheria":"clade";9347:"Eutheria":"clade";32525:"Theria":"clade";40674:"Mammalia":"class";32524:"Amniota":"clade";32523:"Tetrapoda":"clade";1338369:"Dipnotetrapodomorpha":"clade";8287:"Sarcopterygii":"superclass";117571:"Euteleostomi":"clade";117570:"Teleostomi":"clade";7776:"Gnathostomata":"clade";7742:"Vertebrata":"clade";89593:"Craniata":"subphylum";7711:"Chordata":"phylum";33511:"Deuterostomia":"clade";33213:"Bilateria":"clade";6072:"Eumetazoa":"clade";33208:"Metazoa":"kingdom";33154:"Opisthokonta":"clade";2759:"Eukaryota":"domain";131567:"cellular organisms":"cellular root";1:"root":"no rank"	0.206797	1.000000	0.023167	133.652394	-21.625670	796.000000	0.054839	3.770967	0.215612	0.966961	0.022033	111.877755	0.169797	0.255423	0.880832	1.000000	0.016154	0.028774	27.875192	232.405826	18	91	0.197802	0.229964	0.056979	1	76	0.013158	0.023167	0.021532	10	131	0.076336	0.023167	0.018426	1	132	0.007576	0.023167	0.018391	2	102	0.019608	0.023167	0.019705	26	101	0.257426	0.229964	0.055275	1	86	0.011628	0.023167	0.020718	3	88	0.034091	0.023167	0.020575	2	113	0.017699	0.023167	0.019153	1	149	0.006711	0.023167	0.017855
simadna_md_01.fq	simadna_md_01.fq	30587	"Leontopithecus"	"genus"	3	3	44.000000	26.500000	0.534869	0.009737	30587:"Leontopithecus":"genus"	30587:"Leontopithecus":"genus";9480:"Callitrichinae":"subfamily";9498:"Cebidae":"family";9479:"Platyrrhini":"parvorder";314293:"Simiiformes":"infraorder";376913:"Haplorrhini":"suborder";9443:"Primates":"order";314146:"Euarchontoglires":"superorder";1437010:"Boreoeutheria":"clade";9347:"Eutheria":"clade";32525:"Theria":"clade";40674:"Mammalia":"class";32524:"Amniota":"clade";32523:"Tetrapoda":"clade";1338369:"Dipnotetrapodomorpha":"clade";8287:"Sarcopterygii":"superclass";117571:"Euteleostomi":"clade";117570:"Teleostomi":"clade";7776:"Gnathostomata":"clade";7742:"Vertebrata":"clade";89593:"Craniata":"subphylum";7711:"Chordata":"phylum";33511:"Deuterostomia":"clade";33213:"Bilateria":"clade";6072:"Eumetazoa":"clade";33208:"Metazoa":"kingdom";33154:"Opisthokonta":"clade";2759:"Eukaryota":"domain";131567:"cellular organisms":"cellular root";1:"root":"no rank"	0.000000	1.000000	0.000000	2.000000	-0.000000	89.000000	0.000100	0.000100	0.000000	0.997226	0.000000	2.186409	0.000000	0.000000	0.989654	1.000000	0.000000	0.000000	2.000000	2.723069	0	0	0.000000	0.000000	0.000000	0	1	0.000000	0.000000	0.000100	0	2	0.000000	0.000000	0.000082	0	1	0.000000	0.000000	0.000100	0	1	0.000000	0.000000	0.000100	0	1	0.000000	0.000000	0.000141	0	1	0.000000	0.000000	0.000100	0	1	0.000000	0.000000	0.000100	0	0	0.000000	0.000000	0.000000	0	0	0.000000	0.000000	0.000000
simadna_md_01.fq	simadna_md_01.fq	30588	"Leontopithecus rosalia"	"species"	3	3	44.000000	26.500000	0.534869	0.009737	30588:"Leontopithecus rosalia":"species"	30588:"Leontopithecus rosalia":"species";30587:"Leontopithecus":"genus";9480:"Callitrichinae":"subfamily";9498:"Cebidae":"family";9479:"Platyrrhini":"parvorder";314293:"Simiiformes":"infraorder";376913:"Haplorrhini":"suborder";9443:"Primates":"order";314146:"Euarchontoglires":"superorder";1437010:"Boreoeutheria":"clade";9347:"Eutheria":"clade";32525:"Theria":"clade";40674:"Mammalia":"class";32524:"Amniota":"clade";32523:"Tetrapoda":"clade";1338369:"Dipnotetrapodomorpha":"clade";8287:"Sarcopterygii":"superclass";117571:"Euteleostomi":"clade";117570:"Teleostomi":"clade";7776:"Gnathostomata":"clade";7742:"Vertebrata":"clade";89593:"Craniata":"subphylum";7711:"Chordata":"phylum";33511:"Deuterostomia":"clade";33213:"Bilateria":"clade";6072:"Eumetazoa":"clade";33208:"Metazoa":"kingdom";33154:"Opisthokonta":"clade";2759:"Eukaryota":"domain";131567:"cellular organisms":"cellular root";1:"root":"no rank"	0.000000	1.000000	0.000000	2.000000	-0.000000	213.000000	0.000100	0.000100	0.000000	1.000000	0.000000	2.074500	0.000000	0.000000	1.000000	1.000000	0.000000	0.000000	2.000000	2.593203	0	0	0.000000	0.000000	0.000000	0	1	0.000000	0.000000	0.000100	0	2	0.000000	0.000000	0.000082	0	1	0.000000	0.000000	0.000100	0	1	0.000000	0.000000	0.000100	0	1	0.000000	0.000000	0.000141	0	1	0.000000	0.000000	0.000100	0	1	0.000000	0.000000	0.000100	0	0	0.000000	0.000000	0.000000	0	0	0.000000	0.000000	0.000000
simadna_md_01.fq	simadna_md_01.fq	32523	"Tetrapoda"	"clade"	1139	334	51.210882	196.197448	0.409603	0.006334	32523:"Tetrapoda":"clade"	32523:"Tetrapoda":"clade";1338369:"Dipnotetrapodomorpha":"clade";8287:"Sarcopterygii":"superclass";117571:"Euteleostomi":"clade";117570:"Teleostomi":"clade";7776:"Gnathostomata":"clade";7742:"Vertebrata":"clade";89593:"Craniata":"subphylum";7711:"Chordata":"phylum";33511:"Deuterostomia":"clade";33213:"Bilateria":"clade";6072:"Eumetazoa":"clade";33208:"Metazoa":"kingdom";33154:"Opisthokonta":"clade";2759:"Eukaryota":"domain";131567:"cellular organisms":"cellular root";1:"root":"no rank"	0.142765	0.587752	0.010799	227.522558	-29.072782	4099.000000	0.033240	4.294921	0.139568	0.640799	0.013640	161.715374	0.111577	0.168088	0.460857	1.000000	0.000000	0.030394	56.176041	231.926375	31	214	0.144860	0.153564	0.034257	25	242	0.103306	0.069653	0.023456	12	253	0.047431	0.035062	0.016769	7	271	0.025830	0.020801	0.012805	2	238	0.008403	0.014922	0.011217	40	235	0.170213	0.153564	0.033459	3	202	0.014851	0.069653	0.024555	8	198	0.040404	0.035062	0.017837	3	236	0.012712	0.020801	0.013231	4	282	0.014184	0.014922	0.010781
simadna_md_01.fq	simadna_md_01.fq	32524	"Amniota"	"clade"	1139	334	51.289664	197.762968	0.406681	0.006218	32524:"Amniota":"clade"	32524:"Amniota":"clade";32523:"Tetrapoda":"clade";1338369:"Dipnotetrapodomorpha":"clade";8287:"Sarcopterygii":"superclass";117571:"Euteleostomi":"clade";117570:"Teleostomi":"clade";7776:"Gnathostomata":"clade";7742:"Vertebrata":"clade";89593:"Craniata":"subphylum";7711:"Chordata":"phylum";33511:"Deuterostomia":"clade";33213:"Bilateria":"clade";6072:"Eumetazoa":"clade";33208:"Metazoa":"kingdom";33154:"Opisthokonta":"clade";2759:"Eukaryota":"domain";131567:"cellular organisms":"cellular root";1:"root":"no rank"	0.142765	0.587752	0.010799	227.522147	-29.072782	2451.000000	0.033240	4.294919	0.139568	0.640799	0.013640	161.717975	0.111577	0.168088	0.460858	1.000000	0.000000	0.030394	56.176038	231.926584	31	214	0.144860	0.153564	0.034257	25	242	0.103306	0.069653	0.023456	12	253	0.047431	0.035062	0.016769	7	271	0.025830	0.020801	0.012805	2	238	0.008403	0.014922	0.011217	40	235	0.170213	0.153564	0.033459	3	202	0.014851	0.069653	0.024555	8	198	0.040404	0.035062	0.017837	3	236	0.012712	0.020801	0.013231	4	282	0.014184	0.014922	0.010781
simadna_md_01.fq	simadna_md_01.fq	32525	"Theria"	"clade"	1139	334	51.410037	199.242963	0.403065	0.006037	32525:"Theria":"clade"	32525:"Theria":"clade";40674:"Mammalia":"class";32524:"Amniota":"clade";32523:"Tetrapoda":"clade";1338369:"Dipnotetrapodomorpha":"clade";8287:"Sarcopterygii":"superclass";117571:"Euteleostomi":"clade";117570:"Teleostomi":"clade";7776:"Gnathostomata":"clade";7742:"Vertebrata":"clade";89593:"Craniata":"subphylum";7711:"Chordata":"phylum";33511:"Deuterostomia":"clade";33213:"Bilateria":"clade";6072:"Eumetazoa":"clade";33208:"Metazoa":"kingdom";33154:"Opisthokonta":"clade";2759:"Eukaryota":"domain";131567:"cellular organisms":"cellular root";1:"root":"no rank"	0.142765	0.587752	0.010799	227.522020	-29.072782	1007.000000	0.033240	4.294919	0.139568	0.640799	0.013640	161.719571	0.111577	0.168088	0.460857	1.000000	0.000000	0.030394	56.176035	231.927022	31	214	0.144860	0.153564	0.034257	25	242	0.103306	0.069653	0.023456	12	253	0.047431	0.035062	0.016769	7	271	0.025830	0.020801	0.012805	2	238	0.008403	0.014922	0.011217	40	235	0.170213	0.153564	0.033459	3	202	0.014851	0.069653	0.024555	8	198	0.040404	0.035062	0.017837	3	236	0.012712	0.020801	0.013231	4	282	0.014184	0.014922	0.010781
simadna_md_01.fq	simadna_md_01.fq	33154	"Opisthokonta"	"clade"	1139	334	47.647757	143.791706	0.445405	0.006432	33154:"Opisthokonta":"clade"	33154:"Opisthokonta":"clade";2759:"Eukaryota":"domain";131567:"cellular organisms":"cellular root";1:"root":"no rank"	0.142765	0.587752	0.010799	227.522868	-29.072782	4334.000000	0.033240	4.294923	0.139568	0.640799	0.013640	161.717060	0.111577	0.168088	0.460857	1.000000	0.000000	0.030394	56.176059	231.926701	31	214	0.144860	0.153564	0.034257	25	242	0.103306	0.069653	0.023456	12	253	0.047431	0.035062	0.016769	7	271	0.025830	0.020801	0.012805	2	238	0.008403	0.014922	0.011217	40	235	0.170213	0.153564	0.033459	3	202	0.014851	0.069653	0.024555	8	198	0.040404	0.035062	0.017837	3	236	0.012712	0.020801	0.013231	4	282	0.014184	0.014922	0.010781
simadna_md_01.fq	simadna_md_01.fq	33208	"Metazoa"	"kingdom"	1139	334	48.025179	148.788593	0.442960	0.006543	33208:"Metazoa":"kingdom"	33208:"Metazoa":"kingdom";33154:"Opisthokonta":"clade";2759:"Eukaryota":"domain";131567:"cellular organisms":"cellular root";1:"root":"no rank"	0.142765	0.587752	0.010799	227.522673	-29.072782	3403.000000	0.033240	4.294922	0.139568	0.640799	0.013640	161.716043	0.111577	0.168088	0.460857	1.000000	0.000000	0.030394	56.176012	231.926613	31	214	0.144860	0.153564	0.034257	25	242	0.103306	0.069653	0.023456	12	253	0.047431	0.035062	0.016769	7	271	0.025830	0.020801	0.012805	2	238	0.008403	0.014922	0.011217	40	235	0.170213	0.153564	0.033459	3	202	0.014851	0.069653	0.024555	8	198	0.040404	0.035062	0.017837	3	236	0.012712	0.020801	0.013231	4	282	0.014184	0.014922	0.010781
simadna_md_01.fq	simadna_md_01.fq	33213	"Bilateria"	"clade"	1139	334	48.773660	158.664590	0.438105	0.006716	33213:"Bilateria":"clade"	33213:"Bilateria":"clade";6072:"Eumetazoa":"clade";33208:"Metazoa":"kingdom";33154:"Opisthokonta":"clade";2759:"Eukaryota":"domain";131567:"cellular organisms":"cellular root";1:"root":"no rank"	0.142765	0.587752	0.010799	227.522561	-29.072782	1036.000000	0.033240	4.294921	0.139568	0.640799	0.013640	161.716911	0.111577	0.168088	0.460857	1.000000	0.000000	0.030394	56.176072	231.926285	31	214	0.144860	0.153564	0.034257	25	242	0.103306	0.069653	0.023456	12	253	0.047431	0.035062	0.016769	7	271	0.025830	0.020801	0.012805	2	238	0.008403	0.014922	0.011217	40	235	0.170213	0.153564	0.033459	3	202	0.014851	0.069653	0.024555	8	198	0.040404	0.035062	0.017837	3	236	0.012712	0.020801	0.013231	4	282	0.014184	0.014922	0.010781
simadna_md_01.fq	simadna_md_01.fq	33511	"Deuterostomia"	"clade"	1139	334	49.135272	163.484154	0.435681	0.006775	33511:"Deuterostomia":"clade"	33511:"Deuterostomia":"clade";33213:"Bilateria":"clade";6072:"Eumetazoa":"clade";33208:"Metazoa":"kingdom";33154:"Opisthokonta":"clade";2759:"Eukaryota":"domain";131567:"cellular organisms":"cellular root";1:"root":"no rank"	0.142765	0.587752	0.010799	227.522241	-29.072782	583.000000	0.033240	4.294920	0.139568	0.640799	0.013640	161.716167	0.111577	0.168088	0.460857	1.000000	0.000000	0.030394	56.176081	231.926964	31	214	0.144860	0.153564	0.034257	25	242	0.103306	0.069653	0.023456	12	253	0.047431	0.035062	0.016769	7	271	0.025830	0.020801	0.012805	2	238	0.008403	0.014922	0.011217	40	235	0.170213	0.153564	0.033459	3	202	0.014851	0.069653	0.024555	8	198	0.040404	0.035062	0.017837	3	236	0.012712	0.020801	0.013231	4	282	0.014184	0.014922	0.010781
simadna_md_01.fq	simadna_md_01.fq	33554	"Carnivora"	"order"	184	159	52.142682	191.702646	0.430730	0.006559	33554:"Carnivora":"order"	33554:"Carnivora":"order";314145:"Laurasiatheria":"superorder";1437010:"Boreoeutheria":"clade";9347:"Eutheria":"clade";32525:"Theria":"clade";40674:"Mammalia":"class";32524:"Amniota":"clade";32523:"Tetrapoda":"clade";1338369:"Dipnotetrapodomorpha":"clade";8287:"Sarcopterygii":"superclass";117571:"Euteleostomi":"clade";117570:"Teleostomi":"clade";7776:"Gnathostomata":"clade";7742:"Vertebrata":"clade";89593:"Craniata":"subphylum";7711:"Chordata":"phylum";33511:"Deuterostomia":"clade";33213:"Bilateria":"clade";6072:"Eumetazoa":"clade";33208:"Metazoa":"kingdom";33154:"Opisthokonta":"clade";2759:"Eukaryota":"domain";131567:"cellular organisms":"cellular root";1:"root":"no rank"	0.154406	0.927630	0.043388	161224.804445	-17.765172	6841.000000	0.061084	2.527780	0.152921	0.862927	0.040406	352.721594	0.112663	0.213930	0.702091	1.000000	0.014819	0.062283	22.372394	488.780758	9	35	0.257143	0.197794	0.067338	3	52	0.057692	0.054563	0.031502	0	39	0.000000	0.044197	0.032915	4	48	0.083333	0.043447	0.029429	0	43	0.000000	0.043393	0.031074	7	46	0.152174	0.197794	0.058740	2	36	0.055556	0.054563	0.037858	2	35	0.057143	0.044197	0.034745	1	36	0.027778	0.043447	0.033981	3	32	0.093750	0.043393	0.036020
simadna_md_01.fq	simadna_md_01.fq	35497	"Suina"	"suborder"	315	54	50.126213	179.851707	0.376644	0.005657	35497:"Suina":"suborder"	35497:"Suina":"suborder";91561:"Artiodactyla":"order";314145:"Laurasiatheria":"superorder";1437010:"Boreoeutheria":"clade";9347:"Eutheria":"clade";32525:"Theria":"clade";40674:"Mammalia":"class";32524:"Amniota":"clade";32523:"Tetrapoda":"clade";1338369:"Dipnotetrapodomorpha":"clade";8287:"Sarcopterygii":"superclass";117571:"Euteleostomi":"clade";117570:"Teleostomi":"clade";7776:"Gnathostomata":"clade";7742:"Vertebrata":"clade";89593:"Craniata":"subphylum";7711:"Chordata":"phylum";33511:"Deuterostomia":"clade";33213:"Bilateria":"clade";6072:"Eumetazoa":"clade";33208:"Metazoa":"kingdom";33154:"Opisthokonta":"clade";2759:"Eukaryota":"domain";131567:"cellular organisms":"cellular root";1:"root":"no rank"	0.087721	0.399313	0.000000	6.241424	-17.689100	2156.000000	0.109468	0.801341	0.089665	0.424780	0.000000	5.279294	0.062617	0.107517	0.359548	0.502894	0.000000	0.000000	3.384571	7.102510	0	74	0.000000	0.087721	0.109468	21	93	0.225806	0.052693	0.085766	2	66	0.030303	0.031652	0.068065	0	62	0.000000	0.019013	0.053244	0	77	0.000000	0.011421	0.041055	7	68	0.102941	0.087721	0.109843	0	57	0.000000	0.052693	0.087453	3	55	0.054545	0.031652	0.068651	0	58	0.000000	0.019013	0.053412	0	79	0.000000	0.011421	0.041016
simadna_md_01.fq	simadna_md_01.fq	35500	"Pecora"	"infraorder"	568	98	53.508755	201.723039	0.402266	0.004956	35500:"Pecora":"infraorder"	35500:"Pecora":"infraorder";9845:"Ruminantia":"suborder";91561:"Artiodactyla":"order";314145:"Laurasiatheria":"superorder";1437010:"Boreoeutheria":"clade";9347:"Eutheria":"clade";32525:"Theria":"clade";40674:"Mammalia":"class";32524:"Amniota":"clade";32523:"Tetrapoda":"clade";1338369:"Dipnotetrapodomorpha":"clade";8287:"Sarcopterygii":"superclass";117571:"Euteleostomi":"clade";117570:"Teleostomi":"clade";7776:"Gnathostomata":"clade";7742:"Vertebrata":"clade";89593:"Craniata":"subphylum";7711:"Chordata":"phylum";33511:"Deuterostomia":"clade";33213:"Bilateria":"clade";6072:"Eumetazoa":"clade";33208:"Metazoa":"kingdom";33154:"Opisthokonta":"clade";2759:"Eukaryota":"domain";131567:"cellular organisms":"cellular root";1:"root":"no rank"	0.210494	1.000000	0.022531	135.633892	-21.667713	1615.000000	0.054682	3.849400	0.221148	0.974413	0.022021	119.683875	0.161888	0.278843	0.916475	1.000000	0.015093	0.031128	25.533355	210.191761	19	93	0.204301	0.233026	0.056708	1	79	0.012658	0.022531	0.020927	10	133	0.075188	0.022531	0.018043	1	138	0.007246	0.022531	0.017878	2	110	0.018182	0.022531	0.018972	26	101	0.257426	0.233026	0.055359	1	87	0.011494	0.022531	0.020310	3	88	0.034091	0.022531	0.020239	2	115	0.017391	0.022531	0.018743	1	153	0.006536	0.022531	0.017438
simadna_md_01.fq	simadna_md_01.fq	37348	"Mammuthus"	"genus"	35	6	44.333332	29.377781	0.386214	0.003522	37348:"Mammuthus":"genus"	37348:"Mammuthus":"genus";9780:"Elephantidae":"family";9779:"Proboscidea":"order";311790:"Afrotheria":"superorder";9347:"Eutheria":"clade";32525:"Theria":"clade";40674:"Mammalia":"class";32524:"Amniota":"clade";32523:"Tetrapoda":"clade";1338369:"Dipnotetrapodomorpha":"clade";8287:"Sarcopterygii":"superclass";117571:"Euteleostomi":"clade";117570:"Teleostomi":"clade";7776:"Gnathostomata":"clade";7742:"Vertebrata":"clade";89593:"Craniata":"subphylum";7711:"Chordata":"phylum";33511:"Deuterostomia":"clade";33213:"Bilateria":"clade";6072:"Eumetazoa":"clade";33208:"Metazoa":"kingdom";33154:"Opisthokonta":"clade";2759:"Eukaryota":"domain";131567:"cellular organisms":"cellular root";1:"root":"no rank"	0.000000	0.000000	0.021194	5.263153	-4.615776	2419.000000	0.000053	0.000189	0.001835	0.511429	0.017870	10627.261130	0.000000	0.008859	0.000000	1.000000	0.000000	0.030539	2.000000	49222.074133	0	7	0.000000	0.021194	0.076174	0	6	0.000000	0.021194	0.078851	0	6	0.000000	0.021194	0.078851	2	10	0.200000	0.021194	0.071101	0	4	0.000000	0.021194	0.087580	0	10	0.000000	0.021194	0.071101	0	10	0.000000	0.021194	0.071101	0	8	0.000000	0.021194	0.074102	0	14	0.000000	0.021194	0.067508	0	8	0.000000	0.021194	0.074102
simadna_md_01.fq	simadna_md_01.fq	40674	"Mammalia"	"class"	1139	334	51.352173	198.777643	0.404396	0.006116	40674:"Mammalia":"class"	40674:"Mammalia":"class";32524:"Amniota":"clade";32523:"Tetrapoda":"clade";1338369:"Dipnotetrapodomorpha":"clade";8287:"Sarcopterygii":"superclass";117571:"Euteleostomi":"clade";117570:"Teleostomi":"clade";7776:"Gnathostomata":"clade";7742:"Vertebrata":"clade";89593:"Craniata":"subphylum";7711:"Chordata":"phylum";33511:"Deuterostomia":"clade";33213:"Bilateria":"clade";6072:"Eumetazoa":"clade";33208:"Metazoa":"kingdom";33154:"Opisthokonta":"clade";2759:"Eukaryota":"domain";131567:"cellular organisms":"cellular root";1:"root":"no rank"	0.142765	0.587752	0.010799	227.522238	-29.072782	3030.000000	0.033240	4.294920	0.139568	0.640799	0.013640	161.715242	0.111577	0.168088	0.460857	1.000000	0.000000	0.030394	56.176039	231.927182	31	214	0.144860	0.153564	0.034257	25	242	0.103306	0.069653	0.023456	12	253	0.047431	0.035062	0.016769	7	271	0.025830	0.020801	0.012805	2	238	0.008403	0.014922	0.011217	40	235	0.170213	0.153564	0.033459	3	202	0.014851	0.069653	0.024555	8	198	0.040404	0.035062	0.017837	3	236	0.012712	0.020801	0.013231	4	282	0.014184	0.014922	0.010781
simadna_md_01.fq	simadna_md_01.fq	89593	"Craniata"	"subphylum"	1139	334	49.806983	172.717961	0.430734	0.006828	89593:"Craniata":"subphylum"	89593:"Craniata":"subphylum";7711:"Chordata":"phylum";33511:"Deuterostomia":"clade";33213:"Bilateria":"clade";6072:"Eumetazoa":"clade";33208:"Metazoa":"kingdom";33154:"Opisthokonta":"clade";2759:"Eukaryota":"domain";131567:"cellular organisms":"cellular root";1:"root":"no rank"	0.142765	0.587752	0.010799	227.522377	-29.072782	1972.000000	0.033240	4.294920	0.139568	0.640799	0.013640	161.717872	0.111577	0.168088	0.460857	1.000000	0.000000	0.030394	56.176045	231.926807	31	214	0.144860	0.153564	0.034257	25	242	0.103306	0.069653	0.023456	12	253	0.047431	0.035062	0.016769	7	271	0.025830	0.020801	0.012805	2	238	0.008403	0.014922	0.011217	40	235	0.170213	0.153564	0.033459	3	202	0.014851	0.069653	0.024555	8	198	0.040404	0.035062	0.017837	3	236	0.012712	0.020801	0.013231	4	282	0.014184	0.014922	0.010781
simadna_md_01.fq	simadna_md_01.fq	91561	"Artiodactyla"	"order"	883	152	52.597354	200.527787	0.393425	0.005068	91561:"Artiodactyla":"order"	91561:"Artiodactyla":"order";314145:"Laurasiatheria":"superorder";1437010:"Boreoeutheria":"clade";9347:"Eutheria":"clade";32525:"Theria":"clade";40674:"Mammalia":"class";32524:"Amniota":"clade";32523:"Tetrapoda":"clade";1338369:"Dipnotetrapodomorpha":"clade";8287:"Sarcopterygii":"superclass";117571:"Euteleostomi":"clade";117570:"Teleostomi":"clade";7776:"Gnathostomata":"clade";7742:"Vertebrata":"clade";89593:"Craniata":"subphylum";7711:"Chordata":"phylum";33511:"Deuterostomia":"clade";33213:"Bilateria":"clade";6072:"Eumetazoa":"clade";33208:"Metazoa":"kingdom";33154:"Opisthokonta":"clade";2759:"Eukaryota":"domain";131567:"cellular organisms":"cellular root";1:"root":"no rank"	0.144395	0.543312	0.006080	62.593506	-28.570366	1774.000000	0.051681	2.793985	0.146976	0.601921	0.007813	6493.239580	0.118863	0.166120	0.462031	0.730497	0.000000	0.020864	23.971503	130.680545	19	167	0.113772	0.150475	0.052570	22	172	0.127907	0.072024	0.037861	12	199	0.060302	0.036196	0.026854	1	200	0.005000	0.019834	0.020034	2	187	0.010695	0.012361	0.016007	33	169	0.195266	0.150475	0.052485	1	144	0.006944	0.072024	0.038831	6	143	0.041958	0.036196	0.028084	2	173	0.011561	0.019834	0.020403	1	232	0.004310	0.012361	0.015613
simadna_md_01.fq	simadna_md_01.fq	95911	"Hyaena"	"genus"	21	2	50.500000	90.250000	0.284146	0.000251	95911:"Hyaena":"genus"	95911:"Hyaena":"genus";9676:"Hyaenidae":"family";379583:"Feliformia":"suborder";33554:"Carnivora":"order";314145:"Laurasiatheria":"superorder";1437010:"Boreoeutheria":"clade";9347:"Eutheria":"clade";32525:"Theria":"clade";40674:"Mammalia":"class";32524:"Amniota":"clade";32523:"Tetrapoda":"clade";1338369:"Dipnotetrapodomorpha":"clade";8287:"Sarcopterygii":"superclass";117571:"Euteleostomi":"clade";117570:"Teleostomi":"clade";7776:"Gnathostomata":"clade";7742:"Vertebrata":"clade";89593:"Craniata":"subphylum";7711:"Chordata":"phylum";33511:"Deuterostomia":"clade";33213:"Bilateria":"clade";6072:"Eumetazoa":"clade";33208:"Metazoa":"kingdom";33154:"Opisthokonta":"clade";2759:"Eukaryota":"domain";131567:"cellular organisms":"cellular root";1:"root":"no rank"	0.067357	0.317564	0.000000	3.096792	-4.263633	2664.000000	0.148721	0.452913	0.052951	0.403612	0.000000	17473.694443	0.000000	0.080799	0.268708	1.000000	0.000000	0.000000	2.000000	110198.239833	0	7	0.000000	0.067357	0.148721	2	6	0.333333	0.045967	0.127395	0	3	0.000000	0.031370	0.122773	0	5	0.000000	0.021408	0.090999	0	5	0.000000	0.014609	0.075434	0	7	0.000000	0.067357	0.148721	0	3	0.000000	0.045967	0.147494	0	1	0.000000	0.031370	0.174314	0	4	0.000000	0.021408	0.095250	0	1	0.000000	0.014609	0.119983
simadna_md_01.fq	simadna_md_01.fq	95912	"Hyaena hyaena"	"species"	21	2	50.500000	90.250000	0.284146	0.000251	95912:"Hyaena hyaena":"species"	95912:"Hyaena hyaena":"species";95911:"Hyaena":"genus";9676:"Hyaenidae":"family";379583:"Feliformia":"suborder";33554:"Carnivora":"order";314145:"Laurasiatheria":"superorder";1437010:"Boreoeutheria":"clade";9347:"Eutheria":"clade";32525:"Theria":"clade";40674:"Mammalia":"class";32524:"Amniota":"clade";32523:"Tetrapoda":"clade";1338369:"Dipnotetrapodomorpha":"clade";8287:"Sarcopterygii":"superclass";117571:"Euteleostomi":"clade";117570:"Teleostomi":"clade";7776:"Gnathostomata":"clade";7742:"Vertebrata":"clade";89593:"Craniata":"subphylum";7711:"Chordata":"phylum";33511:"Deuterostomia":"clade";33213:"Bilateria":"clade";6072:"Eumetazoa":"clade";33208:"Metazoa":"kingdom";33154:"Opisthokonta":"clade";2759:"Eukaryota":"domain";131567:"cellular organisms":"cellular root";1:"root":"no rank"	0.067356	0.317568	0.000000	3.096771	-4.263633	1875.000000	0.148719	0.452905	0.052957	0.405374	0.000000	8020.530599	0.000000	0.080801	0.268864	1.000000	0.000000	0.000000	2.000000	33647.182174	0	7	0.000000	0.067356	0.148719	2	6	0.333333	0.045966	0.127393	0	3	0.000000	0.031368	0.122771	0	5	0.000000	0.021407	0.090997	0	5	0.000000	0.014609	0.075433	0	7	0.000000	0.067356	0.148719	0	3	0.000000	0.045966	0.147492	0	1	0.000000	0.031368	0.174311	0	4	0.000000	0.021407	0.095248	0	1	0.000000	0.014609	0.119980
simadna_md_01.fq	simadna_md_01.fq	117570	"Teleostomi"	"clade"	1139	334	50.611500	184.956681	0.422513	0.006736	117570:"Teleostomi":"clade"	117570:"Teleostomi":"clade";7776:"Gnathostomata":"clade";7742:"Vertebrata":"clade";89593:"Craniata":"subphylum";7711:"Chordata":"phylum";33511:"Deuterostomia":"clade";33213:"Bilateria":"clade";6072:"Eumetazoa":"clade";33208:"Metazoa":"kingdom";33154:"Opisthokonta":"clade";2759:"Eukaryota":"domain";131567:"cellular organisms":"cellular root";1:"root":"no rank"	0.142765	0.587752	0.010799	227.522672	-29.072782	2556.000000	0.033240	4.294922	0.139568	0.640799	0.013640	161.717589	0.111577	0.168088	0.460857	1.000000	0.000000	0.030394	56.175990	231.926406	31	214	0.144860	0.153564	0.034257	25	242	0.103306	0.069653	0.023456	12	253	0.047431	0.035062	0.016769	7	271	0.025830	0.020801	0.012805	2	238	0.008403	0.014922	0.011217	40	235	0.170213	0.153564	0.033459	3	202	0.014851	0.069653	0.024555	8	198	0.040404	0.035062	0.017837	3	236	0.012712	0.020801	0.013231	4	282	0.014184	0.014922	0.010781
simadna_md_01.fq	simadna_md_01.fq	117571	"Euteleostomi"	"clade"	1139	334	50.811735	188.419152	0.419427	0.006659	117571:"Euteleostomi":"clade"	117571:"Euteleostomi":"clade";117570:"Teleostomi":"clade";7776:"Gnathostomata":"clade";7742:"Vertebrata":"clade";89593:"Craniata":"subphylum";7711:"Chordata":"phylum";33511:"Deuterostomia":"clade";33213:"Bilateria":"clade";6072:"Eumetazoa":"clade";33208:"Metazoa":"kingdom";33154:"Opisthokonta":"clade";2759:"Eukaryota":"domain";131567:"cellular organisms":"cellular root";1:"root":"no rank"	0.142765	0.587752	0.010799	227.522317	-29.072782	2020.000000	0.033240	4.294920	0.139568	0.640799	0.013640	161.717131	0.111577	0.168088	0.460858	1.000000	0.000000	0.030394	56.176069	231.926551	31	214	0.144860	0.153564	0.034257	25	242	0.103306	0.069653	0.023456	12	253	0.047431	0.035062	0.016769	7	271	0.025830	0.020801	0.012805	2	238	0.008403	0.014922	0.011217	40	235	0.170213	0.153564	0.033459	3	202	0.014851	0.069653	0.024555	8	198	0.040404	0.035062	0.017837	3	236	0.012712	0.020801	0.013231	4	282	0.014184	0.014922	0.010781
simadna_md_01.fq	simadna_md_01.fq	131567	"cellular organisms"	"cellular root"	1139	334	46.905936	133.810100	0.450317	0.006170	131567:"cellular organisms":"cellular root"	131567:"cellular organisms":"cellular root";1:"root":"no rank"	0.142765	0.587752	0.010799	227.522606	-29.072782	1042.000000	0.033240	4.294921	0.139568	0.640799	0.013640	161.717919	0.111577	0.168088	0.460857	1.000000	0.000000	0.030394	56.176052	231.926784	31	214	0.144860	0.153564	0.034257	25	242	0.103306	0.069653	0.023456	12	253	0.047431	0.035062	0.016769	7	271	0.025830	0.020801	0.012805	2	238	0.008403	0.014922	0.011217	40	235	0.170213	0.153564	0.033459	3	202	0.014851	0.069653	0.024555	8	198	0.040404	0.035062	0.017837	3	236	0.012712	0.020801	0.013231	4	282	0.014184	0.014922	0.010781
simadna_md_01.fq	simadna_md_01.fq	207598	"Homininae"	"subfamily"	7	2	41.000000	4.000000	0.499404	0.000149	207598:"Homininae":"subfamily"	207598:"Homininae":"subfamily";9604:"Hominidae":"family";314295:"Hominoidea":"superfamily";9526:"Catarrhini":"parvorder";314293:"Simiiformes":"infraorder";376913:"Haplorrhini":"suborder";9443:"Primates":"order";314146:"Euarchontoglires":"superorder";1437010:"Boreoeutheria":"clade";9347:"Eutheria":"clade";32525:"Theria":"clade";40674:"Mammalia":"class";32524:"Amniota":"clade";32523:"Tetrapoda":"clade";1338369:"Dipnotetrapodomorpha":"clade";8287:"Sarcopterygii":"superclass";117571:"Euteleostomi":"clade";117570:"Teleostomi":"clade";7776:"Gnathostomata":"clade";7742:"Vertebrata":"clade";89593:"Craniata":"subphylum";7711:"Chordata":"phylum";33511:"Deuterostomia":"clade";33213:"Bilateria":"clade";6072:"Eumetazoa":"clade";33208:"Metazoa":"kingdom";33154:"Opisthokonta":"clade";2759:"Eukaryota":"domain";131567:"cellular organisms":"cellular root";1:"root":"no rank"	0.500000	1.000000	0.000000	2.000000	-2.772589	626.000000	0.372678	1.341641	0.500000	1.000000	0.000000	2.000000	0.500000	0.500000	1.000000	1.000000	0.000000	0.000000	2.000000	2.000000	3	3	1.000000	0.500000	0.372678	0	4	0.000000	0.000000	0.000087	0	0	0.000000	0.000000	0.000000	0	0	0.000000	0.000000	0.000000	0	0	0.000000	0.000000	0.000000	0	3	0.000000	0.500000	0.372678	0	0	0.000000	0.000000	0.000000	0	4	0.000000	0.000000	0.000071	0	4	0.000000	0.000000	0.000071	0	4	0.000000	0.000000	0.000071
simadna_md_01.fq	simadna_md_01.fq	311790	"Afrotheria"	"superorder"	62	18	50.493332	225.139654	0.411586	0.008189	311790:"Afrotheria":"superorder"	311790:"Afrotheria":"superorder";9347:"Eutheria":"clade";32525:"Theria":"clade";40674:"Mammalia":"class";32524:"Amniota":"clade";32523:"Tetrapoda":"clade";1338369:"Dipnotetrapodomorpha":"clade";8287:"Sarcopterygii":"superclass";117571:"Euteleostomi":"clade";117570:"Teleostomi":"clade";7776:"Gnathostomata":"clade";7742:"Vertebrata":"clade";89593:"Craniata":"subphylum";7711:"Chordata":"phylum";33511:"Deuterostomia":"clade";33213:"Bilateria":"clade";6072:"Eumetazoa":"clade";33208:"Metazoa":"kingdom";33154:"Opisthokonta":"clade";2759:"Eukaryota":"domain";131567:"cellular organisms":"cellular root";1:"root":"no rank"	0.000056	0.000000	0.010787	14.434767	-4.504354	489.000000	0.003075	0.018229	0.000759	0.261229	0.011284	8728.830645	0.000000	0.000521	0.000000	1.000000	0.000000	0.018144	2.403538	47470.632233	0	9	0.000000	0.010843	0.042537	0	13	0.000000	0.010843	0.038295	0	13	0.000000	0.010843	0.038295	2	22	0.090909	0.010843	0.033924	0	7	0.000000	0.010843	0.046129	0	16	0.000000	0.010843	0.036357	0	21	0.000000	0.010843	0.034242	0	15	0.000000	0.010843	0.036927	0	23	0.000000	0.010843	0.033631	0	14	0.000000	0.010843	0.037568
simadna_md_01.fq	simadna_md_01.fq	314145	"Laurasiatheria"	"superorder"	1067	311	51.910871	197.676107	0.407445	0.005930	314145:"Laurasiatheria":"superorder"	314145:"Laurasiatheria":"superorder";1437010:"Boreoeutheria":"clade";9347:"Eutheria":"clade";32525:"Theria":"clade";40674:"Mammalia":"class";32524:"Amniota":"clade";32523:"Tetrapoda":"clade";1338369:"Dipnotetrapodomorpha":"clade";8287:"Sarcopterygii":"superclass";117571:"Euteleostomi":"clade";117570:"Teleostomi":"clade";7776:"Gnathostomata":"clade";7742:"Vertebrata":"clade";89593:"Craniata":"subphylum";7711:"Chordata":"phylum";33511:"Deuterostomia":"clade";33213:"Bilateria":"clade";6072:"Eumetazoa":"clade";33208:"Metazoa":"kingdom";33154:"Opisthokonta":"clade";2759:"Eukaryota":"domain";131567:"cellular organisms":"cellular root";1:"root":"no rank"	0.149995	0.558057	0.008565	224.549412	-28.689666	3305.000000	0.034549	4.341492	0.149395	0.615882	0.011265	153.151044	0.126318	0.172314	0.420572	0.990198	0.000000	0.030793	30.364368	373.210083	28	202	0.138614	0.158560	0.035342	25	224	0.111607	0.074854	0.024796	12	238	0.050420	0.037861	0.017717	5	248	0.020161	0.021512	0.013335	2	230	0.008696	0.014287	0.011108	40	215	0.186047	0.158560	0.034775	3	180	0.016667	0.074854	0.026269	8	178	0.044944	0.037861	0.019112	3	209	0.014354	0.021512	0.013914	4	264	0.015152	0.014287	0.010749
simadna_md_01.fq	simadna_md_01.fq	314146	"Euarchontoglires"	"superorder"	10	5	41.655977	11.680000	0.507159	0.003422	314146:"Euarchontoglires":"superorder"	314146:"Euarchontoglires":"superorder";1437010:"Boreoeutheria":"clade";9347:"Eutheria":"clade";32525:"Theria":"clade";40674:"Mammalia":"class";32524:"Amniota":"clade";32523:"Tetrapoda":"clade";1338369:"Dipnotetrapodomorpha":"clade";8287:"Sarcopterygii":"superclass";117571:"Euteleostomi":"clade";117570:"Teleostomi":"clade";7776:"Gnathostomata":"clade";7742:"Vertebrata":"clade";89593:"Craniata":"subphylum";7711:"Chordata":"phylum";33511:"Deuterostomia":"clade";33213:"Bilateria":"clade";6072:"Eumetazoa":"clade";33208:"Metazoa":"kingdom";33154:"Opisthokonta":"clade";2759:"Eukaryota":"domain";131567:"cellular organisms":"cellular root";1:"root":"no rank"	0.455366	1.000000	0.000000	2.000000	-2.984542	715.000000	0.371190	1.226774	0.455366	1.000000	0.000000	2.000000	0.455364	0.455368	1.000000	1.000000	0.000000	0.000000	2.000000	2.000000	3	3	1.000000	0.455366	0.371190	0	5	0.000000	0.000000	0.000082	0	2	0.000000	0.000000	0.000082	0	1	0.000000	0.000000	0.000100	0	1	0.000000	0.000000	0.000100	0	4	0.000000	0.455366	0.352142	0	1	0.000000	0.000000	0.000121	0	5	0.000000	0.000000	0.000068	0	4	0.000000	0.000000	0.000071	0	4	0.000000	0.000000	0.000071
simadna_md_01.fq	simadna_md_01.fq	314293	"Simiiformes"	"infraorder"	10	5	42.800000	19.000000	0.520683	0.006541	314293:"Simiiformes":"infraorder"	314293:"Simiiformes":"infraorder";376913:"Haplorrhini":"suborder";9443:"Primates":"order";314146:"Euarchontoglires":"superorder";1437010:"Boreoeutheria":"clade";9347:"Eutheria":"clade";32525:"Theria":"clade";40674:"Mammalia":"class";32524:"Amniota":"clade";32523:"Tetrapoda":"clade";1338369:"Dipnotetrapodomorpha":"clade";8287:"Sarcopterygii":"superclass";117571:"Euteleostomi":"clade";117570:"Teleostomi":"clade";7776:"Gnathostomata":"clade";7742:"Vertebrata":"clade";89593:"Craniata":"subphylum";7711:"Chordata":"phylum";33511:"Deuterostomia":"clade";33213:"Bilateria":"clade";6072:"Eumetazoa":"clade";33208:"Metazoa":"kingdom";33154:"Opisthokonta":"clade";2759:"Eukaryota":"domain";131567:"cellular organisms":"cellular root";1:"root":"no rank"	0.455366	1.000000	0.000000	2.000000	-2.984542	674.000000	0.371190	1.226772	0.455365	1.000000	0.000000	2.000000	0.455365	0.455367	1.000000	1.000000	0.000000	0.000000	2.000000	2.000000	3	3	1.000000	0.455366	0.371190	0	5	0.000000	0.000000	0.000082	0	2	0.000000	0.000000	0.000082	0	1	0.000000	0.000000	0.000100	0	1	0.000000	0.000000	0.000100	0	4	0.000000	0.455366	0.352142	0	1	0.000000	0.000000	0.000121	0	5	0.000000	0.000000	0.000068	0	4	0.000000	0.000000	0.000071	0	4	0.000000	0.000000	0.000071
simadna_md_01.fq	simadna_md_01.fq	314295	"Hominoidea"	"superfamily"	7	2	41.000000	4.000000	0.499404	0.000149	314295:"Hominoidea":"superfamily"	314295:"Hominoidea":"superfamily";9526:"Catarrhini":"parvorder";314293:"Simiiformes":"infraorder";376913:"Haplorrhini":"suborder";9443:"Primates":"order";314146:"Euarchontoglires":"superorder";1437010:"Boreoeutheria":"clade";9347:"Eutheria":"clade";32525:"Theria":"clade";40674:"Mammalia":"class";32524:"Amniota":"clade";32523:"Tetrapoda":"clade";1338369:"Dipnotetrapodomorpha":"clade";8287:"Sarcopterygii":"superclass";117571:"Euteleostomi":"clade";117570:"Teleostomi":"clade";7776:"Gnathostomata":"clade";7742:"Vertebrata":"clade";89593:"Craniata":"subphylum";7711:"Chordata":"phylum";33511:"Deuterostomia":"clade";33213:"Bilateria":"clade";6072:"Eumetazoa":"clade";33208:"Metazoa":"kingdom";33154:"Opisthokonta":"clade";2759:"Eukaryota":"domain";131567:"cellular organisms":"cellular root";1:"root":"no rank"	0.499999	1.000000	0.000000	2.000000	-2.772589	382.000000	0.372678	1.341639	0.500000	1.000000	0.000000	2.000000	0.500000	0.500000	1.000000	1.000000	0.000000	0.000000	2.000000	2.000000	3	3	1.000000	0.499999	0.372678	0	4	0.000000	0.000000	0.000087	0	0	0.000000	0.000000	0.000000	0	0	0.000000	0.000000	0.000000	0	0	0.000000	0.000000	0.000000	0	3	0.000000	0.499999	0.372678	0	0	0.000000	0.000000	0.000000	0	4	0.000000	0.000000	0.000071	0	4	0.000000	0.000000	0.000071	0	4	0.000000	0.000000	0.000071
simadna_md_01.fq	simadna_md_01.fq	376913	"Haplorrhini"	"suborder"	10	5	42.285714	16.000000	0.514603	0.005263	376913:"Haplorrhini":"suborder"	376913:"Haplorrhini":"suborder";9443:"Primates":"order";314146:"Euarchontoglires":"superorder";1437010:"Boreoeutheria":"clade";9347:"Eutheria":"clade";32525:"Theria":"clade";40674:"Mammalia":"class";32524:"Amniota":"clade";32523:"Tetrapoda":"clade";1338369:"Dipnotetrapodomorpha":"clade";8287:"Sarcopterygii":"superclass";117571:"Euteleostomi":"clade";117570:"Teleostomi":"clade";7776:"Gnathostomata":"clade";7742:"Vertebrata":"clade";89593:"Craniata":"subphylum";7711:"Chordata":"phylum";33511:"Deuterostomia":"clade";33213:"Bilateria":"clade";6072:"Eumetazoa":"clade";33208:"Metazoa":"kingdom";33154:"Opisthokonta":"clade";2759:"Eukaryota":"domain";131567:"cellular organisms":"cellular root";1:"root":"no rank"	0.455352	1.000000	0.000000	2.000000	-2.984542	515.000000	0.371189	1.226738	0.455367	1.000000	0.000000	2.000000	0.455365	0.455368	1.000000	1.000000	0.000000	0.000000	2.000000	2.000000	3	3	1.000000	0.455352	0.371189	0	5	0.000000	0.000000	0.000082	0	2	0.000000	0.000000	0.000082	0	1	0.000000	0.000000	0.000100	0	1	0.000000	0.000000	0.000100	0	4	0.000000	0.455352	0.352141	0	1	0.000000	0.000000	0.000121	0	5	0.000000	0.000000	0.000068	0	4	0.000000	0.000000	0.000071	0	4	0.000000	0.000000	0.000071
simadna_md_01.fq	simadna_md_01.fq	379583	"Feliformia"	"suborder"	184	159	52.465555	194.459588	0.430780	0.006412	379583:"Feliformia":"suborder"	379583:"Feliformia":"suborder";33554:"Carnivora":"order";314145:"Laurasiatheria":"superorder";1437010:"Boreoeutheria":"clade";9347:"Eutheria":"clade";32525:"Theria":"clade";40674:"Mammalia":"class";32524:"Amniota":"clade";32523:"Tetrapoda":"clade";1338369:"Dipnotetrapodomorpha":"clade";8287:"Sarcopterygii":"superclass";117571:"Euteleostomi":"clade";117570:"Teleostomi":"clade";7776:"Gnathostomata":"clade";7742:"Vertebrata":"clade";89593:"Craniata":"subphylum";7711:"Chordata":"phylum";33511:"Deuterostomia":"clade";33213:"Bilateria":"clade";6072:"Eumetazoa":"clade";33208:"Metazoa":"kingdom";33154:"Opisthokonta":"clade";2759:"Eukaryota":"domain";131567:"cellular organisms":"cellular root";1:"root":"no rank"	0.154409	0.927619	0.043388	97449.031115	-17.765231	5643.000000	0.061088	2.527637	0.152921	0.862927	0.040406	349.811066	0.112663	0.213930	0.702091	1.000000	0.014819	0.062283	22.372366	488.706707	9	35	0.257143	0.197797	0.067343	3	52	0.057692	0.054564	0.031505	0	39	0.000000	0.044197	0.032918	4	48	0.083333	0.043446	0.029432	0	43	0.000000	0.043392	0.031076	7	46	0.152174	0.197797	0.058745	2	36	0.055556	0.054564	0.037861	2	35	0.057143	0.044197	0.034747	1	36	0.027778	0.043446	0.033983	3	32	0.093750	0.043392	0.036022
simadna_md_01.fq	simadna_md_01.fq	1338369	"Dipnotetrapodomorpha"	"clade"	1139	334	51.108405	194.092624	0.412851	0.006452	1338369:"Dipnotetrapodomorpha":"clade"	1338369:"Dipnotetrapodomorpha":"clade";8287:"Sarcopterygii":"superclass";117571:"Euteleostomi":"clade";117570:"Teleostomi":"clade";7776:"Gnathostomata":"clade";7742:"Vertebrata":"clade";89593:"Craniata":"subphylum";7711:"Chordata":"phylum";33511:"Deuterostomia":"clade";33213:"Bilateria":"clade";6072:"Eumetazoa":"clade";33208:"Metazoa":"kingdom";33154:"Opisthokonta":"clade";2759:"Eukaryota":"domain";131567:"cellular organisms":"cellular root";1:"root":"no rank"	0.142765	0.587752	0.010799	227.522793	-29.072782	4127.000000	0.033240	4.294922	0.139568	0.640799	0.013640	161.719312	0.111577	0.168088	0.460857	1.000000	0.000000	0.030394	56.175999	231.926637	31	214	0.144860	0.153564	0.034257	25	242	0.103306	0.069653	0.023456	12	253	0.047431	0.035062	0.016769	7	271	0.025830	0.020801	0.012805	2	238	0.008403	0.014922	0.011217	40	235	0.170213	0.153564	0.033459	3	202	0.014851	0.069653	0.024555	8	198	0.040404	0.035062	0.017837	3	236	0.012712	0.020801	0.013231	4	282	0.014184	0.014922	0.010781
simadna_md_01.fq	simadna_md_01.fq	1437010	"Boreoeutheria"	"clade"	1077	316	51.645594	197.913220	0.403784	0.005878	1437010:"Boreoeutheria":"clade"	1437010:"Boreoeutheria":"clade";9347:"Eutheria":"clade";32525:"Theria":"clade";40674:"Mammalia":"class";32524:"Amniota":"clade";32523:"Tetrapoda":"clade";1338369:"Dipnotetrapodomorpha":"clade";8287:"Sarcopterygii":"superclass";117571:"Euteleostomi":"clade";117570:"Teleostomi":"clade";7776:"Gnathostomata":"clade";7742:"Vertebrata":"clade";89593:"Craniata":"subphylum";7711:"Chordata":"phylum";33511:"Deuterostomia":"clade";33213:"Bilateria":"clade";6072:"Eumetazoa":"clade";33208:"Metazoa":"kingdom";33154:"Opisthokonta":"clade";2759:"Eukaryota":"domain";131567:"cellular organisms":"cellular root";1:"root":"no rank"	0.154603	0.571961	0.008650	286.449300	-28.430960	4110.000000	0.033016	4.682700	0.153123	0.599580	0.009543	203.363002	0.129431	0.181485	0.441426	0.911414	0.000000	0.026104	41.305086	416.324192	31	205	0.151220	0.163253	0.033753	25	229	0.109170	0.074826	0.023283	12	240	0.050000	0.036976	0.016484	5	249	0.020080	0.020775	0.012336	2	231	0.008658	0.013840	0.010313	40	219	0.182648	0.163253	0.033118	3	181	0.016575	0.074826	0.024939	8	183	0.043716	0.036976	0.017827	3	213	0.014085	0.020775	0.012882	4	268	0.014925	0.013840	0.009911
simadna_hd_01.fq	simadna_hd_01.fq	1	"root"	"no rank"	789	245	57.352063	87.905902	0.429616	0.005004	1:"root":"no rank"	1:"root":"no rank"	0.162351	0.141621	0.000000	49.234978	-34.687777	4596.000000	0.064227	2.527774	0.134174	0.490388	0.046834	55.701607	0.051716	0.198374	0.098160	1.000000	0.000000	0.116407	25.673229	66.821503	23	94	0.244681	0.162351	0.064227	11	111	0.099099	0.139358	0.058707	18	118	0.152542	0.119622	0.054508	23	116	0.198276	0.102681	0.051114	15	115	0.130435	0.088140	0.047800	31	254	0.122047	0.162351	0.056850	18	198	0.090909	0.139358	0.054601	26	211	0.123223	0.119622	0.050849	14	208	0.067308	0.102681	0.047627	5	177	0.028249	0.088140	0.045221
simadna_hd_01.fq	simadna_hd_01.fq	2759	"Eukaryota"	"domain"	789	245	56.143386	93.714116	0.420408	0.005346	2759:"Eukaryota":"domain"	2759:"Eukaryota":"domain";131567:"cellular organisms":"cellular root";1:"root":"no rank"	0.162351	0.141621	0.000000	49.234910	-34.687777	2736.000000	0.064227	2.527773	0.134174	0.490388	0.046834	55.701603	0.051716	0.198374	0.098160	1.000000	0.000000	0.116407	25.673206	66.821557	23	94	0.244681	0.162351	0.064227	11	111	0.099099	0.139358	0.058707	18	118	0.152542	0.119622	0.054508	23	116	0.198276	0.102681	0.051114	15	115	0.130435	0.088140	0.047800	31	254	0.122047	0.162351	0.056850	18	198	0.090909	0.139358	0.054601	26	211	0.123223	0.119622	0.050849	14	208	0.067308	0.102681	0.047627	5	177	0.028249	0.088140	0.045221
simadna_hd_01.fq	simadna_hd_01.fq	6072	"Eumetazoa"	"clade"	789	245	54.401580	101.185526	0.407695	0.005767	6072:"Eumetazoa":"clade"	6072:"Eumetazoa":"clade";33208:"Metazoa":"kingdom";33154:"Opisthokonta":"clade";2759:"Eukaryota":"domain";131567:"cellular organisms":"cellular root";1:"root":"no rank"	0.162351	0.141621	0.000000	49.235028	-34.687777	4390.000000	0.064227	2.527775	0.134174	0.490388	0.046834	55.701724	0.051716	0.198374	0.098160	1.000000	0.000000	0.116407	25.673161	66.821548	23	94	0.244681	0.162351	0.064227	11	111	0.099099	0.139358	0.058707	18	118	0.152542	0.119622	0.054508	23	116	0.198276	0.102681	0.051114	15	115	0.130435	0.088140	0.047800	31	254	0.122047	0.162351	0.056850	18	198	0.090909	0.139358	0.054601	26	211	0.123223	0.119622	0.050849	14	208	0.067308	0.102681	0.047627	5	177	0.028249	0.088140	0.045221
simadna_hd_01.fq	simadna_hd_01.fq	7711	"Chordata"	"phylum"	789	245	52.915040	106.836325	0.396518	0.006030	7711:"Chordata":"phylum"	7711:"Chordata":"phylum";33511:"Deuterostomia":"clade";33213:"Bilateria":"clade";6072:"Eumetazoa":"clade";33208:"Metazoa":"kingdom";33154:"Opisthokonta":"clade";2759:"Eukaryota":"domain";131567:"cellular organisms":"cellular root";1:"root":"no rank"	0.162351	0.141621	0.000000	49.234858	-34.687777	1071.000000	0.064227	2.527773	0.134174	0.490389	0.046835	55.701654	0.051716	0.198374	0.098160	1.000000	0.000000	0.116407	25.673239	66.821518	23	94	0.244681	0.162351	0.064227	11	111	0.099099	0.139358	0.058707	18	118	0.152542	0.119622	0.054508	23	116	0.198276	0.102681	0.051114	15	115	0.130435	0.088140	0.047800	31	254	0.122047	0.162351	0.056850	18	198	0.090909	0.139358	0.054601	26	211	0.123223	0.119622	0.050849	14	208	0.067308	0.102681	0.047627	5	177	0.028249	0.088140	0.045221
simadna_hd_01.fq	simadna_hd_01.fq	7742	"Vertebrata"	"clade"	789	245	52.133842	109.618396	0.389666	0.006100	7742:"Vertebrata":"clade"	7742:"Vertebrata":"clade";89593:"Craniata":"subphylum";7711:"Chordata":"phylum";33511:"Deuterostomia":"clade";33213:"Bilateria":"clade";6072:"Eumetazoa":"clade";33208:"Metazoa":"kingdom";33154:"Opisthokonta":"clade";2759:"Eukaryota":"domain";131567:"cellular organisms":"cellular root";1:"root":"no rank"	0.162350	0.141620	0.000000	49.235155	-34.687777	3259.000000	0.064227	2.527776	0.134174	0.490388	0.046834	55.701684	0.051716	0.198374	0.098160	1.000000	0.000000	0.116407	25.673237	66.821487	23	94	0.244681	0.162350	0.064227	11	111	0.099099	0.139358	0.058707	18	118	0.152542	0.119622	0.054508	23	116	0.198276	0.102681	0.051114	15	115	0.130435	0.088140	0.047800	31	254	0.122047	0.162350	0.056850	18	198	0.090909	0.139358	0.054600	26	211	0.123223	0.119622	0.050849	14	208	0.067308	0.102681	0.047627	5	177	0.028249	0.088140	0.045221
simadna_hd_01.fq	simadna_hd_01.fq	7776	"Gnathostomata"	"clade"	789	245	51.809265	110.758744	0.386336	0.006106	7776:"Gnathostomata":"clade"	7776:"Gnathostomata":"clade";7742:"Vertebrata":"clade";89593:"Craniata":"subphylum";7711:"Chordata":"phylum";33511:"Deuterostomia":"clade";33213:"Bilateria":"clade";6072:"Eumetazoa":"clade";33208:"Metazoa":"kingdom";33154:"Opisthokonta":"clade";2759:"Eukaryota":"domain";131567:"cellular organisms":"cellular root";1:"root":"no rank"	0.162351	0.141621	0.000000	49.234812	-34.687777	4249.000000	0.064227	2.527771	0.139887	0.445978	0.040209	55.675459	0.051716	0.198374	0.098160	1.000000	0.000000	0.115062	25.148877	66.821512	23	94	0.244681	0.162351	0.064227	11	111	0.099099	0.139358	0.058707	18	118	0.152542	0.119622	0.054508	23	116	0.198276	0.102681	0.051114	15	115	0.130435	0.088140	0.047800	31	254	0.122047	0.162351	0.056850	18	198	0.090909	0.139358	0.054601	26	211	0.123223	0.119622	0.050849	14	208	0.067308	0.102681	0.047627	5	177	0.028249	0.088140	0.045221
simadna_hd_01.fq	simadna_hd_01.fq	8287	"Sarcopterygii"	"superclass"	789	245	51.055392	113.380079	0.376904	0.006037	8287:"Sarcopterygii":"superclass"	8287:"Sarcopterygii":"superclass";117571:"Euteleostomi":"clade";117570:"Teleostomi":"clade";7776:"Gnathostomata":"clade";7742:"Vertebrata":"clade";89593:"Craniata":"subphylum";7711:"Chordata":"phylum";33511:"Deuterostomia":"clade";33213:"Bilateria":"clade";6072:"Eumetazoa":"clade";33208:"Metazoa":"kingdom";33154:"Opisthokonta":"clade";2759:"Eukaryota":"domain";131567:"cellular organisms":"cellular root";1:"root":"no rank"	0.162351	0.141621	0.000000	49.234981	-34.687777	1843.000000	0.064227	2.527775	0.134174	0.490388	0.046834	55.701588	0.051716	0.198374	0.098160	1.000000	0.000000	0.116407	25.673236	66.821524	23	94	0.244681	0.162351	0.064227	11	111	0.099099	0.139358	0.058707	18	118	0.152542	0.119622	0.054508	23	116	0.198276	0.102681	0.051114	15	115	0.130435	0.088140	0.047800	31	254	0.122047	0.162351	0.056850	18	198	0.090909	0.139358	0.054601	26	211	0.123223	0.119622	0.050849	14	208	0.067308	0.102681	0.047627	5	177	0.028249	0.088140	0.045221
simadna_hd_01.fq	simadna_hd_01.fq	9347	"Eutheria"	"clade"	789	245	50.187135	116.903449	0.371221	0.005955	9347:"Eutheria":"clade"	9347:"Eutheria":"clade";32525:"Theria":"clade";40674:"Mammalia":"class";32524:"Amniota":"clade";32523:"Tetrapoda":"clade";1338369:"Dipnotetrapodomorpha":"clade";8287:"Sarcopterygii":"superclass";117571:"Euteleostomi":"clade";117570:"Teleostomi":"clade";7776:"Gnathostomata":"clade";7742:"Vertebrata":"clade";89593:"Craniata":"subphylum";7711:"Chordata":"phylum";33511:"Deuterostomia":"clade";33213:"Bilateria":"clade";6072:"Eumetazoa":"clade";33208:"Metazoa":"kingdom";33154:"Opisthokonta":"clade";2759:"Eukaryota":"domain";131567:"cellular organisms":"cellular root";1:"root":"no rank"	0.162351	0.141621	0.000000	49.235036	-34.687777	1416.000000	0.064227	2.527774	0.139888	0.445977	0.040209	55.675333	0.051716	0.198374	0.098160	1.000000	0.000000	0.115062	25.148985	66.821560	23	94	0.244681	0.162351	0.064227	11	111	0.099099	0.139358	0.058707	18	118	0.152542	0.119622	0.054508	23	116	0.198276	0.102681	0.051114	15	115	0.130435	0.088139	0.047800	31	254	0.122047	0.162351	0.056850	18	198	0.090909	0.139358	0.054601	26	211	0.123223	0.119622	0.050849	14	208	0.067308	0.102681	0.047627	5	177	0.028249	0.088139	0.045221
simadna_hd_01.fq	simadna_hd_01.fq	9443	"Primates"	"order"	7	3	62.753269	0.000000	0.524114	0.000000	9443:"Primates":"order"	9443:"Primates":"order";314146:"Euarchontoglires":"superorder";1437010:"Boreoeutheria":"clade";9347:"Eutheria":"clade";32525:"Theria":"clade";40674:"Mammalia":"class";32524:"Amniota":"clade";32523:"Tetrapoda":"clade";1338369:"Dipnotetrapodomorpha":"clade";8287:"Sarcopterygii":"superclass";117571:"Euteleostomi":"clade";117570:"Teleostomi":"clade";7776:"Gnathostomata":"clade";7742:"Vertebrata":"clade";89593:"Craniata":"subphylum";7711:"Chordata":"phylum";33511:"Deuterostomia":"clade";33213:"Bilateria":"clade";6072:"Eumetazoa":"clade";33208:"Metazoa":"kingdom";33154:"Opisthokonta":"clade";2759:"Eukaryota":"domain";131567:"cellular organisms":"cellular root";1:"root":"no rank"	0.000000	1.000000	0.000000	2.000000	-0.000000	318.000000	0.000100	0.000100	0.000000	0.991162	0.000000	2.003611	0.000000	0.000000	0.935313	1.000000	0.000000	0.000000	2.000000	2.007045	0	0	0.000000	0.000000	0.000000	0	1	0.000000	0.000000	0.000100	0	0	0.000000	0.000000	0.000000	0	1	0.000000	0.000000	0.000100	0	0	0.000000	0.000000	0.000000	0	5	0.000000	0.000000	0.000097	0	4	0.000000	0.000000	0.000071	0	4	0.000000	0.000000	0.000071	0	4	0.000000	0.000000	0.000071	0	4	0.000000	0.000000	0.000071
simadna_hd_01.fq	simadna_hd_01.fq	9479	"Platyrrhini"	"parvorder"	1	1	37.000000	0.000000	0.594595	0.000000	9479:"Platyrrhini":"parvorder"	9479:"Platyrrhini":"parvorder";314293:"Simiiformes":"infraorder";376913:"Haplorrhini":"suborder";9443:"Primates":"order";314146:"Euarchontoglires":"superorder";1437010:"Boreoeutheria":"clade";9347:"Eutheria":"clade";32525:"Theria":"clade";40674:"Mammalia":"class";32524:"Amniota":"clade";32523:"Tetrapoda":"clade";1338369:"Dipnotetrapodomorpha":"clade";8287:"Sarcopterygii":"superclass";117571:"Euteleostomi":"clade";117570:"Teleostomi":"clade";7776:"Gnathostomata":"clade";7742:"Vertebrata":"clade";89593:"Craniata":"subphylum";7711:"Chordata":"phylum";33511:"Deuterostomia":"clade";33213:"Bilateria":"clade";6072:"Eumetazoa":"clade";33208:"Metazoa":"kingdom";33154:"Opisthokonta":"clade";2759:"Eukaryota":"domain";131567:"cellular organisms":"cellular root";1:"root":"no rank"	0.000000	1.000000	0.000000	7.645359	-0.000000	160.000000	0.000100	0.000100	0.000000	1.000000	0.000000	3.832484	0.000000	0.000000	1.000000	1.000000	0.000000	0.000000	2.000000	8.684210	0	0	0.000000	0.000000	0.000000	0	1	0.000000	0.000000	0.000100	0	0	0.000000	0.000000	0.000000	0	1	0.000000	0.000000	0.000100	0	0	0.000000	0.000000	0.000000	0	1	0.000000	0.000000	0.000141	0	0	0.000000	0.000000	0.000000	0	0	0.000000	0.000000	0.000000	0	0	0.000000	0.000000	0.000000	0	0	0.000000	0.000000	0.000000
simadna_hd_01.fq	simadna_hd_01.fq	9480	"Callitrichinae"	"subfamily"	1	1	37.000000	0.000000	0.594595	0.000000	9480:"Callitrichinae":"subfamily"	9480:"Callitrichinae":"subfamily";9498:"Cebidae":"family";9479:"Platyrrhini":"parvorder";314293:"Simiiformes":"infraorder";376913:"Haplorrhini":"suborder";9443:"Primates":"order";314146:"Euarchontoglires":"superorder";1437010:"Boreoeutheria":"clade";9347:"Eutheria":"clade";32525:"Theria":"clade";40674:"Mammalia":"class";32524:"Amniota":"clade";32523:"Tetrapoda":"clade";1338369:"Dipnotetrapodomorpha":"clade";8287:"Sarcopterygii":"superclass";117571:"Euteleostomi":"clade";117570:"Teleostomi":"clade";7776:"Gnathostomata":"clade";7742:"Vertebrata":"clade";89593:"Craniata":"subphylum";7711:"Chordata":"phylum";33511:"Deuterostomia":"clade";33213:"Bilateria":"clade";6072:"Eumetazoa":"clade";33208:"Metazoa":"kingdom";33154:"Opisthokonta":"clade";2759:"Eukaryota":"domain";131567:"cellular organisms":"cellular root";1:"root":"no rank"	0.000000	1.000000	0.000000	8.921441	-0.000000	148.000000	0.000100	0.000100	0.000000	1.000000	0.000000	5.471518	0.000000	0.000000	1.000000	1.000000	0.000000	0.000000	2.000000	9.821366	0	0	0.000000	0.000000	0.000000	0	1	0.000000	0.000000	0.000100	0	0	0.000000	0.000000	0.000000	0	1	0.000000	0.000000	0.000100	0	0	0.000000	0.000000	0.000000	0	1	0.000000	0.000000	0.000141	0	0	0.000000	0.000000	0.000000	0	0	0.000000	0.000000	0.000000	0	0	0.000000	0.000000	0.000000	0	0	0.000000	0.000000	0.000000
simadna_hd_01.fq	simadna_hd_01.fq	9498	"Cebidae"	"family"	1	1	37.000000	0.000000	0.594595	0.000000	9498:"Cebidae":"family"	9498:"Cebidae":"family";9479:"Platyrrhini":"parvorder";314293:"Simiiformes":"infraorder";376913:"Haplorrhini":"suborder";9443:"Primates":"order";314146:"Euarchontoglires":"superorder";1437010:"Boreoeutheria":"clade";9347:"Eutheria":"clade";32525:"Theria":"clade";40674:"Mammalia":"class";32524:"Amniota":"clade";32523:"Tetrapoda":"clade";1338369:"Dipnotetrapodomorpha":"clade";8287:"Sarcopterygii":"superclass";117571:"Euteleostomi":"clade";117570:"Teleostomi":"clade";7776:"Gnathostomata":"clade";7742:"Vertebrata":"clade";89593:"Craniata":"subphylum";7711:"Chordata":"phylum";33511:"Deuterostomia":"clade";33213:"Bilateria":"clade";6072:"Eumetazoa":"clade";33208:"Metazoa":"kingdom";33154:"Opisthokonta":"clade";2759:"Eukaryota":"domain";131567:"cellular organisms":"cellular root";1:"root":"no rank"	0.000000	1.000000	0.000000	7.105296	-0.000000	55.000000	0.000100	0.000100	0.000000	1.000000	0.000000	4.212262	0.000000	0.000000	1.000000	1.000000	0.000000	0.000000	2.000000	9.043755	0	0	0.000000	0.000000	0.000000	0	1	0.000000	0.000000	0.000100	0	0	0.000000	0.000000	0.000000	0	1	0.000000	0.000000	0.000100	0	0	0.000000	0.000000	0.000000	0	1	0.000000	0.000000	0.000141	0	0	0.000000	0.000000	0.000000	0	0	0.000000	0.000000	0.000000	0	0	0.000000	0.000000	0.000000	0	0	0.000000	0.000000	0.000000
simadna_hd_01.fq	simadna_hd_01.fq	9526	"Catarrhini"	"parvorder"	6	2	65.320988	0.000000	0.504374	0.000000	9526:"Catarrhini":"parvorder"	9526:"Catarrhini":"parvorder";314293:"Simiiformes":"infraorder";376913:"Haplorrhini":"suborder";9443:"Primates":"order";314146:"Euarchontoglires":"superorder";1437010:"Boreoeutheria":"clade";9347:"Eutheria":"clade";32525:"Theria":"clade";40674:"Mammalia":"class";32524:"Amniota":"clade";32523:"Tetrapoda":"clade";1338369:"Dipnotetrapodomorpha":"clade";8287:"Sarcopterygii":"superclass";117571:"Euteleostomi":"clade";117570:"Teleostomi":"clade";7776:"Gnathostomata":"clade";7742:"Vertebrata":"clade";89593:"Craniata":"subphylum";7711:"Chordata":"phylum";33511:"Deuterostomia":"clade";33213:"Bilateria":"clade";6072:"Eumetazoa":"clade";33208:"Metazoa":"kingdom";33154:"Opisthokonta":"clade";2759:"Eukaryota":"domain";131567:"cellular organisms":"cellular root";1:"root":"no rank"	0.000000	1.000000	0.000000	2.312458	-0.000000	254.000000	0.000100	0.000100	0.000000	0.991374	0.000000	2.044260	0.000000	0.000000	0.951339	1.000000	0.000000	0.000000	2.000000	2.000000	0	0	0.000000	0.000000	0.000000	0	0	0.000000	0.000000	0.000000	0	0	0.000000	0.000000	0.000000	0	0	0.000000	0.000000	0.000000	0	0	0.000000	0.000000	0.000000	0	4	0.000000	0.000000	0.000098	0	4	0.000000	0.000000	0.000069	0	4	0.000000	0.000000	0.000069	0	4	0.000000	0.000000	0.000069	0	4	0.000000	0.000000	0.000069
simadna_hd_01.fq	simadna_hd_01.fq	9604	"Hominidae"	"family"	6	2	63.222222	0.000000	0.481857	0.000000	9604:"Hominidae":"family"	9604:"Hominidae":"family";314295:"Hominoidea":"superfamily";9526:"Catarrhini":"parvorder";314293:"Simiiformes":"infraorder";376913:"Haplorrhini":"suborder";9443:"Primates":"order";314146:"Euarchontoglires":"superorder";1437010:"Boreoeutheria":"clade";9347:"Eutheria":"clade";32525:"Theria":"clade";40674:"Mammalia":"class";32524:"Amniota":"clade";32523:"Tetrapoda":"clade";1338369:"Dipnotetrapodomorpha":"clade";8287:"Sarcopterygii":"superclass";117571:"Euteleostomi":"clade";117570:"Teleostomi":"clade";7776:"Gnathostomata":"clade";7742:"Vertebrata":"clade";89593:"Craniata":"subphylum";7711:"Chordata":"phylum";33511:"Deuterostomia":"clade";33213:"Bilateria":"clade";6072:"Eumetazoa":"clade";33208:"Metazoa":"kingdom";33154:"Opisthokonta":"clade";2759:"Eukaryota":"domain";131567:"cellular organisms":"cellular root";1:"root":"no rank"	0.000000	1.000000	0.000000	2.000000	-0.000000	159.000000	0.000100	0.000100	0.000000	0.991666	0.000000	2.007526	0.000000	0.000000	0.928326	1.000000	0.000000	0.000000	2.000000	2.045451	0	0	0.000000	0.000000	0.000000	0	0	0.000000	0.000000	0.000000	0	0	0.000000	0.000000	0.000000	0	0	0.000000	0.000000	0.000000	0	0	0.000000	0.000000	0.000000	0	4	0.000000	0.000000	0.000100	0	4	0.000000	0.000000	0.000071	0	4	0.000000	0.000000	0.000071	0	4	0.000000	0.000000	0.000071	0	4	0.000000	0.000000	0.000071
simadna_hd_01.fq	simadna_hd_01.fq	9605	"Homo"	"genus"	6	2	58.500000	0.000000	0.431194	0.000000	9605:"Homo":"genus"	9605:"Homo":"genus";207598:"Homininae":"subfamily";9604:"Hominidae":"family";314295:"Hominoidea":"superfamily";9526:"Catarrhini":"parvorder";314293:"Simiiformes":"infraorder";376913:"Haplorrhini":"suborder";9443:"Primates":"order";314146:"Euarchontoglires":"superorder";1437010:"Boreoeutheria":"clade";9347:"Eutheria":"clade";32525:"Theria":"clade";40674:"Mammalia":"class";32524:"Amniota":"clade";32523:"Tetrapoda":"clade";1338369:"Dipnotetrapodomorpha":"clade";8287:"Sarcopterygii":"superclass";117571:"Euteleostomi":"clade";117570:"Teleostomi":"clade";7776:"Gnathostomata":"clade";7742:"Vertebrata":"clade";89593:"Craniata":"subphylum";7711:"Chordata":"phylum";33511:"Deuterostomia":"clade";33213:"Bilateria":"clade";6072:"Eumetazoa":"clade";33208:"Metazoa":"kingdom";33154:"Opisthokonta":"clade";2759:"Eukaryota":"domain";131567:"cellular organisms":"cellular root";1:"root":"no rank"	0.000000	1.000000	0.000000	3.614852	-0.000000	135.000000	0.000100	0.000100	0.000000	0.989155	0.000000	2.029383	0.000000	0.000000	0.900388	1.000000	0.000000	0.000000	2.000000	2.231676	0	0	0.000000	0.000000	0.000000	0	0	0.000000	0.000000	0.000000	0	0	0.000000	0.000000	0.000000	0	0	0.000000	0.000000	0.000000	0	0	0.000000	0.000000	0.000000	0	4	0.000000	0.000000	0.000091	0	4	0.000000	0.000000	0.000064	0	4	0.000000	0.000000	0.000064	0	4	0.000000	0.000000	0.000064	0	4	0.000000	0.000000	0.000064
simadna_hd_01.fq	simadna_hd_01.fq	9606	"Homo sapiens"	"species"	5	1	50.000000	0.000000	0.340000	0.000000	9606:"Homo sapiens":"species"	9606:"Homo sapiens":"species";9605:"Homo":"genus";207598:"Homininae":"subfamily";9604:"Hominidae":"family";314295:"Hominoidea":"superfamily";9526:"Catarrhini":"parvorder";314293:"Simiiformes":"infraorder";376913:"Haplorrhini":"suborder";9443:"Primates":"order";314146:"Euarchontoglires":"superorder";1437010:"Boreoeutheria":"clade";9347:"Eutheria":"clade";32525:"Theria":"clade";40674:"Mammalia":"class";32524:"Amniota":"clade";32523:"Tetrapoda":"clade";1338369:"Dipnotetrapodomorpha":"clade";8287:"Sarcopterygii":"superclass";117571:"Euteleostomi":"clade";117570:"Teleostomi":"clade";7776:"Gnathostomata":"clade";7742:"Vertebrata":"clade";89593:"Craniata":"subphylum";7711:"Chordata":"phylum";33511:"Deuterostomia":"clade";33213:"Bilateria":"clade";6072:"Eumetazoa":"clade";33208:"Metazoa":"kingdom";33154:"Opisthokonta":"clade";2759:"Eukaryota":"domain";131567:"cellular organisms":"cellular root";1:"root":"no rank"	0.000000	1.000000	0.000000	2.000000	-0.000000	51.000000	0.000100	0.000100	0.000000	0.996710	0.000000	2.111601	0.000000	0.000000	1.000000	1.000000	0.000000	0.000000	2.000000	2.770315	0	0	0.000000	0.000000	0.000000	0	0	0.000000	0.000000	0.000000	0	0	0.000000	0.000000	0.000000	0	0	0.000000	0.000000	0.000000	0	0	0.000000	0.000000	0.000000	0	3	0.000000	0.000000	0.000105	0	3	0.000000	0.000000	0.000075	0	3	0.000000	0.000000	0.000075	0	3	0.000000	0.000000	0.000075	0	3	0.000000	0.000000	0.000075
simadna_hd_01.fq	simadna_hd_01.fq	9676	"Hyaenidae"	"family"	132	111	49.909910	111.929352	0.403608	0.006581	9676:"Hyaenidae":"family"	9676:"Hyaenidae":"family";379583:"Feliformia":"suborder";33554:"Carnivora":"order";314145:"Laurasiatheria":"superorder";1437010:"Boreoeutheria":"clade";9347:"Eutheria":"clade";32525:"Theria":"clade";40674:"Mammalia":"class";32524:"Amniota":"clade";32523:"Tetrapoda":"clade";1338369:"Dipnotetrapodomorpha":"clade";8287:"Sarcopterygii":"superclass";117571:"Euteleostomi":"clade";117570:"Teleostomi":"clade";7776:"Gnathostomata":"clade";7742:"Vertebrata":"clade";89593:"Craniata":"subphylum";7711:"Chordata":"phylum";33511:"Deuterostomia":"clade";33213:"Bilateria":"clade";6072:"Eumetazoa":"clade";33208:"Metazoa":"kingdom";33154:"Opisthokonta":"clade";2759:"Eukaryota":"domain";131567:"cellular organisms":"cellular root";1:"root":"no rank"	0.078815	1.000000	0.066666	102677.798925	-16.415295	2065.000000	0.060256	1.307994	0.102990	0.595995	0.051683	16799.028492	0.009414	0.194980	0.032023	1.000000	0.019760	0.077358	8.468051	85518.408101	5	20	0.250000	0.145481	0.078848	2	20	0.100000	0.066666	0.055782	3	19	0.157895	0.066666	0.057231	0	19	0.000000	0.066666	0.057231	3	25	0.120000	0.066666	0.049894	3	35	0.085714	0.145481	0.059608	2	41	0.048780	0.066666	0.038964	2	38	0.052632	0.066666	0.040472	1	31	0.032258	0.066666	0.044808	1	17	0.058824	0.066666	0.060504
simadna_hd_01.fq	simadna_hd_01.fq	9677	"Crocuta"	"genus"	114	98	49.010204	110.951920	0.409974	0.006697	9677:"Crocuta":"genus"	9677:"Crocuta":"genus";9676:"Hyaenidae":"family";379583:"Feliformia":"suborder";33554:"Carnivora":"order";314145:"Laurasiatheria":"superorder";1437010:"Boreoeutheria":"clade";9347:"Eutheria":"clade";32525:"Theria":"clade";40674:"Mammalia":"class";32524:"Amniota":"clade";32523:"Tetrapoda":"clade";1338369:"Dipnotetrapodomorpha":"clade";8287:"Sarcopterygii":"superclass";117571:"Euteleostomi":"clade";117570:"Teleostomi":"clade";7776:"Gnathostomata":"clade";7742:"Vertebrata":"clade";89593:"Craniata":"subphylum";7711:"Chordata":"phylum";33511:"Deuterostomia":"clade";33213:"Bilateria":"clade";6072:"Eumetazoa":"clade";33208:"Metazoa":"kingdom";33154:"Opisthokonta":"clade";2759:"Eukaryota":"domain";131567:"cellular organisms":"cellular root";1:"root":"no rank"	0.094168	0.890843	0.068735	110995.064059	-16.457548	4503.000000	0.068845	1.367828	0.114223	0.559152	0.044738	9934.811988	0.026930	0.201326	0.220847	1.000000	0.000000	0.086481	10.570459	57922.875658	5	18	0.277778	0.162903	0.087046	2	16	0.125000	0.079014	0.067445	3	18	0.166667	0.069857	0.060086	0	17	0.000000	0.068857	0.061417	3	23	0.130435	0.068748	0.052765	3	31	0.096774	0.162903	0.066333	2	37	0.054054	0.079014	0.044356	2	38	0.052632	0.069857	0.041358	1	29	0.034483	0.068857	0.047026	1	17	0.058824	0.068748	0.061372
simadna_hd_01.fq	simadna_hd_01.fq	9678	"Crocuta crocuta"	"species"	114	98	49.010204	110.951920	0.409974	0.006697	9678:"Crocuta crocuta":"species"	9678:"Crocuta crocuta":"species";9677:"Crocuta":"genus";9676:"Hyaenidae":"family";379583:"Feliformia":"suborder";33554:"Carnivora":"order";314145:"Laurasiatheria":"superorder";1437010:"Boreoeutheria":"clade";9347:"Eutheria":"clade";32525:"Theria":"clade";40674:"Mammalia":"class";32524:"Amniota":"clade";32523:"Tetrapoda":"clade";1338369:"Dipnotetrapodomorpha":"clade";8287:"Sarcopterygii":"superclass";117571:"Euteleostomi":"clade";117570:"Teleostomi":"clade";7776:"Gnathostomata":"clade";7742:"Vertebrata":"clade";89593:"Craniata":"subphylum";7711:"Chordata":"phylum";33511:"Deuterostomia":"clade";33213:"Bilateria":"clade";6072:"Eumetazoa":"clade";33208:"Metazoa":"kingdom";33154:"Opisthokonta":"clade";2759:"Eukaryota":"domain";131567:"cellular organisms":"cellular root";1:"root":"no rank"	0.094172	0.891669	0.068771	43092.003745	-16.457835	5425.000000	0.068855	1.367696	0.114222	0.559153	0.044738	9717.610987	0.026930	0.201326	0.220848	1.000000	0.000000	0.086481	10.570466	79579.568994	5	18	0.277778	0.162943	0.087065	2	16	0.125000	0.078972	0.067436	3	18	0.166667	0.069876	0.060101	0	17	0.000000	0.068890	0.061438	3	23	0.130435	0.068784	0.052785	3	31	0.096774	0.162943	0.066354	2	37	0.054054	0.078972	0.044356	2	38	0.052632	0.069876	0.041374	1	29	0.034483	0.068890	0.047046	1	17	0.058824	0.068784	0.061394
simadna_hd_01.fq	simadna_hd_01.fq	9681	"Felidae"	"family"	16	1	56.000000	0.000000	0.464286	0.000000	9681:"Felidae":"family"	9681:"Felidae":"family";379583:"Feliformia":"suborder";33554:"Carnivora":"order";314145:"Laurasiatheria":"superorder";1437010:"Boreoeutheria":"clade";9347:"Eutheria":"clade";32525:"Theria":"clade";40674:"Mammalia":"class";32524:"Amniota":"clade";32523:"Tetrapoda":"clade";1338369:"Dipnotetrapodomorpha":"clade";8287:"Sarcopterygii":"superclass";117571:"Euteleostomi":"clade";117570:"Teleostomi":"clade";7776:"Gnathostomata":"clade";7742:"Vertebrata":"clade";89593:"Craniata":"subphylum";7711:"Chordata":"phylum";33511:"Deuterostomia":"clade";33213:"Bilateria":"clade";6072:"Eumetazoa":"clade";33208:"Metazoa":"kingdom";33154:"Opisthokonta":"clade";2759:"Eukaryota":"domain";131567:"cellular organisms":"cellular root";1:"root":"no rank"	0.582588	0.085778	0.000000	2.000000	-11.182736	1885.000000	0.493132	1.181404	0.582588	0.085778	0.000000	2.000000	0.582588	0.582589	0.085777	0.085778	0.000000	0.000000	2.000000	2.000000	0	0	0.000000	0.582588	0.000000	0	0	0.000000	0.532615	0.000000	0	0	0.000000	0.486928	0.000000	0	0	0.000000	0.445161	0.000000	0	0	0.000000	0.406976	0.000000	0	16	0.000000	0.582588	0.301980	16	16	1.000000	0.532615	0.305534	16	16	1.000000	0.486928	0.306082	0	0	0.000000	0.445161	0.000000	0	16	0.000000	0.406976	0.300840
simadna_hd_01.fq	simadna_hd_01.fq	9779	"Proboscidea"	"order"	33	11	50.500000	63.589412	0.354468	0.005620	9779:"Proboscidea":"order"	9779:"Proboscidea":"order";311790:"Afrotheria":"superorder";9347:"Eutheria":"clade";32525:"Theria":"clade";40674:"Mammalia":"class";32524:"Amniota":"clade";32523:"Tetrapoda":"clade";1338369:"Dipnotetrapodomorpha":"clade";8287:"Sarcopterygii":"superclass";117571:"Euteleostomi":"clade";117570:"Teleostomi":"clade";7776:"Gnathostomata":"clade";7742:"Vertebrata":"clade";89593:"Craniata":"subphylum";7711:"Chordata":"phylum";33511:"Deuterostomia":"clade";33213:"Bilateria":"clade";6072:"Eumetazoa":"clade";33208:"Metazoa":"kingdom";33154:"Opisthokonta":"clade";2759:"Eukaryota":"domain";131567:"cellular organisms":"cellular root";1:"root":"no rank"	0.090920	1.000000	0.000000	215286.656815	-1.741568	2353.000000	0.128573	0.707146	0.068855	0.999284	0.000000	37410.864260	0.000000	0.186229	1.000000	1.000000	0.000000	0.000000	2.000000	150262.871208	1	5	0.200000	0.090920	0.128573	0	0	0.000000	0.000000	0.000000	0	2	0.000000	0.000000	0.000071	0	4	0.000000	0.000000	0.000050	0	0	0.000000	0.000000	0.000000	0	6	0.000000	0.090920	0.117371	0	11	0.000000	0.000000	0.000031	0	2	0.000000	0.000000	0.000071	0	8	0.000000	0.000000	0.000035	0	12	0.000000	0.000000	0.000029
simadna_hd_01.fq	simadna_hd_01.fq	9780	"Elephantidae"	"family"	33	11	50.181818	62.243057	0.366008	0.005549	9780:"Elephantidae":"family"	9780:"Elephantidae":"family";9779:"Proboscidea":"order";311790:"Afrotheria":"superorder";9347:"Eutheria":"clade";32525:"Theria":"clade";40674:"Mammalia":"class";32524:"Amniota":"clade";32523:"Tetrapoda":"clade";1338369:"Dipnotetrapodomorpha":"clade";8287:"Sarcopterygii":"superclass";117571:"Euteleostomi":"clade";117570:"Teleostomi":"clade";7776:"Gnathostomata":"clade";7742:"Vertebrata":"clade";89593:"Craniata":"subphylum";7711:"Chordata":"phylum";33511:"Deuterostomia":"clade";33213:"Bilateria":"clade";6072:"Eumetazoa":"clade";33208:"Metazoa":"kingdom";33154:"Opisthokonta":"clade";2759:"Eukaryota":"domain";131567:"cellular organisms":"cellular root";1:"root":"no rank"	0.090909	1.000000	0.000000	78447.971996	-1.741584	2145.000000	0.128568	0.707087	0.068834	1.000000	0.000000	20072.092832	0.000000	0.186228	1.000000	1.000000	0.000000	0.000000	2.000000	56900.738419	1	5	0.200000	0.090909	0.128568	0	0	0.000000	0.000000	0.000000	0	2	0.000000	0.000000	0.000071	0	4	0.000000	0.000000	0.000050	0	0	0.000000	0.000000	0.000000	0	6	0.000000	0.090909	0.117367	0	11	0.000000	0.000000	0.000031	0	2	0.000000	0.000000	0.000071	0	8	0.000000	0.000000	0.000035	0	12	0.000000	0.000000	0.000029
simadna_hd_01.fq	simadna_hd_01.fq	9821	"Suidae"	"family"	172	36	52.216094	123.660297	0.344268	0.004615	9821:"Suidae":"family"	9821:"Suidae":"family";35497:"Suina":"suborder";91561:"Artiodactyla":"order";314145:"Laurasiatheria":"superorder";1437010:"Boreoeutheria":"clade";9347:"Eutheria":"clade";32525:"Theria":"clade";40674:"Mammalia":"class";32524:"Amniota":"clade";32523:"Tetrapoda":"clade";1338369:"Dipnotetrapodomorpha":"clade";8287:"Sarcopterygii":"superclass";117571:"Euteleostomi":"clade";117570:"Teleostomi":"clade";7776:"Gnathostomata":"clade";7742:"Vertebrata":"clade";89593:"Craniata":"subphylum";7711:"Chordata":"phylum";33511:"Deuterostomia":"clade";33213:"Bilateria":"clade";6072:"Eumetazoa":"clade";33208:"Metazoa":"kingdom";33154:"Opisthokonta":"clade";2759:"Eukaryota":"domain";131567:"cellular organisms":"cellular root";1:"root":"no rank"	0.240499	1.000000	0.056881	16.060705	-19.897703	2454.000000	0.132607	1.813626	0.237844	1.000000	0.058010	16.808608	0.181229	0.331960	1.000000	1.000000	0.041223	0.082624	5.313551	34.666474	8	25	0.320000	0.297380	0.141828	0	12	0.000000	0.056881	0.085749	2	26	0.076923	0.056881	0.071322	3	9	0.333333	0.056881	0.093572	0	37	0.000000	0.056881	0.067151	16	62	0.258065	0.297380	0.124176	0	20	0.000000	0.056881	0.075296	3	39	0.076923	0.056881	0.066628	5	39	0.128205	0.056881	0.066628	0	50	0.000000	0.056881	0.064455
simadna_hd_01.fq	simadna_hd_01.fq	9822	"Sus"	"genus"	168	32	52.307692	121.104655	0.342448	0.004444	9822:"Sus":"genus"	9822:"Sus":"genus";9821:"Suidae":"family";35497:"Suina":"suborder";91561:"Artiodactyla":"order";314145:"Laurasiatheria":"superorder";1437010:"Boreoeutheria":"clade";9347:"Eutheria":"clade";32525:"Theria":"clade";40674:"Mammalia":"class";32524:"Amniota":"clade";32523:"Tetrapoda":"clade";1338369:"Dipnotetrapodomorpha":"clade";8287:"Sarcopterygii":"superclass";117571:"Euteleostomi":"clade";117570:"Teleostomi":"clade";7776:"Gnathostomata":"clade";7742:"Vertebrata":"clade";89593:"Craniata":"subphylum";7711:"Chordata":"phylum";33511:"Deuterostomia":"clade";33213:"Bilateria":"clade";6072:"Eumetazoa":"clade";33208:"Metazoa":"kingdom";33154:"Opisthokonta":"clade";2759:"Eukaryota":"domain";131567:"cellular organisms":"cellular root";1:"root":"no rank"	0.241658	1.000000	0.058284	15.865340	-19.872271	603.000000	0.133273	1.813251	0.243601	1.000000	0.060588	17.454526	0.182503	0.330807	1.000000	1.000000	0.038431	0.083434	4.002932	45.191736	8	25	0.320000	0.299942	0.142658	0	12	0.000000	0.058284	0.086932	2	25	0.080000	0.058284	0.072937	3	9	0.333333	0.058284	0.094823	0	36	0.000000	0.058284	0.068474	16	61	0.262295	0.299942	0.125253	0	20	0.000000	0.058284	0.076394	3	37	0.081081	0.058284	0.068190	5	38	0.131579	0.058284	0.067921	0	48	0.000000	0.058284	0.065804
simadna_hd_01.fq	simadna_hd_01.fq	9823	"Sus scrofa"	"species"	92	10	53.200001	108.303291	0.332612	0.003525	9823:"Sus scrofa":"species"	9823:"Sus scrofa":"species";9822:"Sus":"genus";9821:"Suidae":"family";35497:"Suina":"suborder";91561:"Artiodactyla":"order";314145:"Laurasiatheria":"superorder";1437010:"Boreoeutheria":"clade";9347:"Eutheria":"clade";32525:"Theria":"clade";40674:"Mammalia":"class";32524:"Amniota":"clade";32523:"Tetrapoda":"clade";1338369:"Dipnotetrapodomorpha":"clade";8287:"Sarcopterygii":"superclass";117571:"Euteleostomi":"clade";117570:"Teleostomi":"clade";7776:"Gnathostomata":"clade";7742:"Vertebrata":"clade";89593:"Craniata":"subphylum";7711:"Chordata":"phylum";33511:"Deuterostomia":"clade";33213:"Bilateria":"clade";6072:"Eumetazoa":"clade";33208:"Metazoa":"kingdom";33154:"Opisthokonta":"clade";2759:"Eukaryota":"domain";131567:"cellular organisms":"cellular root";1:"root":"no rank"	0.175632	1.000000	0.078392	61.368152	-16.183908	2162.000000	0.119136	1.474209	0.187306	0.789246	0.058860	6639.769544	0.116613	0.247749	0.183699	1.000000	0.000000	0.107904	4.971282	58487.095432	3	12	0.250000	0.254024	0.136295	0	8	0.000000	0.078392	0.100222	2	13	0.153846	0.078392	0.081405	2	8	0.250000	0.078392	0.100222	0	21	0.000000	0.078392	0.067406	9	36	0.250000	0.254024	0.090652	0	12	0.000000	0.078392	0.084157	3	20	0.150000	0.078392	0.068650	3	21	0.142857	0.078392	0.067406	0	23	0.000000	0.078392	0.065186
simadna_hd_01.fq	simadna_hd_01.fq	9845	"Ruminantia"	"suborder"	429	83	49.376625	136.269554	0.373802	0.005829	9845:"Ruminantia":"suborder"	9845:"Ruminantia":"suborder";91561:"Artiodactyla":"order";314145:"Laurasiatheria":"superorder";1437010:"Boreoeutheria":"clade";9347:"Eutheria":"clade";32525:"Theria":"clade";40674:"Mammalia":"class";32524:"Amniota":"clade";32523:"Tetrapoda":"clade";1338369:"Dipnotetrapodomorpha":"clade";8287:"Sarcopterygii":"superclass";117571:"Euteleostomi":"clade";117570:"Teleostomi":"clade";7776:"Gnathostomata":"clade";7742:"Vertebrata":"clade";89593:"Craniata":"subphylum";7711:"Chordata":"phylum";33511:"Deuterostomia":"clade";33213:"Bilateria":"clade";6072:"Eumetazoa":"clade";33208:"Metazoa":"kingdom";33154:"Opisthokonta":"clade";2759:"Eukaryota":"domain";131567:"cellular organisms":"cellular root";1:"root":"no rank"	0.053868	1.000000	0.107384	13.608537	-32.655933	538.000000	0.067586	0.797035	0.054475	0.950000	0.108785	12.860989	0.025988	0.086107	1.000000	1.000000	0.090265	0.125814	9.802702	16.831913	9	44	0.204545	0.161252	0.110099	9	78	0.115385	0.107384	0.087785	13	71	0.183099	0.107384	0.088425	20	83	0.240964	0.107384	0.087391	12	53	0.226415	0.107384	0.090808	12	130	0.092308	0.161252	0.101131	0	106	0.000000	0.107384	0.086045	5	112	0.044643	0.107384	0.085783	8	126	0.063492	0.107384	0.085265	4	78	0.051282	0.107384	0.087785
simadna_hd_01.fq	simadna_hd_01.fq	9895	"Bovidae"	"family"	429	83	50.031320	148.549640	0.376690	0.005530	9895:"Bovidae":"family"	9895:"Bovidae":"family";35500:"Pecora":"infraorder";9845:"Ruminantia":"suborder";91561:"Artiodactyla":"order";314145:"Laurasiatheria":"superorder";1437010:"Boreoeutheria":"clade";9347:"Eutheria":"clade";32525:"Theria":"clade";40674:"Mammalia":"class";32524:"Amniota":"clade";32523:"Tetrapoda":"clade";1338369:"Dipnotetrapodomorpha":"clade";8287:"Sarcopterygii":"superclass";117571:"Euteleostomi":"clade";117570:"Teleostomi":"clade";7776:"Gnathostomata":"clade";7742:"Vertebrata":"clade";89593:"Craniata":"subphylum";7711:"Chordata":"phylum";33511:"Deuterostomia":"clade";33213:"Bilateria":"clade";6072:"Eumetazoa":"clade";33208:"Metazoa":"kingdom";33154:"Opisthokonta":"clade";2759:"Eukaryota":"domain";131567:"cellular organisms":"cellular root";1:"root":"no rank"	0.053868	1.000000	0.107384	13.608540	-32.655933	581.000000	0.067586	0.797035	0.054475	0.950000	0.108785	12.860988	0.025988	0.086108	1.000000	1.000000	0.090265	0.125814	9.802710	16.831913	9	44	0.204545	0.161252	0.110099	9	78	0.115385	0.107384	0.087785	13	71	0.183099	0.107384	0.088425	20	83	0.240964	0.107384	0.087391	12	53	0.226415	0.107384	0.090808	12	130	0.092308	0.161252	0.101131	0	106	0.000000	0.107384	0.086045	5	112	0.044643	0.107384	0.085783	8	126	0.063492	0.107384	0.085265	4	78	0.051282	0.107384	0.087785
simadna_hd_01.fq	simadna_hd_01.fq	9903	"Bos"	"genus"	347	56	49.910713	120.605400	0.375076	0.005282	9903:"Bos":"genus"	9903:"Bos":"genus";27592:"Bovinae":"subfamily";9895:"Bovidae":"family";35500:"Pecora":"infraorder";9845:"Ruminantia":"suborder";91561:"Artiodactyla":"order";314145:"Laurasiatheria":"superorder";1437010:"Boreoeutheria":"clade";9347:"Eutheria":"clade";32525:"Theria":"clade";40674:"Mammalia":"class";32524:"Amniota":"clade";32523:"Tetrapoda":"clade";1338369:"Dipnotetrapodomorpha":"clade";8287:"Sarcopterygii":"superclass";117571:"Euteleostomi":"clade";117570:"Teleostomi":"clade";7776:"Gnathostomata":"clade";7742:"Vertebrata":"clade";89593:"Craniata":"subphylum";7711:"Chordata":"phylum";33511:"Deuterostomia":"clade";33213:"Bilateria":"clade";6072:"Eumetazoa":"clade";33208:"Metazoa":"kingdom";33154:"Opisthokonta":"clade";2759:"Eukaryota":"domain";131567:"cellular organisms":"cellular root";1:"root":"no rank"	0.058218	1.000000	0.109509	15.437891	-30.959240	3016.000000	0.069035	0.843306	0.056290	0.900000	0.107977	13.342160	0.018044	0.090606	0.000000	1.000000	0.087608	0.123380	9.446038	18.742229	7	36	0.194444	0.167727	0.110154	9	62	0.145161	0.109509	0.086079	11	64	0.171875	0.109509	0.085810	15	72	0.208333	0.109509	0.084879	12	47	0.255319	0.109509	0.088775	12	106	0.113208	0.167727	0.098636	0	79	0.000000	0.109509	0.084212	3	91	0.032967	0.109509	0.083300	8	102	0.078431	0.109509	0.082646	4	74	0.054054	0.109509	0.084676
simadna_hd_01.fq	simadna_hd_01.fq	9926	"Connochaetes"	"genus"	2	1	41.000000	0.000000	0.390244	0.000000	9926:"Connochaetes":"genus"	9926:"Connochaetes":"genus";37170:"Alcelaphinae":"subfamily";9895:"Bovidae":"family";35500:"Pecora":"infraorder";9845:"Ruminantia":"suborder";91561:"Artiodactyla":"order";314145:"Laurasiatheria":"superorder";1437010:"Boreoeutheria":"clade";9347:"Eutheria":"clade";32525:"Theria":"clade";40674:"Mammalia":"class";32524:"Amniota":"clade";32523:"Tetrapoda":"clade";1338369:"Dipnotetrapodomorpha":"clade";8287:"Sarcopterygii":"superclass";117571:"Euteleostomi":"clade";117570:"Teleostomi":"clade";7776:"Gnathostomata":"clade";7742:"Vertebrata":"clade";89593:"Craniata":"subphylum";7711:"Chordata":"phylum";33511:"Deuterostomia":"clade";33213:"Bilateria":"clade";6072:"Eumetazoa":"clade";33208:"Metazoa":"kingdom";33154:"Opisthokonta":"clade";2759:"Eukaryota":"domain";131567:"cellular organisms":"cellular root";1:"root":"no rank"	1.000000	1.000000	0.193943	2.000000	-3.528379	909.000000	0.000082	12247.448622	1.000000	1.000000	0.193943	2.000000	1.000000	1.000000	1.000000	1.000000	0.193941	0.193944	2.000000	2.000000	2	2	1.000000	1.193943	0.000000	0	2	0.000000	0.193943	0.322831	0	2	0.000000	0.193943	0.322831	0	2	0.000000	0.193943	0.322831	0	2	0.000000	0.193943	0.322831	0	0	0.000000	1.193943	0.000000	0	0	0.000000	0.193943	0.000000	2	2	1.000000	0.193943	0.322831	0	0	0.000000	0.193943	0.000000	0	0	0.000000	0.193943	0.000000
simadna_hd_01.fq	simadna_hd_01.fq	27592	"Bovinae"	"subfamily"	405	73	50.410958	154.322281	0.377942	0.005389	27592:"Bovinae":"subfamily"	27592:"Bovinae":"subfamily";9895:"Bovidae":"family";35500:"Pecora":"infraorder";9845:"Ruminantia":"suborder";91561:"Artiodactyla":"order";314145:"Laurasiatheria":"superorder";1437010:"Boreoeutheria":"clade";9347:"Eutheria":"clade";32525:"Theria":"clade";40674:"Mammalia":"class";32524:"Amniota":"clade";32523:"Tetrapoda":"clade";1338369:"Dipnotetrapodomorpha":"clade";8287:"Sarcopterygii":"superclass";117571:"Euteleostomi":"clade";117570:"Teleostomi":"clade";7776:"Gnathostomata":"clade";7742:"Vertebrata":"clade";89593:"Craniata":"subphylum";7711:"Chordata":"phylum";33511:"Deuterostomia":"clade";33213:"Bilateria":"clade";6072:"Eumetazoa":"clade";33208:"Metazoa":"kingdom";33154:"Opisthokonta":"clade";2759:"Eukaryota":"domain";131567:"cellular organisms":"cellular root";1:"root":"no rank"	0.046031	1.000000	0.106641	12.798514	-32.240379	628.000000	0.064621	0.712332	0.046296	0.950000	0.105359	12.083993	0.016456	0.088301	1.000000	1.000000	0.088656	0.119737	8.020866	15.868936	7	41	0.170732	0.152672	0.110913	9	71	0.126761	0.106641	0.090271	13	69	0.188406	0.106641	0.090471	19	80	0.237500	0.106641	0.089492	12	51	0.235294	0.106641	0.092935	12	127	0.094488	0.152672	0.101587	0	101	0.000000	0.106641	0.088200	3	107	0.028037	0.106641	0.087921	8	123	0.065041	0.106641	0.087308	4	77	0.051948	0.106641	0.089732
simadna_hd_01.fq	simadna_hd_01.fq	30587	"Leontopithecus"	"genus"	1	1	37.000000	0.000000	0.594595	0.000000	30587:"Leontopithecus":"genus"	30587:"Leontopithecus":"genus";9480:"Callitrichinae":"subfamily";9498:"Cebidae":"family";9479:"Platyrrhini":"parvorder";314293:"Simiiformes":"infraorder";376913:"Haplorrhini":"suborder";9443:"Primates":"order";314146:"Euarchontoglires":"superorder";1437010:"Boreoeutheria":"clade";9347:"Eutheria":"clade";32525:"Theria":"clade";40674:"Mammalia":"class";32524:"Amniota":"clade";32523:"Tetrapoda":"clade";1338369:"Dipnotetrapodomorpha":"clade";8287:"Sarcopterygii":"superclass";117571:"Euteleostomi":"clade";117570:"Teleostomi":"clade";7776:"Gnathostomata":"clade";7742:"Vertebrata":"clade";89593:"Craniata":"subphylum";7711:"Chordata":"phylum";33511:"Deuterostomia":"clade";33213:"Bilateria":"clade";6072:"Eumetazoa":"clade";33208:"Metazoa":"kingdom";33154:"Opisthokonta":"clade";2759:"Eukaryota":"domain";131567:"cellular organisms":"cellular root";1:"root":"no rank"	0.000000	1.000000	0.000000	2.000000	-0.000000	316.000000	0.000100	0.000100	0.000000	1.000000	0.000000	4.803460	0.000000	0.000000	1.000000	1.000000	0.000000	0.000000	2.000000	9.165542	0	0	0.000000	0.000000	0.000000	0	1	0.000000	0.000000	0.000100	0	0	0.000000	0.000000	0.000000	0	1	0.000000	0.000000	0.000100	0	0	0.000000	0.000000	0.000000	0	1	0.000000	0.000000	0.000141	0	0	0.000000	0.000000	0.000000	0	0	0.000000	0.000000	0.000000	0	0	0.000000	0.000000	0.000000	0	0	0.000000	0.000000	0.000000
simadna_hd_01.fq	simadna_hd_01.fq	30588	"Leontopithecus rosalia"	"species"	1	1	37.000000	0.000000	0.594595	0.000000	30588:"Leontopithecus rosalia":"species"	30588:"Leontopithecus rosalia":"species";30587:"Leontopithecus":"genus";9480:"Callitrichinae":"subfamily";9498:"Cebidae":"family";9479:"Platyrrhini":"parvorder";314293:"Simiiformes":"infraorder";376913:"Haplorrhini":"suborder";9443:"Primates":"order";314146:"Euarchontoglires":"superorder";1437010:"Boreoeutheria":"clade";9347:"Eutheria":"clade";32525:"Theria":"clade";40674:"Mammalia":"class";32524:"Amniota":"clade";32523:"Tetrapoda":"clade";1338369:"Dipnotetrapodomorpha":"clade";8287:"Sarcopterygii":"superclass";117571:"Euteleostomi":"clade";117570:"Teleostomi":"clade";7776:"Gnathostomata":"clade";7742:"Vertebrata":"clade";89593:"Craniata":"subphylum";7711:"Chordata":"phylum";33511:"Deuterostomia":"clade";33213:"Bilateria":"clade";6072:"Eumetazoa":"clade";33208:"Metazoa":"kingdom";33154:"Opisthokonta":"clade";2759:"Eukaryota":"domain";131567:"cellular organisms":"cellular root";1:"root":"no rank"	0.000000	1.000000	0.000000	9.805724	-0.000000	82.000000	0.000100	0.000100	0.000000	1.000000	0.000000	5.084771	0.000000	0.000000	1.000000	1.000000	0.000000	0.000000	2.000000	9.265267	0	0	0.000000	0.000000	0.000000	0	1	0.000000	0.000000	0.000100	0	0	0.000000	0.000000	0.000000	0	1	0.000000	0.000000	0.000100	0	0	0.000000	0.000000	0.000000	0	1	0.000000	0.000000	0.000141	0	0	0.000000	0.000000	0.000000	0	0	0.000000	0.000000	0.000000	0	0	0.000000	0.000000	0.000000	0	0	0.000000	0.000000	0.000000
simadna_hd_01.fq	simadna_hd_01.fq	32523	"Tetrapoda"	"clade"	789	245	50.686596	114.552630	0.372039	0.005969	32523:"Tetrapoda":"clade"	32523:"Tetrapoda":"clade";1338369:"Dipnotetrapodomorpha":"clade";8287:"Sarcopterygii":"superclass";117571:"Euteleostomi":"clade";117570:"Teleostomi":"clade";7776:"Gnathostomata":"clade";7742:"Vertebrata":"clade";89593:"Craniata":"subphylum";7711:"Chordata":"phylum";33511:"Deuterostomia":"clade";33213:"Bilateria":"clade";6072:"Eumetazoa":"clade";33208:"Metazoa":"kingdom";33154:"Opisthokonta":"clade";2759:"Eukaryota":"domain";131567:"cellular organisms":"cellular root";1:"root":"no rank"	0.162351	0.141621	0.000000	49.234984	-34.687777	4301.000000	0.064227	2.527775	0.134174	0.490388	0.046834	55.701875	0.051716	0.198374	0.098160	1.000000	0.000000	0.116407	25.673212	66.821746	23	94	0.244681	0.162351	0.064227	11	111	0.099099	0.139358	0.058707	18	118	0.152542	0.119622	0.054508	23	116	0.198276	0.102681	0.051114	15	115	0.130435	0.088140	0.047800	31	254	0.122047	0.162351	0.056850	18	198	0.090909	0.139358	0.054601	26	211	0.123223	0.119622	0.050849	14	208	0.067308	0.102681	0.047627	5	177	0.028249	0.088140	0.045221
simadna_hd_01.fq	simadna_hd_01.fq	32524	"Amniota"	"clade"	789	245	50.534280	114.999164	0.370526	0.005945	32524:"Amniota":"clade"	32524:"Amniota":"clade";32523:"Tetrapoda":"clade";1338369:"Dipnotetrapodomorpha":"clade";8287:"Sarcopterygii":"superclass";117571:"Euteleostomi":"clade";117570:"Teleostomi":"clade";7776:"Gnathostomata":"clade";7742:"Vertebrata":"clade";89593:"Craniata":"subphylum";7711:"Chordata":"phylum";33511:"Deuterostomia":"clade";33213:"Bilateria":"clade";6072:"Eumetazoa":"clade";33208:"Metazoa":"kingdom";33154:"Opisthokonta":"clade";2759:"Eukaryota":"domain";131567:"cellular organisms":"cellular root";1:"root":"no rank"	0.162351	0.141621	0.000000	49.234880	-34.687777	1308.000000	0.064227	2.527773	0.134174	0.490388	0.046834	55.701593	0.051716	0.198374	0.098160	1.000000	0.000000	0.116407	25.673209	66.821564	23	94	0.244681	0.162351	0.064227	11	111	0.099099	0.139358	0.058707	18	118	0.152542	0.119622	0.054508	23	116	0.198276	0.102681	0.051114	15	115	0.130435	0.088140	0.047800	31	254	0.122047	0.162351	0.056850	18	198	0.090909	0.139358	0.054601	26	211	0.123223	0.119622	0.050849	14	208	0.067308	0.102681	0.047627	5	177	0.028249	0.088140	0.045221
simadna_hd_01.fq	simadna_hd_01.fq	32525	"Theria"	"clade"	789	245	50.290515	115.975801	0.370123	0.005938	32525:"Theria":"clade"	32525:"Theria":"clade";40674:"Mammalia":"class";32524:"Amniota":"clade";32523:"Tetrapoda":"clade";1338369:"Dipnotetrapodomorpha":"clade";8287:"Sarcopterygii":"superclass";117571:"Euteleostomi":"clade";117570:"Teleostomi":"clade";7776:"Gnathostomata":"clade";7742:"Vertebrata":"clade";89593:"Craniata":"subphylum";7711:"Chordata":"phylum";33511:"Deuterostomia":"clade";33213:"Bilateria":"clade";6072:"Eumetazoa":"clade";33208:"Metazoa":"kingdom";33154:"Opisthokonta":"clade";2759:"Eukaryota":"domain";131567:"cellular organisms":"cellular root";1:"root":"no rank"	0.162351	0.141621	0.000000	49.234847	-34.687777	606.000000	0.064227	2.527774	0.134174	0.490388	0.046835	55.701519	0.051716	0.198374	0.098160	1.000000	0.000000	0.116407	25.673186	66.821568	23	94	0.244681	0.162351	0.064227	11	111	0.099099	0.139358	0.058707	18	118	0.152542	0.119622	0.054508	23	116	0.198276	0.102681	0.051114	15	115	0.130435	0.088139	0.047800	31	254	0.122047	0.162351	0.056850	18	198	0.090909	0.139358	0.054601	26	211	0.123223	0.119622	0.050849	14	208	0.067308	0.102681	0.047627	5	177	0.028249	0.088139	0.045221
simadna_hd_01.fq	simadna_hd_01.fq	33154	"Opisthokonta"	"clade"	789	245	55.546060	96.390582	0.416000	0.005501	33154:"Opisthokonta":"clade"	33154:"Opisthokonta":"clade";2759:"Eukaryota":"domain";131567:"cellular organisms":"cellular root";1:"root":"no rank"	0.162351	0.141621	0.000000	49.234966	-34.687777	2418.000000	0.064227	2.527774	0.134174	0.490388	0.046834	55.701745	0.051716	0.198374	0.098160	1.000000	0.000000	0.116407	25.673324	66.821504	23	94	0.244681	0.162351	0.064227	11	111	0.099099	0.139358	0.058707	18	118	0.152542	0.119622	0.054508	23	116	0.198276	0.102681	0.051114	15	115	0.130435	0.088140	0.047800	31	254	0.122047	0.162351	0.056850	18	198	0.090909	0.139358	0.054601	26	211	0.123223	0.119622	0.050849	14	208	0.067308	0.102681	0.047627	5	177	0.028249	0.088140	0.045221
simadna_hd_01.fq	simadna_hd_01.fq	33208	"Metazoa"	"kingdom"	789	245	54.962976	98.886414	0.411758	0.005642	33208:"Metazoa":"kingdom"	33208:"Metazoa":"kingdom";33154:"Opisthokonta":"clade";2759:"Eukaryota":"domain";131567:"cellular organisms":"cellular root";1:"root":"no rank"	0.162351	0.141621	0.000000	49.234974	-34.687777	4356.000000	0.064227	2.527774	0.134174	0.490388	0.046834	55.701687	0.051716	0.198374	0.098160	1.000000	0.000000	0.116407	25.673236	66.821499	23	94	0.244681	0.162351	0.064227	11	111	0.099099	0.139358	0.058707	18	118	0.152542	0.119622	0.054508	23	116	0.198276	0.102681	0.051114	15	115	0.130435	0.088140	0.047800	31	254	0.122047	0.162351	0.056850	18	198	0.090909	0.139358	0.054601	26	211	0.123223	0.119622	0.050849	14	208	0.067308	0.102681	0.047627	5	177	0.028249	0.088140	0.045221
simadna_hd_01.fq	simadna_hd_01.fq	33213	"Bilateria"	"clade"	789	245	53.869055	103.277822	0.403811	0.005875	33213:"Bilateria":"clade"	33213:"Bilateria":"clade";6072:"Eumetazoa":"clade";33208:"Metazoa":"kingdom";33154:"Opisthokonta":"clade";2759:"Eukaryota":"domain";131567:"cellular organisms":"cellular root";1:"root":"no rank"	0.162351	0.141621	0.000000	49.234853	-34.687777	679.000000	0.064227	2.527773	0.134174	0.490388	0.046834	55.701671	0.051716	0.198374	0.098160	1.000000	0.000000	0.116407	25.673247	66.821577	23	94	0.244681	0.162351	0.064227	11	111	0.099099	0.139358	0.058707	18	118	0.152542	0.119622	0.054508	23	116	0.198276	0.102681	0.051114	15	115	0.130435	0.088139	0.047800	31	254	0.122047	0.162351	0.056850	18	198	0.090909	0.139358	0.054601	26	211	0.123223	0.119622	0.050849	14	208	0.067308	0.102681	0.047627	5	177	0.028249	0.088139	0.045221
simadna_hd_01.fq	simadna_hd_01.fq	33511	"Deuterostomia"	"clade"	789	245	53.371830	105.160097	0.400093	0.005963	33511:"Deuterostomia":"clade"	33511:"Deuterostomia":"clade";33213:"Bilateria":"clade";6072:"Eumetazoa":"clade";33208:"Metazoa":"kingdom";33154:"Opisthokonta":"clade";2759:"Eukaryota":"domain";131567:"cellular organisms":"cellular root";1:"root":"no rank"	0.162351	0.141621	0.000000	49.234988	-34.687777	2396.000000	0.064227	2.527774	0.134174	0.490388	0.046834	55.701595	0.051716	0.198374	0.098160	1.000000	0.000000	0.116407	25.673125	66.821791	23	94	0.244681	0.162351	0.064227	11	111	0.099099	0.139358	0.058707	18	118	0.152542	0.119622	0.054508	23	116	0.198276	0.102681	0.051114	15	115	0.130435	0.088140	0.047800	31	254	0.122047	0.162351	0.056850	18	198	0.090909	0.139358	0.054601	26	211	0.123223	0.119622	0.050849	14	208	0.067308	0.102681	0.047627	5	177	0.028249	0.088140	0.045221
simadna_hd_01.fq	simadna_hd_01.fq	33554	"Carnivora"	"order"	148	112	50.378016	111.303281	0.402657	0.006583	33554:"Carnivora":"order"	33554:"Carnivora":"order";314145:"Laurasiatheria":"superorder";1437010:"Boreoeutheria":"clade";9347:"Eutheria":"clade";32525:"Theria":"clade";40674:"Mammalia":"class";32524:"Amniota":"clade";32523:"Tetrapoda":"clade";1338369:"Dipnotetrapodomorpha":"clade";8287:"Sarcopterygii":"superclass";117571:"Euteleostomi":"clade";117570:"Teleostomi":"clade";7776:"Gnathostomata":"clade";7742:"Vertebrata":"clade";89593:"Craniata":"subphylum";7711:"Chordata":"phylum";33511:"Deuterostomia":"clade";33213:"Bilateria":"clade";6072:"Eumetazoa":"clade";33208:"Metazoa":"kingdom";33154:"Opisthokonta":"clade";2759:"Eukaryota":"domain";131567:"cellular organisms":"cellular root";1:"root":"no rank"	0.208650	0.187150	0.000000	11.984139	-24.243247	1414.000000	0.142606	1.463116	0.200515	0.197136	0.001880	10.120444	0.143757	0.250819	0.105337	0.292895	0.000000	0.000000	3.572258	22.201572	5	20	0.250000	0.208650	0.142606	2	20	0.100000	0.169601	0.131705	3	19	0.157895	0.137860	0.122178	0	19	0.000000	0.112060	0.111790	3	25	0.120000	0.091088	0.097123	3	51	0.058824	0.208650	0.125319	18	57	0.315789	0.169601	0.114575	18	54	0.333333	0.137860	0.105761	1	31	0.032258	0.112060	0.103082	1	33	0.030303	0.091088	0.093230
simadna_hd_01.fq	simadna_hd_01.fq	35497	"Suina"	"suborder"	172	36	52.231094	124.726399	0.343571	0.004695	35497:"Suina":"suborder"	35497:"Suina":"suborder";91561:"Artiodactyla":"order";314145:"Laurasiatheria":"superorder";1437010:"Boreoeutheria":"clade";9347:"Eutheria":"clade";32525:"Theria":"clade";40674:"Mammalia":"class";32524:"Amniota":"clade";32523:"Tetrapoda":"clade";1338369:"Dipnotetrapodomorpha":"clade";8287:"Sarcopterygii":"superclass";117571:"Euteleostomi":"clade";117570:"Teleostomi":"clade";7776:"Gnathostomata":"clade";7742:"Vertebrata":"clade";89593:"Craniata":"subphylum";7711:"Chordata":"phylum";33511:"Deuterostomia":"clade";33213:"Bilateria":"clade";6072:"Eumetazoa":"clade";33208:"Metazoa":"kingdom";33154:"Opisthokonta":"clade";2759:"Eukaryota":"domain";131567:"cellular organisms":"cellular root";1:"root":"no rank"	0.240499	1.000000	0.056881	16.060711	-19.897703	2045.000000	0.132607	1.813626	0.237844	1.000000	0.058010	16.808587	0.181229	0.331960	1.000000	1.000000	0.041223	0.082624	5.313587	34.666258	8	25	0.320000	0.297380	0.141828	0	12	0.000000	0.056881	0.085749	2	26	0.076923	0.056881	0.071322	3	9	0.333333	0.056881	0.093572	0	37	0.000000	0.056881	0.067151	16	62	0.258065	0.297380	0.124176	0	20	0.000000	0.056881	0.075296	3	39	0.076923	0.056881	0.066628	5	39	0.128205	0.056881	0.066628	0	50	0.000000	0.056881	0.064455
simadna_hd_01.fq	simadna_hd_01.fq	35500	"Pecora"	"infraorder"	429	83	49.729813	143.053105	0.375403	0.005663	35500:"Pecora":"infraorder"	35500:"Pecora":"infraorder";9845:"Ruminantia":"suborder";91561:"Artiodactyla":"order";314145:"Laurasiatheria":"superorder";1437010:"Boreoeutheria":"clade";9347:"Eutheria":"clade";32525:"Theria":"clade";40674:"Mammalia":"class";32524:"Amniota":"clade";32523:"Tetrapoda":"clade";1338369:"Dipnotetrapodomorpha":"clade";8287:"Sarcopterygii":"superclass";117571:"Euteleostomi":"clade";117570:"Teleostomi":"clade";7776:"Gnathostomata":"clade";7742:"Vertebrata":"clade";89593:"Craniata":"subphylum";7711:"Chordata":"phylum";33511:"Deuterostomia":"clade";33213:"Bilateria":"clade";6072:"Eumetazoa":"clade";33208:"Metazoa":"kingdom";33154:"Opisthokonta":"clade";2759:"Eukaryota":"domain";131567:"cellular organisms":"cellular root";1:"root":"no rank"	0.053868	1.000000	0.107384	13.608541	-32.655933	2383.000000	0.067586	0.797035	0.055119	0.950000	0.108141	12.860967	0.025988	0.086108	1.000000	1.000000	0.090265	0.125814	9.802709	16.831910	9	44	0.204545	0.161252	0.110099	9	78	0.115385	0.107384	0.087785	13	71	0.183099	0.107384	0.088425	20	83	0.240964	0.107384	0.087391	12	53	0.226415	0.107384	0.090808	12	130	0.092308	0.161252	0.101131	0	106	0.000000	0.107384	0.086045	5	112	0.044643	0.107384	0.085783	8	126	0.063492	0.107384	0.085265	4	78	0.051282	0.107384	0.087785
simadna_hd_01.fq	simadna_hd_01.fq	37170	"Alcelaphinae"	"subfamily"	4	1	41.000000	0.000000	0.390244	0.000000	37170:"Alcelaphinae":"subfamily"	37170:"Alcelaphinae":"subfamily";9895:"Bovidae":"family";35500:"Pecora":"infraorder";9845:"Ruminantia":"suborder";91561:"Artiodactyla":"order";314145:"Laurasiatheria":"superorder";1437010:"Boreoeutheria":"clade";9347:"Eutheria":"clade";32525:"Theria":"clade";40674:"Mammalia":"class";32524:"Amniota":"clade";32523:"Tetrapoda":"clade";1338369:"Dipnotetrapodomorpha":"clade";8287:"Sarcopterygii":"superclass";117571:"Euteleostomi":"clade";117570:"Teleostomi":"clade";7776:"Gnathostomata":"clade";7742:"Vertebrata":"clade";89593:"Craniata":"subphylum";7711:"Chordata":"phylum";33511:"Deuterostomia":"clade";33213:"Bilateria":"clade";6072:"Eumetazoa":"clade";33208:"Metazoa":"kingdom";33154:"Opisthokonta":"clade";2759:"Eukaryota":"domain";131567:"cellular organisms":"cellular root";1:"root":"no rank"	0.565603	0.472548	0.000000	2.000000	-5.744039	694.000000	0.404719	1.397521	0.717644	0.657157	0.087500	2.000000	0.565603	1.000000	0.472546	1.000000	0.000000	0.250000	2.000000	2.000000	2	2	1.000000	0.565603	0.404719	0	3	0.000000	0.298328	0.341019	0	2	0.000000	0.157354	0.297314	0	2	0.000000	0.082997	0.225253	0	2	0.000000	0.043777	0.167053	0	1	0.000000	0.565603	0.495678	0	0	0.000000	0.298328	0.000000	2	2	1.000000	0.157354	0.297314	0	1	0.000000	0.082997	0.275877	0	0	0.000000	0.043777	0.000000
simadna_hd_01.fq	simadna_hd_01.fq	37348	"Mammuthus"	"genus"	22	4	48.750000	55.062500	0.417937	0.005168	37348:"Mammuthus":"genus"	37348:"Mammuthus":"genus";9780:"Elephantidae":"family";9779:"Proboscidea":"order";311790:"Afrotheria":"superorder";9347:"Eutheria":"clade";32525:"Theria":"clade";40674:"Mammalia":"class";32524:"Amniota":"clade";32523:"Tetrapoda":"clade";1338369:"Dipnotetrapodomorpha":"clade";8287:"Sarcopterygii":"superclass";117571:"Euteleostomi":"clade";117570:"Teleostomi":"clade";7776:"Gnathostomata":"clade";7742:"Vertebrata":"clade";89593:"Craniata":"subphylum";7711:"Chordata":"phylum";33511:"Deuterostomia":"clade";33213:"Bilateria":"clade";6072:"Eumetazoa":"clade";33208:"Metazoa":"kingdom";33154:"Opisthokonta":"clade";2759:"Eukaryota":"domain";131567:"cellular organisms":"cellular root";1:"root":"no rank"	0.000000	1.000000	0.000000	2.000000	-0.000000	172.000000	0.000082	0.000122	0.000000	0.998830	0.000000	2.008351	0.000000	0.000000	1.000000	1.000000	0.000000	0.000000	2.000000	2.000000	0	2	0.000000	0.000000	0.000115	0	0	0.000000	0.000000	0.000000	0	2	0.000000	0.000000	0.000082	0	4	0.000000	0.000000	0.000071	0	0	0.000000	0.000000	0.000000	0	4	0.000000	0.000000	0.000100	0	6	0.000000	0.000000	0.000067	0	2	0.000000	0.000000	0.000082	0	4	0.000000	0.000000	0.000071	0	8	0.000000	0.000000	0.000065
simadna_hd_01.fq	simadna_hd_01.fq	40674	"Mammalia"	"class"	789	245	50.403181	115.424475	0.369858	0.005934	40674:"Mammalia":"class"	40674:"Mammalia":"class";32524:"Amniota":"clade";32523:"Tetrapoda":"clade";1338369:"Dipnotetrapodomorpha":"clade";8287:"Sarcopterygii":"superclass";117571:"Euteleostomi":"clade";117570:"Teleostomi":"clade";7776:"Gnathostomata":"clade";7742:"Vertebrata":"clade";89593:"Craniata":"subphylum";7711:"Chordata":"phylum";33511:"Deuterostomia":"clade";33213:"Bilateria":"clade";6072:"Eumetazoa":"clade";33208:"Metazoa":"kingdom";33154:"Opisthokonta":"clade";2759:"Eukaryota":"domain";131567:"cellular organisms":"cellular root";1:"root":"no rank"	0.162351	0.141621	0.000000	49.235033	-34.687777	2967.000000	0.064227	2.527774	0.134174	0.490388	0.046834	55.701637	0.051716	0.198374	0.098160	1.000000	0.000000	0.116407	25.673263	66.821560	23	94	0.244681	0.162351	0.064227	11	111	0.099099	0.139358	0.058707	18	118	0.152542	0.119622	0.054508	23	116	0.198276	0.102681	0.051114	15	115	0.130435	0.088139	0.047800	31	254	0.122047	0.162351	0.056850	18	198	0.090909	0.139358	0.054601	26	211	0.123223	0.119622	0.050849	14	208	0.067308	0.102681	0.047627	5	177	0.028249	0.088139	0.045221
simadna_hd_01.fq	simadna_hd_01.fq	89593	"Craniata"	"subphylum"	789	245	52.502008	108.317144	0.393052	0.006075	89593:"Craniata":"subphylum"	89593:"Craniata":"subphylum";7711:"Chordata":"phylum";33511:"Deuterostomia":"clade";33213:"Bilateria":"clade";6072:"Eumetazoa":"clade";33208:"Metazoa":"kingdom";33154:"Opisthokonta":"clade";2759:"Eukaryota":"domain";131567:"cellular organisms":"cellular root";1:"root":"no rank"	0.162351	0.141621	0.000000	49.234980	-34.687777	5037.000000	0.064227	2.527774	0.134174	0.490388	0.046834	55.701657	0.051716	0.198374	0.098160	1.000000	0.000000	0.116407	25.673188	66.821655	23	94	0.244681	0.162351	0.064227	11	111	0.099099	0.139358	0.058707	18	118	0.152542	0.119622	0.054508	23	116	0.198276	0.102681	0.051114	15	115	0.130435	0.088140	0.047800	31	254	0.122047	0.162351	0.056850	18	198	0.090909	0.139358	0.054601	26	211	0.123223	0.119622	0.050849	14	208	0.067308	0.102681	0.047627	5	177	0.028249	0.088140	0.045221
simadna_hd_01.fq	simadna_hd_01.fq	91561	"Artiodactyla"	"order"	601	119	49.970932	126.646873	0.362509	0.005629	91561:"Artiodactyla":"order"	91561:"Artiodactyla":"order";314145:"Laurasiatheria":"superorder";1437010:"Boreoeutheria":"clade";9347:"Eutheria":"clade";32525:"Theria":"clade";40674:"Mammalia":"class";32524:"Amniota":"clade";32523:"Tetrapoda":"clade";1338369:"Dipnotetrapodomorpha":"clade";8287:"Sarcopterygii":"superclass";117571:"Euteleostomi":"clade";117570:"Teleostomi":"clade";7776:"Gnathostomata":"clade";7742:"Vertebrata":"clade";89593:"Craniata":"subphylum";7711:"Chordata":"phylum";33511:"Deuterostomia":"clade";33213:"Bilateria":"clade";6072:"Eumetazoa":"clade";33208:"Metazoa":"kingdom";33154:"Opisthokonta":"clade";2759:"Eukaryota":"domain";131567:"cellular organisms":"cellular root";1:"root":"no rank"	0.113097	1.000000	0.093398	16.710294	-34.642285	3901.000000	0.083877	1.348371	0.120783	1.000000	0.094315	14.609663	0.080113	0.172618	1.000000	1.000000	0.080512	0.102836	10.275441	21.711781	17	69	0.246377	0.206495	0.107204	9	90	0.100000	0.093398	0.075292	15	97	0.154639	0.093398	0.074865	23	92	0.250000	0.093398	0.075163	12	90	0.133333	0.093398	0.075292	28	192	0.145833	0.206495	0.100286	0	126	0.000000	0.093398	0.073588	8	151	0.052980	0.093398	0.072871	13	165	0.078788	0.093398	0.072562	4	128	0.031250	0.093398	0.073521
simadna_hd_01.fq	simadna_hd_01.fq	95911	"Hyaena"	"genus"	18	2	59.500000	210.250000	0.268468	0.000003	95911:"Hyaena":"genus"	95911:"Hyaena":"genus";9676:"Hyaenidae":"family";379583:"Feliformia":"suborder";33554:"Carnivora":"order";314145:"Laurasiatheria":"superorder";1437010:"Boreoeutheria":"clade";9347:"Eutheria":"clade";32525:"Theria":"clade";40674:"Mammalia":"class";32524:"Amniota":"clade";32523:"Tetrapoda":"clade";1338369:"Dipnotetrapodomorpha":"clade";8287:"Sarcopterygii":"superclass";117571:"Euteleostomi":"clade";117570:"Teleostomi":"clade";7776:"Gnathostomata":"clade";7742:"Vertebrata":"clade";89593:"Craniata":"subphylum";7711:"Chordata":"phylum";33511:"Deuterostomia":"clade";33213:"Bilateria":"clade";6072:"Eumetazoa":"clade";33208:"Metazoa":"kingdom";33154:"Opisthokonta":"clade";2759:"Eukaryota":"domain";131567:"cellular organisms":"cellular root";1:"root":"no rank"	0.000000	1.000000	0.000000	2.400862	-0.000000	216.000000	0.000080	0.000124	0.000000	1.000000	0.000000	2.106692	0.000000	0.000000	1.000000	1.000000	0.000000	0.000000	2.000000	2.000000	0	2	0.000000	0.000000	0.000114	0	4	0.000000	0.000000	0.000069	0	1	0.000000	0.000000	0.000100	0	2	0.000000	0.000000	0.000080	0	2	0.000000	0.000000	0.000080	0	4	0.000000	0.000000	0.000097	0	4	0.000000	0.000000	0.000069	0	0	0.000000	0.000000	0.000000	0	2	0.000000	0.000000	0.000080	0	0	0.000000	0.000000	0.000000
simadna_hd_01.fq	simadna_hd_01.fq	95912	"Hyaena hyaena"	"species"	18	2	59.500000	210.250000	0.268468	0.000003	95912:"Hyaena hyaena":"species"	95912:"Hyaena hyaena":"species";95911:"Hyaena":"genus";9676:"Hyaenidae":"family";379583:"Feliformia":"suborder";33554:"Carnivora":"order";314145:"Laurasiatheria":"superorder";1437010:"Boreoeutheria":"clade";9347:"Eutheria":"clade";32525:"Theria":"clade";40674:"Mammalia":"class";32524:"Amniota":"clade";32523:"Tetrapoda":"clade";1338369:"Dipnotetrapodomorpha":"clade";8287:"Sarcopterygii":"superclass";117571:"Euteleostomi":"clade";117570:"Teleostomi":"clade";7776:"Gnathostomata":"clade";7742:"Vertebrata":"clade";89593:"Craniata":"subphylum";7711:"Chordata":"phylum";33511:"Deuterostomia":"clade";33213:"Bilateria":"clade";6072:"Eumetazoa":"clade";33208:"Metazoa":"kingdom";33154:"Opisthokonta":"clade";2759:"Eukaryota":"domain";131567:"cellular organisms":"cellular root";1:"root":"no rank"	0.000000	1.000000	0.000000	2.000000	-0.000000	51.000000	0.000082	0.000122	0.000000	0.998246	0.000000	2.143784	0.000000	0.000000	1.000000	1.000000	0.000000	0.000000	2.000000	2.835115	0	2	0.000000	0.000000	0.000115	0	4	0.000000	0.000000	0.000071	0	1	0.000000	0.000000	0.000100	0	2	0.000000	0.000000	0.000082	0	2	0.000000	0.000000	0.000082	0	4	0.000000	0.000000	0.000100	0	4	0.000000	0.000000	0.000071	0	0	0.000000	0.000000	0.000000	0	2	0.000000	0.000000	0.000082	0	0	0.000000	0.000000	0.000000
simadna_hd_01.fq	simadna_hd_01.fq	117570	"Teleostomi"	"clade"	789	245	51.524795	111.756634	0.383066	0.006094	117570:"Teleostomi":"clade"	117570:"Teleostomi":"clade";7776:"Gnathostomata":"clade";7742:"Vertebrata":"clade";89593:"Craniata":"subphylum";7711:"Chordata":"phylum";33511:"Deuterostomia":"clade";33213:"Bilateria":"clade";6072:"Eumetazoa":"clade";33208:"Metazoa":"kingdom";33154:"Opisthokonta":"clade";2759:"Eukaryota":"domain";131567:"cellular organisms":"cellular root";1:"root":"no rank"	0.162351	0.141621	0.000000	49.234898	-34.687777	4578.000000	0.064227	2.527773	0.134174	0.490388	0.046834	55.701576	0.051716	0.198374	0.098160	1.000000	0.000000	0.116407	25.673239	66.821564	23	94	0.244681	0.162351	0.064227	11	111	0.099099	0.139358	0.058707	18	118	0.152542	0.119622	0.054508	23	116	0.198276	0.102681	0.051114	15	115	0.130435	0.088140	0.047800	31	254	0.122047	0.162351	0.056850	18	198	0.090909	0.139358	0.054601	26	211	0.123223	0.119622	0.050849	14	208	0.067308	0.102681	0.047627	5	177	0.028249	0.088140	0.045221
simadna_hd_01.fq	simadna_hd_01.fq	117571	"Euteleostomi"	"clade"	789	245	51.275366	112.627189	0.379895	0.006070	117571:"Euteleostomi":"clade"	117571:"Euteleostomi":"clade";117570:"Teleostomi":"clade";7776:"Gnathostomata":"clade";7742:"Vertebrata":"clade";89593:"Craniata":"subphylum";7711:"Chordata":"phylum";33511:"Deuterostomia":"clade";33213:"Bilateria":"clade";6072:"Eumetazoa":"clade";33208:"Metazoa":"kingdom";33154:"Opisthokonta":"clade";2759:"Eukaryota":"domain";131567:"cellular organisms":"cellular root";1:"root":"no rank"	0.162351	0.141621	0.000000	49.234940	-34.687777	4238.000000	0.064227	2.527775	0.134174	0.490388	0.046834	55.701642	0.051716	0.198374	0.098160	1.000000	0.000000	0.116407	25.673150	66.821526	23	94	0.244681	0.162351	0.064227	11	111	0.099099	0.139358	0.058707	18	118	0.152542	0.119622	0.054508	23	116	0.198276	0.102681	0.051114	15	115	0.130435	0.088139	0.047800	31	254	0.122047	0.162351	0.056850	18	198	0.090909	0.139358	0.054601	26	211	0.123223	0.119622	0.050849	14	208	0.067308	0.102681	0.047627	5	177	0.028249	0.088139	0.045221
simadna_hd_01.fq	simadna_hd_01.fq	131567	"cellular organisms"	"cellular root"	789	245	56.747662	90.877838	0.424958	0.005179	131567:"cellular organisms":"cellular root"	131567:"cellular organisms":"cellular root";1:"root":"no rank"	0.162351	0.141621	0.000000	49.234983	-34.687777	3491.000000	0.064227	2.527774	0.139888	0.445977	0.040209	55.675553	0.051716	0.198374	0.098160	1.000000	0.000000	0.115062	25.148931	66.821659	23	94	0.244681	0.162351	0.064227	11	111	0.099099	0.139358	0.058707	18	118	0.152542	0.119622	0.054508	23	116	0.198276	0.102681	0.051114	15	115	0.130435	0.088140	0.047800	31	254	0.122047	0.162351	0.056850	18	198	0.090909	0.139358	0.054601	26	211	0.123223	0.119622	0.050849	14	208	0.067308	0.102681	0.047627	5	177	0.028249	0.088140	0.045221
simadna_hd_01.fq	simadna_hd_01.fq	207598	"Homininae"	"subfamily"	6	2	61.333333	0.000000	0.461592	0.000000	207598:"Homininae":"subfamily"	207598:"Homininae":"subfamily";9604:"Hominidae":"family";314295:"Hominoidea":"superfamily";9526:"Catarrhini":"parvorder";314293:"Simiiformes":"infraorder";376913:"Haplorrhini":"suborder";9443:"Primates":"order";314146:"Euarchontoglires":"superorder";1437010:"Boreoeutheria":"clade";9347:"Eutheria":"clade";32525:"Theria":"clade";40674:"Mammalia":"class";32524:"Amniota":"clade";32523:"Tetrapoda":"clade";1338369:"Dipnotetrapodomorpha":"clade";8287:"Sarcopterygii":"superclass";117571:"Euteleostomi":"clade";117570:"Teleostomi":"clade";7776:"Gnathostomata":"clade";7742:"Vertebrata":"clade";89593:"Craniata":"subphylum";7711:"Chordata":"phylum";33511:"Deuterostomia":"clade";33213:"Bilateria":"clade";6072:"Eumetazoa":"clade";33208:"Metazoa":"kingdom";33154:"Opisthokonta":"clade";2759:"Eukaryota":"domain";131567:"cellular organisms":"cellular root";1:"root":"no rank"	0.000000	1.000000	0.000000	2.000000	-0.000000	385.000000	0.000100	0.000100	0.000000	0.993356	0.000000	2.002179	0.000000	0.000000	0.966133	1.000000	0.000000	0.000000	2.000000	2.000247	0	0	0.000000	0.000000	0.000000	0	0	0.000000	0.000000	0.000000	0	0	0.000000	0.000000	0.000000	0	0	0.000000	0.000000	0.000000	0	0	0.000000	0.000000	0.000000	0	4	0.000000	0.000000	0.000100	0	4	0.000000	0.000000	0.000071	0	4	0.000000	0.000000	0.000071	0	4	0.000000	0.000000	0.000071	0	4	0.000000	0.000000	0.000071
simadna_hd_01.fq	simadna_hd_01.fq	310261	"Sus scrofa taivanus"	"subspecies"	33	3	56.666668	100.111107	0.379969	0.001336	310261:"Sus scrofa taivanus":"subspecies"	310261:"Sus scrofa taivanus":"subspecies";9823:"Sus scrofa":"species";9822:"Sus":"genus";9821:"Suidae":"family";35497:"Suina":"suborder";91561:"Artiodactyla":"order";314145:"Laurasiatheria":"superorder";1437010:"Boreoeutheria":"clade";9347:"Eutheria":"clade";32525:"Theria":"clade";40674:"Mammalia":"class";32524:"Amniota":"clade";32523:"Tetrapoda":"clade";1338369:"Dipnotetrapodomorpha":"clade";8287:"Sarcopterygii":"superclass";117571:"Euteleostomi":"clade";117570:"Teleostomi":"clade";7776:"Gnathostomata":"clade";7742:"Vertebrata":"clade";89593:"Craniata":"subphylum";7711:"Chordata":"phylum";33511:"Deuterostomia":"clade";33213:"Bilateria":"clade";6072:"Eumetazoa":"clade";33208:"Metazoa":"kingdom";33154:"Opisthokonta":"clade";2759:"Eukaryota":"domain";131567:"cellular organisms":"cellular root";1:"root":"no rank"	0.233746	0.383971	0.000000	32018.608940	-7.330530	3045.000000	0.211616	1.104575	0.219510	0.738003	0.038663	42932.599550	0.080564	0.361818	0.114164	1.000000	0.000000	0.086733	5.004873	150014.651575	1	4	0.250000	0.233746	0.211616	0	3	0.000000	0.143994	0.202705	1	6	0.166667	0.088705	0.116081	0	2	0.000000	0.054645	0.160718	0	7	0.000000	0.033663	0.068176	3	12	0.250000	0.233746	0.122192	0	4	0.000000	0.143994	0.175550	1	8	0.125000	0.088705	0.100532	1	7	0.142857	0.054645	0.085914	0	8	0.000000	0.033663	0.063774
simadna_hd_01.fq	simadna_hd_01.fq	311790	"Afrotheria"	"superorder"	33	11	50.694444	64.430883	0.347416	0.005665	311790:"Afrotheria":"superorder"	311790:"Afrotheria":"superorder";9347:"Eutheria":"clade";32525:"Theria":"clade";40674:"Mammalia":"class";32524:"Amniota":"clade";32523:"Tetrapoda":"clade";1338369:"Dipnotetrapodomorpha":"clade";8287:"Sarcopterygii":"superclass";117571:"Euteleostomi":"clade";117570:"Teleostomi":"clade";7776:"Gnathostomata":"clade";7742:"Vertebrata":"clade";89593:"Craniata":"subphylum";7711:"Chordata":"phylum";33511:"Deuterostomia":"clade";33213:"Bilateria":"clade";6072:"Eumetazoa":"clade";33208:"Metazoa":"kingdom";33154:"Opisthokonta":"clade";2759:"Eukaryota":"domain";131567:"cellular organisms":"cellular root";1:"root":"no rank"	0.090912	1.000000	0.000000	43990.447286	-1.741603	2175.000000	0.128573	0.707089	0.068846	1.000000	0.000000	33390.580256	0.000000	0.186227	1.000000	1.000000	0.000000	0.000000	2.000000	115191.642006	1	5	0.200000	0.090912	0.128573	0	0	0.000000	0.000000	0.000000	0	2	0.000000	0.000000	0.000071	0	4	0.000000	0.000000	0.000050	0	0	0.000000	0.000000	0.000000	0	6	0.000000	0.090912	0.117372	0	11	0.000000	0.000000	0.000031	0	2	0.000000	0.000000	0.000071	0	8	0.000000	0.000000	0.000035	0	12	0.000000	0.000000	0.000029
simadna_hd_01.fq	simadna_hd_01.fq	314145	"Laurasiatheria"	"superorder"	749	231	49.988914	120.318627	0.372550	0.005959	314145:"Laurasiatheria":"superorder"	314145:"Laurasiatheria":"superorder";1437010:"Boreoeutheria":"clade";9347:"Eutheria":"clade";32525:"Theria":"clade";40674:"Mammalia":"class";32524:"Amniota":"clade";32523:"Tetrapoda":"clade";1338369:"Dipnotetrapodomorpha":"clade";8287:"Sarcopterygii":"superclass";117571:"Euteleostomi":"clade";117570:"Teleostomi":"clade";7776:"Gnathostomata":"clade";7742:"Vertebrata":"clade";89593:"Craniata":"subphylum";7711:"Chordata":"phylum";33511:"Deuterostomia":"clade";33213:"Bilateria":"clade";6072:"Eumetazoa":"clade";33208:"Metazoa":"kingdom";33154:"Opisthokonta":"clade";2759:"Eukaryota":"domain";131567:"cellular organisms":"cellular root";1:"root":"no rank"	0.166131	0.137775	0.000000	52.887329	-34.263054	965.000000	0.064019	2.595033	0.136403	0.507968	0.050552	54.167393	0.059763	0.201755	0.098193	1.000000	0.000000	0.118077	31.282600	79.378348	22	89	0.247191	0.166131	0.064019	11	110	0.100000	0.143242	0.058072	18	116	0.155172	0.123507	0.054081	23	111	0.207207	0.106491	0.051059	15	115	0.130435	0.091819	0.047530	31	243	0.127572	0.166131	0.055949	18	183	0.098361	0.143242	0.054181	26	205	0.126829	0.123507	0.050271	14	196	0.071429	0.106491	0.047352	5	161	0.031056	0.091819	0.045341
simadna_hd_01.fq	simadna_hd_01.fq	314146	"Euarchontoglires"	"superorder"	7	3	64.319299	0.000000	0.522000	0.000000	314146:"Euarchontoglires":"superorder"	314146:"Euarchontoglires":"superorder";1437010:"Boreoeutheria":"clade";9347:"Eutheria":"clade";32525:"Theria":"clade";40674:"Mammalia":"class";32524:"Amniota":"clade";32523:"Tetrapoda":"clade";1338369:"Dipnotetrapodomorpha":"clade";8287:"Sarcopterygii":"superclass";117571:"Euteleostomi":"clade";117570:"Teleostomi":"clade";7776:"Gnathostomata":"clade";7742:"Vertebrata":"clade";89593:"Craniata":"subphylum";7711:"Chordata":"phylum";33511:"Deuterostomia":"clade";33213:"Bilateria":"clade";6072:"Eumetazoa":"clade";33208:"Metazoa":"kingdom";33154:"Opisthokonta":"clade";2759:"Eukaryota":"domain";131567:"cellular organisms":"cellular root";1:"root":"no rank"	0.000000	1.000000	0.000000	2.000000	-0.000000	51.000000	0.000100	0.000100	0.000000	0.997858	0.000000	2.004962	0.000000	0.000000	0.994417	1.000000	0.000000	0.000000	2.000000	2.004057	0	0	0.000000	0.000000	0.000000	0	1	0.000000	0.000000	0.000100	0	0	0.000000	0.000000	0.000000	0	1	0.000000	0.000000	0.000100	0	0	0.000000	0.000000	0.000000	0	5	0.000000	0.000000	0.000097	0	4	0.000000	0.000000	0.000071	0	4	0.000000	0.000000	0.000071	0	4	0.000000	0.000000	0.000071	0	4	0.000000	0.000000	0.000071
simadna_hd_01.fq	simadna_hd_01.fq	314293	"Simiiformes"	"infraorder"	7	3	56.253772	0.000000	0.538451	0.000000	314293:"Simiiformes":"infraorder"	314293:"Simiiformes":"infraorder";376913:"Haplorrhini":"suborder";9443:"Primates":"order";314146:"Euarchontoglires":"superorder";1437010:"Boreoeutheria":"clade";9347:"Eutheria":"clade";32525:"Theria":"clade";40674:"Mammalia":"class";32524:"Amniota":"clade";32523:"Tetrapoda":"clade";1338369:"Dipnotetrapodomorpha":"clade";8287:"Sarcopterygii":"superclass";117571:"Euteleostomi":"clade";117570:"Teleostomi":"clade";7776:"Gnathostomata":"clade";7742:"Vertebrata":"clade";89593:"Craniata":"subphylum";7711:"Chordata":"phylum";33511:"Deuterostomia":"clade";33213:"Bilateria":"clade";6072:"Eumetazoa":"clade";33208:"Metazoa":"kingdom";33154:"Opisthokonta":"clade";2759:"Eukaryota":"domain";131567:"cellular organisms":"cellular root";1:"root":"no rank"	0.000000	1.000000	0.000000	2.000000	-0.000000	132.000000	0.000100	0.000100	0.000000	0.988053	0.000000	2.020175	0.000000	0.000000	0.948717	1.000000	0.000000	0.000000	2.000000	2.091239	0	0	0.000000	0.000000	0.000000	0	1	0.000000	0.000000	0.000100	0	0	0.000000	0.000000	0.000000	0	1	0.000000	0.000000	0.000100	0	0	0.000000	0.000000	0.000000	0	5	0.000000	0.000000	0.000097	0	4	0.000000	0.000000	0.000071	0	4	0.000000	0.000000	0.000071	0	4	0.000000	0.000000	0.000071	0	4	0.000000	0.000000	0.000071
simadna_hd_01.fq	simadna_hd_01.fq	314295	"Hominoidea"	"superfamily"	6	2	64.481481	0.000000	0.495368	0.000000	314295:"Hominoidea":"superfamily"	314295:"Hominoidea":"superfamily";9526:"Catarrhini":"parvorder";314293:"Simiiformes":"infraorder";376913:"Haplorrhini":"suborder";9443:"Primates":"order";314146:"Euarchontoglires":"superorder";1437010:"Boreoeutheria":"clade";9347:"Eutheria":"clade";32525:"Theria":"clade";40674:"Mammalia":"class";32524:"Amniota":"clade";32523:"Tetrapoda":"clade";1338369:"Dipnotetrapodomorpha":"clade";8287:"Sarcopterygii":"superclass";117571:"Euteleostomi":"clade";117570:"Teleostomi":"clade";7776:"Gnathostomata":"clade";7742:"Vertebrata":"clade";89593:"Craniata":"subphylum";7711:"Chordata":"phylum";33511:"Deuterostomia":"clade";33213:"Bilateria":"clade";6072:"Eumetazoa":"clade";33208:"Metazoa":"kingdom";33154:"Opisthokonta":"clade";2759:"Eukaryota":"domain";131567:"cellular organisms":"cellular root";1:"root":"no rank"	0.000000	1.000000	0.000000	2.000000	-0.000000	132.000000	0.000100	0.000100	0.000000	0.999440	0.000000	2.000000	0.000000	0.000000	1.000000	1.000000	0.000000	0.000000	2.000000	2.000000	0	0	0.000000	0.000000	0.000000	0	0	0.000000	0.000000	0.000000	0	0	0.000000	0.000000	0.000000	0	0	0.000000	0.000000	0.000000	0	0	0.000000	0.000000	0.000000	0	4	0.000000	0.000000	0.000100	0	4	0.000000	0.000000	0.000071	0	4	0.000000	0.000000	0.000071	0	4	0.000000	0.000000	0.000071	0	4	0.000000	0.000000	0.000071
simadna_hd_01.fq	simadna_hd_01.fq	376913	"Haplorrhini"	"suborder"	7	3	60.253772	0.000000	0.528823	0.000000	376913:"Haplorrhini":"suborder"	376913:"Haplorrhini":"suborder";9443:"Primates":"order";314146:"Euarchontoglires":"superorder";1437010:"Boreoeutheria":"clade";9347:"Eutheria":"clade";32525:"Theria":"clade";40674:"Mammalia":"class";32524:"Amniota":"clade";32523:"Tetrapoda":"clade";1338369:"Dipnotetrapodomorpha":"clade";8287:"Sarcopterygii":"superclass";117571:"Euteleostomi":"clade";117570:"Teleostomi":"clade";7776:"Gnathostomata":"clade";7742:"Vertebrata":"clade";89593:"Craniata":"subphylum";7711:"Chordata":"phylum";33511:"Deuterostomia":"clade";33213:"Bilateria":"clade";6072:"Eumetazoa":"clade";33208:"Metazoa":"kingdom";33154:"Opisthokonta":"clade";2759:"Eukaryota":"domain";131567:"cellular organisms":"cellular root";1:"root":"no rank"	0.000000	1.000000	0.000000	5.012378	-0.000000	209.000000	0.000100	0.000100	0.000000	0.998024	0.000000	2.000000	0.000000	0.000000	1.000000	1.000000	0.000000	0.000000	2.000000	2.000000	0	0	0.000000	0.000000	0.000000	0	1	0.000000	0.000000	0.000100	0	0	0.000000	0.000000	0.000000	0	1	0.000000	0.000000	0.000100	0	0	0.000000	0.000000	0.000000	0	5	0.000000	0.000000	0.000082	0	4	0.000000	0.000000	0.000061	0	4	0.000000	0.000000	0.000061	0	4	0.000000	0.000000	0.000061	0	4	0.000000	0.000000	0.000061
simadna_hd_01.fq	simadna_hd_01.fq	379583	"Feliformia"	"suborder"	148	112	50.142195	111.503678	0.403540	0.006589	379583:"Feliformia":"suborder"	379583:"Feliformia":"suborder";33554:"Carnivora":"order";314145:"Laurasiatheria":"superorder";1437010:"Boreoeutheria":"clade";9347:"Eutheria":"clade";32525:"Theria":"clade";40674:"Mammalia":"class";32524:"Amniota":"clade";32523:"Tetrapoda":"clade";1338369:"Dipnotetrapodomorpha":"clade";8287:"Sarcopterygii":"superclass";117571:"Euteleostomi":"clade";117570:"Teleostomi":"clade";7776:"Gnathostomata":"clade";7742:"Vertebrata":"clade";89593:"Craniata":"subphylum";7711:"Chordata":"phylum";33511:"Deuterostomia":"clade";33213:"Bilateria":"clade";6072:"Eumetazoa":"clade";33208:"Metazoa":"kingdom";33154:"Opisthokonta":"clade";2759:"Eukaryota":"domain";131567:"cellular organisms":"cellular root";1:"root":"no rank"	0.208649	0.187149	0.000000	11.984092	-24.243247	1541.000000	0.142606	1.463113	0.200515	0.197136	0.001880	10.120449	0.143755	0.250819	0.105336	0.292895	0.000000	0.000000	3.572264	22.201507	5	20	0.250000	0.208649	0.142606	2	20	0.100000	0.169601	0.131705	3	19	0.157895	0.137860	0.122179	0	19	0.000000	0.112060	0.111790	3	25	0.120000	0.091088	0.097123	3	51	0.058824	0.208649	0.125319	18	57	0.315789	0.169601	0.114575	18	54	0.333333	0.137860	0.105761	1	31	0.032258	0.112060	0.103082	1	33	0.030303	0.091088	0.093231
simadna_hd_01.fq	simadna_hd_01.fq	1338369	"Dipnotetrapodomorpha"	"clade"	789	245	50.860083	114.020032	0.374228	0.006002	1338369:"Dipnotetrapodomorpha":"clade"	1338369:"Dipnotetrapodomorpha":"clade";8287:"Sarcopterygii":"superclass";117571:"Euteleostomi":"clade";117570:"Teleostomi":"clade";7776:"Gnathostomata":"clade";7742:"Vertebrata":"clade";89593:"Craniata":"subphylum";7711:"Chordata":"phylum";33511:"Deuterostomia":"clade";33213:"Bilateria":"clade";6072:"Eumetazoa":"clade";33208:"Metazoa":"kingdom";33154:"Opisthokonta":"clade";2759:"Eukaryota":"domain";131567:"cellular organisms":"cellular root";1:"root":"no rank"	0.162351	0.141621	0.000000	49.234960	-34.687777	3414.000000	0.064227	2.527774	0.134174	0.490388	0.046835	55.701666	0.051716	0.198374	0.098160	1.000000	0.000000	0.116407	25.673241	66.821520	23	94	0.244681	0.162351	0.064227	11	111	0.099099	0.139358	0.058707	18	118	0.152542	0.119622	0.054508	23	116	0.198276	0.102681	0.051114	15	115	0.130435	0.088140	0.047800	31	254	0.122047	0.162351	0.056850	18	198	0.090909	0.139358	0.054601	26	211	0.123223	0.119622	0.050849	14	208	0.067308	0.102681	0.047627	5	177	0.028249	0.088140	0.045221
simadna_hd_01.fq	simadna_hd_01.fq	1437010	"Boreoeutheria"	"clade"	756	234	50.076958	118.518246	0.372673	0.005976	1437010:"Boreoeutheria":"clade"	1437010:"Boreoeutheria":"clade";9347:"Eutheria":"clade";32525:"Theria":"clade";40674:"Mammalia":"class";32524:"Amniota":"clade";32523:"Tetrapoda":"clade";1338369:"Dipnotetrapodomorpha":"clade";8287:"Sarcopterygii":"superclass";117571:"Euteleostomi":"clade";117570:"Teleostomi":"clade";7776:"Gnathostomata":"clade";7742:"Vertebrata":"clade";89593:"Craniata":"subphylum";7711:"Chordata":"phylum";33511:"Deuterostomia":"clade";33213:"Bilateria":"clade";6072:"Eumetazoa":"clade";33208:"Metazoa":"kingdom";33154:"Opisthokonta":"clade";2759:"Eukaryota":"domain";131567:"cellular organisms":"cellular root";1:"root":"no rank"	0.164519	0.137938	0.000000	51.202689	-34.425100	723.000000	0.064404	2.554481	0.142703	0.458885	0.042179	72.761131	0.058286	0.202030	0.107018	1.000000	0.000000	0.117948	28.394430	100.416579	22	89	0.247191	0.164519	0.064404	11	111	0.099099	0.141825	0.058369	18	116	0.155172	0.122262	0.054435	23	112	0.205357	0.105398	0.051303	15	115	0.130435	0.090859	0.047822	31	248	0.125000	0.164519	0.056362	18	187	0.096257	0.141825	0.054497	26	209	0.124402	0.122262	0.050590	14	200	0.070000	0.105398	0.047630	5	165	0.030303	0.090859	0.045535
simadna_01.fq	simadna_01.fq	1	"root"	"no rank"	1209	336	51.022825	171.906919	0.399439	0.004901	1:"root":"no rank"	1:"root":"no rank"	0.008193	1.000000	0.020208	134.493832	-26.246004	6296.000000	0.009741	0.841073	0.010602	0.657746	0.017755	114.722672	0.000000	0.029021	0.000000	1.000000	0.000000	0.024651	45.501618	380.630952	13	231	0.056277	0.028401	0.017951	0	282	0.000000	0.020208	0.014691	5	289	0.017301	0.020208	0.014633	7	236	0.029661	0.020208	0.015146	4	241	0.016598	0.020208	0.015089	2	253	0.007905	0.028401	0.017661	9	261	0.034483	0.020208	0.014880	6	202	0.029703	0.020208	0.015602	3	209	0.014354	0.020208	0.015497	3	214	0.014019	0.020208	0.015426
simadna_01.fq	simadna_01.fq	2759	"Eukaryota"	"domain"	1209	336	50.742422	166.778414	0.403173	0.004973	2759:"Eukaryota":"domain"	2759:"Eukaryota":"domain";131567:"cellular organisms":"cellular root";1:"root":"no rank"	0.008193	1.000000	0.020208	134.494076	-26.246004	2075.000000	0.009741	0.841074	0.010106	0.657746	0.018251	114.722111	0.000000	0.029021	0.000000	1.000000	0.000000	0.024651	45.501692	380.617230	13	231	0.056277	0.028401	0.017951	0	282	0.000000	0.020208	0.014691	5	289	0.017301	0.020208	0.014633	7	236	0.029661	0.020208	0.015146	4	241	0.016598	0.020208	0.015089	2	253	0.007905	0.028401	0.017661	9	261	0.034483	0.020208	0.014880	6	202	0.029703	0.020208	0.015602	3	209	0.014354	0.020208	0.015497	3	214	0.014019	0.020208	0.015426
simadna_01.fq	simadna_01.fq	6072	"Eumetazoa"	"clade"	1209	336	50.364765	160.739241	0.408577	0.005107	6072:"Eumetazoa":"clade"	6072:"Eumetazoa":"clade";33208:"Metazoa":"kingdom";33154:"Opisthokonta":"clade";2759:"Eukaryota":"domain";131567:"cellular organisms":"cellular root";1:"root":"no rank"	0.008193	1.000000	0.020208	134.494139	-26.246004	5990.000000	0.009741	0.841074	0.010404	0.657746	0.017954	114.721929	0.000000	0.029021	0.000000	1.000000	0.000000	0.024990	45.501572	380.617711	13	231	0.056277	0.028401	0.017951	0	282	0.000000	0.020208	0.014691	5	289	0.017301	0.020208	0.014633	7	236	0.029661	0.020208	0.015146	4	241	0.016598	0.020208	0.015089	2	253	0.007905	0.028401	0.017661	9	261	0.034483	0.020208	0.014880	6	202	0.029703	0.020208	0.015602	3	209	0.014354	0.020208	0.015497	3	214	0.014019	0.020208	0.015426
simadna_01.fq	simadna_01.fq	7711	"Chordata"	"phylum"	1209	336	50.102819	158.103149	0.412584	0.005243	7711:"Chordata":"phylum"	7711:"Chordata":"phylum";33511:"Deuterostomia":"clade";33213:"Bilateria":"clade";6072:"Eumetazoa":"clade";33208:"Metazoa":"kingdom";33154:"Opisthokonta":"clade";2759:"Eukaryota":"domain";131567:"cellular organisms":"cellular root";1:"root":"no rank"	0.008193	1.000000	0.020208	134.494017	-26.246004	913.000000	0.009741	0.841073	0.010116	0.657746	0.018241	114.721910	0.000000	0.029021	0.000000	1.000000	0.000000	0.024990	45.501594	380.615293	13	231	0.056277	0.028401	0.017951	0	282	0.000000	0.020208	0.014691	5	289	0.017301	0.020208	0.014633	7	236	0.029661	0.020208	0.015146	4	241	0.016598	0.020208	0.015089	2	253	0.007905	0.028401	0.017661	9	261	0.034483	0.020208	0.014880	6	202	0.029703	0.020208	0.015602	3	209	0.014354	0.020208	0.015497	3	214	0.014019	0.020208	0.015426
simadna_01.fq	simadna_01.fq	7742	"Vertebrata"	"clade"	1209	336	50.011628	158.614039	0.413726	0.005306	7742:"Vertebrata":"clade"	7742:"Vertebrata":"clade";89593:"Craniata":"subphylum";7711:"Chordata":"phylum";33511:"Deuterostomia":"clade";33213:"Bilateria":"clade";6072:"Eumetazoa":"clade";33208:"Metazoa":"kingdom";33154:"Opisthokonta":"clade";2759:"Eukaryota":"domain";131567:"cellular organisms":"cellular root";1:"root":"no rank"	0.008193	1.000000	0.020208	134.494003	-26.246004	4911.000000	0.009741	0.841073	0.010116	0.657746	0.018241	114.721859	0.000000	0.029021	0.000000	1.000000	0.000000	0.024990	45.501573	380.614098	13	231	0.056277	0.028401	0.017951	0	282	0.000000	0.020208	0.014691	5	289	0.017301	0.020208	0.014633	7	236	0.029661	0.020208	0.015146	4	241	0.016598	0.020208	0.015089	2	253	0.007905	0.028401	0.017661	9	261	0.034483	0.020208	0.014880	6	202	0.029703	0.020208	0.015602	3	209	0.014354	0.020208	0.015497	3	214	0.014019	0.020208	0.015426
simadna_01.fq	simadna_01.fq	7776	"Gnathostomata"	"clade"	1209	336	49.987596	159.443914	0.413706	0.005322	7776:"Gnathostomata":"clade"	7776:"Gnathostomata":"clade";7742:"Vertebrata":"clade";89593:"Craniata":"subphylum";7711:"Chordata":"phylum";33511:"Deuterostomia":"clade";33213:"Bilateria":"clade";6072:"Eumetazoa":"clade";33208:"Metazoa":"kingdom";33154:"Opisthokonta":"clade";2759:"Eukaryota":"domain";131567:"cellular organisms":"cellular root";1:"root":"no rank"	0.008193	1.000000	0.020208	134.494171	-26.246004	6043.000000	0.009741	0.841074	0.010144	0.657746	0.018213	114.722099	0.000000	0.029021	0.000000	1.000000	0.000000	0.024651	45.501603	380.617057	13	231	0.056277	0.028401	0.017951	0	282	0.000000	0.020208	0.014691	5	289	0.017301	0.020208	0.014633	7	236	0.029661	0.020208	0.015146	4	241	0.016598	0.020208	0.015089	2	253	0.007905	0.028401	0.017661	9	261	0.034483	0.020208	0.014880	6	202	0.029703	0.020208	0.015602	3	209	0.014354	0.020208	0.015497	3	214	0.014019	0.020208	0.015426
simadna_01.fq	simadna_01.fq	8287	"Sarcopterygii"	"superclass"	1209	336	49.950498	162.746528	0.411389	0.005294	8287:"Sarcopterygii":"superclass"	8287:"Sarcopterygii":"superclass";117571:"Euteleostomi":"clade";117570:"Teleostomi":"clade";7776:"Gnathostomata":"clade";7742:"Vertebrata":"clade";89593:"Craniata":"subphylum";7711:"Chordata":"phylum";33511:"Deuterostomia":"clade";33213:"Bilateria":"clade";6072:"Eumetazoa":"clade";33208:"Metazoa":"kingdom";33154:"Opisthokonta":"clade";2759:"Eukaryota":"domain";131567:"cellular organisms":"cellular root";1:"root":"no rank"	0.008193	1.000000	0.020208	134.494149	-26.246004	1424.000000	0.009741	0.841074	0.010241	0.657746	0.018116	114.721975	0.000000	0.029021	0.000000	1.000000	0.000000	0.024990	45.502575	380.616708	13	231	0.056277	0.028401	0.017951	0	282	0.000000	0.020208	0.014691	5	289	0.017301	0.020208	0.014633	7	236	0.029661	0.020208	0.015146	4	241	0.016598	0.020208	0.015089	2	253	0.007905	0.028401	0.017661	9	261	0.034483	0.020208	0.014880	6	202	0.029703	0.020208	0.015602	3	209	0.014354	0.020208	0.015497	3	214	0.014019	0.020208	0.015426
simadna_01.fq	simadna_01.fq	9347	"Eutheria"	"clade"	1209	336	49.754010	162.087451	0.405674	0.005130	9347:"Eutheria":"clade"	9347:"Eutheria":"clade";32525:"Theria":"clade";40674:"Mammalia":"class";32524:"Amniota":"clade";32523:"Tetrapoda":"clade";1338369:"Dipnotetrapodomorpha":"clade";8287:"Sarcopterygii":"superclass";117571:"Euteleostomi":"clade";117570:"Teleostomi":"clade";7776:"Gnathostomata":"clade";7742:"Vertebrata":"clade";89593:"Craniata":"subphylum";7711:"Chordata":"phylum";33511:"Deuterostomia":"clade";33213:"Bilateria":"clade";6072:"Eumetazoa":"clade";33208:"Metazoa":"kingdom";33154:"Opisthokonta":"clade";2759:"Eukaryota":"domain";131567:"cellular organisms":"cellular root";1:"root":"no rank"	0.008193	1.000000	0.020208	134.493981	-26.246004	2494.000000	0.009741	0.841074	0.010049	0.657746	0.018308	114.721927	0.000000	0.029021	0.000000	1.000000	0.000000	0.024848	45.501604	380.614528	13	231	0.056277	0.028401	0.017951	0	282	0.000000	0.020208	0.014691	5	289	0.017301	0.020208	0.014633	7	236	0.029661	0.020208	0.015146	4	241	0.016598	0.020208	0.015089	2	253	0.007905	0.028401	0.017661	9	261	0.034483	0.020208	0.014880	6	202	0.029703	0.020208	0.015602	3	209	0.014354	0.020208	0.015497	3	214	0.014019	0.020208	0.015426
simadna_01.fq	simadna_01.fq	9443	"Primates"	"order"	26	9	52.445487	221.935201	0.387965	0.004742	9443:"Primates":"order"	9443:"Primates":"order";314146:"Euarchontoglires":"superorder";1437010:"Boreoeutheria":"clade";9347:"Eutheria":"clade";32525:"Theria":"clade";40674:"Mammalia":"class";32524:"Amniota":"clade";32523:"Tetrapoda":"clade";1338369:"Dipnotetrapodomorpha":"clade";8287:"Sarcopterygii":"superclass";117571:"Euteleostomi":"clade";117570:"Teleostomi":"clade";7776:"Gnathostomata":"clade";7742:"Vertebrata":"clade";89593:"Craniata":"subphylum";7711:"Chordata":"phylum";33511:"Deuterostomia":"clade";33213:"Bilateria":"clade";6072:"Eumetazoa":"clade";33208:"Metazoa":"kingdom";33154:"Opisthokonta":"clade";2759:"Eukaryota":"domain";131567:"cellular organisms":"cellular root";1:"root":"no rank"	0.000000	0.000000	0.036946	5.511991	-4.106109	2784.000000	0.000049	0.000205	0.007797	0.508249	0.024218	11616.697222	0.000000	0.036947	0.000000	1.000000	0.000000	0.049147	2.000000	68584.686209	0	10	0.000000	0.036946	0.092064	0	0	0.000000	0.036946	0.000000	0	7	0.000000	0.036946	0.098825	0	0	0.000000	0.036946	0.000000	2	9	0.222222	0.036946	0.093863	0	9	0.000000	0.036946	0.093863	0	8	0.000000	0.036946	0.096066	0	0	0.000000	0.036946	0.000000	0	1	0.000000	0.036946	0.188630	0	4	0.000000	0.036946	0.113988
simadna_01.fq	simadna_01.fq	9479	"Platyrrhini"	"parvorder"	1	1	42.000000	0.000000	0.571429	0.000000	9479:"Platyrrhini":"parvorder"	9479:"Platyrrhini":"parvorder";314293:"Simiiformes":"infraorder";376913:"Haplorrhini":"suborder";9443:"Primates":"order";314146:"Euarchontoglires":"superorder";1437010:"Boreoeutheria":"clade";9347:"Eutheria":"clade";32525:"Theria":"clade";40674:"Mammalia":"class";32524:"Amniota":"clade";32523:"Tetrapoda":"clade";1338369:"Dipnotetrapodomorpha":"clade";8287:"Sarcopterygii":"superclass";117571:"Euteleostomi":"clade";117570:"Teleostomi":"clade";7776:"Gnathostomata":"clade";7742:"Vertebrata":"clade";89593:"Craniata":"subphylum";7711:"Chordata":"phylum";33511:"Deuterostomia":"clade";33213:"Bilateria":"clade";6072:"Eumetazoa":"clade";33208:"Metazoa":"kingdom";33154:"Opisthokonta":"clade";2759:"Eukaryota":"domain";131567:"cellular organisms":"cellular root";1:"root":"no rank"	0.000000	0.495433	0.000000	4.420480	-0.000000	617.000000	0.000100	0.000100	0.235545	0.952346	0.000000	5.227616	0.000000	0.663224	0.801844	1.000000	0.000000	0.000000	2.000000	8.615277	0	0	0.000000	0.000000	0.000000	0	0	0.000000	0.000000	0.000000	0	0	0.000000	0.000000	0.000000	0	0	0.000000	0.000000	0.000000	0	0	0.000000	0.000000	0.000000	0	0	0.000000	0.000000	0.000000	0	0	0.000000	0.000000	0.000000	0	0	0.000000	0.000000	0.000000	0	1	0.000000	0.000000	0.000106	0	0	0.000000	0.000000	0.000000
simadna_01.fq	simadna_01.fq	9480	"Callitrichinae"	"subfamily"	1	1	42.000000	0.000000	0.571429	0.000000	9480:"Callitrichinae":"subfamily"	9480:"Callitrichinae":"subfamily";9498:"Cebidae":"family";9479:"Platyrrhini":"parvorder";314293:"Simiiformes":"infraorder";376913:"Haplorrhini":"suborder";9443:"Primates":"order";314146:"Euarchontoglires":"superorder";1437010:"Boreoeutheria":"clade";9347:"Eutheria":"clade";32525:"Theria":"clade";40674:"Mammalia":"class";32524:"Amniota":"clade";32523:"Tetrapoda":"clade";1338369:"Dipnotetrapodomorpha":"clade";8287:"Sarcopterygii":"superclass";117571:"Euteleostomi":"clade";117570:"Teleostomi":"clade";7776:"Gnathostomata":"clade";7742:"Vertebrata":"clade";89593:"Craniata":"subphylum";7711:"Chordata":"phylum";33511:"Deuterostomia":"clade";33213:"Bilateria":"clade";6072:"Eumetazoa":"clade";33208:"Metazoa":"kingdom";33154:"Opisthokonta":"clade";2759:"Eukaryota":"domain";131567:"cellular organisms":"cellular root";1:"root":"no rank"	0.258059	1.000000	0.000000	7.536069	-0.000000	56.000000	0.437567	0.589760	0.277088	1.000000	0.000000	4.492541	0.000000	0.591336	1.000000	1.000000	0.000000	0.000000	2.000000	8.220432	0	0	0.000000	0.258059	0.000000	0	0	0.000000	0.000000	0.000000	0	0	0.000000	0.000000	0.000000	0	0	0.000000	0.000000	0.000000	0	0	0.000000	0.000000	0.000000	0	0	0.000000	0.258059	0.000000	0	0	0.000000	0.000000	0.000000	0	0	0.000000	0.000000	0.000000	0	1	0.000000	0.000000	0.000100	0	0	0.000000	0.000000	0.000000
simadna_01.fq	simadna_01.fq	9498	"Cebidae"	"family"	1	1	42.000000	0.000000	0.571429	0.000000	9498:"Cebidae":"family"	9498:"Cebidae":"family";9479:"Platyrrhini":"parvorder";314293:"Simiiformes":"infraorder";376913:"Haplorrhini":"suborder";9443:"Primates":"order";314146:"Euarchontoglires":"superorder";1437010:"Boreoeutheria":"clade";9347:"Eutheria":"clade";32525:"Theria":"clade";40674:"Mammalia":"class";32524:"Amniota":"clade";32523:"Tetrapoda":"clade";1338369:"Dipnotetrapodomorpha":"clade";8287:"Sarcopterygii":"superclass";117571:"Euteleostomi":"clade";117570:"Teleostomi":"clade";7776:"Gnathostomata":"clade";7742:"Vertebrata":"clade";89593:"Craniata":"subphylum";7711:"Chordata":"phylum";33511:"Deuterostomia":"clade";33213:"Bilateria":"clade";6072:"Eumetazoa":"clade";33208:"Metazoa":"kingdom";33154:"Opisthokonta":"clade";2759:"Eukaryota":"domain";131567:"cellular organisms":"cellular root";1:"root":"no rank"	0.028333	1.000000	0.000000	7.105296	-0.000000	56.000000	0.165922	0.170760	0.288913	0.969792	0.000000	4.696013	0.000000	0.777271	0.712640	1.000000	0.000000	0.000000	2.000000	9.230556	0	0	0.000000	0.028333	0.000000	0	0	0.000000	0.000000	0.000000	0	0	0.000000	0.000000	0.000000	0	0	0.000000	0.000000	0.000000	0	0	0.000000	0.000000	0.000000	0	0	0.000000	0.028333	0.000000	0	0	0.000000	0.000000	0.000000	0	0	0.000000	0.000000	0.000000	0	1	0.000000	0.000000	0.000100	0	0	0.000000	0.000000	0.000000
simadna_01.fq	simadna_01.fq	9526	"Catarrhini"	"parvorder"	25	8	53.199999	221.935201	0.374713	0.004742	9526:"Catarrhini":"parvorder"	9526:"Catarrhini":"parvorder";314293:"Simiiformes":"infraorder";376913:"Haplorrhini":"suborder";9443:"Primates":"order";314146:"Euarchontoglires":"superorder";1437010:"Boreoeutheria":"clade";9347:"Eutheria":"clade";32525:"Theria":"clade";40674:"Mammalia":"class";32524:"Amniota":"clade";32523:"Tetrapoda":"clade";1338369:"Dipnotetrapodomorpha":"clade";8287:"Sarcopterygii":"superclass";117571:"Euteleostomi":"clade";117570:"Teleostomi":"clade";7776:"Gnathostomata":"clade";7742:"Vertebrata":"clade";89593:"Craniata":"subphylum";7711:"Chordata":"phylum";33511:"Deuterostomia":"clade";33213:"Bilateria":"clade";6072:"Eumetazoa":"clade";33208:"Metazoa":"kingdom";33154:"Opisthokonta":"clade";2759:"Eukaryota":"domain";131567:"cellular organisms":"cellular root";1:"root":"no rank"	0.000000	0.094246	0.038533	5.360444	-4.067653	579.000000	0.000049	0.000203	0.007464	0.482209	0.026166	14812.549013	0.000000	0.038534	0.000000	1.000000	0.000000	0.056165	2.000000	118202.763920	0	10	0.000000	0.038533	0.094589	0	0	0.000000	0.038533	0.000000	0	7	0.000000	0.038533	0.101417	0	0	0.000000	0.038533	0.000000	2	9	0.222222	0.038533	0.096406	0	9	0.000000	0.038533	0.096406	0	8	0.000000	0.038533	0.098629	0	0	0.000000	0.038533	0.000000	0	0	0.000000	0.038533	0.000000	0	4	0.000000	0.038533	0.116751
simadna_01.fq	simadna_01.fq	9604	"Hominidae"	"family"	25	8	53.199999	221.935201	0.374713	0.004742	9604:"Hominidae":"family"	9604:"Hominidae":"family";314295:"Hominoidea":"superfamily";9526:"Catarrhini":"parvorder";314293:"Simiiformes":"infraorder";376913:"Haplorrhini":"suborder";9443:"Primates":"order";314146:"Euarchontoglires":"superorder";1437010:"Boreoeutheria":"clade";9347:"Eutheria":"clade";32525:"Theria":"clade";40674:"Mammalia":"class";32524:"Amniota":"clade";32523:"Tetrapoda":"clade";1338369:"Dipnotetrapodomorpha":"clade";8287:"Sarcopterygii":"superclass";117571:"Euteleostomi":"clade";117570:"Teleostomi":"clade";7776:"Gnathostomata":"clade";7742:"Vertebrata":"clade";89593:"Craniata":"subphylum";7711:"Chordata":"phylum";33511:"Deuterostomia":"clade";33213:"Bilateria":"clade";6072:"Eumetazoa":"clade";33208:"Metazoa":"kingdom";33154:"Opisthokonta":"clade";2759:"Eukaryota":"domain";131567:"cellular organisms":"cellular root";1:"root":"no rank"	0.000000	0.000000	0.038533	5.360378	-4.067653	2495.000000	0.000049	0.000203	0.007101	0.423372	0.026529	9025.951520	0.000000	0.031807	0.000000	1.000000	0.000000	0.056165	2.000000	68768.136044	0	10	0.000000	0.038533	0.094589	0	0	0.000000	0.038533	0.000000	0	7	0.000000	0.038533	0.101416	0	0	0.000000	0.038533	0.000000	2	9	0.222222	0.038533	0.096406	0	9	0.000000	0.038533	0.096406	0	8	0.000000	0.038533	0.098629	0	0	0.000000	0.038533	0.000000	0	0	0.000000	0.038533	0.000000	0	4	0.000000	0.038533	0.116750
simadna_01.fq	simadna_01.fq	9605	"Homo"	"genus"	20	2	45.500000	110.250000	0.398214	0.003473	9605:"Homo":"genus"	9605:"Homo":"genus";207598:"Homininae":"subfamily";9604:"Hominidae":"family";314295:"Hominoidea":"superfamily";9526:"Catarrhini":"parvorder";314293:"Simiiformes":"infraorder";376913:"Haplorrhini":"suborder";9443:"Primates":"order";314146:"Euarchontoglires":"superorder";1437010:"Boreoeutheria":"clade";9347:"Eutheria":"clade";32525:"Theria":"clade";40674:"Mammalia":"class";32524:"Amniota":"clade";32523:"Tetrapoda":"clade";1338369:"Dipnotetrapodomorpha":"clade";8287:"Sarcopterygii":"superclass";117571:"Euteleostomi":"clade";117570:"Teleostomi":"clade";7776:"Gnathostomata":"clade";7742:"Vertebrata":"clade";89593:"Craniata":"subphylum";7711:"Chordata":"phylum";33511:"Deuterostomia":"clade";33213:"Bilateria":"clade";6072:"Eumetazoa":"clade";33208:"Metazoa":"kingdom";33154:"Opisthokonta":"clade";2759:"Eukaryota":"domain";131567:"cellular organisms":"cellular root";1:"root":"no rank"	0.014890	0.000000	0.012141	17790.187345	-2.987909	5718.000000	0.042828	0.347667	0.006860	0.593627	0.017838	9107.882412	0.000000	0.029433	0.000000	1.000000	0.000000	0.058123	2.000000	36478.161836	0	8	0.000000	0.027031	0.057349	0	0	0.000000	0.027031	0.000000	0	4	0.000000	0.027031	0.081094	0	0	0.000000	0.027031	0.000000	1	5	0.200000	0.027031	0.072535	0	8	0.000000	0.027031	0.057349	0	8	0.000000	0.027031	0.057349	0	0	0.000000	0.027031	0.000000	0	0	0.000000	0.027031	0.000000	0	4	0.000000	0.027031	0.081094
simadna_01.fq	simadna_01.fq	9676	"Hyaenidae"	"family"	172	158	49.746834	159.661835	0.431995	0.006371	9676:"Hyaenidae":"family"	9676:"Hyaenidae":"family";379583:"Feliformia":"suborder";33554:"Carnivora":"order";314145:"Laurasiatheria":"superorder";1437010:"Boreoeutheria":"clade";9347:"Eutheria":"clade";32525:"Theria":"clade";40674:"Mammalia":"class";32524:"Amniota":"clade";32523:"Tetrapoda":"clade";1338369:"Dipnotetrapodomorpha":"clade";8287:"Sarcopterygii":"superclass";117571:"Euteleostomi":"clade";117570:"Teleostomi":"clade";7776:"Gnathostomata":"clade";7742:"Vertebrata":"clade";89593:"Craniata":"subphylum";7711:"Chordata":"phylum";33511:"Deuterostomia":"clade";33213:"Bilateria":"clade";6072:"Eumetazoa":"clade";33208:"Metazoa":"kingdom";33154:"Opisthokonta":"clade";2759:"Eukaryota":"domain";131567:"cellular organisms":"cellular root";1:"root":"no rank"	0.006770	0.000000	0.001383	109041.244592	-6.568989	3061.000000	0.014277	0.474208	0.000957	0.322288	0.007927	54355.032792	0.000000	0.005992	0.000000	1.000000	0.000000	0.016211	10.643378	178907.519536	0	33	0.000000	0.008154	0.015657	0	42	0.000000	0.008154	0.013879	0	38	0.000000	0.008154	0.014591	0	28	0.000000	0.008154	0.016997	1	38	0.026316	0.008154	0.014591	0	41	0.000000	0.008154	0.014047	1	41	0.024390	0.008154	0.014047	1	33	0.030303	0.008154	0.015657	0	34	0.000000	0.008154	0.015425	0	40	0.000000	0.008154	0.014221
simadna_01.fq	simadna_01.fq	9677	"Crocuta"	"genus"	156	145	49.731033	164.243408	0.436527	0.006681	9677:"Crocuta":"genus"	9677:"Crocuta":"genus";9676:"Hyaenidae":"family";379583:"Feliformia":"suborder";33554:"Carnivora":"order";314145:"Laurasiatheria":"superorder";1437010:"Boreoeutheria":"clade";9347:"Eutheria":"clade";32525:"Theria":"clade";40674:"Mammalia":"class";32524:"Amniota":"clade";32523:"Tetrapoda":"clade";1338369:"Dipnotetrapodomorpha":"clade";8287:"Sarcopterygii":"superclass";117571:"Euteleostomi":"clade";117570:"Teleostomi":"clade";7776:"Gnathostomata":"clade";7742:"Vertebrata":"clade";89593:"Craniata":"subphylum";7711:"Chordata":"phylum";33511:"Deuterostomia":"clade";33213:"Bilateria":"clade";6072:"Eumetazoa":"clade";33208:"Metazoa":"kingdom";33154:"Opisthokonta":"clade";2759:"Eukaryota":"domain";131567:"cellular organisms":"cellular root";1:"root":"no rank"	0.005467	0.000000	0.000366	71646.827344	-5.203761	3616.000000	0.014463	0.377969	0.001160	0.157818	0.006359	37705.189403	0.000000	0.005648	0.000000	1.000000	0.000000	0.011445	4.101337	142275.421617	0	26	0.000000	0.005832	0.014936	0	39	0.000000	0.005832	0.012196	0	33	0.000000	0.005832	0.013258	0	26	0.000000	0.005832	0.014936	1	36	0.027778	0.005832	0.012694	0	40	0.000000	0.005832	0.012043	0	38	0.000000	0.005832	0.012356	1	33	0.030303	0.005832	0.013258	0	33	0.000000	0.005832	0.013258	0	39	0.000000	0.005832	0.012196
simadna_01.fq	simadna_01.fq	9678	"Crocuta crocuta"	"species"	156	145	49.731033	164.243408	0.436527	0.006681	9678:"Crocuta crocuta":"species"	9678:"Crocuta crocuta":"species";9677:"Crocuta":"genus";9676:"Hyaenidae":"family";379583:"Feliformia":"suborder";33554:"Carnivora":"order";314145:"Laurasiatheria":"superorder";1437010:"Boreoeutheria":"clade";9347:"Eutheria":"clade";32525:"Theria":"clade";40674:"Mammalia":"class";32524:"Amniota":"clade";32523:"Tetrapoda":"clade";1338369:"Dipnotetrapodomorpha":"clade";8287:"Sarcopterygii":"superclass";117571:"Euteleostomi":"clade";117570:"Teleostomi":"clade";7776:"Gnathostomata":"clade";7742:"Vertebrata":"clade";89593:"Craniata":"subphylum";7711:"Chordata":"phylum";33511:"Deuterostomia":"clade";33213:"Bilateria":"clade";6072:"Eumetazoa":"clade";33208:"Metazoa":"kingdom";33154:"Opisthokonta":"clade";2759:"Eukaryota":"domain";131567:"cellular organisms":"cellular root";1:"root":"no rank"	0.004883	0.000000	0.000949	51886.916385	-5.203938	1548.000000	0.013675	0.357117	0.002267	0.100098	0.005252	26608.762001	0.000000	0.007751	0.000000	1.000000	0.000000	0.011445	4.101396	106564.440818	0	26	0.000000	0.005832	0.014937	0	39	0.000000	0.005832	0.012197	0	33	0.000000	0.005832	0.013259	0	26	0.000000	0.005832	0.014937	1	36	0.027778	0.005832	0.012695	0	40	0.000000	0.005832	0.012044	0	38	0.000000	0.005832	0.012357	1	33	0.030303	0.005832	0.013259	0	33	0.000000	0.005832	0.013259	0	39	0.000000	0.005832	0.012197
simadna_01.fq	simadna_01.fq	9779	"Proboscidea"	"order"	71	20	47.617648	127.635270	0.405196	0.006175	9779:"Proboscidea":"order"	9779:"Proboscidea":"order";311790:"Afrotheria":"superorder";9347:"Eutheria":"clade";32525:"Theria":"clade";40674:"Mammalia":"class";32524:"Amniota":"clade";32523:"Tetrapoda":"clade";1338369:"Dipnotetrapodomorpha":"clade";8287:"Sarcopterygii":"superclass";117571:"Euteleostomi":"clade";117570:"Teleostomi":"clade";7776:"Gnathostomata":"clade";7742:"Vertebrata":"clade";89593:"Craniata":"subphylum";7711:"Chordata":"phylum";33511:"Deuterostomia":"clade";33213:"Bilateria":"clade";6072:"Eumetazoa":"clade";33208:"Metazoa":"kingdom";33154:"Opisthokonta":"clade";2759:"Eukaryota":"domain";131567:"cellular organisms":"cellular root";1:"root":"no rank"	0.000000	0.000830	0.005814	111105.223080	-3.505553	7030.000000	0.000026	0.000387	0.000649	0.398597	0.007221	17745.538287	0.000000	0.003617	0.000000	1.000000	0.000000	0.019128	2.000000	64919.884119	0	15	0.000000	0.005814	0.019632	0	14	0.000000	0.005814	0.020321	0	23	0.000000	0.005814	0.015855	0	39	0.000000	0.005814	0.012177	0	13	0.000000	0.005814	0.021088	0	14	0.000000	0.005814	0.020321	0	12	0.000000	0.005814	0.021949	0	13	0.000000	0.005814	0.021088	1	14	0.071429	0.005814	0.020321	0	15	0.000000	0.005814	0.019632
simadna_01.fq	simadna_01.fq	9780	"Elephantidae"	"family"	71	20	47.300001	123.231856	0.405165	0.006078	9780:"Elephantidae":"family"	9780:"Elephantidae":"family";9779:"Proboscidea":"order";311790:"Afrotheria":"superorder";9347:"Eutheria":"clade";32525:"Theria":"clade";40674:"Mammalia":"class";32524:"Amniota":"clade";32523:"Tetrapoda":"clade";1338369:"Dipnotetrapodomorpha":"clade";8287:"Sarcopterygii":"superclass";117571:"Euteleostomi":"clade";117570:"Teleostomi":"clade";7776:"Gnathostomata":"clade";7742:"Vertebrata":"clade";89593:"Craniata":"subphylum";7711:"Chordata":"phylum";33511:"Deuterostomia":"clade";33213:"Bilateria":"clade";6072:"Eumetazoa":"clade";33208:"Metazoa":"kingdom";33154:"Opisthokonta":"clade";2759:"Eukaryota":"domain";131567:"cellular organisms":"cellular root";1:"root":"no rank"	0.000000	1.000000	0.005814	148418.115808	-3.505546	7178.000000	0.000026	0.000387	0.001096	0.351440	0.006773	18445.227208	0.000000	0.005785	0.000000	1.000000	0.000000	0.019128	2.000000	60972.350051	0	15	0.000000	0.005814	0.019632	0	14	0.000000	0.005814	0.020321	0	23	0.000000	0.005814	0.015855	0	39	0.000000	0.005814	0.012176	0	13	0.000000	0.005814	0.021088	0	14	0.000000	0.005814	0.020321	0	12	0.000000	0.005814	0.021949	0	13	0.000000	0.005814	0.021088	1	14	0.071429	0.005814	0.020321	0	15	0.000000	0.005814	0.019632
simadna_01.fq	simadna_01.fq	9821	"Suidae"	"family"	319	54	48.964205	222.969367	0.395173	0.005892	9821:"Suidae":"family"	9821:"Suidae":"family";35497:"Suina":"suborder";91561:"Artiodactyla":"order";314145:"Laurasiatheria":"superorder";1437010:"Boreoeutheria":"clade";9347:"Eutheria":"clade";32525:"Theria":"clade";40674:"Mammalia":"class";32524:"Amniota":"clade";32523:"Tetrapoda":"clade";1338369:"Dipnotetrapodomorpha":"clade";8287:"Sarcopterygii":"superclass";117571:"Euteleostomi":"clade";117570:"Teleostomi":"clade";7776:"Gnathostomata":"clade";7742:"Vertebrata":"clade";89593:"Craniata":"subphylum";7711:"Chordata":"phylum";33511:"Deuterostomia":"clade";33213:"Bilateria":"clade";6072:"Eumetazoa":"clade";33208:"Metazoa":"kingdom";33154:"Opisthokonta":"clade";2759:"Eukaryota":"domain";131567:"cellular organisms":"cellular root";1:"root":"no rank"	0.001444	1.000000	0.005969	45313.619533	-8.735292	2173.000000	0.004826	0.299240	0.005851	0.750000	0.005222	34535.382322	0.000000	0.017492	0.000000	1.000000	0.000501	0.011061	27.433875	146695.342083	0	62	0.000000	0.007413	0.010901	0	102	0.000000	0.005969	0.007635	0	61	0.000000	0.005969	0.009869	0	61	0.000000	0.005969	0.009869	1	47	0.021277	0.005969	0.011241	1	73	0.013699	0.007413	0.010048	0	70	0.000000	0.005969	0.009213	1	46	0.021739	0.005969	0.011363	1	35	0.028571	0.005969	0.013025	0	81	0.000000	0.005969	0.008566
simadna_01.fq	simadna_01.fq	9822	"Sus"	"genus"	313	50	48.788462	220.387121	0.394224	0.005905	9822:"Sus":"genus"	9822:"Sus":"genus";9821:"Suidae":"family";35497:"Suina":"suborder";91561:"Artiodactyla":"order";314145:"Laurasiatheria":"superorder";1437010:"Boreoeutheria":"clade";9347:"Eutheria":"clade";32525:"Theria":"clade";40674:"Mammalia":"class";32524:"Amniota":"clade";32523:"Tetrapoda":"clade";1338369:"Dipnotetrapodomorpha":"clade";8287:"Sarcopterygii":"superclass";117571:"Euteleostomi":"clade";117570:"Teleostomi":"clade";7776:"Gnathostomata":"clade";7742:"Vertebrata":"clade";89593:"Craniata":"subphylum";7711:"Chordata":"phylum";33511:"Deuterostomia":"clade";33213:"Bilateria":"clade";6072:"Eumetazoa":"clade";33208:"Metazoa":"kingdom";33154:"Opisthokonta":"clade";2759:"Eukaryota":"domain";131567:"cellular organisms":"cellular root";1:"root":"no rank"	0.001427	1.000000	0.006038	91293.494353	-8.704844	5705.000000	0.004796	0.297553	0.006468	0.718329	0.005417	18602.691824	0.000000	0.014912	0.000000	1.000000	0.000000	0.010031	27.403817	73289.608274	0	62	0.000000	0.007465	0.010936	0	98	0.000000	0.006038	0.007830	0	61	0.000000	0.006038	0.009923	0	60	0.000000	0.006038	0.010005	1	47	0.021277	0.006038	0.011303	1	72	0.013889	0.007465	0.010148	0	69	0.000000	0.006038	0.009330	1	46	0.021739	0.006038	0.011425	1	35	0.028571	0.006038	0.013098	0	81	0.000000	0.006038	0.008612
simadna_01.fq	simadna_01.fq	9823	"Sus scrofa"	"species"	152	3	51.333333	64.000000	0.374228	0.003577	9823:"Sus scrofa":"species"	9823:"Sus scrofa":"species";9822:"Sus":"genus";9821:"Suidae":"family";35497:"Suina":"suborder";91561:"Artiodactyla":"order";314145:"Laurasiatheria":"superorder";1437010:"Boreoeutheria":"clade";9347:"Eutheria":"clade";32525:"Theria":"clade";40674:"Mammalia":"class";32524:"Amniota":"clade";32523:"Tetrapoda":"clade";1338369:"Dipnotetrapodomorpha":"clade";8287:"Sarcopterygii":"superclass";117571:"Euteleostomi":"clade";117570:"Teleostomi":"clade";7776:"Gnathostomata":"clade";7742:"Vertebrata":"clade";89593:"Craniata":"subphylum";7711:"Chordata":"phylum";33511:"Deuterostomia":"clade";33213:"Bilateria":"clade";6072:"Eumetazoa":"clade";33208:"Metazoa":"kingdom";33154:"Opisthokonta":"clade";2759:"Eukaryota":"domain";131567:"cellular organisms":"cellular root";1:"root":"no rank"	0.000000	1.000000	0.000000	2.000000	-0.000001	51.000000	0.000060	0.000167	0.000000	1.000000	0.000000	2.000000	0.000000	0.000000	1.000000	1.000000	0.000000	0.000000	2.000000	2.000000	0	28	0.000000	0.000000	0.000085	0	46	0.000000	0.000000	0.000059	0	31	0.000000	0.000000	0.000060	0	28	0.000000	0.000000	0.000060	0	22	0.000000	0.000000	0.000060	0	31	0.000000	0.000000	0.000084	0	30	0.000000	0.000000	0.000060	0	22	0.000000	0.000000	0.000060	0	16	0.000000	0.000000	0.000061	0	44	0.000000	0.000000	0.000059
simadna_01.fq	simadna_01.fq	9845	"Ruminantia"	"suborder"	621	95	49.164453	118.813123	0.383487	0.004186	9845:"Ruminantia":"suborder"	9845:"Ruminantia":"suborder";91561:"Artiodactyla":"order";314145:"Laurasiatheria":"superorder";1437010:"Boreoeutheria":"clade";9347:"Eutheria":"clade";32525:"Theria":"clade";40674:"Mammalia":"class";32524:"Amniota":"clade";32523:"Tetrapoda":"clade";1338369:"Dipnotetrapodomorpha":"clade";8287:"Sarcopterygii":"superclass";117571:"Euteleostomi":"clade";117570:"Teleostomi":"clade";7776:"Gnathostomata":"clade";7742:"Vertebrata":"clade";89593:"Craniata":"subphylum";7711:"Chordata":"phylum";33511:"Deuterostomia":"clade";33213:"Bilateria":"clade";6072:"Eumetazoa":"clade";33208:"Metazoa":"kingdom";33154:"Opisthokonta":"clade";2759:"Eukaryota":"domain";131567:"cellular organisms":"cellular root";1:"root":"no rank"	0.048414	0.144563	0.000000	29.214726	-25.363917	1948.000000	0.043887	1.103149	0.042434	0.441648	0.012702	22.911057	0.011971	0.068226	0.041510	1.000000	0.000000	0.038764	11.890640	34.342914	13	111	0.117117	0.048414	0.043887	0	124	0.000000	0.041415	0.040292	5	160	0.031250	0.035428	0.036572	7	108	0.064815	0.030306	0.035153	0	134	0.000000	0.025925	0.031906	1	116	0.008621	0.048414	0.043689	8	130	0.061538	0.041415	0.040115	4	110	0.036364	0.035428	0.037834	1	125	0.008000	0.030306	0.034640	3	74	0.040541	0.025925	0.034143
simadna_01.fq	simadna_01.fq	9895	"Bovidae"	"family"	621	95	50.108591	130.933268	0.378017	0.004569	9895:"Bovidae":"family"	9895:"Bovidae":"family";35500:"Pecora":"infraorder";9845:"Ruminantia":"suborder";91561:"Artiodactyla":"order";314145:"Laurasiatheria":"superorder";1437010:"Boreoeutheria":"clade";9347:"Eutheria":"clade";32525:"Theria":"clade";40674:"Mammalia":"class";32524:"Amniota":"clade";32523:"Tetrapoda":"clade";1338369:"Dipnotetrapodomorpha":"clade";8287:"Sarcopterygii":"superclass";117571:"Euteleostomi":"clade";117570:"Teleostomi":"clade";7776:"Gnathostomata":"clade";7742:"Vertebrata":"clade";89593:"Craniata":"subphylum";7711:"Chordata":"phylum";33511:"Deuterostomia":"clade";33213:"Bilateria":"clade";6072:"Eumetazoa":"clade";33208:"Metazoa":"kingdom";33154:"Opisthokonta":"clade";2759:"Eukaryota":"domain";131567:"cellular organisms":"cellular root";1:"root":"no rank"	0.048414	0.144563	0.000000	29.214731	-25.363917	2625.000000	0.043887	1.103149	0.042887	0.441648	0.012249	22.911047	0.011971	0.068226	0.041510	1.000000	0.000000	0.038764	11.890654	34.342938	13	111	0.117117	0.048414	0.043887	0	124	0.000000	0.041415	0.040292	5	160	0.031250	0.035428	0.036572	7	108	0.064815	0.030306	0.035153	0	134	0.000000	0.025925	0.031906	1	116	0.008621	0.048414	0.043689	8	130	0.061538	0.041415	0.040115	4	110	0.036364	0.035428	0.037834	1	125	0.008000	0.030306	0.034640	3	74	0.040541	0.025925	0.034143
simadna_01.fq	simadna_01.fq	9903	"Bos"	"genus"	442	41	51.097561	156.449738	0.394210	0.004237	9903:"Bos":"genus"	9903:"Bos":"genus";27592:"Bovinae":"subfamily";9895:"Bovidae":"family";35500:"Pecora":"infraorder";9845:"Ruminantia":"suborder";91561:"Artiodactyla":"order";314145:"Laurasiatheria":"superorder";1437010:"Boreoeutheria":"clade";9347:"Eutheria":"clade";32525:"Theria":"clade";40674:"Mammalia":"class";32524:"Amniota":"clade";32523:"Tetrapoda":"clade";1338369:"Dipnotetrapodomorpha":"clade";8287:"Sarcopterygii":"superclass";117571:"Euteleostomi":"clade";117570:"Teleostomi":"clade";7776:"Gnathostomata":"clade";7742:"Vertebrata":"clade";89593:"Craniata":"subphylum";7711:"Chordata":"phylum";33511:"Deuterostomia":"clade";33213:"Bilateria":"clade";6072:"Eumetazoa":"clade";33208:"Metazoa":"kingdom";33154:"Opisthokonta":"clade";2759:"Eukaryota":"domain";131567:"cellular organisms":"cellular root";1:"root":"no rank"	0.025850	0.170765	0.000000	63.684355	-16.765517	3172.000000	0.026749	0.966381	0.021128	0.352399	0.009040	44.012208	0.000000	0.035502	0.000000	0.846862	0.000000	0.024799	12.102311	100.178922	2	76	0.026316	0.025850	0.026749	0	77	0.000000	0.021436	0.024341	3	109	0.027523	0.017775	0.020679	4	81	0.049383	0.014740	0.020026	0	104	0.000000	0.012223	0.017348	1	88	0.011364	0.025850	0.025904	4	71	0.056338	0.021436	0.024802	0	88	0.000000	0.017775	0.021570	0	95	0.000000	0.014740	0.019365	1	54	0.018519	0.012223	0.020169
simadna_01.fq	simadna_01.fq	27592	"Bovinae"	"subfamily"	565	84	50.345238	133.913101	0.376646	0.004663	27592:"Bovinae":"subfamily"	27592:"Bovinae":"subfamily";9895:"Bovidae":"family";35500:"Pecora":"infraorder";9845:"Ruminantia":"suborder";91561:"Artiodactyla":"order";314145:"Laurasiatheria":"superorder";1437010:"Boreoeutheria":"clade";9347:"Eutheria":"clade";32525:"Theria":"clade";40674:"Mammalia":"class";32524:"Amniota":"clade";32523:"Tetrapoda":"clade";1338369:"Dipnotetrapodomorpha":"clade";8287:"Sarcopterygii":"superclass";117571:"Euteleostomi":"clade";117570:"Teleostomi":"clade";7776:"Gnathostomata":"clade";7742:"Vertebrata":"clade";89593:"Craniata":"subphylum";7711:"Chordata":"phylum";33511:"Deuterostomia":"clade";33213:"Bilateria":"clade";6072:"Eumetazoa":"clade";33208:"Metazoa":"kingdom";33154:"Opisthokonta":"clade";2759:"Eukaryota":"domain";131567:"cellular organisms":"cellular root";1:"root":"no rank"	0.048416	0.136248	0.000000	31.476380	-24.544889	2072.000000	0.042988	1.126256	0.044146	0.327644	0.009764	21.664485	0.017634	0.071203	0.002190	1.000000	0.000000	0.036926	12.931327	36.131457	10	104	0.096154	0.048416	0.042988	0	95	0.000000	0.041819	0.040529	5	138	0.036232	0.036121	0.036285	7	100	0.070000	0.031200	0.034981	0	125	0.000000	0.026949	0.031792	1	113	0.008850	0.048416	0.042588	8	95	0.084211	0.041819	0.040529	3	106	0.028302	0.036121	0.037288	1	123	0.008130	0.031200	0.034189	3	69	0.043478	0.026949	0.034290
simadna_01.fq	simadna_01.fq	30587	"Leontopithecus"	"genus"	1	1	42.000000	0.000000	0.571429	0.000000	30587:"Leontopithecus":"genus"	30587:"Leontopithecus":"genus";9480:"Callitrichinae":"subfamily";9498:"Cebidae":"family";9479:"Platyrrhini":"parvorder";314293:"Simiiformes":"infraorder";376913:"Haplorrhini":"suborder";9443:"Primates":"order";314146:"Euarchontoglires":"superorder";1437010:"Boreoeutheria":"clade";9347:"Eutheria":"clade";32525:"Theria":"clade";40674:"Mammalia":"class";32524:"Amniota":"clade";32523:"Tetrapoda":"clade";1338369:"Dipnotetrapodomorpha":"clade";8287:"Sarcopterygii":"superclass";117571:"Euteleostomi":"clade";117570:"Teleostomi":"clade";7776:"Gnathostomata":"clade";7742:"Vertebrata":"clade";89593:"Craniata":"subphylum";7711:"Chordata":"phylum";33511:"Deuterostomia":"clade";33213:"Bilateria":"clade";6072:"Eumetazoa":"clade";33208:"Metazoa":"kingdom";33154:"Opisthokonta":"clade";2759:"Eukaryota":"domain";131567:"cellular organisms":"cellular root";1:"root":"no rank"	0.056799	1.000000	0.000000	2.273876	-0.000000	248.000000	0.231459	0.245397	0.299128	0.962898	0.000000	5.188233	0.000000	0.702462	0.865117	1.000000	0.000000	0.000000	2.000000	9.307741	0	0	0.000000	0.056799	0.000000	0	0	0.000000	0.000000	0.000000	0	0	0.000000	0.000000	0.000000	0	0	0.000000	0.000000	0.000000	0	0	0.000000	0.000000	0.000000	0	0	0.000000	0.056799	0.000000	0	0	0.000000	0.000000	0.000000	0	0	0.000000	0.000000	0.000000	0	1	0.000000	0.000000	0.000100	0	0	0.000000	0.000000	0.000000
simadna_01.fq	simadna_01.fq	30588	"Leontopithecus rosalia"	"species"	1	1	42.000000	0.000000	0.571429	0.000000	30588:"Leontopithecus rosalia":"species"	30588:"Leontopithecus rosalia":"species";30587:"Leontopithecus":"genus";9480:"Callitrichinae":"subfamily";9498:"Cebidae":"family";9479:"Platyrrhini":"parvorder";314293:"Simiiformes":"infraorder";376913:"Haplorrhini":"suborder";9443:"Primates":"order";314146:"Euarchontoglires":"superorder";1437010:"Boreoeutheria":"clade";9347:"Eutheria":"clade";32525:"Theria":"clade";40674:"Mammalia":"class";32524:"Amniota":"clade";32523:"Tetrapoda":"clade";1338369:"Dipnotetrapodomorpha":"clade";8287:"Sarcopterygii":"superclass";117571:"Euteleostomi":"clade";117570:"Teleostomi":"clade";7776:"Gnathostomata":"clade";7742:"Vertebrata":"clade";89593:"Craniata":"subphylum";7711:"Chordata":"phylum";33511:"Deuterostomia":"clade";33213:"Bilateria":"clade";6072:"Eumetazoa":"clade";33208:"Metazoa":"kingdom";33154:"Opisthokonta":"clade";2759:"Eukaryota":"domain";131567:"cellular organisms":"cellular root";1:"root":"no rank"	0.000000	1.000000	0.000000	9.979179	-0.000000	608.000000	0.000100	0.000100	0.340875	1.000000	0.000000	4.801564	0.000000	0.737142	1.000000	1.000000	0.000000	0.000000	2.000000	7.940142	0	0	0.000000	0.000000	0.000000	0	0	0.000000	0.000000	0.000000	0	0	0.000000	0.000000	0.000000	0	0	0.000000	0.000000	0.000000	0	0	0.000000	0.000000	0.000000	0	0	0.000000	0.000000	0.000000	0	0	0.000000	0.000000	0.000000	0	0	0.000000	0.000000	0.000000	0	1	0.000000	0.000000	0.000100	0	0	0.000000	0.000000	0.000000
simadna_01.fq	simadna_01.fq	32523	"Tetrapoda"	"clade"	1209	336	49.906893	163.985364	0.408819	0.005230	32523:"Tetrapoda":"clade"	32523:"Tetrapoda":"clade";1338369:"Dipnotetrapodomorpha":"clade";8287:"Sarcopterygii":"superclass";117571:"Euteleostomi":"clade";117570:"Teleostomi":"clade";7776:"Gnathostomata":"clade";7742:"Vertebrata":"clade";89593:"Craniata":"subphylum";7711:"Chordata":"phylum";33511:"Deuterostomia":"clade";33213:"Bilateria":"clade";6072:"Eumetazoa":"clade";33208:"Metazoa":"kingdom";33154:"Opisthokonta":"clade";2759:"Eukaryota":"domain";131567:"cellular organisms":"cellular root";1:"root":"no rank"	0.008193	1.000000	0.020208	134.493980	-26.246004	5566.000000	0.009741	0.841074	0.010148	0.657746	0.018209	114.722025	0.000000	0.029021	0.000000	1.000000	0.000000	0.024990	45.501569	380.611603	13	231	0.056277	0.028401	0.017951	0	282	0.000000	0.020208	0.014691	5	289	0.017301	0.020208	0.014633	7	236	0.029661	0.020208	0.015146	4	241	0.016598	0.020208	0.015089	2	253	0.007905	0.028401	0.017661	9	261	0.034483	0.020208	0.014880	6	202	0.029703	0.020208	0.015602	3	209	0.014354	0.020208	0.015497	3	214	0.014019	0.020208	0.015426
simadna_01.fq	simadna_01.fq	32524	"Amniota"	"clade"	1209	336	49.873423	163.972012	0.407659	0.005197	32524:"Amniota":"clade"	32524:"Amniota":"clade";32523:"Tetrapoda":"clade";1338369:"Dipnotetrapodomorpha":"clade";8287:"Sarcopterygii":"superclass";117571:"Euteleostomi":"clade";117570:"Teleostomi":"clade";7776:"Gnathostomata":"clade";7742:"Vertebrata":"clade";89593:"Craniata":"subphylum";7711:"Chordata":"phylum";33511:"Deuterostomia":"clade";33213:"Bilateria":"clade";6072:"Eumetazoa":"clade";33208:"Metazoa":"kingdom";33154:"Opisthokonta":"clade";2759:"Eukaryota":"domain";131567:"cellular organisms":"cellular root";1:"root":"no rank"	0.008193	1.000000	0.020208	134.494154	-26.246004	2787.000000	0.009741	0.841074	0.010092	0.657746	0.018266	114.721763	0.000000	0.029021	0.000000	1.000000	0.000000	0.024990	45.501060	380.617451	13	231	0.056277	0.028401	0.017951	0	282	0.000000	0.020208	0.014691	5	289	0.017301	0.020208	0.014633	7	236	0.029661	0.020208	0.015146	4	241	0.016598	0.020208	0.015089	2	253	0.007905	0.028401	0.017661	9	261	0.034483	0.020208	0.014880	6	202	0.029703	0.020208	0.015602	3	209	0.014354	0.020208	0.015497	3	214	0.014019	0.020208	0.015426
simadna_01.fq	simadna_01.fq	32525	"Theria"	"clade"	1209	336	49.797139	162.905046	0.406145	0.005148	32525:"Theria":"clade"	32525:"Theria":"clade";40674:"Mammalia":"class";32524:"Amniota":"clade";32523:"Tetrapoda":"clade";1338369:"Dipnotetrapodomorpha":"clade";8287:"Sarcopterygii":"superclass";117571:"Euteleostomi":"clade";117570:"Teleostomi":"clade";7776:"Gnathostomata":"clade";7742:"Vertebrata":"clade";89593:"Craniata":"subphylum";7711:"Chordata":"phylum";33511:"Deuterostomia":"clade";33213:"Bilateria":"clade";6072:"Eumetazoa":"clade";33208:"Metazoa":"kingdom";33154:"Opisthokonta":"clade";2759:"Eukaryota":"domain";131567:"cellular organisms":"cellular root";1:"root":"no rank"	0.008193	1.000000	0.020208	134.494144	-26.246004	6751.000000	0.009741	0.841075	0.010075	0.657746	0.018282	114.721519	0.000000	0.029021	0.000000	1.000000	0.000000	0.024990	45.501595	380.612439	13	231	0.056277	0.028401	0.017951	0	282	0.000000	0.020208	0.014691	5	289	0.017301	0.020208	0.014633	7	236	0.029661	0.020208	0.015146	4	241	0.016598	0.020208	0.015089	2	253	0.007905	0.028401	0.017661	9	261	0.034483	0.020208	0.014880	6	202	0.029703	0.020208	0.015602	3	209	0.014354	0.020208	0.015497	3	214	0.014019	0.020208	0.015426
simadna_01.fq	simadna_01.fq	33154	"Opisthokonta"	"clade"	1209	336	50.608011	164.481383	0.405041	0.005015	33154:"Opisthokonta":"clade"	33154:"Opisthokonta":"clade";2759:"Eukaryota":"domain";131567:"cellular organisms":"cellular root";1:"root":"no rank"	0.008193	1.000000	0.020208	134.494091	-26.246004	4227.000000	0.009741	0.841073	0.010217	0.657746	0.018140	114.721393	0.000000	0.029021	0.000000	1.000000	0.000000	0.024651	45.501522	380.604790	13	231	0.056277	0.028401	0.017951	0	282	0.000000	0.020208	0.014691	5	289	0.017301	0.020208	0.014633	7	236	0.029661	0.020208	0.015146	4	241	0.016598	0.020208	0.015089	2	253	0.007905	0.028401	0.017661	9	261	0.034483	0.020208	0.014880	6	202	0.029703	0.020208	0.015602	3	209	0.014354	0.020208	0.015497	3	214	0.014019	0.020208	0.015426
simadna_01.fq	simadna_01.fq	33208	"Metazoa"	"kingdom"	1209	336	50.481163	162.446986	0.406858	0.005060	33208:"Metazoa":"kingdom"	33208:"Metazoa":"kingdom";33154:"Opisthokonta":"clade";2759:"Eukaryota":"domain";131567:"cellular organisms":"cellular root";1:"root":"no rank"	0.008193	1.000000	0.020208	134.493972	-26.246004	3670.000000	0.009741	0.841074	0.010120	0.657746	0.018237	114.722118	0.000000	0.029021	0.000000	1.000000	0.000000	0.024990	45.501639	380.617261	13	231	0.056277	0.028401	0.017951	0	282	0.000000	0.020208	0.014691	5	289	0.017301	0.020208	0.014633	7	236	0.029661	0.020208	0.015146	4	241	0.016598	0.020208	0.015089	2	253	0.007905	0.028401	0.017661	9	261	0.034483	0.020208	0.014880	6	202	0.029703	0.020208	0.015602	3	209	0.014354	0.020208	0.015497	3	214	0.014019	0.020208	0.015426
simadna_01.fq	simadna_01.fq	33213	"Bilateria"	"clade"	1209	336	50.261532	159.417215	0.410144	0.005155	33213:"Bilateria":"clade"	33213:"Bilateria":"clade";6072:"Eumetazoa":"clade";33208:"Metazoa":"kingdom";33154:"Opisthokonta":"clade";2759:"Eukaryota":"domain";131567:"cellular organisms":"cellular root";1:"root":"no rank"	0.008193	1.000000	0.020208	134.494143	-26.246004	1295.000000	0.009741	0.841074	0.010069	0.607746	0.018206	114.677687	0.000000	0.029021	0.000000	1.000000	0.000000	0.024651	45.501502	380.616656	13	231	0.056277	0.028401	0.017951	0	282	0.000000	0.020208	0.014691	5	289	0.017301	0.020208	0.014633	7	236	0.029661	0.020208	0.015146	4	241	0.016598	0.020208	0.015089	2	253	0.007905	0.028401	0.017661	9	261	0.034483	0.020208	0.014880	6	202	0.029703	0.020208	0.015602	3	209	0.014354	0.020208	0.015497	3	214	0.014019	0.020208	0.015426
simadna_01.fq	simadna_01.fq	33511	"Deuterostomia"	"clade"	1209	336	50.173727	158.528789	0.411499	0.005201	33511:"Deuterostomia":"clade"	33511:"Deuterostomia":"clade";33213:"Bilateria":"clade";6072:"Eumetazoa":"clade";33208:"Metazoa":"kingdom";33154:"Opisthokonta":"clade";2759:"Eukaryota":"domain";131567:"cellular organisms":"cellular root";1:"root":"no rank"	0.008193	1.000000	0.020208	134.494102	-26.246004	974.000000	0.009741	0.841074	0.010980	0.657746	0.017377	114.721467	0.000000	0.029021	0.000000	1.000000	0.000000	0.024990	45.500845	380.608711	13	231	0.056277	0.028401	0.017951	0	282	0.000000	0.020208	0.014691	5	289	0.017301	0.020208	0.014633	7	236	0.029661	0.020208	0.015146	4	241	0.016598	0.020208	0.015089	2	253	0.007905	0.028401	0.017661	9	261	0.034483	0.020208	0.014880	6	202	0.029703	0.020208	0.015602	3	209	0.014354	0.020208	0.015497	3	214	0.014019	0.020208	0.015426
simadna_01.fq	simadna_01.fq	33554	"Carnivora"	"order"	172	158	49.619289	155.504901	0.429686	0.006110	33554:"Carnivora":"order"	33554:"Carnivora":"order";314145:"Laurasiatheria":"superorder";1437010:"Boreoeutheria":"clade";9347:"Eutheria":"clade";32525:"Theria":"clade";40674:"Mammalia":"class";32524:"Amniota":"clade";32523:"Tetrapoda":"clade";1338369:"Dipnotetrapodomorpha":"clade";8287:"Sarcopterygii":"superclass";117571:"Euteleostomi":"clade";117570:"Teleostomi":"clade";7776:"Gnathostomata":"clade";7742:"Vertebrata":"clade";89593:"Craniata":"subphylum";7711:"Chordata":"phylum";33511:"Deuterostomia":"clade";33213:"Bilateria":"clade";6072:"Eumetazoa":"clade";33208:"Metazoa":"kingdom";33154:"Opisthokonta":"clade";2759:"Eukaryota":"domain";131567:"cellular organisms":"cellular root";1:"root":"no rank"	0.007449	0.000000	0.000700	69261.334681	-6.569279	6486.000000	0.014972	0.497554	0.002306	0.181420	0.006573	52342.318881	0.000000	0.008093	0.000000	1.000000	0.000000	0.013497	10.643421	163322.860629	0	33	0.000000	0.008149	0.015654	0	42	0.000000	0.008149	0.013877	0	38	0.000000	0.008149	0.014589	0	28	0.000000	0.008149	0.016994	1	38	0.026316	0.008149	0.014589	0	41	0.000000	0.008149	0.014045	1	41	0.024390	0.008149	0.014045	1	33	0.030303	0.008149	0.015654	0	34	0.000000	0.008149	0.015422	0	40	0.000000	0.008149	0.014219
simadna_01.fq	simadna_01.fq	35497	"Suina"	"suborder"	319	54	49.438723	222.458808	0.395933	0.005794	35497:"Suina":"suborder"	35497:"Suina":"suborder";91561:"Artiodactyla":"order";314145:"Laurasiatheria":"superorder";1437010:"Boreoeutheria":"clade";9347:"Eutheria":"clade";32525:"Theria":"clade";40674:"Mammalia":"class";32524:"Amniota":"clade";32523:"Tetrapoda":"clade";1338369:"Dipnotetrapodomorpha":"clade";8287:"Sarcopterygii":"superclass";117571:"Euteleostomi":"clade";117570:"Teleostomi":"clade";7776:"Gnathostomata":"clade";7742:"Vertebrata":"clade";89593:"Craniata":"subphylum";7711:"Chordata":"phylum";33511:"Deuterostomia":"clade";33213:"Bilateria":"clade";6072:"Eumetazoa":"clade";33208:"Metazoa":"kingdom";33154:"Opisthokonta":"clade";2759:"Eukaryota":"domain";131567:"cellular organisms":"cellular root";1:"root":"no rank"	0.001444	1.000000	0.005966	100253.416332	-8.734548	1708.000000	0.004823	0.299296	0.005792	0.749971	0.005281	34562.007753	0.000000	0.017492	0.000000	1.000000	0.000031	0.011061	27.433835	139677.224578	0	62	0.000000	0.007410	0.010895	0	102	0.000000	0.005966	0.007629	0	61	0.000000	0.005966	0.009863	0	61	0.000000	0.005966	0.009863	1	47	0.021277	0.005966	0.011236	1	73	0.013699	0.007410	0.010041	0	70	0.000000	0.005966	0.009208	1	46	0.021739	0.005966	0.011357	1	35	0.028571	0.005966	0.013019	0	81	0.000000	0.005966	0.008560
simadna_01.fq	simadna_01.fq	35500	"Pecora"	"infraorder"	621	95	49.681447	125.480628	0.380492	0.004397	35500:"Pecora":"infraorder"	35500:"Pecora":"infraorder";9845:"Ruminantia":"suborder";91561:"Artiodactyla":"order";314145:"Laurasiatheria":"superorder";1437010:"Boreoeutheria":"clade";9347:"Eutheria":"clade";32525:"Theria":"clade";40674:"Mammalia":"class";32524:"Amniota":"clade";32523:"Tetrapoda":"clade";1338369:"Dipnotetrapodomorpha":"clade";8287:"Sarcopterygii":"superclass";117571:"Euteleostomi":"clade";117570:"Teleostomi":"clade";7776:"Gnathostomata":"clade";7742:"Vertebrata":"clade";89593:"Craniata":"subphylum";7711:"Chordata":"phylum";33511:"Deuterostomia":"clade";33213:"Bilateria":"clade";6072:"Eumetazoa":"clade";33208:"Metazoa":"kingdom";33154:"Opisthokonta":"clade";2759:"Eukaryota":"domain";131567:"cellular organisms":"cellular root";1:"root":"no rank"	0.048414	0.144563	0.000000	29.214717	-25.363917	2316.000000	0.043887	1.103149	0.042395	0.441648	0.012741	22.911044	0.011971	0.068226	0.041510	1.000000	0.000000	0.038764	11.890640	34.342916	13	111	0.117117	0.048414	0.043887	0	124	0.000000	0.041415	0.040292	5	160	0.031250	0.035428	0.036572	7	108	0.064815	0.030306	0.035153	0	134	0.000000	0.025925	0.031906	1	116	0.008621	0.048414	0.043689	8	130	0.061538	0.041415	0.040115	4	110	0.036364	0.035428	0.037834	1	125	0.008000	0.030306	0.034640	3	74	0.040541	0.025925	0.034143
simadna_01.fq	simadna_01.fq	37348	"Mammuthus"	"genus"	40	6	45.500000	95.050003	0.404988	0.005456	37348:"Mammuthus":"genus"	37348:"Mammuthus":"genus";9780:"Elephantidae":"family";9779:"Proboscidea":"order";311790:"Afrotheria":"superorder";9347:"Eutheria":"clade";32525:"Theria":"clade";40674:"Mammalia":"class";32524:"Amniota":"clade";32523:"Tetrapoda":"clade";1338369:"Dipnotetrapodomorpha":"clade";8287:"Sarcopterygii":"superclass";117571:"Euteleostomi":"clade";117570:"Teleostomi":"clade";7776:"Gnathostomata":"clade";7742:"Vertebrata":"clade";89593:"Craniata":"subphylum";7711:"Chordata":"phylum";33511:"Deuterostomia":"clade";33213:"Bilateria":"clade";6072:"Eumetazoa":"clade";33208:"Metazoa":"kingdom";33154:"Opisthokonta":"clade";2759:"Eukaryota":"domain";131567:"cellular organisms":"cellular root";1:"root":"no rank"	0.000000	1.000000	0.000000	2.000000	-0.000000	51.000000	0.000063	0.000158	0.000000	0.970862	0.000000	2.045078	0.000000	0.000000	0.807372	1.000000	0.000000	0.000000	2.000000	2.216191	0	10	0.000000	0.000000	0.000089	0	8	0.000000	0.000000	0.000065	0	12	0.000000	0.000000	0.000062	0	20	0.000000	0.000000	0.000061	0	8	0.000000	0.000000	0.000065	0	6	0.000000	0.000000	0.000094	0	6	0.000000	0.000000	0.000067	0	8	0.000000	0.000000	0.000065	0	6	0.000000	0.000000	0.000067	0	8	0.000000	0.000000	0.000065
simadna_01.fq	simadna_01.fq	40674	"Mammalia"	"class"	1209	336	49.835736	163.568900	0.406760	0.005169	40674:"Mammalia":"class"	40674:"Mammalia":"class";32524:"Amniota":"clade";32523:"Tetrapoda":"clade";1338369:"Dipnotetrapodomorpha":"clade";8287:"Sarcopterygii":"superclass";117571:"Euteleostomi":"clade";117570:"Teleostomi":"clade";7776:"Gnathostomata":"clade";7742:"Vertebrata":"clade";89593:"Craniata":"subphylum";7711:"Chordata":"phylum";33511:"Deuterostomia":"clade";33213:"Bilateria":"clade";6072:"Eumetazoa":"clade";33208:"Metazoa":"kingdom";33154:"Opisthokonta":"clade";2759:"Eukaryota":"domain";131567:"cellular organisms":"cellular root";1:"root":"no rank"	0.008193	1.000000	0.020208	134.494126	-26.246004	2702.000000	0.009741	0.841074	0.011367	0.608981	0.016867	114.857168	0.000000	0.029021	0.000000	1.000000	0.000000	0.024990	45.501576	380.623027	13	231	0.056277	0.028401	0.017951	0	282	0.000000	0.020208	0.014691	5	289	0.017301	0.020208	0.014633	7	236	0.029661	0.020208	0.015146	4	241	0.016598	0.020208	0.015089	2	253	0.007905	0.028401	0.017661	9	261	0.034483	0.020208	0.014880	6	202	0.029703	0.020208	0.015602	3	209	0.014354	0.020208	0.015497	3	214	0.014019	0.020208	0.015426
simadna_01.fq	simadna_01.fq	89593	"Craniata"	"subphylum"	1209	336	50.049148	158.142498	0.413342	0.005279	89593:"Craniata":"subphylum"	89593:"Craniata":"subphylum";7711:"Chordata":"phylum";33511:"Deuterostomia":"clade";33213:"Bilateria":"clade";6072:"Eumetazoa":"clade";33208:"Metazoa":"kingdom";33154:"Opisthokonta":"clade";2759:"Eukaryota":"domain";131567:"cellular organisms":"cellular root";1:"root":"no rank"	0.008193	1.000000	0.020208	134.494218	-26.246004	6896.000000	0.009741	0.841074	0.010074	0.657746	0.018283	114.721980	0.000000	0.029021	0.000000	1.000000	0.000000	0.024651	45.501551	380.616704	13	231	0.056277	0.028401	0.017951	0	282	0.000000	0.020208	0.014691	5	289	0.017301	0.020208	0.014633	7	236	0.029661	0.020208	0.015146	4	241	0.016598	0.020208	0.015089	2	253	0.007905	0.028401	0.017661	9	261	0.034483	0.020208	0.014880	6	202	0.029703	0.020208	0.015602	3	209	0.014354	0.020208	0.015497	3	214	0.014019	0.020208	0.015426
simadna_01.fq	simadna_01.fq	91561	"Artiodactyla"	"order"	940	149	49.218044	159.842231	0.391075	0.004715	91561:"Artiodactyla":"order"	91561:"Artiodactyla":"order";314145:"Laurasiatheria":"superorder";1437010:"Boreoeutheria":"clade";9347:"Eutheria":"clade";32525:"Theria":"clade";40674:"Mammalia":"class";32524:"Amniota":"clade";32523:"Tetrapoda":"clade";1338369:"Dipnotetrapodomorpha":"clade";8287:"Sarcopterygii":"superclass";117571:"Euteleostomi":"clade";117570:"Teleostomi":"clade";7776:"Gnathostomata":"clade";7742:"Vertebrata":"clade";89593:"Craniata":"subphylum";7711:"Chordata":"phylum";33511:"Deuterostomia":"clade";33213:"Bilateria":"clade";6072:"Eumetazoa":"clade";33208:"Metazoa":"kingdom";33154:"Opisthokonta":"clade";2759:"Eukaryota":"domain";131567:"cellular organisms":"cellular root";1:"root":"no rank"	0.015877	1.000000	0.022524	79.318560	-25.604515	4290.000000	0.016844	0.942582	0.021613	0.726232	0.017014	62.134379	0.004324	0.044821	0.022513	1.000000	0.000000	0.028265	27.294035	101.173075	13	173	0.075145	0.038401	0.025895	0	226	0.000000	0.022524	0.019244	5	221	0.022624	0.022524	0.019300	7	169	0.041420	0.022524	0.020069	1	181	0.005525	0.022524	0.019856	2	189	0.010582	0.038401	0.025548	8	200	0.040000	0.022524	0.019566	5	156	0.032051	0.022524	0.020335	2	160	0.012500	0.022524	0.020249	3	155	0.019355	0.022524	0.020357
simadna_01.fq	simadna_01.fq	95911	"Hyaena"	"genus"	16	2	56.000000	100.000000	0.325428	0.000502	95911:"Hyaena":"genus"	95911:"Hyaena":"genus";9676:"Hyaenidae":"family";379583:"Feliformia":"suborder";33554:"Carnivora":"order";314145:"Laurasiatheria":"superorder";1437010:"Boreoeutheria":"clade";9347:"Eutheria":"clade";32525:"Theria":"clade";40674:"Mammalia":"class";32524:"Amniota":"clade";32523:"Tetrapoda":"clade";1338369:"Dipnotetrapodomorpha":"clade";8287:"Sarcopterygii":"superclass";117571:"Euteleostomi":"clade";117570:"Teleostomi":"clade";7776:"Gnathostomata":"clade";7742:"Vertebrata":"clade";89593:"Craniata":"subphylum";7711:"Chordata":"phylum";33511:"Deuterostomia":"clade";33213:"Bilateria":"clade";6072:"Eumetazoa":"clade";33208:"Metazoa":"kingdom";33154:"Opisthokonta":"clade";2759:"Eukaryota":"domain";131567:"cellular organisms":"cellular root";1:"root":"no rank"	0.056740	0.247573	0.000000	22430.466185	-3.032299	6023.000000	0.087452	0.648816	0.055009	0.574015	0.000000	4737.499784	0.000000	0.114045	0.247584	1.000000	0.000000	0.000000	2.000000	31400.191626	0	7	0.000000	0.056740	0.087452	0	3	0.000000	0.042693	0.116725	0	5	0.000000	0.032123	0.078863	0	2	0.000000	0.024170	0.108599	0	2	0.000000	0.018187	0.094490	0	1	0.000000	0.056740	0.231346	1	3	0.333333	0.042693	0.116725	0	0	0.000000	0.032123	0.000000	0	1	0.000000	0.024170	0.153578	0	1	0.000000	0.018187	0.133625
simadna_01.fq	simadna_01.fq	95912	"Hyaena hyaena"	"species"	16	2	56.000000	100.000000	0.325428	0.000502	95912:"Hyaena hyaena":"species"	95912:"Hyaena hyaena":"species";95911:"Hyaena":"genus";9676:"Hyaenidae":"family";379583:"Feliformia":"suborder";33554:"Carnivora":"order";314145:"Laurasiatheria":"superorder";1437010:"Boreoeutheria":"clade";9347:"Eutheria":"clade";32525:"Theria":"clade";40674:"Mammalia":"class";32524:"Amniota":"clade";32523:"Tetrapoda":"clade";1338369:"Dipnotetrapodomorpha":"clade";8287:"Sarcopterygii":"superclass";117571:"Euteleostomi":"clade";117570:"Teleostomi":"clade";7776:"Gnathostomata":"clade";7742:"Vertebrata":"clade";89593:"Craniata":"subphylum";7711:"Chordata":"phylum";33511:"Deuterostomia":"clade";33213:"Bilateria":"clade";6072:"Eumetazoa":"clade";33208:"Metazoa":"kingdom";33154:"Opisthokonta":"clade";2759:"Eukaryota":"domain";131567:"cellular organisms":"cellular root";1:"root":"no rank"	0.056803	0.246900	0.000000	13183.402716	-3.032307	3011.000000	0.087506	0.649134	0.055010	0.574527	0.000000	12159.887037	0.000000	0.114044	0.247445	1.000000	0.000000	0.000000	2.000000	66789.654284	0	7	0.000000	0.056803	0.087506	0	3	0.000000	0.042778	0.116840	0	5	0.000000	0.032216	0.078978	0	2	0.000000	0.024262	0.108801	0	2	0.000000	0.018272	0.094708	0	1	0.000000	0.056803	0.231466	1	3	0.333333	0.042778	0.116840	0	0	0.000000	0.032216	0.000000	0	1	0.000000	0.024262	0.153862	0	1	0.000000	0.018272	0.133933
simadna_01.fq	simadna_01.fq	117570	"Teleostomi"	"clade"	1209	336	49.972907	160.515493	0.413281	0.005325	117570:"Teleostomi":"clade"	117570:"Teleostomi":"clade";7776:"Gnathostomata":"clade";7742:"Vertebrata":"clade";89593:"Craniata":"subphylum";7711:"Chordata":"phylum";33511:"Deuterostomia":"clade";33213:"Bilateria":"clade";6072:"Eumetazoa":"clade";33208:"Metazoa":"kingdom";33154:"Opisthokonta":"clade";2759:"Eukaryota":"domain";131567:"cellular organisms":"cellular root";1:"root":"no rank"	0.008193	1.000000	0.020208	134.494113	-26.246004	2553.000000	0.009741	0.841074	0.010767	0.657746	0.017590	114.721982	0.000000	0.029021	0.000000	1.000000	0.000000	0.024651	45.501668	380.616231	13	231	0.056277	0.028401	0.017951	0	282	0.000000	0.020208	0.014691	5	289	0.017301	0.020208	0.014633	7	236	0.029661	0.020208	0.015146	4	241	0.016598	0.020208	0.015089	2	253	0.007905	0.028401	0.017661	9	261	0.034483	0.020208	0.014880	6	202	0.029703	0.020208	0.015602	3	209	0.014354	0.020208	0.015497	3	214	0.014019	0.020208	0.015426
simadna_01.fq	simadna_01.fq	117571	"Euteleostomi"	"clade"	1209	336	49.962355	161.674901	0.412483	0.005315	117571:"Euteleostomi":"clade"	117571:"Euteleostomi":"clade";117570:"Teleostomi":"clade";7776:"Gnathostomata":"clade";7742:"Vertebrata":"clade";89593:"Craniata":"subphylum";7711:"Chordata":"phylum";33511:"Deuterostomia":"clade";33213:"Bilateria":"clade";6072:"Eumetazoa":"clade";33208:"Metazoa":"kingdom";33154:"Opisthokonta":"clade";2759:"Eukaryota":"domain";131567:"cellular organisms":"cellular root";1:"root":"no rank"	0.008193	1.000000	0.020208	134.494044	-26.246004	4706.000000	0.009741	0.841073	0.010130	0.657746	0.018227	114.720346	0.000000	0.029021	0.000000	1.000000	0.000000	0.024991	45.501592	380.614412	13	231	0.056277	0.028401	0.017951	0	282	0.000000	0.020208	0.014691	5	289	0.017301	0.020208	0.014633	7	236	0.029661	0.020208	0.015146	4	241	0.016598	0.020208	0.015089	2	253	0.007905	0.028401	0.017661	9	261	0.034483	0.020208	0.014880	6	202	0.029703	0.020208	0.015602	3	209	0.014354	0.020208	0.015497	3	214	0.014019	0.020208	0.015426
simadna_01.fq	simadna_01.fq	131567	"cellular organisms"	"cellular root"	1209	336	50.881566	169.273899	0.401295	0.004935	131567:"cellular organisms":"cellular root"	131567:"cellular organisms":"cellular root";1:"root":"no rank"	0.008193	1.000000	0.020208	134.494065	-26.246004	514.000000	0.009741	0.841073	0.010045	0.657746	0.018313	114.721938	0.000000	0.029021	0.000000	1.000000	0.000000	0.024946	45.501584	380.614706	13	231	0.056277	0.028401	0.017951	0	282	0.000000	0.020208	0.014691	5	289	0.017301	0.020208	0.014633	7	236	0.029661	0.020208	0.015146	4	241	0.016598	0.020208	0.015089	2	253	0.007905	0.028401	0.017661	9	261	0.034483	0.020208	0.014880	6	202	0.029703	0.020208	0.015602	3	209	0.014354	0.020208	0.015497	3	214	0.014019	0.020208	0.015426
simadna_01.fq	simadna_01.fq	207598	"Homininae"	"subfamily"	25	5	53.199999	221.935201	0.374713	0.004742	207598:"Homininae":"subfamily"	207598:"Homininae":"subfamily";9604:"Hominidae":"family";314295:"Hominoidea":"superfamily";9526:"Catarrhini":"parvorder";314293:"Simiiformes":"infraorder";376913:"Haplorrhini":"suborder";9443:"Primates":"order";314146:"Euarchontoglires":"superorder";1437010:"Boreoeutheria":"clade";9347:"Eutheria":"clade";32525:"Theria":"clade";40674:"Mammalia":"class";32524:"Amniota":"clade";32523:"Tetrapoda":"clade";1338369:"Dipnotetrapodomorpha":"clade";8287:"Sarcopterygii":"superclass";117571:"Euteleostomi":"clade";117570:"Teleostomi":"clade";7776:"Gnathostomata":"clade";7742:"Vertebrata":"clade";89593:"Craniata":"subphylum";7711:"Chordata":"phylum";33511:"Deuterostomia":"clade";33213:"Bilateria":"clade";6072:"Eumetazoa":"clade";33208:"Metazoa":"kingdom";33154:"Opisthokonta":"clade";2759:"Eukaryota":"domain";131567:"cellular organisms":"cellular root";1:"root":"no rank"	0.000252	0.000000	0.038282	5.359247	-4.067653	1370.000000	0.007795	0.032284	0.002337	0.609250	0.031291	9309.325274	0.000000	0.014332	0.000000	1.000000	0.000000	0.056165	2.000000	48088.200052	0	10	0.000000	0.038534	0.094595	0	0	0.000000	0.038534	0.000000	0	7	0.000000	0.038534	0.101422	0	0	0.000000	0.038534	0.000000	2	9	0.222222	0.038534	0.096412	0	9	0.000000	0.038534	0.096412	0	8	0.000000	0.038534	0.098635	0	0	0.000000	0.038534	0.000000	0	0	0.000000	0.038534	0.000000	0	4	0.000000	0.038534	0.116755
simadna_01.fq	simadna_01.fq	310261	"Sus scrofa taivanus"	"subspecies"	54	1	40.000000	0.000000	0.350000	0.000000	310261:"Sus scrofa taivanus":"subspecies"	310261:"Sus scrofa taivanus":"subspecies";9823:"Sus scrofa":"species";9822:"Sus":"genus";9821:"Suidae":"family";35497:"Suina":"suborder";91561:"Artiodactyla":"order";314145:"Laurasiatheria":"superorder";1437010:"Boreoeutheria":"clade";9347:"Eutheria":"clade";32525:"Theria":"clade";40674:"Mammalia":"class";32524:"Amniota":"clade";32523:"Tetrapoda":"clade";1338369:"Dipnotetrapodomorpha":"clade";8287:"Sarcopterygii":"superclass";117571:"Euteleostomi":"clade";117570:"Teleostomi":"clade";7776:"Gnathostomata":"clade";7742:"Vertebrata":"clade";89593:"Craniata":"subphylum";7711:"Chordata":"phylum";33511:"Deuterostomia":"clade";33213:"Bilateria":"clade";6072:"Eumetazoa":"clade";33208:"Metazoa":"kingdom";33154:"Opisthokonta":"clade";2759:"Eukaryota":"domain";131567:"cellular organisms":"cellular root";1:"root":"no rank"	0.000000	1.000000	0.000000	4.545157	-0.000001	249.000000	0.000051	0.000195	0.000000	1.000000	0.000000	2.000026	0.000000	0.000000	1.000000	1.000000	0.000000	0.000000	2.000000	2.000000	0	10	0.000000	0.000000	0.000072	0	16	0.000000	0.000000	0.000048	0	11	0.000000	0.000000	0.000050	0	10	0.000000	0.000000	0.000051	0	9	0.000000	0.000000	0.000052	0	11	0.000000	0.000000	0.000071	0	10	0.000000	0.000000	0.000051	0	8	0.000000	0.000000	0.000053	0	6	0.000000	0.000000	0.000056	0	15	0.000000	0.000000	0.000048
simadna_01.fq	simadna_01.fq	311790	"Afrotheria"	"superorder"	71	20	47.804500	130.249798	0.405215	0.006233	311790:"Afrotheria":"superorder"	311790:"Afrotheria":"superorder";9347:"Eutheria":"clade";32525:"Theria":"clade";40674:"Mammalia":"class";32524:"Amniota":"clade";32523:"Tetrapoda":"clade";1338369:"Dipnotetrapodomorpha":"clade";8287:"Sarcopterygii":"superclass";117571:"Euteleostomi":"clade";117570:"Teleostomi":"clade";7776:"Gnathostomata":"clade";7742:"Vertebrata":"clade";89593:"Craniata":"subphylum";7711:"Chordata":"phylum";33511:"Deuterostomia":"clade";33213:"Bilateria":"clade";6072:"Eumetazoa":"clade";33208:"Metazoa":"kingdom";33154:"Opisthokonta":"clade";2759:"Eukaryota":"domain";131567:"cellular organisms":"cellular root";1:"root":"no rank"	0.000000	1.000000	0.005820	28978.993526	-3.505633	4374.000000	0.000026	0.000387	0.001357	0.391896	0.006514	14276.751500	0.000000	0.005800	0.000000	1.000000	0.000000	0.019128	2.000000	37271.572099	0	15	0.000000	0.005820	0.019645	0	14	0.000000	0.005820	0.020334	0	23	0.000000	0.005820	0.015867	0	39	0.000000	0.005820	0.012188	0	13	0.000000	0.005820	0.021101	0	14	0.000000	0.005820	0.020334	0	12	0.000000	0.005820	0.021962	0	13	0.000000	0.005820	0.021101	1	14	0.071429	0.005820	0.020334	0	15	0.000000	0.005820	0.019645
simadna_01.fq	simadna_01.fq	314145	"Laurasiatheria"	"superorder"	1112	307	49.497439	158.405478	0.403746	0.005083	314145:"Laurasiatheria":"superorder"	314145:"Laurasiatheria":"superorder";1437010:"Boreoeutheria":"clade";9347:"Eutheria":"clade";32525:"Theria":"clade";40674:"Mammalia":"class";32524:"Amniota":"clade";32523:"Tetrapoda":"clade";1338369:"Dipnotetrapodomorpha":"clade";8287:"Sarcopterygii":"superclass";117571:"Euteleostomi":"clade";117570:"Teleostomi":"clade";7776:"Gnathostomata":"clade";7742:"Vertebrata":"clade";89593:"Craniata":"subphylum";7711:"Chordata":"phylum";33511:"Deuterostomia":"clade";33213:"Bilateria":"clade";6072:"Eumetazoa":"clade";33208:"Metazoa":"kingdom";33154:"Opisthokonta":"clade";2759:"Eukaryota":"domain";131567:"cellular organisms":"cellular root";1:"root":"no rank"	0.011367	1.000000	0.020559	94.794416	-26.181057	3170.000000	0.013088	0.868504	0.015801	0.713852	0.018455	81.448700	0.000000	0.032017	0.000000	1.000000	0.000000	0.025094	32.850641	179.404618	13	206	0.063107	0.031926	0.021705	0	268	0.000000	0.020559	0.016869	5	259	0.019305	0.020559	0.016945	7	197	0.035533	0.020559	0.017645	2	219	0.009132	0.020559	0.017355	2	230	0.008696	0.031926	0.021345	9	241	0.037344	0.020559	0.017114	6	189	0.031746	0.020559	0.017766	2	194	0.010309	0.020559	0.017689	3	195	0.015385	0.020559	0.017675
simadna_01.fq	simadna_01.fq	314146	"Euarchontoglires"	"superorder"	26	9	52.626120	221.935201	0.384793	0.004742	314146:"Euarchontoglires":"superorder"	314146:"Euarchontoglires":"superorder";1437010:"Boreoeutheria":"clade";9347:"Eutheria":"clade";32525:"Theria":"clade";40674:"Mammalia":"class";32524:"Amniota":"clade";32523:"Tetrapoda":"clade";1338369:"Dipnotetrapodomorpha":"clade";8287:"Sarcopterygii":"superclass";117571:"Euteleostomi":"clade";117570:"Teleostomi":"clade";7776:"Gnathostomata":"clade";7742:"Vertebrata":"clade";89593:"Craniata":"subphylum";7711:"Chordata":"phylum";33511:"Deuterostomia":"clade";33213:"Bilateria":"clade";6072:"Eumetazoa":"clade";33208:"Metazoa":"kingdom";33154:"Opisthokonta":"clade";2759:"Eukaryota":"domain";131567:"cellular organisms":"cellular root";1:"root":"no rank"	0.000000	0.098830	0.036943	5.515206	-4.106109	286.000000	0.000049	0.000205	0.005197	0.549437	0.026815	9810.546928	0.000000	0.035635	0.000000	1.000000	0.000000	0.053174	2.000000	46125.769283	0	10	0.000000	0.036943	0.092047	0	0	0.000000	0.036943	0.000000	0	7	0.000000	0.036943	0.098810	0	0	0.000000	0.036943	0.000000	2	9	0.222222	0.036943	0.093847	0	9	0.000000	0.036943	0.093847	0	8	0.000000	0.036943	0.096050	0	0	0.000000	0.036943	0.000000	0	1	0.000000	0.036943	0.188623	0	4	0.000000	0.036943	0.113975
simadna_01.fq	simadna_01.fq	314293	"Simiiformes"	"infraorder"	26	9	52.399999	221.935201	0.388764	0.004742	314293:"Simiiformes":"infraorder"	314293:"Simiiformes":"infraorder";376913:"Haplorrhini":"suborder";9443:"Primates":"order";314146:"Euarchontoglires":"superorder";1437010:"Boreoeutheria":"clade";9347:"Eutheria":"clade";32525:"Theria":"clade";40674:"Mammalia":"class";32524:"Amniota":"clade";32523:"Tetrapoda":"clade";1338369:"Dipnotetrapodomorpha":"clade";8287:"Sarcopterygii":"superclass";117571:"Euteleostomi":"clade";117570:"Teleostomi":"clade";7776:"Gnathostomata":"clade";7742:"Vertebrata":"clade";89593:"Craniata":"subphylum";7711:"Chordata":"phylum";33511:"Deuterostomia":"clade";33213:"Bilateria":"clade";6072:"Eumetazoa":"clade";33208:"Metazoa":"kingdom";33154:"Opisthokonta":"clade";2759:"Eukaryota":"domain";131567:"cellular organisms":"cellular root";1:"root":"no rank"	0.018181	0.000000	0.018765	5.512214	-4.106109	1406.000000	0.065208	0.278820	0.002079	0.600000	0.029936	13046.645887	0.000000	0.016894	0.000000	1.000000	0.000000	0.053174	2.000000	36443.147519	0	10	0.000000	0.036946	0.092062	0	0	0.000000	0.036946	0.000000	0	7	0.000000	0.036946	0.098824	0	0	0.000000	0.036946	0.000000	2	9	0.222222	0.036946	0.093862	0	9	0.000000	0.036946	0.093862	0	8	0.000000	0.036946	0.096065	0	0	0.000000	0.036946	0.000000	0	1	0.000000	0.036946	0.188629	0	4	0.000000	0.036946	0.113987
simadna_01.fq	simadna_01.fq	314295	"Hominoidea"	"superfamily"	25	8	53.199999	221.935201	0.374713	0.004742	314295:"Hominoidea":"superfamily"	314295:"Hominoidea":"superfamily";9526:"Catarrhini":"parvorder";314293:"Simiiformes":"infraorder";376913:"Haplorrhini":"suborder";9443:"Primates":"order";314146:"Euarchontoglires":"superorder";1437010:"Boreoeutheria":"clade";9347:"Eutheria":"clade";32525:"Theria":"clade";40674:"Mammalia":"class";32524:"Amniota":"clade";32523:"Tetrapoda":"clade";1338369:"Dipnotetrapodomorpha":"clade";8287:"Sarcopterygii":"superclass";117571:"Euteleostomi":"clade";117570:"Teleostomi":"clade";7776:"Gnathostomata":"clade";7742:"Vertebrata":"clade";89593:"Craniata":"subphylum";7711:"Chordata":"phylum";33511:"Deuterostomia":"clade";33213:"Bilateria":"clade";6072:"Eumetazoa":"clade";33208:"Metazoa":"kingdom";33154:"Opisthokonta":"clade";2759:"Eukaryota":"domain";131567:"cellular organisms":"cellular root";1:"root":"no rank"	0.000000	0.181804	0.038534	5.360527	-4.067653	2475.000000	0.000049	0.000203	0.008763	0.467596	0.024868	21794.436117	0.000000	0.049601	0.000000	1.000000	0.000000	0.053882	2.000000	125191.262467	0	10	0.000000	0.038534	0.094590	0	0	0.000000	0.038534	0.000000	0	7	0.000000	0.038534	0.101417	0	0	0.000000	0.038534	0.000000	2	9	0.222222	0.038534	0.096406	0	9	0.000000	0.038534	0.096406	0	8	0.000000	0.038534	0.098630	0	0	0.000000	0.038534	0.000000	0	0	0.000000	0.038534	0.000000	0	4	0.000000	0.038534	0.116751
simadna_01.fq	simadna_01.fq	376913	"Haplorrhini"	"suborder"	26	9	52.312727	221.935201	0.390297	0.004742	376913:"Haplorrhini":"suborder"	376913:"Haplorrhini":"suborder";9443:"Primates":"order";314146:"Euarchontoglires":"superorder";1437010:"Boreoeutheria":"clade";9347:"Eutheria":"clade";32525:"Theria":"clade";40674:"Mammalia":"class";32524:"Amniota":"clade";32523:"Tetrapoda":"clade";1338369:"Dipnotetrapodomorpha":"clade";8287:"Sarcopterygii":"superclass";117571:"Euteleostomi":"clade";117570:"Teleostomi":"clade";7776:"Gnathostomata":"clade";7742:"Vertebrata":"clade";89593:"Craniata":"subphylum";7711:"Chordata":"phylum";33511:"Deuterostomia":"clade";33213:"Bilateria":"clade";6072:"Eumetazoa":"clade";33208:"Metazoa":"kingdom";33154:"Opisthokonta":"clade";2759:"Eukaryota":"domain";131567:"cellular organisms":"cellular root";1:"root":"no rank"	0.000000	0.000000	0.036946	5.511988	-4.106109	2356.000000	0.000049	0.000205	0.003852	0.599083	0.028161	7698.503563	0.000000	0.011713	0.000000	1.000000	0.000000	0.049147	2.000000	31475.372297	0	10	0.000000	0.036946	0.092064	0	0	0.000000	0.036946	0.000000	0	7	0.000000	0.036946	0.098826	0	0	0.000000	0.036946	0.000000	2	9	0.222222	0.036946	0.093864	0	9	0.000000	0.036946	0.093864	0	8	0.000000	0.036946	0.096066	0	0	0.000000	0.036946	0.000000	0	1	0.000000	0.036946	0.188630	0	4	0.000000	0.036946	0.113988
simadna_01.fq	simadna_01.fq	379583	"Feliformia"	"suborder"	172	158	49.679239	158.033529	0.431308	0.006271	379583:"Feliformia":"suborder"	379583:"Feliformia":"suborder";33554:"Carnivora":"order";314145:"Laurasiatheria":"superorder";1437010:"Boreoeutheria":"clade";9347:"Eutheria":"clade";32525:"Theria":"clade";40674:"Mammalia":"class";32524:"Amniota":"clade";32523:"Tetrapoda":"clade";1338369:"Dipnotetrapodomorpha":"clade";8287:"Sarcopterygii":"superclass";117571:"Euteleostomi":"clade";117570:"Teleostomi":"clade";7776:"Gnathostomata":"clade";7742:"Vertebrata":"clade";89593:"Craniata":"subphylum";7711:"Chordata":"phylum";33511:"Deuterostomia":"clade";33213:"Bilateria":"clade";6072:"Eumetazoa":"clade";33208:"Metazoa":"kingdom";33154:"Opisthokonta":"clade";2759:"Eukaryota":"domain";131567:"cellular organisms":"cellular root";1:"root":"no rank"	0.004494	0.000000	0.003645	130976.230982	-6.568909	3037.000000	0.011645	0.385914	0.001448	0.281218	0.007434	46611.821207	0.000000	0.005993	0.000000	1.000000	0.000000	0.016137	10.643379	133670.023485	0	33	0.000000	0.008139	0.015643	0	42	0.000000	0.008139	0.013866	0	38	0.000000	0.008139	0.014577	0	28	0.000000	0.008139	0.016982	1	38	0.026316	0.008139	0.014577	0	41	0.000000	0.008139	0.014034	1	41	0.024390	0.008139	0.014034	1	33	0.030303	0.008139	0.015643	0	34	0.000000	0.008139	0.015411	0	40	0.000000	0.008139	0.014208
simadna_01.fq	simadna_01.fq	1338369	"Dipnotetrapodomorpha"	"clade"	1209	336	49.932802	163.559830	0.410116	0.005264	1338369:"Dipnotetrapodomorpha":"clade"	1338369:"Dipnotetrapodomorpha":"clade";8287:"Sarcopterygii":"superclass";117571:"Euteleostomi":"clade";117570:"Teleostomi":"clade";7776:"Gnathostomata":"clade";7742:"Vertebrata":"clade";89593:"Craniata":"subphylum";7711:"Chordata":"phylum";33511:"Deuterostomia":"clade";33213:"Bilateria":"clade";6072:"Eumetazoa":"clade";33208:"Metazoa":"kingdom";33154:"Opisthokonta":"clade";2759:"Eukaryota":"domain";131567:"cellular organisms":"cellular root";1:"root":"no rank"	0.008193	1.000000	0.020208	134.494151	-26.246004	4904.000000	0.009741	0.841075	0.010781	0.657746	0.017576	114.721380	0.000000	0.029021	0.000000	1.000000	0.000000	0.024651	45.501588	380.607221	13	231	0.056277	0.028401	0.017951	0	282	0.000000	0.020208	0.014691	5	289	0.017301	0.020208	0.014633	7	236	0.029661	0.020208	0.015146	4	241	0.016598	0.020208	0.015089	2	253	0.007905	0.028401	0.017661	9	261	0.034483	0.020208	0.014880	6	202	0.029703	0.020208	0.015602	3	209	0.014354	0.020208	0.015497	3	214	0.014019	0.020208	0.015426
simadna_01.fq	simadna_01.fq	1437010	"Boreoeutheria"	"clade"	1138	316	49.677641	160.888154	0.404991	0.005110	1437010:"Boreoeutheria":"clade"	1437010:"Boreoeutheria":"clade";9347:"Eutheria":"clade";32525:"Theria":"clade";40674:"Mammalia":"class";32524:"Amniota":"clade";32523:"Tetrapoda":"clade";1338369:"Dipnotetrapodomorpha":"clade";8287:"Sarcopterygii":"superclass";117571:"Euteleostomi":"clade";117570:"Teleostomi":"clade";7776:"Gnathostomata":"clade";7742:"Vertebrata":"clade";89593:"Craniata":"subphylum";7711:"Chordata":"phylum";33511:"Deuterostomia":"clade";33213:"Bilateria":"clade";6072:"Eumetazoa":"clade";33208:"Metazoa":"kingdom";33154:"Opisthokonta":"clade";2759:"Eukaryota":"domain";131567:"cellular organisms":"cellular root";1:"root":"no rank"	0.009075	1.000000	0.021327	109.492557	-26.311303	1915.000000	0.011075	0.819474	0.011602	0.756248	0.020305	101.006311	0.000000	0.022386	0.000000	1.000000	0.016206	0.024913	29.607141	255.071475	13	216	0.060185	0.030402	0.020050	0	268	0.000000	0.021327	0.016312	5	266	0.018797	0.021327	0.016329	7	197	0.035533	0.021327	0.017143	4	228	0.017544	0.021327	0.016722	2	239	0.008368	0.030402	0.019723	9	249	0.036145	0.021327	0.016491	6	189	0.031746	0.021327	0.017272	2	195	0.010256	0.021327	0.017174	3	199	0.015075	0.021327	0.017112