sample	id	taxid	name	rank	nalign	nreads	mean_rlen	var_rlen	mean_gc	var_gc	lca	taxa_path	A	q	c	phi	llh	ncall	sigmaD	Zfit	A_b	q_b	c_b	phi_b	A_CI_l	A_CI_h	q_CI_l	q_CI_h	c_CI_l	c_CI_h	phi_CI_l	phi_CI_h	fwK0	fwN0	fwf0	fwdx0	fwdxConf0	fwK1	fwN1	fwf1	fwdx1	fwdxConf1	fwK2	fwN2	fwf2	fwdx2	fwdxConf2	fwK3	fwN3	fwf3	fwdx3	fwdxConf3	fwK4	fwN4	fwf4	fwdx4	fwdxConf4	bwK0	bwN0	bwf0	bwdx0	bwdxConf0	bwK1	bwN1	bwf1	bwdx1	bwdxConf1	bwK2	bwN2	bwf2	bwdx2	bwdxConf2	bwK3	bwN3	bwf3	bwdx3	bwdxConf3	bwK4	bwN4	bwf4	bwdx4	bwdxConf4
simadna_md.fq	simadna_md.fq	1	"root"	"no rank"	8791	2421	53.586248	164.331218	0.416037	0.006252	1:"root":"no rank"	1:"root":"no rank"	0.149031	0.767969	0.032088	245.293116	-46.957830	1135.000000	0.024130	6.176038	0.148292	0.764181	0.031825	227.388111	0.138044	0.159755	0.716948	0.813185	0.028013	0.035961	160.042210	303.360993	442	1875	0.235733	0.181119	0.026095	122	1810	0.067403	0.066668	0.016937	62	1757	0.035287	0.040111	0.013347	77	1764	0.043651	0.033949	0.012316	49	1695	0.028909	0.032520	0.012093	258	1907	0.135291	0.181119	0.026070	112	1975	0.056709	0.066668	0.016853	88	1723	0.051074	0.040111	0.013363	38	1547	0.024564	0.033949	0.012421	44	1639	0.026846	0.032520	0.012119
simadna_md.fq	simadna_md.fq	2759	"Eukaryota"	"domain"	8791	2421	53.811510	166.032279	0.412927	0.006183	2759:"Eukaryota":"domain"	2759:"Eukaryota":"domain";131567:"cellular organisms":"cellular root";1:"root":"no rank"	0.149031	0.767969	0.032088	245.293178	-46.957830	4271.000000	0.024130	6.176037	0.148292	0.764181	0.031825	227.388019	0.138044	0.159755	0.716948	0.813186	0.028013	0.035961	160.041572	303.361200	442	1875	0.235733	0.181119	0.026095	122	1810	0.067403	0.066668	0.016937	62	1757	0.035287	0.040111	0.013347	77	1764	0.043651	0.033949	0.012316	49	1695	0.028909	0.032520	0.012093	258	1907	0.135291	0.181119	0.026070	112	1975	0.056709	0.066668	0.016853	88	1723	0.051074	0.040111	0.013363	38	1547	0.024564	0.033949	0.012421	44	1639	0.026846	0.032520	0.012119
simadna_md.fq	simadna_md.fq	6072	"Eumetazoa"	"clade"	8791	2421	53.881664	167.061556	0.407762	0.006058	6072:"Eumetazoa":"clade"	6072:"Eumetazoa":"clade";33208:"Metazoa":"kingdom";33154:"Opisthokonta":"clade";2759:"Eukaryota":"domain";131567:"cellular organisms":"cellular root";1:"root":"no rank"	0.149031	0.767969	0.032088	245.292164	-46.957830	4992.000000	0.024131	6.176026	0.148292	0.764181	0.031825	227.388075	0.138044	0.159755	0.716947	0.813186	0.028013	0.035961	160.042214	303.360858	442	1875	0.235733	0.181119	0.026095	122	1810	0.067403	0.066668	0.016937	62	1757	0.035287	0.040111	0.013347	77	1764	0.043651	0.033949	0.012316	49	1695	0.028909	0.032520	0.012093	258	1907	0.135291	0.181119	0.026070	112	1975	0.056709	0.066668	0.016853	88	1723	0.051074	0.040111	0.013364	38	1547	0.024564	0.033949	0.012421	44	1639	0.026846	0.032520	0.012119
simadna_md.fq	simadna_md.fq	7711	"Chordata"	"phylum"	8791	2421	53.652822	166.423530	0.402226	0.005926	7711:"Chordata":"phylum"	7711:"Chordata":"phylum";33511:"Deuterostomia":"clade";33213:"Bilateria":"clade";6072:"Eumetazoa":"clade";33208:"Metazoa":"kingdom";33154:"Opisthokonta":"clade";2759:"Eukaryota":"domain";131567:"cellular organisms":"cellular root";1:"root":"no rank"	0.149031	0.767969	0.032088	245.292074	-46.957830	3074.000000	0.024131	6.176025	0.148292	0.764181	0.031825	227.388051	0.138044	0.159755	0.716948	0.813186	0.028013	0.035961	160.041921	303.361932	442	1875	0.235733	0.181119	0.026095	122	1810	0.067403	0.066668	0.016937	62	1757	0.035287	0.040111	0.013347	77	1764	0.043651	0.033950	0.012316	49	1695	0.028909	0.032520	0.012093	258	1907	0.135291	0.181119	0.026070	112	1975	0.056709	0.066668	0.016853	88	1723	0.051074	0.040111	0.013364	38	1547	0.024564	0.033950	0.012421	44	1639	0.026846	0.032520	0.012119
simadna_md.fq	simadna_md.fq	7742	"Vertebrata"	"clade"	8791	2421	53.402644	165.522592	0.398759	0.005847	7742:"Vertebrata":"clade"	7742:"Vertebrata":"clade";89593:"Craniata":"subphylum";7711:"Chordata":"phylum";33511:"Deuterostomia":"clade";33213:"Bilateria":"clade";6072:"Eumetazoa":"clade";33208:"Metazoa":"kingdom";33154:"Opisthokonta":"clade";2759:"Eukaryota":"domain";131567:"cellular organisms":"cellular root";1:"root":"no rank"	0.149031	0.767969	0.032088	245.293388	-46.957830	3474.000000	0.024130	6.176039	0.148292	0.764181	0.031825	227.388261	0.138044	0.159755	0.716948	0.813186	0.028013	0.035961	160.041976	303.361440	442	1875	0.235733	0.181119	0.026095	122	1810	0.067403	0.066668	0.016937	62	1757	0.035287	0.040111	0.013347	77	1764	0.043651	0.033949	0.012316	49	1695	0.028909	0.032520	0.012093	258	1907	0.135291	0.181119	0.026070	112	1975	0.056709	0.066668	0.016853	88	1723	0.051074	0.040111	0.013363	38	1547	0.024564	0.033949	0.012421	44	1639	0.026846	0.032520	0.012119
simadna_md.fq	simadna_md.fq	7776	"Gnathostomata"	"clade"	8791	2421	53.274558	165.082815	0.397257	0.005813	7776:"Gnathostomata":"clade"	7776:"Gnathostomata":"clade";7742:"Vertebrata":"clade";89593:"Craniata":"subphylum";7711:"Chordata":"phylum";33511:"Deuterostomia":"clade";33213:"Bilateria":"clade";6072:"Eumetazoa":"clade";33208:"Metazoa":"kingdom";33154:"Opisthokonta":"clade";2759:"Eukaryota":"domain";131567:"cellular organisms":"cellular root";1:"root":"no rank"	0.149031	0.767969	0.032088	245.292729	-46.957830	2609.000000	0.024130	6.176031	0.148292	0.764181	0.031825	227.388227	0.138044	0.159755	0.716948	0.813186	0.028013	0.035961	160.041856	303.361642	442	1875	0.235733	0.181118	0.026095	122	1810	0.067403	0.066668	0.016937	62	1757	0.035287	0.040111	0.013347	77	1764	0.043651	0.033950	0.012316	49	1695	0.028909	0.032520	0.012093	258	1907	0.135291	0.181118	0.026070	112	1975	0.056709	0.066668	0.016853	88	1723	0.051074	0.040111	0.013364	38	1547	0.024564	0.033950	0.012421	44	1639	0.026846	0.032520	0.012119
simadna_md.fq	simadna_md.fq	8287	"Sarcopterygii"	"superclass"	8791	2421	52.997002	164.396067	0.394360	0.005745	8287:"Sarcopterygii":"superclass"	8287:"Sarcopterygii":"superclass";117571:"Euteleostomi":"clade";117570:"Teleostomi":"clade";7776:"Gnathostomata":"clade";7742:"Vertebrata":"clade";89593:"Craniata":"subphylum";7711:"Chordata":"phylum";33511:"Deuterostomia":"clade";33213:"Bilateria":"clade";6072:"Eumetazoa":"clade";33208:"Metazoa":"kingdom";33154:"Opisthokonta":"clade";2759:"Eukaryota":"domain";131567:"cellular organisms":"cellular root";1:"root":"no rank"	0.149031	0.767969	0.032088	245.292515	-46.957830	3973.000000	0.024131	6.176030	0.148292	0.764181	0.031825	227.388183	0.138044	0.159755	0.716948	0.813186	0.028013	0.035961	160.041852	303.361560	442	1875	0.235733	0.181119	0.026095	122	1810	0.067403	0.066668	0.016937	62	1757	0.035287	0.040111	0.013347	77	1764	0.043651	0.033949	0.012316	49	1695	0.028909	0.032520	0.012093	258	1907	0.135291	0.181119	0.026070	112	1975	0.056709	0.066668	0.016853	88	1723	0.051074	0.040111	0.013364	38	1547	0.024564	0.033949	0.012421	44	1639	0.026846	0.032520	0.012119
simadna_md.fq	simadna_md.fq	9347	"Eutheria"	"clade"	8791	2421	52.916585	166.660377	0.393495	0.005632	9347:"Eutheria":"clade"	9347:"Eutheria":"clade";32525:"Theria":"clade";40674:"Mammalia":"class";32524:"Amniota":"clade";32523:"Tetrapoda":"clade";1338369:"Dipnotetrapodomorpha":"clade";8287:"Sarcopterygii":"superclass";117571:"Euteleostomi":"clade";117570:"Teleostomi":"clade";7776:"Gnathostomata":"clade";7742:"Vertebrata":"clade";89593:"Craniata":"subphylum";7711:"Chordata":"phylum";33511:"Deuterostomia":"clade";33213:"Bilateria":"clade";6072:"Eumetazoa":"clade";33208:"Metazoa":"kingdom";33154:"Opisthokonta":"clade";2759:"Eukaryota":"domain";131567:"cellular organisms":"cellular root";1:"root":"no rank"	0.149031	0.767969	0.032088	245.292283	-46.957830	674.000000	0.024131	6.176027	0.148292	0.764181	0.031825	227.388164	0.138044	0.159755	0.716948	0.813186	0.028013	0.035961	160.041811	303.361281	442	1875	0.235733	0.181119	0.026095	122	1810	0.067403	0.066668	0.016937	62	1757	0.035287	0.040111	0.013347	77	1764	0.043651	0.033949	0.012316	49	1695	0.028909	0.032520	0.012093	258	1907	0.135291	0.181119	0.026070	112	1975	0.056709	0.066668	0.016853	88	1723	0.051074	0.040111	0.013364	38	1547	0.024564	0.033949	0.012421	44	1639	0.026846	0.032520	0.012119
simadna_md.fq	simadna_md.fq	9443	"Primates"	"order"	139	36	49.578684	150.708525	0.454917	0.006128	9443:"Primates":"order"	9443:"Primates":"order";314146:"Euarchontoglires":"superorder";1437010:"Boreoeutheria":"clade";9347:"Eutheria":"clade";32525:"Theria":"clade";40674:"Mammalia":"class";32524:"Amniota":"clade";32523:"Tetrapoda":"clade";1338369:"Dipnotetrapodomorpha":"clade";8287:"Sarcopterygii":"superclass";117571:"Euteleostomi":"clade";117570:"Teleostomi":"clade";7776:"Gnathostomata":"clade";7742:"Vertebrata":"clade";89593:"Craniata":"subphylum";7711:"Chordata":"phylum";33511:"Deuterostomia":"clade";33213:"Bilateria":"clade";6072:"Eumetazoa":"clade";33208:"Metazoa":"kingdom";33154:"Opisthokonta":"clade";2759:"Eukaryota":"domain";131567:"cellular organisms":"cellular root";1:"root":"no rank"	0.076735	0.610731	0.000000	19.186273	-9.431584	1292.000000	0.075378	1.018006	0.079853	0.738755	0.000649	18428.950605	0.040421	0.134461	0.502574	1.000000	0.000000	0.000000	3.847514	139242.432163	0	31	0.000000	0.076735	0.075378	1	53	0.018868	0.029871	0.044218	1	30	0.033333	0.011628	0.030552	0	47	0.000000	0.004526	0.017729	0	26	0.000000	0.001762	0.012306	5	24	0.208333	0.076735	0.079469	0	29	0.000000	0.029871	0.048840	0	32	0.000000	0.011628	0.030177	0	27	0.000000	0.004526	0.019540	0	29	0.000000	0.001762	0.012032
simadna_md.fq	simadna_md.fq	9526	"Catarrhini"	"parvorder"	139	36	51.321500	186.965615	0.457228	0.006285	9526:"Catarrhini":"parvorder"	9526:"Catarrhini":"parvorder";314293:"Simiiformes":"infraorder";376913:"Haplorrhini":"suborder";9443:"Primates":"order";314146:"Euarchontoglires":"superorder";1437010:"Boreoeutheria":"clade";9347:"Eutheria":"clade";32525:"Theria":"clade";40674:"Mammalia":"class";32524:"Amniota":"clade";32523:"Tetrapoda":"clade";1338369:"Dipnotetrapodomorpha":"clade";8287:"Sarcopterygii":"superclass";117571:"Euteleostomi":"clade";117570:"Teleostomi":"clade";7776:"Gnathostomata":"clade";7742:"Vertebrata":"clade";89593:"Craniata":"subphylum";7711:"Chordata":"phylum";33511:"Deuterostomia":"clade";33213:"Bilateria":"clade";6072:"Eumetazoa":"clade";33208:"Metazoa":"kingdom";33154:"Opisthokonta":"clade";2759:"Eukaryota":"domain";131567:"cellular organisms":"cellular root";1:"root":"no rank"	0.076735	0.610731	0.000000	19.186265	-9.431584	426.000000	0.075378	1.018006	0.079858	0.738741	0.000649	19314.390650	0.040421	0.134461	0.502574	1.000000	0.000000	0.000000	3.847517	128396.655865	0	31	0.000000	0.076735	0.075378	1	53	0.018868	0.029871	0.044218	1	30	0.033333	0.011628	0.030552	0	47	0.000000	0.004526	0.017729	0	26	0.000000	0.001762	0.012306	5	24	0.208333	0.076735	0.079469	0	29	0.000000	0.029871	0.048840	0	32	0.000000	0.011628	0.030177	0	27	0.000000	0.004526	0.019540	0	29	0.000000	0.001762	0.012032
simadna_md.fq	simadna_md.fq	9604	"Hominidae"	"family"	139	36	52.684238	219.989715	0.457781	0.006408	9604:"Hominidae":"family"	9604:"Hominidae":"family";314295:"Hominoidea":"superfamily";9526:"Catarrhini":"parvorder";314293:"Simiiformes":"infraorder";376913:"Haplorrhini":"suborder";9443:"Primates":"order";314146:"Euarchontoglires":"superorder";1437010:"Boreoeutheria":"clade";9347:"Eutheria":"clade";32525:"Theria":"clade";40674:"Mammalia":"class";32524:"Amniota":"clade";32523:"Tetrapoda":"clade";1338369:"Dipnotetrapodomorpha":"clade";8287:"Sarcopterygii":"superclass";117571:"Euteleostomi":"clade";117570:"Teleostomi":"clade";7776:"Gnathostomata":"clade";7742:"Vertebrata":"clade";89593:"Craniata":"subphylum";7711:"Chordata":"phylum";33511:"Deuterostomia":"clade";33213:"Bilateria":"clade";6072:"Eumetazoa":"clade";33208:"Metazoa":"kingdom";33154:"Opisthokonta":"clade";2759:"Eukaryota":"domain";131567:"cellular organisms":"cellular root";1:"root":"no rank"	0.076735	0.610731	0.000000	19.186432	-9.431584	2320.000000	0.075378	1.018010	0.079858	0.738743	0.000649	22992.506781	0.040421	0.134462	0.502574	1.000000	0.000000	0.000000	3.847402	177844.891304	0	31	0.000000	0.076735	0.075378	1	53	0.018868	0.029871	0.044218	1	30	0.033333	0.011628	0.030552	0	47	0.000000	0.004526	0.017729	0	26	0.000000	0.001762	0.012306	5	24	0.208333	0.076735	0.079469	0	29	0.000000	0.029871	0.048839	0	32	0.000000	0.011628	0.030177	0	27	0.000000	0.004526	0.019540	0	29	0.000000	0.001762	0.012032
simadna_md.fq	simadna_md.fq	9605	"Homo"	"genus"	121	25	54.633333	281.306174	0.456117	0.006511	9605:"Homo":"genus"	9605:"Homo":"genus";207598:"Homininae":"subfamily";9604:"Hominidae":"family";314295:"Hominoidea":"superfamily";9526:"Catarrhini":"parvorder";314293:"Simiiformes":"infraorder";376913:"Haplorrhini":"suborder";9443:"Primates":"order";314146:"Euarchontoglires":"superorder";1437010:"Boreoeutheria":"clade";9347:"Eutheria":"clade";32525:"Theria":"clade";40674:"Mammalia":"class";32524:"Amniota":"clade";32523:"Tetrapoda":"clade";1338369:"Dipnotetrapodomorpha":"clade";8287:"Sarcopterygii":"superclass";117571:"Euteleostomi":"clade";117570:"Teleostomi":"clade";7776:"Gnathostomata":"clade";7742:"Vertebrata":"clade";89593:"Craniata":"subphylum";7711:"Chordata":"phylum";33511:"Deuterostomia":"clade";33213:"Bilateria":"clade";6072:"Eumetazoa":"clade";33208:"Metazoa":"kingdom";33154:"Opisthokonta":"clade";2759:"Eukaryota":"domain";131567:"cellular organisms":"cellular root";1:"root":"no rank"	0.091707	0.623416	0.000000	17.864552	-9.355632	856.000000	0.087762	1.044943	0.098699	0.803997	0.001052	2757.839816	0.058698	0.145663	0.563730	1.000000	0.000000	0.009747	3.598719	55.589072	0	24	0.000000	0.091707	0.087762	1	45	0.022222	0.034535	0.049690	1	24	0.041667	0.013005	0.034452	0	39	0.000000	0.004898	0.019408	0	25	0.000000	0.001844	0.012935	5	21	0.238095	0.091707	0.090398	0	27	0.000000	0.034535	0.054193	0	29	0.000000	0.013005	0.033160	0	21	0.000000	0.004898	0.021866	0	26	0.000000	0.001844	0.012831
simadna_md.fq	simadna_md.fq	9606	"Homo sapiens"	"species"	96	9	53.444444	326.142857	0.444785	0.005733	9606:"Homo sapiens":"species"	9606:"Homo sapiens":"species";9605:"Homo":"genus";207598:"Homininae":"subfamily";9604:"Hominidae":"family";314295:"Hominoidea":"superfamily";9526:"Catarrhini":"parvorder";314293:"Simiiformes":"infraorder";376913:"Haplorrhini":"suborder";9443:"Primates":"order";314146:"Euarchontoglires":"superorder";1437010:"Boreoeutheria":"clade";9347:"Eutheria":"clade";32525:"Theria":"clade";40674:"Mammalia":"class";32524:"Amniota":"clade";32523:"Tetrapoda":"clade";1338369:"Dipnotetrapodomorpha":"clade";8287:"Sarcopterygii":"superclass";117571:"Euteleostomi":"clade";117570:"Teleostomi":"clade";7776:"Gnathostomata":"clade";7742:"Vertebrata":"clade";89593:"Craniata":"subphylum";7711:"Chordata":"phylum";33511:"Deuterostomia":"clade";33213:"Bilateria":"clade";6072:"Eumetazoa":"clade";33208:"Metazoa":"kingdom";33154:"Opisthokonta":"clade";2759:"Eukaryota":"domain";131567:"cellular organisms":"cellular root";1:"root":"no rank"	0.097144	0.660850	0.000000	64.526051	-8.552562	2072.000000	0.076709	1.266405	0.110820	0.752500	0.003234	5460.358438	0.050984	0.148398	0.553532	1.000000	0.000000	0.018471	2.697024	76.838329	0	19	0.000000	0.097144	0.076709	1	35	0.028571	0.032947	0.037184	1	19	0.052632	0.011174	0.027226	0	30	0.000000	0.003790	0.013474	0	19	0.000000	0.001285	0.009280	4	18	0.222222	0.097144	0.078338	0	21	0.000000	0.032947	0.044500	0	23	0.000000	0.011174	0.025331	0	17	0.000000	0.003790	0.016622	0	22	0.000000	0.001285	0.008778
simadna_md.fq	simadna_md.fq	9676	"Hyaenidae"	"family"	1153	1036	55.841698	183.886998	0.421724	0.005463	9676:"Hyaenidae":"family"	9676:"Hyaenidae":"family";379583:"Feliformia":"suborder";33554:"Carnivora":"order";314145:"Laurasiatheria":"superorder";1437010:"Boreoeutheria":"clade";9347:"Eutheria":"clade";32525:"Theria":"clade";40674:"Mammalia":"class";32524:"Amniota":"clade";32523:"Tetrapoda":"clade";1338369:"Dipnotetrapodomorpha":"clade";8287:"Sarcopterygii":"superclass";117571:"Euteleostomi":"clade";117570:"Teleostomi":"clade";7776:"Gnathostomata":"clade";7742:"Vertebrata":"clade";89593:"Craniata":"subphylum";7711:"Chordata":"phylum";33511:"Deuterostomia":"clade";33213:"Bilateria":"clade";6072:"Eumetazoa":"clade";33208:"Metazoa":"kingdom";33154:"Opisthokonta":"clade";2759:"Eukaryota":"domain";131567:"cellular organisms":"cellular root";1:"root":"no rank"	0.168419	0.668932	0.027997	251.612435	-30.776073	2327.000000	0.032906	5.118121	0.166446	0.684708	0.028850	196.810088	0.134124	0.191542	0.580877	0.772244	0.017268	0.041630	53.941685	452.865677	55	264	0.208333	0.196415	0.034933	20	234	0.085470	0.083755	0.025108	7	222	0.031532	0.046456	0.019342	13	249	0.052209	0.034108	0.016193	13	279	0.046595	0.030020	0.014806	46	254	0.181102	0.196415	0.035267	19	240	0.079167	0.083755	0.024945	17	242	0.070248	0.046456	0.018913	1	250	0.004000	0.034108	0.016176	6	260	0.023077	0.030020	0.015061
simadna_md.fq	simadna_md.fq	9677	"Crocuta"	"genus"	1054	956	55.966526	186.728165	0.424078	0.005250	9677:"Crocuta":"genus"	9677:"Crocuta":"genus";9676:"Hyaenidae":"family";379583:"Feliformia":"suborder";33554:"Carnivora":"order";314145:"Laurasiatheria":"superorder";1437010:"Boreoeutheria":"clade";9347:"Eutheria":"clade";32525:"Theria":"clade";40674:"Mammalia":"class";32524:"Amniota":"clade";32523:"Tetrapoda":"clade";1338369:"Dipnotetrapodomorpha":"clade";8287:"Sarcopterygii":"superclass";117571:"Euteleostomi":"clade";117570:"Teleostomi":"clade";7776:"Gnathostomata":"clade";7742:"Vertebrata":"clade";89593:"Craniata":"subphylum";7711:"Chordata":"phylum";33511:"Deuterostomia":"clade";33213:"Bilateria":"clade";6072:"Eumetazoa":"clade";33208:"Metazoa":"kingdom";33154:"Opisthokonta":"clade";2759:"Eukaryota":"domain";131567:"cellular organisms":"cellular root";1:"root":"no rank"	0.176083	0.650510	0.022484	164.608730	-30.908821	3778.000000	0.038056	4.626952	0.178326	0.659908	0.022274	263.894644	0.147225	0.215713	0.581391	0.761516	0.015422	0.033072	55.682395	245.513862	55	252	0.218254	0.198567	0.039857	18	221	0.081448	0.084023	0.028476	7	209	0.033493	0.043991	0.021306	13	233	0.055794	0.030001	0.017316	10	258	0.038760	0.025111	0.015561	42	238	0.176471	0.198567	0.040318	17	224	0.075893	0.084023	0.028394	15	222	0.067568	0.043991	0.021030	0	225	0.000000	0.030001	0.017443	4	242	0.016529	0.025111	0.015760
simadna_md.fq	simadna_md.fq	9678	"Crocuta crocuta"	"species"	1054	956	55.966526	186.728165	0.424078	0.005250	9678:"Crocuta crocuta":"species"	9678:"Crocuta crocuta":"species";9677:"Crocuta":"genus";9676:"Hyaenidae":"family";379583:"Feliformia":"suborder";33554:"Carnivora":"order";314145:"Laurasiatheria":"superorder";1437010:"Boreoeutheria":"clade";9347:"Eutheria":"clade";32525:"Theria":"clade";40674:"Mammalia":"class";32524:"Amniota":"clade";32523:"Tetrapoda":"clade";1338369:"Dipnotetrapodomorpha":"clade";8287:"Sarcopterygii":"superclass";117571:"Euteleostomi":"clade";117570:"Teleostomi":"clade";7776:"Gnathostomata":"clade";7742:"Vertebrata":"clade";89593:"Craniata":"subphylum";7711:"Chordata":"phylum";33511:"Deuterostomia":"clade";33213:"Bilateria":"clade";6072:"Eumetazoa":"clade";33208:"Metazoa":"kingdom";33154:"Opisthokonta":"clade";2759:"Eukaryota":"domain";131567:"cellular organisms":"cellular root";1:"root":"no rank"	0.176083	0.650510	0.022484	164.608669	-30.908821	545.000000	0.038056	4.626952	0.178326	0.659908	0.022274	264.094870	0.147225	0.215713	0.581392	0.761516	0.015422	0.033072	55.682419	245.514034	55	252	0.218254	0.198567	0.039857	18	221	0.081448	0.084023	0.028476	7	209	0.033493	0.043991	0.021306	13	233	0.055794	0.030001	0.017316	10	258	0.038760	0.025111	0.015561	42	238	0.176471	0.198567	0.040318	17	224	0.075893	0.084023	0.028394	15	222	0.067568	0.043991	0.021030	0	225	0.000000	0.030001	0.017443	4	242	0.016529	0.025111	0.015760
simadna_md.fq	simadna_md.fq	9779	"Proboscidea"	"order"	590	173	49.474966	151.827607	0.377895	0.003783	9779:"Proboscidea":"order"	9779:"Proboscidea":"order";311790:"Afrotheria":"superorder";9347:"Eutheria":"clade";32525:"Theria":"clade";40674:"Mammalia":"class";32524:"Amniota":"clade";32523:"Tetrapoda":"clade";1338369:"Dipnotetrapodomorpha":"clade";8287:"Sarcopterygii":"superclass";117571:"Euteleostomi":"clade";117570:"Teleostomi":"clade";7776:"Gnathostomata":"clade";7742:"Vertebrata":"clade";89593:"Craniata":"subphylum";7711:"Chordata":"phylum";33511:"Deuterostomia":"clade";33213:"Bilateria":"clade";6072:"Eumetazoa":"clade";33208:"Metazoa":"kingdom";33154:"Opisthokonta":"clade";2759:"Eukaryota":"domain";131567:"cellular organisms":"cellular root";1:"root":"no rank"	0.178602	0.941017	0.009791	22.606261	-19.252006	1792.000000	0.085511	2.088638	0.189237	0.939388	0.008084	27.508492	0.156262	0.233348	0.903408	0.971807	0.003605	0.011755	12.852975	42.387090	36	128	0.281250	0.188393	0.087299	6	103	0.058252	0.020325	0.032073	0	101	0.000000	0.010412	0.023112	1	97	0.010309	0.009827	0.022545	0	132	0.000000	0.009793	0.021935	14	142	0.098592	0.188393	0.086650	0	117	0.000000	0.020325	0.031725	0	113	0.000000	0.010412	0.022887	0	119	0.000000	0.009827	0.022148	3	94	0.031915	0.009793	0.022574
simadna_md.fq	simadna_md.fq	9780	"Elephantidae"	"family"	590	173	49.326906	143.061949	0.376782	0.003458	9780:"Elephantidae":"family"	9780:"Elephantidae":"family";9779:"Proboscidea":"order";311790:"Afrotheria":"superorder";9347:"Eutheria":"clade";32525:"Theria":"clade";40674:"Mammalia":"class";32524:"Amniota":"clade";32523:"Tetrapoda":"clade";1338369:"Dipnotetrapodomorpha":"clade";8287:"Sarcopterygii":"superclass";117571:"Euteleostomi":"clade";117570:"Teleostomi":"clade";7776:"Gnathostomata":"clade";7742:"Vertebrata":"clade";89593:"Craniata":"subphylum";7711:"Chordata":"phylum";33511:"Deuterostomia":"clade";33213:"Bilateria":"clade";6072:"Eumetazoa":"clade";33208:"Metazoa":"kingdom";33154:"Opisthokonta":"clade";2759:"Eukaryota":"domain";131567:"cellular organisms":"cellular root";1:"root":"no rank"	0.178602	0.941017	0.009791	22.606270	-19.252006	2812.000000	0.085511	2.088638	0.189237	0.939388	0.008084	27.508494	0.156262	0.233348	0.903408	0.971807	0.003605	0.011755	12.852976	42.387047	36	128	0.281250	0.188393	0.087299	6	103	0.058252	0.020325	0.032073	0	101	0.000000	0.010412	0.023112	1	97	0.010309	0.009827	0.022545	0	132	0.000000	0.009793	0.021935	14	142	0.098592	0.188393	0.086650	0	117	0.000000	0.020325	0.031725	0	113	0.000000	0.010412	0.022887	0	119	0.000000	0.009827	0.022148	3	94	0.031915	0.009793	0.022574
simadna_md.fq	simadna_md.fq	9821	"Suidae"	"family"	2625	448	53.353909	177.688473	0.385631	0.005581	9821:"Suidae":"family"	9821:"Suidae":"family";35497:"Suina":"suborder";91561:"Artiodactyla":"order";314145:"Laurasiatheria":"superorder";1437010:"Boreoeutheria":"clade";9347:"Eutheria":"clade";32525:"Theria":"clade";40674:"Mammalia":"class";32524:"Amniota":"clade";32523:"Tetrapoda":"clade";1338369:"Dipnotetrapodomorpha":"clade";8287:"Sarcopterygii":"superclass";117571:"Euteleostomi":"clade";117570:"Teleostomi":"clade";7776:"Gnathostomata":"clade";7742:"Vertebrata":"clade";89593:"Craniata":"subphylum";7711:"Chordata":"phylum";33511:"Deuterostomia":"clade";33213:"Bilateria":"clade";6072:"Eumetazoa":"clade";33208:"Metazoa":"kingdom";33154:"Opisthokonta":"clade";2759:"Eukaryota":"domain";131567:"cellular organisms":"cellular root";1:"root":"no rank"	0.124991	0.753934	0.026412	243.036603	-35.007462	1213.000000	0.025421	4.916955	0.125976	0.733768	0.025963	219.317863	0.111445	0.144764	0.619773	0.892892	0.015485	0.033228	136.051204	425.799594	100	550	0.181818	0.151403	0.027552	21	503	0.041750	0.057168	0.018099	11	537	0.020484	0.033980	0.013978	28	558	0.050179	0.028274	0.012713	7	464	0.015086	0.026870	0.012778	66	532	0.124060	0.151403	0.027695	33	542	0.060886	0.057168	0.017886	28	512	0.054688	0.033980	0.014084	13	471	0.027601	0.028274	0.013064	9	519	0.017341	0.026870	0.012543
simadna_md.fq	simadna_md.fq	9822	"Sus"	"genus"	2536	379	53.084136	174.418962	0.384275	0.005440	9822:"Sus":"genus"	9822:"Sus":"genus";9821:"Suidae":"family";35497:"Suina":"suborder";91561:"Artiodactyla":"order";314145:"Laurasiatheria":"superorder";1437010:"Boreoeutheria":"clade";9347:"Eutheria":"clade";32525:"Theria":"clade";40674:"Mammalia":"class";32524:"Amniota":"clade";32523:"Tetrapoda":"clade";1338369:"Dipnotetrapodomorpha":"clade";8287:"Sarcopterygii":"superclass";117571:"Euteleostomi":"clade";117570:"Teleostomi":"clade";7776:"Gnathostomata":"clade";7742:"Vertebrata":"clade";89593:"Craniata":"subphylum";7711:"Chordata":"phylum";33511:"Deuterostomia":"clade";33213:"Bilateria":"clade";6072:"Eumetazoa":"clade";33208:"Metazoa":"kingdom";33154:"Opisthokonta":"clade";2759:"Eukaryota":"domain";131567:"cellular organisms":"cellular root";1:"root":"no rank"	0.126225	0.750918	0.026142	235.562695	-34.812087	691.000000	0.025997	4.855465	0.129710	0.733030	0.025174	245.615301	0.116760	0.144750	0.589254	0.846420	0.014449	0.031232	104.947023	344.573168	97	524	0.185115	0.152367	0.028131	20	483	0.041408	0.057582	0.018474	11	523	0.021033	0.033973	0.014185	28	543	0.051565	0.028092	0.012864	6	448	0.013393	0.026628	0.012930	63	512	0.123047	0.152367	0.028234	33	526	0.062738	0.057582	0.018224	25	491	0.050916	0.033973	0.014328	13	457	0.028446	0.028092	0.013225	9	501	0.017964	0.026628	0.012692
simadna_md.fq	simadna_md.fq	9823	"Sus scrofa"	"species"	1251	57	49.035088	117.040552	0.370652	0.004034	9823:"Sus scrofa":"species"	9823:"Sus scrofa":"species";9822:"Sus":"genus";9821:"Suidae":"family";35497:"Suina":"suborder";91561:"Artiodactyla":"order";314145:"Laurasiatheria":"superorder";1437010:"Boreoeutheria":"clade";9347:"Eutheria":"clade";32525:"Theria":"clade";40674:"Mammalia":"class";32524:"Amniota":"clade";32523:"Tetrapoda":"clade";1338369:"Dipnotetrapodomorpha":"clade";8287:"Sarcopterygii":"superclass";117571:"Euteleostomi":"clade";117570:"Teleostomi":"clade";7776:"Gnathostomata":"clade";7742:"Vertebrata":"clade";89593:"Craniata":"subphylum";7711:"Chordata":"phylum";33511:"Deuterostomia":"clade";33213:"Bilateria":"clade";6072:"Eumetazoa":"clade";33208:"Metazoa":"kingdom";33154:"Opisthokonta":"clade";2759:"Eukaryota":"domain";131567:"cellular organisms":"cellular root";1:"root":"no rank"	0.152316	0.654648	0.010460	428.176741	-26.855725	2544.000000	0.028152	5.410596	0.153488	0.641962	0.008419	396.490638	0.131013	0.173523	0.492526	0.821280	0.000000	0.016926	93.937675	570.287829	50	262	0.190840	0.162777	0.028922	10	243	0.041152	0.063063	0.019500	4	262	0.015267	0.028627	0.013064	7	274	0.025547	0.016734	0.009912	3	225	0.013333	0.012627	0.009183	36	252	0.142857	0.162777	0.029276	17	266	0.063910	0.063063	0.018955	11	232	0.047414	0.028627	0.013578	6	224	0.026786	0.016734	0.010565	0	237	0.000000	0.012627	0.009030
simadna_md.fq	simadna_md.fq	9845	"Ruminantia"	"suborder"	4283	727	52.642409	171.837912	0.386005	0.005825	9845:"Ruminantia":"suborder"	9845:"Ruminantia":"suborder";91561:"Artiodactyla":"order";314145:"Laurasiatheria":"superorder";1437010:"Boreoeutheria":"clade";9347:"Eutheria":"clade";32525:"Theria":"clade";40674:"Mammalia":"class";32524:"Amniota":"clade";32523:"Tetrapoda":"clade";1338369:"Dipnotetrapodomorpha":"clade";8287:"Sarcopterygii":"superclass";117571:"Euteleostomi":"clade";117570:"Teleostomi":"clade";7776:"Gnathostomata":"clade";7742:"Vertebrata":"clade";89593:"Craniata":"subphylum";7711:"Chordata":"phylum";33511:"Deuterostomia":"clade";33213:"Bilateria":"clade";6072:"Eumetazoa":"clade";33208:"Metazoa":"kingdom";33154:"Opisthokonta":"clade";2759:"Eukaryota":"domain";131567:"cellular organisms":"cellular root";1:"root":"no rank"	0.156842	0.790504	0.041118	154.406113	-42.804814	2859.000000	0.031569	4.968192	0.157851	0.792563	0.042184	136.676546	0.146633	0.171028	0.733817	0.868106	0.035573	0.048285	94.391998	189.869675	251	902	0.278271	0.197960	0.034591	74	917	0.080698	0.073975	0.022694	43	867	0.049596	0.048001	0.018612	35	812	0.043103	0.042560	0.017665	29	793	0.036570	0.041420	0.017471	127	955	0.132984	0.197960	0.034451	60	1047	0.057307	0.073975	0.022490	43	824	0.052184	0.048001	0.018686	24	680	0.035294	0.042560	0.017937	26	737	0.035278	0.041420	0.017579
simadna_md.fq	simadna_md.fq	9895	"Bovidae"	"family"	4283	727	52.563002	174.435811	0.384708	0.005861	9895:"Bovidae":"family"	9895:"Bovidae":"family";35500:"Pecora":"infraorder";9845:"Ruminantia":"suborder";91561:"Artiodactyla":"order";314145:"Laurasiatheria":"superorder";1437010:"Boreoeutheria":"clade";9347:"Eutheria":"clade";32525:"Theria":"clade";40674:"Mammalia":"class";32524:"Amniota":"clade";32523:"Tetrapoda":"clade";1338369:"Dipnotetrapodomorpha":"clade";8287:"Sarcopterygii":"superclass";117571:"Euteleostomi":"clade";117570:"Teleostomi":"clade";7776:"Gnathostomata":"clade";7742:"Vertebrata":"clade";89593:"Craniata":"subphylum";7711:"Chordata":"phylum";33511:"Deuterostomia":"clade";33213:"Bilateria":"clade";6072:"Eumetazoa":"clade";33208:"Metazoa":"kingdom";33154:"Opisthokonta":"clade";2759:"Eukaryota":"domain";131567:"cellular organisms":"cellular root";1:"root":"no rank"	0.156842	0.790504	0.041118	154.405862	-42.804814	1535.000000	0.031569	4.968190	0.157851	0.792563	0.042184	136.676530	0.146633	0.171028	0.733817	0.868106	0.035573	0.048285	94.391858	189.869377	251	902	0.278271	0.197960	0.034591	74	917	0.080698	0.073975	0.022694	43	867	0.049596	0.048001	0.018612	35	812	0.043103	0.042560	0.017665	29	793	0.036570	0.041420	0.017471	127	955	0.132984	0.197960	0.034451	60	1047	0.057307	0.073975	0.022490	43	824	0.052184	0.048001	0.018686	24	680	0.035294	0.042560	0.017937	26	737	0.035278	0.041420	0.017579
simadna_md.fq	simadna_md.fq	9903	"Bos"	"genus"	3303	358	51.664803	168.265854	0.380433	0.005721	9903:"Bos":"genus"	9903:"Bos":"genus";27592:"Bovinae":"subfamily";9895:"Bovidae":"family";35500:"Pecora":"infraorder";9845:"Ruminantia":"suborder";91561:"Artiodactyla":"order";314145:"Laurasiatheria":"superorder";1437010:"Boreoeutheria":"clade";9347:"Eutheria":"clade";32525:"Theria":"clade";40674:"Mammalia":"class";32524:"Amniota":"clade";32523:"Tetrapoda":"clade";1338369:"Dipnotetrapodomorpha":"clade";8287:"Sarcopterygii":"superclass";117571:"Euteleostomi":"clade";117570:"Teleostomi":"clade";7776:"Gnathostomata":"clade";7742:"Vertebrata":"clade";89593:"Craniata":"subphylum";7711:"Chordata":"phylum";33511:"Deuterostomia":"clade";33213:"Bilateria":"clade";6072:"Eumetazoa":"clade";33208:"Metazoa":"kingdom";33154:"Opisthokonta":"clade";2759:"Eukaryota":"domain";131567:"cellular organisms":"cellular root";1:"root":"no rank"	0.157502	0.716284	0.034500	235.341476	-38.749730	4422.000000	0.027390	5.750317	0.161084	0.715929	0.034998	221.520697	0.146662	0.175557	0.605959	0.815126	0.022844	0.043915	118.850498	379.627251	179	700	0.255714	0.192001	0.029616	63	711	0.088608	0.079185	0.020264	35	670	0.052239	0.047178	0.016031	23	635	0.036220	0.038097	0.014578	21	641	0.032761	0.035520	0.014077	105	751	0.139814	0.192001	0.029362	47	810	0.058025	0.079185	0.019954	37	679	0.054492	0.047178	0.016004	17	541	0.031423	0.038097	0.014917	17	537	0.031657	0.035520	0.014439
simadna_md.fq	simadna_md.fq	9906	"Bos javanicus"	"species"	724	1	53.000000	0.000000	0.377358	0.000000	9906:"Bos javanicus":"species"	9906:"Bos javanicus":"species";9903:"Bos":"genus";27592:"Bovinae":"subfamily";9895:"Bovidae":"family";35500:"Pecora":"infraorder";9845:"Ruminantia":"suborder";91561:"Artiodactyla":"order";314145:"Laurasiatheria":"superorder";1437010:"Boreoeutheria":"clade";9347:"Eutheria":"clade";32525:"Theria":"clade";40674:"Mammalia":"class";32524:"Amniota":"clade";32523:"Tetrapoda":"clade";1338369:"Dipnotetrapodomorpha":"clade";8287:"Sarcopterygii":"superclass";117571:"Euteleostomi":"clade";117570:"Teleostomi":"clade";7776:"Gnathostomata":"clade";7742:"Vertebrata":"clade";89593:"Craniata":"subphylum";7711:"Chordata":"phylum";33511:"Deuterostomia":"clade";33213:"Bilateria":"clade";6072:"Eumetazoa":"clade";33208:"Metazoa":"kingdom";33154:"Opisthokonta":"clade";2759:"Eukaryota":"domain";131567:"cellular organisms":"cellular root";1:"root":"no rank"	0.160443	0.689540	0.027731	151488.454281	-23.284066	4547.000000	0.029030	5.526711	0.171020	0.743866	0.027279	30362.706533	0.136834	0.199166	0.440438	0.962886	0.000000	0.048777	117.355728	170135.359470	38	160	0.237500	0.188174	0.030916	14	158	0.088608	0.077542	0.021288	7	145	0.048276	0.043196	0.016891	5	140	0.035714	0.032532	0.015001	4	146	0.027397	0.029222	0.013946	24	165	0.145455	0.188174	0.030444	9	174	0.051724	0.077542	0.020287	9	156	0.057692	0.043196	0.016285	3	117	0.025641	0.032532	0.016408	3	121	0.024793	0.029222	0.015318
simadna_md.fq	simadna_md.fq	9915	"Bos indicus"	"species"	636	1	47.000000	0.000000	0.361702	0.000000	9915:"Bos indicus":"species"	9915:"Bos indicus":"species";9903:"Bos":"genus";27592:"Bovinae":"subfamily";9895:"Bovidae":"family";35500:"Pecora":"infraorder";9845:"Ruminantia":"suborder";91561:"Artiodactyla":"order";314145:"Laurasiatheria":"superorder";1437010:"Boreoeutheria":"clade";9347:"Eutheria":"clade";32525:"Theria":"clade";40674:"Mammalia":"class";32524:"Amniota":"clade";32523:"Tetrapoda":"clade";1338369:"Dipnotetrapodomorpha":"clade";8287:"Sarcopterygii":"superclass";117571:"Euteleostomi":"clade";117570:"Teleostomi":"clade";7776:"Gnathostomata":"clade";7742:"Vertebrata":"clade";89593:"Craniata":"subphylum";7711:"Chordata":"phylum";33511:"Deuterostomia":"clade";33213:"Bilateria":"clade";6072:"Eumetazoa":"clade";33208:"Metazoa":"kingdom";33154:"Opisthokonta":"clade";2759:"Eukaryota":"domain";131567:"cellular organisms":"cellular root";1:"root":"no rank"	0.156743	0.782511	0.041522	104530.817853	-24.042416	8121.000000	0.031195	5.024612	0.160278	0.758019	0.041431	36964.315734	0.098170	0.208612	0.600314	0.896498	0.026163	0.051752	58.410993	220463.820780	36	136	0.264706	0.198264	0.034210	11	133	0.082707	0.075611	0.022939	6	126	0.047619	0.048936	0.019231	4	125	0.032000	0.043134	0.018182	6	123	0.048780	0.041872	0.018071	20	147	0.136054	0.198264	0.032907	11	154	0.071429	0.075611	0.021320	7	133	0.052632	0.048936	0.018718	3	103	0.029126	0.043134	0.020028	6	108	0.055556	0.041872	0.019283
simadna_md.fq	simadna_md.fq	9989	"Rodentia"	"order"	1	1	35.000000	0.000000	0.400000	0.000000	9989:"Rodentia":"order"	9989:"Rodentia":"order";314147:"Glires":"clade";314146:"Euarchontoglires":"superorder";1437010:"Boreoeutheria":"clade";9347:"Eutheria":"clade";32525:"Theria":"clade";40674:"Mammalia":"class";32524:"Amniota":"clade";32523:"Tetrapoda":"clade";1338369:"Dipnotetrapodomorpha":"clade";8287:"Sarcopterygii":"superclass";117571:"Euteleostomi":"clade";117570:"Teleostomi":"clade";7776:"Gnathostomata":"clade";7742:"Vertebrata":"clade";89593:"Craniata":"subphylum";7711:"Chordata":"phylum";33511:"Deuterostomia":"clade";33213:"Bilateria":"clade";6072:"Eumetazoa":"clade";33208:"Metazoa":"kingdom";33154:"Opisthokonta":"clade";2759:"Eukaryota":"domain";131567:"cellular organisms":"cellular root";1:"root":"no rank"	0.815219	1.000000	0.000000	9.182576	-0.000000	84.000000	0.388120	2.100430	0.256883	1.000000	0.000000	4.241888	0.000000	0.683471	1.000000	1.000000	0.000000	0.000000	2.000000	8.487624	0	0	0.000000	0.815219	0.000000	0	0	0.000000	0.000000	0.000000	0	0	0.000000	0.000000	0.000000	0	1	0.000000	0.000000	0.000100	0	1	0.000000	0.000000	0.000100	0	0	0.000000	0.815219	0.000000	0	0	0.000000	0.000000	0.000000	0	0	0.000000	0.000000	0.000000	0	0	0.000000	0.000000	0.000000	0	0	0.000000	0.000000	0.000000
simadna_md.fq	simadna_md.fq	9991	"Sciurinae"	"subfamily"	1	1	35.000000	0.000000	0.400000	0.000000	9991:"Sciurinae":"subfamily"	9991:"Sciurinae":"subfamily";55153:"Sciuridae":"family";33553:"Sciuromorpha":"suborder";9989:"Rodentia":"order";314147:"Glires":"clade";314146:"Euarchontoglires":"superorder";1437010:"Boreoeutheria":"clade";9347:"Eutheria":"clade";32525:"Theria":"clade";40674:"Mammalia":"class";32524:"Amniota":"clade";32523:"Tetrapoda":"clade";1338369:"Dipnotetrapodomorpha":"clade";8287:"Sarcopterygii":"superclass";117571:"Euteleostomi":"clade";117570:"Teleostomi":"clade";7776:"Gnathostomata":"clade";7742:"Vertebrata":"clade";89593:"Craniata":"subphylum";7711:"Chordata":"phylum";33511:"Deuterostomia":"clade";33213:"Bilateria":"clade";6072:"Eumetazoa":"clade";33208:"Metazoa":"kingdom";33154:"Opisthokonta":"clade";2759:"Eukaryota":"domain";131567:"cellular organisms":"cellular root";1:"root":"no rank"	0.000000	1.000000	0.000000	7.232518	-0.000000	163.000000	0.000100	0.000100	0.206600	1.000000	0.000000	6.043307	0.000000	0.692133	1.000000	1.000000	0.000000	0.000000	2.000000	9.804964	0	0	0.000000	0.000000	0.000000	0	0	0.000000	0.000000	0.000000	0	0	0.000000	0.000000	0.000000	0	1	0.000000	0.000000	0.000100	0	1	0.000000	0.000000	0.000100	0	0	0.000000	0.000000	0.000000	0	0	0.000000	0.000000	0.000000	0	0	0.000000	0.000000	0.000000	0	0	0.000000	0.000000	0.000000	0	0	0.000000	0.000000	0.000000
simadna_md.fq	simadna_md.fq	27592	"Bovinae"	"subfamily"	4052	638	52.468665	174.070572	0.384176	0.005850	27592:"Bovinae":"subfamily"	27592:"Bovinae":"subfamily";9895:"Bovidae":"family";35500:"Pecora":"infraorder";9845:"Ruminantia":"suborder";91561:"Artiodactyla":"order";314145:"Laurasiatheria":"superorder";1437010:"Boreoeutheria":"clade";9347:"Eutheria":"clade";32525:"Theria":"clade";40674:"Mammalia":"class";32524:"Amniota":"clade";32523:"Tetrapoda":"clade";1338369:"Dipnotetrapodomorpha":"clade";8287:"Sarcopterygii":"superclass";117571:"Euteleostomi":"clade";117570:"Teleostomi":"clade";7776:"Gnathostomata":"clade";7742:"Vertebrata":"clade";89593:"Craniata":"subphylum";7711:"Chordata":"phylum";33511:"Deuterostomia":"clade";33213:"Bilateria":"clade";6072:"Eumetazoa":"clade";33208:"Metazoa":"kingdom";33154:"Opisthokonta":"clade";2759:"Eukaryota":"domain";131567:"cellular organisms":"cellular root";1:"root":"no rank"	0.154806	0.779077	0.040259	164.628036	-42.024697	1555.000000	0.030740	5.035905	0.156495	0.779492	0.041192	151.002847	0.141605	0.171674	0.728465	0.833137	0.037014	0.045436	88.790457	216.141606	227	839	0.270560	0.195066	0.033675	74	870	0.085057	0.074460	0.022245	40	819	0.048840	0.047815	0.018170	32	769	0.041612	0.041929	0.017160	28	765	0.036601	0.040628	0.016911	122	913	0.133625	0.195066	0.033451	55	999	0.055055	0.074460	0.022015	43	796	0.054020	0.047815	0.018214	21	648	0.032407	0.041929	0.017440	25	679	0.036819	0.040628	0.017099
simadna_md.fq	simadna_md.fq	32523	"Tetrapoda"	"clade"	8791	2421	52.961976	164.777380	0.393959	0.005728	32523:"Tetrapoda":"clade"	32523:"Tetrapoda":"clade";1338369:"Dipnotetrapodomorpha":"clade";8287:"Sarcopterygii":"superclass";117571:"Euteleostomi":"clade";117570:"Teleostomi":"clade";7776:"Gnathostomata":"clade";7742:"Vertebrata":"clade";89593:"Craniata":"subphylum";7711:"Chordata":"phylum";33511:"Deuterostomia":"clade";33213:"Bilateria":"clade";6072:"Eumetazoa":"clade";33208:"Metazoa":"kingdom";33154:"Opisthokonta":"clade";2759:"Eukaryota":"domain";131567:"cellular organisms":"cellular root";1:"root":"no rank"	0.149031	0.767969	0.032088	245.293143	-46.957830	1439.000000	0.024130	6.176037	0.148292	0.764181	0.031825	227.388072	0.138044	0.159755	0.716947	0.813186	0.028013	0.035961	160.041819	303.361182	442	1875	0.235733	0.181119	0.026095	122	1810	0.067403	0.066668	0.016937	62	1757	0.035287	0.040111	0.013347	77	1764	0.043651	0.033949	0.012316	49	1695	0.028909	0.032520	0.012093	258	1907	0.135291	0.181119	0.026070	112	1975	0.056709	0.066668	0.016853	88	1723	0.051074	0.040111	0.013363	38	1547	0.024564	0.033949	0.012421	44	1639	0.026846	0.032520	0.012119
simadna_md.fq	simadna_md.fq	32524	"Amniota"	"clade"	8791	2421	52.982183	165.234070	0.394058	0.005722	32524:"Amniota":"clade"	32524:"Amniota":"clade";32523:"Tetrapoda":"clade";1338369:"Dipnotetrapodomorpha":"clade";8287:"Sarcopterygii":"superclass";117571:"Euteleostomi":"clade";117570:"Teleostomi":"clade";7776:"Gnathostomata":"clade";7742:"Vertebrata":"clade";89593:"Craniata":"subphylum";7711:"Chordata":"phylum";33511:"Deuterostomia":"clade";33213:"Bilateria":"clade";6072:"Eumetazoa":"clade";33208:"Metazoa":"kingdom";33154:"Opisthokonta":"clade";2759:"Eukaryota":"domain";131567:"cellular organisms":"cellular root";1:"root":"no rank"	0.149031	0.767969	0.032088	245.292499	-46.957830	986.000000	0.024131	6.176030	0.148292	0.764181	0.031825	227.388126	0.138044	0.159755	0.716948	0.813186	0.028013	0.035961	160.041510	303.361700	442	1875	0.235733	0.181119	0.026095	122	1810	0.067403	0.066668	0.016937	62	1757	0.035287	0.040111	0.013347	77	1764	0.043651	0.033949	0.012316	49	1695	0.028909	0.032520	0.012093	258	1907	0.135291	0.181119	0.026070	112	1975	0.056709	0.066668	0.016853	88	1723	0.051074	0.040111	0.013364	38	1547	0.024564	0.033949	0.012421	44	1639	0.026846	0.032520	0.012119
simadna_md.fq	simadna_md.fq	32525	"Theria"	"clade"	8791	2421	52.999846	166.372275	0.394033	0.005686	32525:"Theria":"clade"	32525:"Theria":"clade";40674:"Mammalia":"class";32524:"Amniota":"clade";32523:"Tetrapoda":"clade";1338369:"Dipnotetrapodomorpha":"clade";8287:"Sarcopterygii":"superclass";117571:"Euteleostomi":"clade";117570:"Teleostomi":"clade";7776:"Gnathostomata":"clade";7742:"Vertebrata":"clade";89593:"Craniata":"subphylum";7711:"Chordata":"phylum";33511:"Deuterostomia":"clade";33213:"Bilateria":"clade";6072:"Eumetazoa":"clade";33208:"Metazoa":"kingdom";33154:"Opisthokonta":"clade";2759:"Eukaryota":"domain";131567:"cellular organisms":"cellular root";1:"root":"no rank"	0.149031	0.767969	0.032088	245.292300	-46.957830	3284.000000	0.024131	6.176028	0.148292	0.764181	0.031825	227.388149	0.138044	0.159755	0.716948	0.813186	0.028013	0.035961	160.041915	303.360534	442	1875	0.235733	0.181119	0.026095	122	1810	0.067403	0.066668	0.016937	62	1757	0.035287	0.040111	0.013347	77	1764	0.043651	0.033949	0.012316	49	1695	0.028909	0.032520	0.012093	258	1907	0.135291	0.181119	0.026070	112	1975	0.056709	0.066668	0.016853	88	1723	0.051074	0.040111	0.013364	38	1547	0.024564	0.033949	0.012421	44	1639	0.026846	0.032520	0.012119
simadna_md.fq	simadna_md.fq	33154	"Opisthokonta"	"clade"	8791	2421	53.871545	166.585167	0.411271	0.006143	33154:"Opisthokonta":"clade"	33154:"Opisthokonta":"clade";2759:"Eukaryota":"domain";131567:"cellular organisms":"cellular root";1:"root":"no rank"	0.149031	0.767969	0.032088	245.293274	-46.957830	3272.000000	0.024130	6.176038	0.148292	0.764181	0.031825	227.388003	0.138044	0.159755	0.716947	0.813186	0.028013	0.035961	160.042233	303.361227	442	1875	0.235733	0.181119	0.026095	122	1810	0.067403	0.066668	0.016937	62	1757	0.035287	0.040111	0.013347	77	1764	0.043651	0.033949	0.012316	49	1695	0.028909	0.032520	0.012093	258	1907	0.135291	0.181119	0.026070	112	1975	0.056709	0.066668	0.016853	88	1723	0.051074	0.040111	0.013363	38	1547	0.024564	0.033949	0.012421	44	1639	0.026846	0.032520	0.012119
simadna_md.fq	simadna_md.fq	33208	"Metazoa"	"kingdom"	8791	2421	53.894802	166.927230	0.409547	0.006101	33208:"Metazoa":"kingdom"	33208:"Metazoa":"kingdom";33154:"Opisthokonta":"clade";2759:"Eukaryota":"domain";131567:"cellular organisms":"cellular root";1:"root":"no rank"	0.149031	0.767969	0.032088	245.292557	-46.957830	3908.000000	0.024131	6.176030	0.148292	0.764181	0.031825	227.388114	0.138044	0.159755	0.716948	0.813186	0.028013	0.035961	160.041915	303.361100	442	1875	0.235733	0.181119	0.026095	122	1810	0.067403	0.066668	0.016937	62	1757	0.035287	0.040111	0.013347	77	1764	0.043651	0.033949	0.012316	49	1695	0.028909	0.032520	0.012093	258	1907	0.135291	0.181119	0.026070	112	1975	0.056709	0.066668	0.016853	88	1723	0.051074	0.040111	0.013364	38	1547	0.024564	0.033949	0.012421	44	1639	0.026846	0.032520	0.012119
simadna_md.fq	simadna_md.fq	33213	"Bilateria"	"clade"	8791	2421	53.834130	167.002795	0.405929	0.006013	33213:"Bilateria":"clade"	33213:"Bilateria":"clade";6072:"Eumetazoa":"clade";33208:"Metazoa":"kingdom";33154:"Opisthokonta":"clade";2759:"Eukaryota":"domain";131567:"cellular organisms":"cellular root";1:"root":"no rank"	0.149031	0.767969	0.032088	245.292130	-46.957830	3527.000000	0.024131	6.176025	0.148292	0.764181	0.031825	227.387957	0.138044	0.159755	0.716948	0.813186	0.028013	0.035961	160.041832	303.360978	442	1875	0.235733	0.181119	0.026095	122	1810	0.067403	0.066668	0.016937	62	1757	0.035287	0.040111	0.013347	77	1764	0.043651	0.033950	0.012316	49	1695	0.028909	0.032520	0.012093	258	1907	0.135291	0.181119	0.026070	112	1975	0.056709	0.066668	0.016853	88	1723	0.051074	0.040111	0.013364	38	1547	0.024564	0.033950	0.012421	44	1639	0.026846	0.032520	0.012119
simadna_md.fq	simadna_md.fq	33511	"Deuterostomia"	"clade"	8791	2421	53.755976	166.777534	0.404072	0.005969	33511:"Deuterostomia":"clade"	33511:"Deuterostomia":"clade";33213:"Bilateria":"clade";6072:"Eumetazoa":"clade";33208:"Metazoa":"kingdom";33154:"Opisthokonta":"clade";2759:"Eukaryota":"domain";131567:"cellular organisms":"cellular root";1:"root":"no rank"	0.149031	0.767969	0.032088	245.292862	-46.957830	3093.000000	0.024130	6.176034	0.148292	0.764181	0.031825	227.388185	0.138044	0.159755	0.716948	0.813186	0.028013	0.035961	160.042037	303.361138	442	1875	0.235733	0.181119	0.026095	122	1810	0.067403	0.066668	0.016937	62	1757	0.035287	0.040111	0.013347	77	1764	0.043651	0.033949	0.012316	49	1695	0.028909	0.032520	0.012093	258	1907	0.135291	0.181119	0.026070	112	1975	0.056709	0.066668	0.016853	88	1723	0.051074	0.040111	0.013364	38	1547	0.024564	0.033949	0.012421	44	1639	0.026846	0.032520	0.012119
simadna_md.fq	simadna_md.fq	33553	"Sciuromorpha"	"suborder"	1	1	35.000000	0.000000	0.400000	0.000000	33553:"Sciuromorpha":"suborder"	33553:"Sciuromorpha":"suborder";9989:"Rodentia":"order";314147:"Glires":"clade";314146:"Euarchontoglires":"superorder";1437010:"Boreoeutheria":"clade";9347:"Eutheria":"clade";32525:"Theria":"clade";40674:"Mammalia":"class";32524:"Amniota":"clade";32523:"Tetrapoda":"clade";1338369:"Dipnotetrapodomorpha":"clade";8287:"Sarcopterygii":"superclass";117571:"Euteleostomi":"clade";117570:"Teleostomi":"clade";7776:"Gnathostomata":"clade";7742:"Vertebrata":"clade";89593:"Craniata":"subphylum";7711:"Chordata":"phylum";33511:"Deuterostomia":"clade";33213:"Bilateria":"clade";6072:"Eumetazoa":"clade";33208:"Metazoa":"kingdom";33154:"Opisthokonta":"clade";2759:"Eukaryota":"domain";131567:"cellular organisms":"cellular root";1:"root":"no rank"	0.000000	1.000000	0.000000	2.000000	-0.000000	554.000000	0.000100	0.000100	0.183953	1.000000	0.000000	5.702465	0.000000	0.459295	1.000000	1.000000	0.000000	0.000000	2.000000	9.600106	0	0	0.000000	0.000000	0.000000	0	0	0.000000	0.000000	0.000000	0	0	0.000000	0.000000	0.000000	0	1	0.000000	0.000000	0.000100	0	1	0.000000	0.000000	0.000100	0	0	0.000000	0.000000	0.000000	0	0	0.000000	0.000000	0.000000	0	0	0.000000	0.000000	0.000000	0	0	0.000000	0.000000	0.000000	0	0	0.000000	0.000000	0.000000
simadna_md.fq	simadna_md.fq	33554	"Carnivora"	"order"	1153	1036	55.687778	181.496137	0.419931	0.005704	33554:"Carnivora":"order"	33554:"Carnivora":"order";314145:"Laurasiatheria":"superorder";1437010:"Boreoeutheria":"clade";9347:"Eutheria":"clade";32525:"Theria":"clade";40674:"Mammalia":"class";32524:"Amniota":"clade";32523:"Tetrapoda":"clade";1338369:"Dipnotetrapodomorpha":"clade";8287:"Sarcopterygii":"superclass";117571:"Euteleostomi":"clade";117570:"Teleostomi":"clade";7776:"Gnathostomata":"clade";7742:"Vertebrata":"clade";89593:"Craniata":"subphylum";7711:"Chordata":"phylum";33511:"Deuterostomia":"clade";33213:"Bilateria":"clade";6072:"Eumetazoa":"clade";33208:"Metazoa":"kingdom";33154:"Opisthokonta":"clade";2759:"Eukaryota":"domain";131567:"cellular organisms":"cellular root";1:"root":"no rank"	0.168419	0.668932	0.027997	251.612278	-30.776073	1026.000000	0.032906	5.118120	0.166446	0.684708	0.028850	196.809731	0.134124	0.191542	0.580877	0.772244	0.017268	0.041630	53.941697	452.868126	55	264	0.208333	0.196415	0.034933	20	234	0.085470	0.083755	0.025108	7	222	0.031532	0.046456	0.019342	13	249	0.052209	0.034108	0.016193	13	279	0.046595	0.030020	0.014806	46	254	0.181102	0.196415	0.035267	19	240	0.079167	0.083755	0.024945	17	242	0.070248	0.046456	0.018913	1	250	0.004000	0.034108	0.016176	6	260	0.023077	0.030020	0.015061
simadna_md.fq	simadna_md.fq	35497	"Suina"	"suborder"	2625	448	53.361810	176.809247	0.386302	0.005664	35497:"Suina":"suborder"	35497:"Suina":"suborder";91561:"Artiodactyla":"order";314145:"Laurasiatheria":"superorder";1437010:"Boreoeutheria":"clade";9347:"Eutheria":"clade";32525:"Theria":"clade";40674:"Mammalia":"class";32524:"Amniota":"clade";32523:"Tetrapoda":"clade";1338369:"Dipnotetrapodomorpha":"clade";8287:"Sarcopterygii":"superclass";117571:"Euteleostomi":"clade";117570:"Teleostomi":"clade";7776:"Gnathostomata":"clade";7742:"Vertebrata":"clade";89593:"Craniata":"subphylum";7711:"Chordata":"phylum";33511:"Deuterostomia":"clade";33213:"Bilateria":"clade";6072:"Eumetazoa":"clade";33208:"Metazoa":"kingdom";33154:"Opisthokonta":"clade";2759:"Eukaryota":"domain";131567:"cellular organisms":"cellular root";1:"root":"no rank"	0.124991	0.753934	0.026412	243.036855	-35.007462	1463.000000	0.025420	4.916957	0.125976	0.733768	0.025963	219.318027	0.111445	0.144764	0.619773	0.892892	0.015485	0.033228	136.051085	425.801019	100	550	0.181818	0.151403	0.027552	21	503	0.041750	0.057168	0.018099	11	537	0.020484	0.033980	0.013978	28	558	0.050179	0.028274	0.012713	7	464	0.015086	0.026870	0.012778	66	532	0.124060	0.151403	0.027695	33	542	0.060886	0.057168	0.017886	28	512	0.054688	0.033980	0.014084	13	471	0.027601	0.028274	0.013064	9	519	0.017341	0.026870	0.012543
simadna_md.fq	simadna_md.fq	35500	"Pecora"	"infraorder"	4283	727	52.640718	173.846442	0.385407	0.005856	35500:"Pecora":"infraorder"	35500:"Pecora":"infraorder";9845:"Ruminantia":"suborder";91561:"Artiodactyla":"order";314145:"Laurasiatheria":"superorder";1437010:"Boreoeutheria":"clade";9347:"Eutheria":"clade";32525:"Theria":"clade";40674:"Mammalia":"class";32524:"Amniota":"clade";32523:"Tetrapoda":"clade";1338369:"Dipnotetrapodomorpha":"clade";8287:"Sarcopterygii":"superclass";117571:"Euteleostomi":"clade";117570:"Teleostomi":"clade";7776:"Gnathostomata":"clade";7742:"Vertebrata":"clade";89593:"Craniata":"subphylum";7711:"Chordata":"phylum";33511:"Deuterostomia":"clade";33213:"Bilateria":"clade";6072:"Eumetazoa":"clade";33208:"Metazoa":"kingdom";33154:"Opisthokonta":"clade";2759:"Eukaryota":"domain";131567:"cellular organisms":"cellular root";1:"root":"no rank"	0.156842	0.790504	0.041118	154.405979	-42.804814	3899.000000	0.031569	4.968190	0.157851	0.792563	0.042184	136.676521	0.146633	0.171028	0.733817	0.868106	0.035573	0.048285	94.391781	189.869450	251	902	0.278271	0.197960	0.034591	74	917	0.080698	0.073975	0.022694	43	867	0.049596	0.048001	0.018612	35	812	0.043103	0.042560	0.017665	29	793	0.036570	0.041420	0.017471	127	955	0.132984	0.197960	0.034451	60	1047	0.057307	0.073975	0.022490	43	824	0.052184	0.048001	0.018686	24	680	0.035294	0.042560	0.017937	26	737	0.035278	0.041420	0.017579
simadna_md.fq	simadna_md.fq	37348	"Mammuthus"	"genus"	340	47	48.659575	110.980069	0.373296	0.002281	37348:"Mammuthus":"genus"	37348:"Mammuthus":"genus";9780:"Elephantidae":"family";9779:"Proboscidea":"order";311790:"Afrotheria":"superorder";9347:"Eutheria":"clade";32525:"Theria":"clade";40674:"Mammalia":"class";32524:"Amniota":"clade";32523:"Tetrapoda":"clade";1338369:"Dipnotetrapodomorpha":"clade";8287:"Sarcopterygii":"superclass";117571:"Euteleostomi":"clade";117570:"Teleostomi":"clade";7776:"Gnathostomata":"clade";7742:"Vertebrata":"clade";89593:"Craniata":"subphylum";7711:"Chordata":"phylum";33511:"Deuterostomia":"clade";33213:"Bilateria":"clade";6072:"Eumetazoa":"clade";33208:"Metazoa":"kingdom";33154:"Opisthokonta":"clade";2759:"Eukaryota":"domain";131567:"cellular organisms":"cellular root";1:"root":"no rank"	0.188508	0.870806	0.000000	12.512102	-11.090982	1376.000000	0.115519	1.631828	0.190840	0.875152	0.000000	17.576418	0.148656	0.234644	0.810669	0.916945	0.000000	0.000000	4.919846	32.578284	21	70	0.300000	0.188508	0.115519	4	57	0.070175	0.024354	0.046309	0	61	0.000000	0.003146	0.016725	0	60	0.000000	0.000407	0.006029	0	75	0.000000	0.000053	0.002130	6	84	0.071429	0.188508	0.114050	0	67	0.000000	0.024354	0.045683	0	67	0.000000	0.003146	0.016597	0	68	0.000000	0.000407	0.005967	0	49	0.000000	0.000053	0.002209
simadna_md.fq	simadna_md.fq	37349	"Mammuthus primigenius"	"species"	171	2	36.500000	2.250000	0.317293	0.002931	37349:"Mammuthus primigenius":"species"	37349:"Mammuthus primigenius":"species";37348:"Mammuthus":"genus";9780:"Elephantidae":"family";9779:"Proboscidea":"order";311790:"Afrotheria":"superorder";9347:"Eutheria":"clade";32525:"Theria":"clade";40674:"Mammalia":"class";32524:"Amniota":"clade";32523:"Tetrapoda":"clade";1338369:"Dipnotetrapodomorpha":"clade";8287:"Sarcopterygii":"superclass";117571:"Euteleostomi":"clade";117570:"Teleostomi":"clade";7776:"Gnathostomata":"clade";7742:"Vertebrata":"clade";89593:"Craniata":"subphylum";7711:"Chordata":"phylum";33511:"Deuterostomia":"clade";33213:"Bilateria":"clade";6072:"Eumetazoa":"clade";33208:"Metazoa":"kingdom";33154:"Opisthokonta":"clade";2759:"Eukaryota":"domain";131567:"cellular organisms":"cellular root";1:"root":"no rank"	0.177936	0.855257	0.000000	20.318303	-8.640258	309.000000	0.104138	1.708659	0.166162	0.831617	0.000000	6392.939083	0.118224	0.227206	0.745848	0.897283	0.000000	0.000000	6.216477	96.273795	10	35	0.285714	0.177936	0.104138	2	29	0.068966	0.025755	0.044740	0	30	0.000000	0.003728	0.017094	0	30	0.000000	0.000540	0.006514	0	37	0.000000	0.000078	0.002382	3	42	0.071429	0.177936	0.100900	0	33	0.000000	0.025755	0.043608	0	33	0.000000	0.003728	0.016777	0	34	0.000000	0.000540	0.006357	0	25	0.000000	0.000078	0.002577
simadna_md.fq	simadna_md.fq	40674	"Mammalia"	"class"	8791	2421	53.005367	165.808345	0.394153	0.005711	40674:"Mammalia":"class"	40674:"Mammalia":"class";32524:"Amniota":"clade";32523:"Tetrapoda":"clade";1338369:"Dipnotetrapodomorpha":"clade";8287:"Sarcopterygii":"superclass";117571:"Euteleostomi":"clade";117570:"Teleostomi":"clade";7776:"Gnathostomata":"clade";7742:"Vertebrata":"clade";89593:"Craniata":"subphylum";7711:"Chordata":"phylum";33511:"Deuterostomia":"clade";33213:"Bilateria":"clade";6072:"Eumetazoa":"clade";33208:"Metazoa":"kingdom";33154:"Opisthokonta":"clade";2759:"Eukaryota":"domain";131567:"cellular organisms":"cellular root";1:"root":"no rank"	0.149031	0.767969	0.032088	245.293007	-46.957830	1113.000000	0.024130	6.176035	0.148292	0.764181	0.031825	227.388048	0.138044	0.159755	0.716948	0.813186	0.028013	0.035961	160.041680	303.361447	442	1875	0.235733	0.181119	0.026095	122	1810	0.067403	0.066668	0.016937	62	1757	0.035287	0.040111	0.013347	77	1764	0.043651	0.033949	0.012316	49	1695	0.028909	0.032520	0.012093	258	1907	0.135291	0.181119	0.026070	112	1975	0.056709	0.066668	0.016853	88	1723	0.051074	0.040111	0.013364	38	1547	0.024564	0.033949	0.012421	44	1639	0.026846	0.032520	0.012119
simadna_md.fq	simadna_md.fq	55153	"Sciuridae"	"family"	1	1	35.000000	0.000000	0.400000	0.000000	55153:"Sciuridae":"family"	55153:"Sciuridae":"family";33553:"Sciuromorpha":"suborder";9989:"Rodentia":"order";314147:"Glires":"clade";314146:"Euarchontoglires":"superorder";1437010:"Boreoeutheria":"clade";9347:"Eutheria":"clade";32525:"Theria":"clade";40674:"Mammalia":"class";32524:"Amniota":"clade";32523:"Tetrapoda":"clade";1338369:"Dipnotetrapodomorpha":"clade";8287:"Sarcopterygii":"superclass";117571:"Euteleostomi":"clade";117570:"Teleostomi":"clade";7776:"Gnathostomata":"clade";7742:"Vertebrata":"clade";89593:"Craniata":"subphylum";7711:"Chordata":"phylum";33511:"Deuterostomia":"clade";33213:"Bilateria":"clade";6072:"Eumetazoa":"clade";33208:"Metazoa":"kingdom";33154:"Opisthokonta":"clade";2759:"Eukaryota":"domain";131567:"cellular organisms":"cellular root";1:"root":"no rank"	0.000000	1.000000	0.000000	8.174802	-0.000000	615.000000	0.000100	0.000100	0.166964	1.000000	0.000000	6.609349	0.000000	0.622149	1.000000	1.000000	0.000000	0.000000	2.000000	9.358787	0	0	0.000000	0.000000	0.000000	0	0	0.000000	0.000000	0.000000	0	0	0.000000	0.000000	0.000000	0	1	0.000000	0.000000	0.000100	0	1	0.000000	0.000000	0.000100	0	0	0.000000	0.000000	0.000000	0	0	0.000000	0.000000	0.000000	0	0	0.000000	0.000000	0.000000	0	0	0.000000	0.000000	0.000000	0	0	0.000000	0.000000	0.000000
simadna_md.fq	simadna_md.fq	55155	"Petaurista"	"genus"	1	1	35.000000	0.000000	0.400000	0.000000	55155:"Petaurista":"genus"	55155:"Petaurista":"genus";337748:"Pteromyini":"tribe";9991:"Sciurinae":"subfamily";55153:"Sciuridae":"family";33553:"Sciuromorpha":"suborder";9989:"Rodentia":"order";314147:"Glires":"clade";314146:"Euarchontoglires":"superorder";1437010:"Boreoeutheria":"clade";9347:"Eutheria":"clade";32525:"Theria":"clade";40674:"Mammalia":"class";32524:"Amniota":"clade";32523:"Tetrapoda":"clade";1338369:"Dipnotetrapodomorpha":"clade";8287:"Sarcopterygii":"superclass";117571:"Euteleostomi":"clade";117570:"Teleostomi":"clade";7776:"Gnathostomata":"clade";7742:"Vertebrata":"clade";89593:"Craniata":"subphylum";7711:"Chordata":"phylum";33511:"Deuterostomia":"clade";33213:"Bilateria":"clade";6072:"Eumetazoa":"clade";33208:"Metazoa":"kingdom";33154:"Opisthokonta":"clade";2759:"Eukaryota":"domain";131567:"cellular organisms":"cellular root";1:"root":"no rank"	0.000000	1.000000	0.000000	2.000000	-0.000000	52.000000	0.000100	0.000100	0.235865	0.987733	0.000000	4.877290	0.000000	0.809872	1.000000	1.000000	0.000000	0.000000	2.000000	7.114369	0	0	0.000000	0.000000	0.000000	0	0	0.000000	0.000000	0.000000	0	0	0.000000	0.000000	0.000000	0	1	0.000000	0.000000	0.000100	0	1	0.000000	0.000000	0.000100	0	0	0.000000	0.000000	0.000000	0	0	0.000000	0.000000	0.000000	0	0	0.000000	0.000000	0.000000	0	0	0.000000	0.000000	0.000000	0	0	0.000000	0.000000	0.000000
simadna_md.fq	simadna_md.fq	63221	"Homo sapiens neanderthalensis"	"subspecies"	36	4	39.000000	9.666667	0.429579	0.000889	63221:"Homo sapiens neanderthalensis":"subspecies"	63221:"Homo sapiens neanderthalensis":"subspecies";9606:"Homo sapiens":"species";9605:"Homo":"genus";207598:"Homininae":"subfamily";9604:"Hominidae":"family";314295:"Hominoidea":"superfamily";9526:"Catarrhini":"parvorder";314293:"Simiiformes":"infraorder";376913:"Haplorrhini":"suborder";9443:"Primates":"order";314146:"Euarchontoglires":"superorder";1437010:"Boreoeutheria":"clade";9347:"Eutheria":"clade";32525:"Theria":"clade";40674:"Mammalia":"class";32524:"Amniota":"clade";32523:"Tetrapoda":"clade";1338369:"Dipnotetrapodomorpha":"clade";8287:"Sarcopterygii":"superclass";117571:"Euteleostomi":"clade";117570:"Teleostomi":"clade";7776:"Gnathostomata":"clade";7742:"Vertebrata":"clade";89593:"Craniata":"subphylum";7711:"Chordata":"phylum";33511:"Deuterostomia":"clade";33213:"Bilateria":"clade";6072:"Eumetazoa":"clade";33208:"Metazoa":"kingdom";33154:"Opisthokonta":"clade";2759:"Eukaryota":"domain";131567:"cellular organisms":"cellular root";1:"root":"no rank"	0.056828	0.448014	0.000000	57480.074001	-4.860748	5891.000000	0.081858	0.694232	0.085161	0.785580	0.008452	20188.717047	0.000000	0.165846	0.402103	1.000000	0.000000	0.029281	2.000000	65378.355402	0	8	0.000000	0.056828	0.081858	0	12	0.000000	0.031368	0.050324	1	8	0.125000	0.017315	0.046121	0	10	0.000000	0.009558	0.030770	0	7	0.000000	0.005276	0.027382	1	7	0.142857	0.056828	0.087509	0	8	0.000000	0.031368	0.061632	0	8	0.000000	0.017315	0.046121	0	6	0.000000	0.009558	0.039722	0	10	0.000000	0.005276	0.022910
simadna_md.fq	simadna_md.fq	89094	"Petaurista alborufus"	"species"	1	1	35.000000	0.000000	0.400000	0.000000	89094:"Petaurista alborufus":"species"	89094:"Petaurista alborufus":"species";55155:"Petaurista":"genus";337748:"Pteromyini":"tribe";9991:"Sciurinae":"subfamily";55153:"Sciuridae":"family";33553:"Sciuromorpha":"suborder";9989:"Rodentia":"order";314147:"Glires":"clade";314146:"Euarchontoglires":"superorder";1437010:"Boreoeutheria":"clade";9347:"Eutheria":"clade";32525:"Theria":"clade";40674:"Mammalia":"class";32524:"Amniota":"clade";32523:"Tetrapoda":"clade";1338369:"Dipnotetrapodomorpha":"clade";8287:"Sarcopterygii":"superclass";117571:"Euteleostomi":"clade";117570:"Teleostomi":"clade";7776:"Gnathostomata":"clade";7742:"Vertebrata":"clade";89593:"Craniata":"subphylum";7711:"Chordata":"phylum";33511:"Deuterostomia":"clade";33213:"Bilateria":"clade";6072:"Eumetazoa":"clade";33208:"Metazoa":"kingdom";33154:"Opisthokonta":"clade";2759:"Eukaryota":"domain";131567:"cellular organisms":"cellular root";1:"root":"no rank"	0.000000	1.000000	0.000000	2.299580	-0.000000	526.000000	0.000100	0.000100	0.227467	1.000000	0.000000	3.863568	0.000000	0.768589	1.000000	1.000000	0.000000	0.000000	2.000000	8.759887	0	0	0.000000	0.000000	0.000000	0	0	0.000000	0.000000	0.000000	0	0	0.000000	0.000000	0.000000	0	1	0.000000	0.000000	0.000100	0	1	0.000000	0.000000	0.000100	0	0	0.000000	0.000000	0.000000	0	0	0.000000	0.000000	0.000000	0	0	0.000000	0.000000	0.000000	0	0	0.000000	0.000000	0.000000	0	0	0.000000	0.000000	0.000000
simadna_md.fq	simadna_md.fq	89593	"Craniata"	"subphylum"	8791	2421	53.532067	165.987644	0.400436	0.005885	89593:"Craniata":"subphylum"	89593:"Craniata":"subphylum";7711:"Chordata":"phylum";33511:"Deuterostomia":"clade";33213:"Bilateria":"clade";6072:"Eumetazoa":"clade";33208:"Metazoa":"kingdom";33154:"Opisthokonta":"clade";2759:"Eukaryota":"domain";131567:"cellular organisms":"cellular root";1:"root":"no rank"	0.149031	0.767969	0.032088	245.292296	-46.957830	3159.000000	0.024131	6.176028	0.148292	0.764181	0.031825	227.388159	0.138044	0.159755	0.716948	0.813186	0.028013	0.035961	160.041795	303.361023	442	1875	0.235733	0.181119	0.026095	122	1810	0.067403	0.066668	0.016937	62	1757	0.035287	0.040111	0.013347	77	1764	0.043651	0.033949	0.012316	49	1695	0.028909	0.032520	0.012093	258	1907	0.135291	0.181119	0.026070	112	1975	0.056709	0.066668	0.016853	88	1723	0.051074	0.040111	0.013364	38	1547	0.024564	0.033949	0.012421	44	1639	0.026846	0.032520	0.012119
simadna_md.fq	simadna_md.fq	91561	"Artiodactyla"	"order"	6908	1175	52.930128	171.298623	0.386562	0.005730	91561:"Artiodactyla":"order"	91561:"Artiodactyla":"order";314145:"Laurasiatheria":"superorder";1437010:"Boreoeutheria":"clade";9347:"Eutheria":"clade";32525:"Theria":"clade";40674:"Mammalia":"class";32524:"Amniota":"clade";32523:"Tetrapoda":"clade";1338369:"Dipnotetrapodomorpha":"clade";8287:"Sarcopterygii":"superclass";117571:"Euteleostomi":"clade";117570:"Teleostomi":"clade";7776:"Gnathostomata":"clade";7742:"Vertebrata":"clade";89593:"Craniata":"subphylum";7711:"Chordata":"phylum";33511:"Deuterostomia":"clade";33213:"Bilateria":"clade";6072:"Eumetazoa":"clade";33208:"Metazoa":"kingdom";33154:"Opisthokonta":"clade";2759:"Eukaryota":"domain";131567:"cellular organisms":"cellular root";1:"root":"no rank"	0.145074	0.772212	0.035167	217.017323	-45.320213	556.000000	0.025572	5.673215	0.147752	0.772484	0.034688	206.730027	0.136209	0.155327	0.682771	0.833112	0.030675	0.039413	148.125810	275.156252	351	1452	0.241736	0.180241	0.027911	95	1420	0.066901	0.068213	0.018333	54	1404	0.038462	0.042695	0.014712	63	1370	0.045985	0.036882	0.013738	36	1257	0.028640	0.035558	0.013581	193	1487	0.129792	0.180241	0.027868	93	1589	0.058527	0.068213	0.018203	71	1336	0.053144	0.042695	0.014762	37	1151	0.032146	0.036882	0.013916	35	1256	0.027866	0.035558	0.013582
simadna_md.fq	simadna_md.fq	95911	"Hyaena"	"genus"	99	3	60.333332	16.444447	0.293418	0.000148	95911:"Hyaena":"genus"	95911:"Hyaena":"genus";9676:"Hyaenidae":"family";379583:"Feliformia":"suborder";33554:"Carnivora":"order";314145:"Laurasiatheria":"superorder";1437010:"Boreoeutheria":"clade";9347:"Eutheria":"clade";32525:"Theria":"clade";40674:"Mammalia":"class";32524:"Amniota":"clade";32523:"Tetrapoda":"clade";1338369:"Dipnotetrapodomorpha":"clade";8287:"Sarcopterygii":"superclass";117571:"Euteleostomi":"clade";117570:"Teleostomi":"clade";7776:"Gnathostomata":"clade";7742:"Vertebrata":"clade";89593:"Craniata":"subphylum";7711:"Chordata":"phylum";33511:"Deuterostomia":"clade";33213:"Bilateria":"clade";6072:"Eumetazoa":"clade";33208:"Metazoa":"kingdom";33154:"Opisthokonta":"clade";2759:"Eukaryota":"domain";131567:"cellular organisms":"cellular root";1:"root":"no rank"	0.079200	0.665943	0.073873	56092.893594	-15.026372	4273.000000	0.077965	1.015849	0.077212	0.623199	0.071150	13050.780408	0.000065	0.182083	0.000000	1.000000	0.040707	0.104332	6.725870	77972.170727	0	12	0.000000	0.153073	0.103950	2	13	0.153846	0.100330	0.083336	0	13	0.000000	0.082711	0.076403	0	16	0.000000	0.076825	0.066587	3	21	0.142857	0.074859	0.057437	4	16	0.250000	0.153073	0.090027	2	16	0.125000	0.100330	0.075120	2	20	0.100000	0.082711	0.061602	1	25	0.040000	0.076825	0.053274	2	18	0.111111	0.074859	0.062038
simadna_md.fq	simadna_md.fq	95912	"Hyaena hyaena"	"species"	99	3	60.333332	16.444447	0.293418	0.000148	95912:"Hyaena hyaena":"species"	95912:"Hyaena hyaena":"species";95911:"Hyaena":"genus";9676:"Hyaenidae":"family";379583:"Feliformia":"suborder";33554:"Carnivora":"order";314145:"Laurasiatheria":"superorder";1437010:"Boreoeutheria":"clade";9347:"Eutheria":"clade";32525:"Theria":"clade";40674:"Mammalia":"class";32524:"Amniota":"clade";32523:"Tetrapoda":"clade";1338369:"Dipnotetrapodomorpha":"clade";8287:"Sarcopterygii":"superclass";117571:"Euteleostomi":"clade";117570:"Teleostomi":"clade";7776:"Gnathostomata":"clade";7742:"Vertebrata":"clade";89593:"Craniata":"subphylum";7711:"Chordata":"phylum";33511:"Deuterostomia":"clade";33213:"Bilateria":"clade";6072:"Eumetazoa":"clade";33208:"Metazoa":"kingdom";33154:"Opisthokonta":"clade";2759:"Eukaryota":"domain";131567:"cellular organisms":"cellular root";1:"root":"no rank"	0.079127	0.666141	0.073963	111687.519107	-15.026233	8836.000000	0.077928	1.015385	0.077214	0.623250	0.071141	18673.685818	0.000217	0.182112	0.000000	1.000000	0.040707	0.104333	6.725868	89802.329413	0	12	0.000000	0.153090	0.103950	2	13	0.153846	0.100380	0.083350	0	13	0.000000	0.082783	0.076429	0	16	0.000000	0.076908	0.066616	3	21	0.142857	0.074946	0.057463	4	16	0.250000	0.153090	0.090025	2	16	0.125000	0.100380	0.075132	2	20	0.100000	0.082783	0.061621	1	25	0.040000	0.076908	0.053295	2	18	0.111111	0.074946	0.062066
simadna_md.fq	simadna_md.fq	117570	"Teleostomi"	"clade"	8791	2421	53.158155	164.720071	0.395991	0.005784	117570:"Teleostomi":"clade"	117570:"Teleostomi":"clade";7776:"Gnathostomata":"clade";7742:"Vertebrata":"clade";89593:"Craniata":"subphylum";7711:"Chordata":"phylum";33511:"Deuterostomia":"clade";33213:"Bilateria":"clade";6072:"Eumetazoa":"clade";33208:"Metazoa":"kingdom";33154:"Opisthokonta":"clade";2759:"Eukaryota":"domain";131567:"cellular organisms":"cellular root";1:"root":"no rank"	0.149031	0.767969	0.032088	245.292024	-46.957830	3016.000000	0.024131	6.176024	0.148292	0.764181	0.031825	227.388185	0.138044	0.159755	0.716948	0.813185	0.028013	0.035961	160.041951	303.361571	442	1875	0.235733	0.181119	0.026095	122	1810	0.067403	0.066668	0.016937	62	1757	0.035287	0.040111	0.013347	77	1764	0.043651	0.033949	0.012316	49	1695	0.028909	0.032520	0.012093	258	1907	0.135291	0.181119	0.026070	112	1975	0.056709	0.066668	0.016853	88	1723	0.051074	0.040111	0.013364	38	1547	0.024564	0.033949	0.012421	44	1639	0.026846	0.032520	0.012119
simadna_md.fq	simadna_md.fq	117571	"Euteleostomi"	"clade"	8791	2421	53.063093	164.479417	0.395015	0.005762	117571:"Euteleostomi":"clade"	117571:"Euteleostomi":"clade";117570:"Teleostomi":"clade";7776:"Gnathostomata":"clade";7742:"Vertebrata":"clade";89593:"Craniata":"subphylum";7711:"Chordata":"phylum";33511:"Deuterostomia":"clade";33213:"Bilateria":"clade";6072:"Eumetazoa":"clade";33208:"Metazoa":"kingdom";33154:"Opisthokonta":"clade";2759:"Eukaryota":"domain";131567:"cellular organisms":"cellular root";1:"root":"no rank"	0.149031	0.767969	0.032088	245.292202	-46.957830	4614.000000	0.024131	6.176027	0.148292	0.764181	0.031825	227.388145	0.138044	0.159755	0.716948	0.813186	0.028013	0.035961	160.041964	303.360766	442	1875	0.235733	0.181119	0.026095	122	1810	0.067403	0.066668	0.016937	62	1757	0.035287	0.040111	0.013347	77	1764	0.043651	0.033949	0.012316	49	1695	0.028909	0.032520	0.012093	258	1907	0.135291	0.181119	0.026070	112	1975	0.056709	0.066668	0.016853	88	1723	0.051074	0.040111	0.013364	38	1547	0.024564	0.033949	0.012421	44	1639	0.026846	0.032520	0.012119
simadna_md.fq	simadna_md.fq	131567	"cellular organisms"	"cellular root"	8791	2421	53.715699	165.275759	0.414515	0.006219	131567:"cellular organisms":"cellular root"	131567:"cellular organisms":"cellular root";1:"root":"no rank"	0.149031	0.767969	0.032088	245.293218	-46.957830	2801.000000	0.024130	6.176038	0.148292	0.764181	0.031825	227.387993	0.138044	0.159755	0.716948	0.813186	0.028013	0.035961	160.041937	303.361055	442	1875	0.235733	0.181119	0.026095	122	1810	0.067403	0.066668	0.016937	62	1757	0.035287	0.040111	0.013347	77	1764	0.043651	0.033949	0.012316	49	1695	0.028909	0.032520	0.012093	258	1907	0.135291	0.181119	0.026070	112	1975	0.056709	0.066668	0.016853	88	1723	0.051074	0.040111	0.013363	38	1547	0.024564	0.033949	0.012421	44	1639	0.026846	0.032520	0.012119
simadna_md.fq	simadna_md.fq	207598	"Homininae"	"subfamily"	138	35	53.057814	229.983831	0.457712	0.006438	207598:"Homininae":"subfamily"	207598:"Homininae":"subfamily";9604:"Hominidae":"family";314295:"Hominoidea":"superfamily";9526:"Catarrhini":"parvorder";314293:"Simiiformes":"infraorder";376913:"Haplorrhini":"suborder";9443:"Primates":"order";314146:"Euarchontoglires":"superorder";1437010:"Boreoeutheria":"clade";9347:"Eutheria":"clade";32525:"Theria":"clade";40674:"Mammalia":"class";32524:"Amniota":"clade";32523:"Tetrapoda":"clade";1338369:"Dipnotetrapodomorpha":"clade";8287:"Sarcopterygii":"superclass";117571:"Euteleostomi":"clade";117570:"Teleostomi":"clade";7776:"Gnathostomata":"clade";7742:"Vertebrata":"clade";89593:"Craniata":"subphylum";7711:"Chordata":"phylum";33511:"Deuterostomia":"clade";33213:"Bilateria":"clade";6072:"Eumetazoa":"clade";33208:"Metazoa":"kingdom";33154:"Opisthokonta":"clade";2759:"Eukaryota":"domain";131567:"cellular organisms":"cellular root";1:"root":"no rank"	0.077616	0.613719	0.000000	19.675697	-9.406411	715.000000	0.075721	1.025038	0.082448	0.748831	0.000652	8557.791293	0.055113	0.126392	0.522545	1.000000	0.000000	0.000000	2.942688	68127.493251	0	30	0.000000	0.077616	0.075721	1	53	0.018868	0.029982	0.043918	1	29	0.034483	0.011581	0.030484	0	47	0.000000	0.004474	0.017481	0	26	0.000000	0.001728	0.012107	5	24	0.208333	0.077616	0.079381	0	29	0.000000	0.029982	0.048590	0	32	0.000000	0.011581	0.029901	0	26	0.000000	0.004474	0.019453	0	28	0.000000	0.001728	0.011919
simadna_md.fq	simadna_md.fq	273789	"Sus celebensis"	"species"	333	1	49.000000	0.000000	0.346939	0.000000	273789:"Sus celebensis":"species"	273789:"Sus celebensis":"species";9822:"Sus":"genus";9821:"Suidae":"family";35497:"Suina":"suborder";91561:"Artiodactyla":"order";314145:"Laurasiatheria":"superorder";1437010:"Boreoeutheria":"clade";9347:"Eutheria":"clade";32525:"Theria":"clade";40674:"Mammalia":"class";32524:"Amniota":"clade";32523:"Tetrapoda":"clade";1338369:"Dipnotetrapodomorpha":"clade";8287:"Sarcopterygii":"superclass";117571:"Euteleostomi":"clade";117570:"Teleostomi":"clade";7776:"Gnathostomata":"clade";7742:"Vertebrata":"clade";89593:"Craniata":"subphylum";7711:"Chordata":"phylum";33511:"Deuterostomia":"clade";33213:"Bilateria":"clade";6072:"Eumetazoa":"clade";33208:"Metazoa":"kingdom";33154:"Opisthokonta":"clade";2759:"Eukaryota":"domain";131567:"cellular organisms":"cellular root";1:"root":"no rank"	0.092698	1.000000	0.058381	155838.570558	-19.492446	4105.000000	0.034426	2.692725	0.097851	0.958139	0.054999	51561.921809	0.064412	0.130909	0.887290	1.000000	0.041431	0.070404	32.233462	174608.691136	13	71	0.183099	0.151079	0.042511	3	66	0.045455	0.058381	0.028866	3	66	0.045455	0.058381	0.028866	6	69	0.086957	0.058381	0.028232	2	60	0.033333	0.058381	0.030275	8	68	0.117647	0.151079	0.043439	2	66	0.030303	0.058381	0.028866	7	71	0.098592	0.058381	0.027832	4	63	0.063492	0.058381	0.029545	4	70	0.057143	0.058381	0.028030
simadna_md.fq	simadna_md.fq	310261	"Sus scrofa taivanus"	"subspecies"	440	20	42.849998	64.548820	0.372496	0.002514	310261:"Sus scrofa taivanus":"subspecies"	310261:"Sus scrofa taivanus":"subspecies";9823:"Sus scrofa":"species";9822:"Sus":"genus";9821:"Suidae":"family";35497:"Suina":"suborder";91561:"Artiodactyla":"order";314145:"Laurasiatheria":"superorder";1437010:"Boreoeutheria":"clade";9347:"Eutheria":"clade";32525:"Theria":"clade";40674:"Mammalia":"class";32524:"Amniota":"clade";32523:"Tetrapoda":"clade";1338369:"Dipnotetrapodomorpha":"clade";8287:"Sarcopterygii":"superclass";117571:"Euteleostomi":"clade";117570:"Teleostomi":"clade";7776:"Gnathostomata":"clade";7742:"Vertebrata":"clade";89593:"Craniata":"subphylum";7711:"Chordata":"phylum";33511:"Deuterostomia":"clade";33213:"Bilateria":"clade";6072:"Eumetazoa":"clade";33208:"Metazoa":"kingdom";33154:"Opisthokonta":"clade";2759:"Eukaryota":"domain";131567:"cellular organisms":"cellular root";1:"root":"no rank"	0.162743	0.612675	0.006449	127608.762177	-16.971783	7647.000000	0.038291	4.250178	0.165824	0.639069	0.007637	47236.025241	0.118988	0.216181	0.437248	0.933521	0.000000	0.022541	33.192718	150076.785343	19	93	0.204301	0.169192	0.038892	4	84	0.047619	0.069484	0.027753	2	94	0.021277	0.030864	0.017845	2	97	0.020619	0.015906	0.012708	1	84	0.011905	0.010112	0.010920	12	84	0.142857	0.169192	0.040921	6	93	0.064516	0.069484	0.026377	4	78	0.051282	0.030864	0.019589	2	80	0.025000	0.015906	0.013992	0	85	0.000000	0.010112	0.010855
simadna_md.fq	simadna_md.fq	311790	"Afrotheria"	"superorder"	590	173	49.584463	159.489267	0.378894	0.004071	311790:"Afrotheria":"superorder"	311790:"Afrotheria":"superorder";9347:"Eutheria":"clade";32525:"Theria":"clade";40674:"Mammalia":"class";32524:"Amniota":"clade";32523:"Tetrapoda":"clade";1338369:"Dipnotetrapodomorpha":"clade";8287:"Sarcopterygii":"superclass";117571:"Euteleostomi":"clade";117570:"Teleostomi":"clade";7776:"Gnathostomata":"clade";7742:"Vertebrata":"clade";89593:"Craniata":"subphylum";7711:"Chordata":"phylum";33511:"Deuterostomia":"clade";33213:"Bilateria":"clade";6072:"Eumetazoa":"clade";33208:"Metazoa":"kingdom";33154:"Opisthokonta":"clade";2759:"Eukaryota":"domain";131567:"cellular organisms":"cellular root";1:"root":"no rank"	0.178602	0.941017	0.009791	22.606251	-19.252006	1491.000000	0.085511	2.088638	0.189237	0.939388	0.008084	27.508485	0.156262	0.233348	0.903408	0.971807	0.003605	0.011755	12.852977	42.387050	36	128	0.281250	0.188393	0.087299	6	103	0.058252	0.020325	0.032073	0	101	0.000000	0.010412	0.023112	1	97	0.010309	0.009827	0.022545	0	132	0.000000	0.009793	0.021935	14	142	0.098592	0.188393	0.086650	0	117	0.000000	0.020325	0.031725	0	113	0.000000	0.010412	0.022887	0	119	0.000000	0.009827	0.022148	3	94	0.031915	0.009793	0.022574
simadna_md.fq	simadna_md.fq	314145	"Laurasiatheria"	"superorder"	8061	2211	53.193711	169.920466	0.391854	0.005736	314145:"Laurasiatheria":"superorder"	314145:"Laurasiatheria":"superorder";1437010:"Boreoeutheria":"clade";9347:"Eutheria":"clade";32525:"Theria":"clade";40674:"Mammalia":"class";32524:"Amniota":"clade";32523:"Tetrapoda":"clade";1338369:"Dipnotetrapodomorpha":"clade";8287:"Sarcopterygii":"superclass";117571:"Euteleostomi":"clade";117570:"Teleostomi":"clade";7776:"Gnathostomata":"clade";7742:"Vertebrata":"clade";89593:"Craniata":"subphylum";7711:"Chordata":"phylum";33511:"Deuterostomia":"clade";33213:"Bilateria":"clade";6072:"Eumetazoa":"clade";33208:"Metazoa":"kingdom";33154:"Opisthokonta":"clade";2759:"Eukaryota":"domain";131567:"cellular organisms":"cellular root";1:"root":"no rank"	0.148521	0.754235	0.034056	247.685625	-46.364070	4463.000000	0.024123	6.156793	0.146735	0.747150	0.034082	227.821895	0.135529	0.159958	0.681495	0.803257	0.026900	0.039156	178.768041	317.266047	406	1716	0.236597	0.182577	0.026206	115	1654	0.069528	0.070557	0.017412	61	1626	0.037515	0.043027	0.013813	76	1619	0.046943	0.036261	0.012729	49	1536	0.031901	0.034598	0.012489	239	1741	0.137277	0.182577	0.026182	112	1829	0.061236	0.070557	0.017304	88	1578	0.055767	0.043027	0.013841	38	1401	0.027123	0.036261	0.012859	41	1516	0.027045	0.034598	0.012500
simadna_md.fq	simadna_md.fq	314146	"Euarchontoglires"	"superorder"	140	37	48.960666	143.823059	0.453126	0.006096	314146:"Euarchontoglires":"superorder"	314146:"Euarchontoglires":"superorder";1437010:"Boreoeutheria":"clade";9347:"Eutheria":"clade";32525:"Theria":"clade";40674:"Mammalia":"class";32524:"Amniota":"clade";32523:"Tetrapoda":"clade";1338369:"Dipnotetrapodomorpha":"clade";8287:"Sarcopterygii":"superclass";117571:"Euteleostomi":"clade";117570:"Teleostomi":"clade";7776:"Gnathostomata":"clade";7742:"Vertebrata":"clade";89593:"Craniata":"subphylum";7711:"Chordata":"phylum";33511:"Deuterostomia":"clade";33213:"Bilateria":"clade";6072:"Eumetazoa":"clade";33208:"Metazoa":"kingdom";33154:"Opisthokonta":"clade";2759:"Eukaryota":"domain";131567:"cellular organisms":"cellular root";1:"root":"no rank"	0.076789	0.611322	0.000000	19.181262	-9.433640	1753.000000	0.075408	1.018317	0.079347	0.747112	0.000569	11961.069623	0.040493	0.138234	0.523313	1.000000	0.000000	0.000000	3.847515	75567.600259	0	31	0.000000	0.076789	0.075408	1	53	0.018868	0.029846	0.044204	1	30	0.033333	0.011601	0.030519	0	48	0.000000	0.004509	0.017643	0	27	0.000000	0.001753	0.012177	5	24	0.208333	0.076789	0.079500	0	29	0.000000	0.029846	0.048824	0	32	0.000000	0.011601	0.030145	0	27	0.000000	0.004509	0.019504	0	29	0.000000	0.001753	0.012001
simadna_md.fq	simadna_md.fq	314147	"Glires"	"clade"	1	1	35.000000	0.000000	0.400000	0.000000	314147:"Glires":"clade"	314147:"Glires":"clade";314146:"Euarchontoglires":"superorder";1437010:"Boreoeutheria":"clade";9347:"Eutheria":"clade";32525:"Theria":"clade";40674:"Mammalia":"class";32524:"Amniota":"clade";32523:"Tetrapoda":"clade";1338369:"Dipnotetrapodomorpha":"clade";8287:"Sarcopterygii":"superclass";117571:"Euteleostomi":"clade";117570:"Teleostomi":"clade";7776:"Gnathostomata":"clade";7742:"Vertebrata":"clade";89593:"Craniata":"subphylum";7711:"Chordata":"phylum";33511:"Deuterostomia":"clade";33213:"Bilateria":"clade";6072:"Eumetazoa":"clade";33208:"Metazoa":"kingdom";33154:"Opisthokonta":"clade";2759:"Eukaryota":"domain";131567:"cellular organisms":"cellular root";1:"root":"no rank"	0.013383	1.000000	0.000000	2.000000	-0.000000	109.000000	0.114907	0.116466	0.267331	0.985983	0.000000	4.109765	0.000000	0.767493	1.000000	1.000000	0.000000	0.000000	2.000000	8.858598	0	0	0.000000	0.013383	0.000000	0	0	0.000000	0.000000	0.000000	0	0	0.000000	0.000000	0.000000	0	1	0.000000	0.000000	0.000100	0	1	0.000000	0.000000	0.000100	0	0	0.000000	0.013383	0.000000	0	0	0.000000	0.000000	0.000000	0	0	0.000000	0.000000	0.000000	0	0	0.000000	0.000000	0.000000	0	0	0.000000	0.000000	0.000000
simadna_md.fq	simadna_md.fq	314293	"Simiiformes"	"infraorder"	139	36	50.646895	172.002224	0.456595	0.006223	314293:"Simiiformes":"infraorder"	314293:"Simiiformes":"infraorder";376913:"Haplorrhini":"suborder";9443:"Primates":"order";314146:"Euarchontoglires":"superorder";1437010:"Boreoeutheria":"clade";9347:"Eutheria":"clade";32525:"Theria":"clade";40674:"Mammalia":"class";32524:"Amniota":"clade";32523:"Tetrapoda":"clade";1338369:"Dipnotetrapodomorpha":"clade";8287:"Sarcopterygii":"superclass";117571:"Euteleostomi":"clade";117570:"Teleostomi":"clade";7776:"Gnathostomata":"clade";7742:"Vertebrata":"clade";89593:"Craniata":"subphylum";7711:"Chordata":"phylum";33511:"Deuterostomia":"clade";33213:"Bilateria":"clade";6072:"Eumetazoa":"clade";33208:"Metazoa":"kingdom";33154:"Opisthokonta":"clade";2759:"Eukaryota":"domain";131567:"cellular organisms":"cellular root";1:"root":"no rank"	0.076735	0.610732	0.000000	19.186253	-9.431584	1058.000000	0.075378	1.018007	0.079855	0.738747	0.000649	15891.387629	0.040421	0.134461	0.502574	1.000000	0.000000	0.000000	3.847540	138403.892435	0	31	0.000000	0.076735	0.075378	1	53	0.018868	0.029871	0.044218	1	30	0.033333	0.011628	0.030552	0	47	0.000000	0.004526	0.017729	0	26	0.000000	0.001762	0.012306	5	24	0.208333	0.076735	0.079469	0	29	0.000000	0.029871	0.048840	0	32	0.000000	0.011628	0.030177	0	27	0.000000	0.004526	0.019540	0	29	0.000000	0.001762	0.012032
simadna_md.fq	simadna_md.fq	314295	"Hominoidea"	"superfamily"	139	36	52.038735	203.867618	0.457638	0.006351	314295:"Hominoidea":"superfamily"	314295:"Hominoidea":"superfamily";9526:"Catarrhini":"parvorder";314293:"Simiiformes":"infraorder";376913:"Haplorrhini":"suborder";9443:"Primates":"order";314146:"Euarchontoglires":"superorder";1437010:"Boreoeutheria":"clade";9347:"Eutheria":"clade";32525:"Theria":"clade";40674:"Mammalia":"class";32524:"Amniota":"clade";32523:"Tetrapoda":"clade";1338369:"Dipnotetrapodomorpha":"clade";8287:"Sarcopterygii":"superclass";117571:"Euteleostomi":"clade";117570:"Teleostomi":"clade";7776:"Gnathostomata":"clade";7742:"Vertebrata":"clade";89593:"Craniata":"subphylum";7711:"Chordata":"phylum";33511:"Deuterostomia":"clade";33213:"Bilateria":"clade";6072:"Eumetazoa":"clade";33208:"Metazoa":"kingdom";33154:"Opisthokonta":"clade";2759:"Eukaryota":"domain";131567:"cellular organisms":"cellular root";1:"root":"no rank"	0.076735	0.610732	0.000000	19.186245	-9.431584	994.000000	0.075378	1.018005	0.079858	0.738739	0.000649	17141.828290	0.040421	0.134461	0.502574	1.000000	0.000000	0.000000	3.847519	107420.913160	0	31	0.000000	0.076735	0.075378	1	53	0.018868	0.029871	0.044218	1	30	0.033333	0.011628	0.030552	0	47	0.000000	0.004526	0.017729	0	26	0.000000	0.001762	0.012306	5	24	0.208333	0.076735	0.079469	0	29	0.000000	0.029871	0.048839	0	32	0.000000	0.011628	0.030177	0	27	0.000000	0.004526	0.019540	0	29	0.000000	0.001762	0.012032
simadna_md.fq	simadna_md.fq	337748	"Pteromyini"	"tribe"	1	1	35.000000	0.000000	0.400000	0.000000	337748:"Pteromyini":"tribe"	337748:"Pteromyini":"tribe";9991:"Sciurinae":"subfamily";55153:"Sciuridae":"family";33553:"Sciuromorpha":"suborder";9989:"Rodentia":"order";314147:"Glires":"clade";314146:"Euarchontoglires":"superorder";1437010:"Boreoeutheria":"clade";9347:"Eutheria":"clade";32525:"Theria":"clade";40674:"Mammalia":"class";32524:"Amniota":"clade";32523:"Tetrapoda":"clade";1338369:"Dipnotetrapodomorpha":"clade";8287:"Sarcopterygii":"superclass";117571:"Euteleostomi":"clade";117570:"Teleostomi":"clade";7776:"Gnathostomata":"clade";7742:"Vertebrata":"clade";89593:"Craniata":"subphylum";7711:"Chordata":"phylum";33511:"Deuterostomia":"clade";33213:"Bilateria":"clade";6072:"Eumetazoa":"clade";33208:"Metazoa":"kingdom";33154:"Opisthokonta":"clade";2759:"Eukaryota":"domain";131567:"cellular organisms":"cellular root";1:"root":"no rank"	0.337491	1.000000	0.000000	2.000000	-0.000000	53.000000	0.472854	0.713732	0.225468	0.991227	0.000000	5.404095	0.000000	0.525062	0.996798	1.000000	0.000000	0.000000	2.000000	9.933631	0	0	0.000000	0.337491	0.000000	0	0	0.000000	0.000000	0.000000	0	0	0.000000	0.000000	0.000000	0	1	0.000000	0.000000	0.000100	0	1	0.000000	0.000000	0.000100	0	0	0.000000	0.337491	0.000000	0	0	0.000000	0.000000	0.000000	0	0	0.000000	0.000000	0.000000	0	0	0.000000	0.000000	0.000000	0	0	0.000000	0.000000	0.000000
simadna_md.fq	simadna_md.fq	376913	"Haplorrhini"	"suborder"	139	36	50.062751	159.915591	0.455804	0.006170	376913:"Haplorrhini":"suborder"	376913:"Haplorrhini":"suborder";9443:"Primates":"order";314146:"Euarchontoglires":"superorder";1437010:"Boreoeutheria":"clade";9347:"Eutheria":"clade";32525:"Theria":"clade";40674:"Mammalia":"class";32524:"Amniota":"clade";32523:"Tetrapoda":"clade";1338369:"Dipnotetrapodomorpha":"clade";8287:"Sarcopterygii":"superclass";117571:"Euteleostomi":"clade";117570:"Teleostomi":"clade";7776:"Gnathostomata":"clade";7742:"Vertebrata":"clade";89593:"Craniata":"subphylum";7711:"Chordata":"phylum";33511:"Deuterostomia":"clade";33213:"Bilateria":"clade";6072:"Eumetazoa":"clade";33208:"Metazoa":"kingdom";33154:"Opisthokonta":"clade";2759:"Eukaryota":"domain";131567:"cellular organisms":"cellular root";1:"root":"no rank"	0.076735	0.610731	0.000000	19.186255	-9.431584	1201.000000	0.075378	1.018005	0.079860	0.738723	0.000649	10698.948118	0.040421	0.134459	0.502574	1.000000	0.000000	0.000000	3.847520	50644.361997	0	31	0.000000	0.076735	0.075378	1	53	0.018868	0.029871	0.044218	1	30	0.033333	0.011628	0.030552	0	47	0.000000	0.004526	0.017729	0	26	0.000000	0.001762	0.012306	5	24	0.208333	0.076735	0.079469	0	29	0.000000	0.029871	0.048840	0	32	0.000000	0.011628	0.030177	0	27	0.000000	0.004526	0.019540	0	29	0.000000	0.001762	0.012032
simadna_md.fq	simadna_md.fq	379583	"Feliformia"	"suborder"	1153	1036	55.775899	182.966013	0.421057	0.005564	379583:"Feliformia":"suborder"	379583:"Feliformia":"suborder";33554:"Carnivora":"order";314145:"Laurasiatheria":"superorder";1437010:"Boreoeutheria":"clade";9347:"Eutheria":"clade";32525:"Theria":"clade";40674:"Mammalia":"class";32524:"Amniota":"clade";32523:"Tetrapoda":"clade";1338369:"Dipnotetrapodomorpha":"clade";8287:"Sarcopterygii":"superclass";117571:"Euteleostomi":"clade";117570:"Teleostomi":"clade";7776:"Gnathostomata":"clade";7742:"Vertebrata":"clade";89593:"Craniata":"subphylum";7711:"Chordata":"phylum";33511:"Deuterostomia":"clade";33213:"Bilateria":"clade";6072:"Eumetazoa":"clade";33208:"Metazoa":"kingdom";33154:"Opisthokonta":"clade";2759:"Eukaryota":"domain";131567:"cellular organisms":"cellular root";1:"root":"no rank"	0.168419	0.668932	0.027997	251.611925	-30.776073	3158.000000	0.032906	5.118119	0.166446	0.684708	0.028850	196.810497	0.134124	0.191542	0.580877	0.772244	0.017268	0.041630	53.941658	452.865186	55	264	0.208333	0.196415	0.034933	20	234	0.085470	0.083755	0.025108	7	222	0.031532	0.046456	0.019342	13	249	0.052209	0.034108	0.016193	13	279	0.046595	0.030020	0.014806	46	254	0.181102	0.196415	0.035267	19	240	0.079167	0.083755	0.024945	17	242	0.070248	0.046456	0.018913	1	250	0.004000	0.034108	0.016176	6	260	0.023077	0.030020	0.015061
simadna_md.fq	simadna_md.fq	1027716	"Mammuthus columbi"	"species"	169	1	41.000000	0.000000	0.463415	0.000000	1027716:"Mammuthus columbi":"species"	1027716:"Mammuthus columbi":"species";37348:"Mammuthus":"genus";9780:"Elephantidae":"family";9779:"Proboscidea":"order";311790:"Afrotheria":"superorder";9347:"Eutheria":"clade";32525:"Theria":"clade";40674:"Mammalia":"class";32524:"Amniota":"clade";32523:"Tetrapoda":"clade";1338369:"Dipnotetrapodomorpha":"clade";8287:"Sarcopterygii":"superclass";117571:"Euteleostomi":"clade";117570:"Teleostomi":"clade";7776:"Gnathostomata":"clade";7742:"Vertebrata":"clade";89593:"Craniata":"subphylum";7711:"Chordata":"phylum";33511:"Deuterostomia":"clade";33213:"Bilateria":"clade";6072:"Eumetazoa":"clade";33208:"Metazoa":"kingdom";33154:"Opisthokonta":"clade";2759:"Eukaryota":"domain";131567:"cellular organisms":"cellular root";1:"root":"no rank"	0.191671	0.857072	0.000000	15.585573	-8.910653	1566.000000	0.116195	1.649568	0.181731	0.839866	0.000000	2117.138226	0.131216	0.232126	0.751843	0.894346	0.000000	0.000000	5.524695	70.033332	11	35	0.314286	0.191671	0.116195	2	28	0.071429	0.027395	0.050007	0	31	0.000000	0.003916	0.018799	0	30	0.000000	0.000560	0.007159	0	38	0.000000	0.000080	0.002608	3	42	0.071429	0.191671	0.113172	0	34	0.000000	0.027395	0.048404	0	34	0.000000	0.003916	0.018519	0	34	0.000000	0.000560	0.007013	0	24	0.000000	0.000080	0.002820
simadna_md.fq	simadna_md.fq	1338369	"Dipnotetrapodomorpha"	"clade"	8791	2421	52.963835	164.492928	0.394024	0.005734	1338369:"Dipnotetrapodomorpha":"clade"	1338369:"Dipnotetrapodomorpha":"clade";8287:"Sarcopterygii":"superclass";117571:"Euteleostomi":"clade";117570:"Teleostomi":"clade";7776:"Gnathostomata":"clade";7742:"Vertebrata":"clade";89593:"Craniata":"subphylum";7711:"Chordata":"phylum";33511:"Deuterostomia":"clade";33213:"Bilateria":"clade";6072:"Eumetazoa":"clade";33208:"Metazoa":"kingdom";33154:"Opisthokonta":"clade";2759:"Eukaryota":"domain";131567:"cellular organisms":"cellular root";1:"root":"no rank"	0.149031	0.767969	0.032088	245.292809	-46.957830	1528.000000	0.024131	6.176034	0.148292	0.764181	0.031825	227.388135	0.138044	0.159755	0.716948	0.813186	0.028013	0.035961	160.041598	303.361049	442	1875	0.235733	0.181119	0.026095	122	1810	0.067403	0.066668	0.016937	62	1757	0.035287	0.040111	0.013347	77	1764	0.043651	0.033949	0.012316	49	1695	0.028909	0.032520	0.012093	258	1907	0.135291	0.181119	0.026070	112	1975	0.056709	0.066668	0.016853	88	1723	0.051074	0.040111	0.013364	38	1547	0.024564	0.033949	0.012421	44	1639	0.026846	0.032520	0.012119
simadna_md.fq	simadna_md.fq	1437010	"Boreoeutheria"	"clade"	8201	2248	53.205021	168.555830	0.393733	0.005741	1437010:"Boreoeutheria":"clade"	1437010:"Boreoeutheria":"clade";9347:"Eutheria":"clade";32525:"Theria":"clade";40674:"Mammalia":"class";32524:"Amniota":"clade";32523:"Tetrapoda":"clade";1338369:"Dipnotetrapodomorpha":"clade";8287:"Sarcopterygii":"superclass";117571:"Euteleostomi":"clade";117570:"Teleostomi":"clade";7776:"Gnathostomata":"clade";7742:"Vertebrata":"clade";89593:"Craniata":"subphylum";7711:"Chordata":"phylum";33511:"Deuterostomia":"clade";33213:"Bilateria":"clade";6072:"Eumetazoa":"clade";33208:"Metazoa":"kingdom";33154:"Opisthokonta":"clade";2759:"Eukaryota":"domain";131567:"cellular organisms":"cellular root";1:"root":"no rank"	0.147948	0.757418	0.033355	273.487557	-46.056873	3401.000000	0.023047	6.419509	0.146395	0.749958	0.033210	246.663982	0.135471	0.159985	0.673607	0.816889	0.026111	0.039528	185.154457	373.559381	406	1747	0.232398	0.181304	0.025008	116	1707	0.067955	0.069245	0.016505	62	1656	0.037440	0.042061	0.013078	76	1667	0.045591	0.035467	0.012045	49	1563	0.031350	0.033868	0.011835	244	1765	0.138244	0.181304	0.024991	112	1858	0.060280	0.069245	0.016412	88	1610	0.054658	0.042061	0.013104	38	1428	0.026611	0.035467	0.012186	41	1545	0.026537	0.033868	0.011845
simadna.fq	simadna.fq	1	"root"	"no rank"	7994	2019	53.904069	196.506070	0.428158	0.006066	1:"root":"no rank"	1:"root":"no rank"	0.000000	0.000000	0.015580	1525.496414	-34.064856	4093.000000	0.000004	0.002852	0.000514	0.100000	0.015203	968.593600	0.000000	0.001696	0.000000	1.000000	0.012608	0.017518	496.713373	1264.650820	25	1739	0.014376	0.015580	0.004343	26	1533	0.016960	0.015580	0.004477	24	1837	0.013065	0.015580	0.004288	34	1639	0.020744	0.015580	0.004404	25	1762	0.014188	0.015580	0.004330	22	1650	0.013333	0.015580	0.004397	11	1527	0.007204	0.015580	0.004482	30	1671	0.017953	0.015580	0.004384	23	1666	0.013806	0.015580	0.004387	38	1560	0.024359	0.015580	0.004458
simadna.fq	simadna.fq	2759	"Eukaryota"	"domain"	7994	2019	54.561712	194.188020	0.424762	0.005934	2759:"Eukaryota":"domain"	2759:"Eukaryota":"domain";131567:"cellular organisms":"cellular root";1:"root":"no rank"	0.001744	0.000000	0.013836	1525.546500	-34.064856	2842.000000	0.001463	1.192070	0.000878	0.100000	0.014839	968.588725	0.000000	0.004593	0.000000	1.000000	0.010621	0.017596	496.712081	1264.573988	25	1739	0.014376	0.015580	0.004343	26	1533	0.016960	0.015580	0.004477	24	1837	0.013065	0.015580	0.004288	34	1639	0.020744	0.015580	0.004404	25	1762	0.014188	0.015580	0.004330	22	1650	0.013333	0.015580	0.004397	11	1527	0.007204	0.015580	0.004482	30	1671	0.017953	0.015580	0.004384	23	1666	0.013806	0.015580	0.004387	38	1560	0.024359	0.015580	0.004458
simadna.fq	simadna.fq	6072	"Eumetazoa"	"clade"	7994	2019	55.260663	189.624857	0.419431	0.005767	6072:"Eumetazoa":"clade"	6072:"Eumetazoa":"clade";33208:"Metazoa":"kingdom";33154:"Opisthokonta":"clade";2759:"Eukaryota":"domain";131567:"cellular organisms":"cellular root";1:"root":"no rank"	0.000000	0.000000	0.015580	1525.544743	-34.064856	1590.000000	0.000004	0.002852	0.000753	0.100000	0.014964	968.589916	0.000000	0.004278	0.000000	1.000000	0.010904	0.017588	496.715806	1264.633084	25	1739	0.014376	0.015580	0.004343	26	1533	0.016960	0.015580	0.004477	24	1837	0.013065	0.015580	0.004288	34	1639	0.020744	0.015580	0.004404	25	1762	0.014188	0.015580	0.004330	22	1650	0.013333	0.015580	0.004397	11	1527	0.007204	0.015580	0.004482	30	1671	0.017953	0.015580	0.004384	23	1666	0.013806	0.015580	0.004387	38	1560	0.024359	0.015580	0.004458
simadna.fq	simadna.fq	7711	"Chordata"	"phylum"	7994	2019	55.493144	183.744029	0.413760	0.005667	7711:"Chordata":"phylum"	7711:"Chordata":"phylum";33511:"Deuterostomia":"clade";33213:"Bilateria":"clade";6072:"Eumetazoa":"clade";33208:"Metazoa":"kingdom";33154:"Opisthokonta":"clade";2759:"Eukaryota":"domain";131567:"cellular organisms":"cellular root";1:"root":"no rank"	0.000000	0.000000	0.015580	1525.527057	-34.064856	4887.000000	0.000004	0.002852	0.001683	0.100000	0.014034	968.606717	0.000000	0.006337	0.000000	1.000000	0.008151	0.017596	496.712051	1264.710691	25	1739	0.014376	0.015580	0.004343	26	1533	0.016960	0.015580	0.004477	24	1837	0.013065	0.015580	0.004288	34	1639	0.020744	0.015580	0.004404	25	1762	0.014188	0.015580	0.004330	22	1650	0.013333	0.015580	0.004397	11	1527	0.007204	0.015580	0.004482	30	1671	0.017953	0.015580	0.004384	23	1666	0.013806	0.015580	0.004387	38	1560	0.024359	0.015580	0.004458
simadna.fq	simadna.fq	7742	"Vertebrata"	"clade"	7994	2019	55.385655	179.412781	0.409928	0.005640	7742:"Vertebrata":"clade"	7742:"Vertebrata":"clade";89593:"Craniata":"subphylum";7711:"Chordata":"phylum";33511:"Deuterostomia":"clade";33213:"Bilateria":"clade";6072:"Eumetazoa":"clade";33208:"Metazoa":"kingdom";33154:"Opisthokonta":"clade";2759:"Eukaryota":"domain";131567:"cellular organisms":"cellular root";1:"root":"no rank"	0.000000	0.000000	0.015580	1525.517400	-34.064856	4987.000000	0.000004	0.002852	0.000973	0.100000	0.014744	968.596992	0.000000	0.006008	0.000000	1.000000	0.008182	0.017596	496.713203	1264.659286	25	1739	0.014376	0.015580	0.004343	26	1533	0.016960	0.015580	0.004477	24	1837	0.013065	0.015580	0.004288	34	1639	0.020744	0.015580	0.004404	25	1762	0.014188	0.015580	0.004330	22	1650	0.013333	0.015580	0.004397	11	1527	0.007204	0.015580	0.004482	30	1671	0.017953	0.015580	0.004384	23	1666	0.013806	0.015580	0.004387	38	1560	0.024359	0.015580	0.004458
simadna.fq	simadna.fq	7776	"Gnathostomata"	"clade"	7994	2019	55.272179	177.298303	0.408099	0.005636	7776:"Gnathostomata":"clade"	7776:"Gnathostomata":"clade";7742:"Vertebrata":"clade";89593:"Craniata":"subphylum";7711:"Chordata":"phylum";33511:"Deuterostomia":"clade";33213:"Bilateria":"clade";6072:"Eumetazoa":"clade";33208:"Metazoa":"kingdom";33154:"Opisthokonta":"clade";2759:"Eukaryota":"domain";131567:"cellular organisms":"cellular root";1:"root":"no rank"	0.000000	0.000000	0.015580	1525.487323	-34.064856	1138.000000	0.000004	0.002852	0.000455	0.100002	0.015262	968.607457	0.000000	0.001916	0.000000	1.000000	0.013464	0.017351	496.710979	1264.642320	25	1739	0.014376	0.015580	0.004343	26	1533	0.016960	0.015580	0.004477	24	1837	0.013065	0.015580	0.004288	34	1639	0.020744	0.015580	0.004404	25	1762	0.014188	0.015580	0.004330	22	1650	0.013333	0.015580	0.004397	11	1527	0.007204	0.015580	0.004482	30	1671	0.017953	0.015580	0.004384	23	1666	0.013806	0.015580	0.004387	38	1560	0.024359	0.015580	0.004458
simadna.fq	simadna.fq	8287	"Sarcopterygii"	"superclass"	7994	2019	54.860057	172.245329	0.403777	0.005633	8287:"Sarcopterygii":"superclass"	8287:"Sarcopterygii":"superclass";117571:"Euteleostomi":"clade";117570:"Teleostomi":"clade";7776:"Gnathostomata":"clade";7742:"Vertebrata":"clade";89593:"Craniata":"subphylum";7711:"Chordata":"phylum";33511:"Deuterostomia":"clade";33213:"Bilateria":"clade";6072:"Eumetazoa":"clade";33208:"Metazoa":"kingdom";33154:"Opisthokonta":"clade";2759:"Eukaryota":"domain";131567:"cellular organisms":"cellular root";1:"root":"no rank"	0.000048	0.000000	0.015532	1525.542002	-34.064856	1063.000000	0.000243	0.197508	0.001346	0.100418	0.014371	968.599981	0.000000	0.009210	0.000000	1.000000	0.007940	0.016784	496.712123	1264.644795	25	1739	0.014376	0.015580	0.004343	26	1533	0.016960	0.015580	0.004477	24	1837	0.013065	0.015580	0.004288	34	1639	0.020744	0.015580	0.004404	25	1762	0.014188	0.015580	0.004330	22	1650	0.013333	0.015580	0.004397	11	1527	0.007204	0.015580	0.004482	30	1671	0.017953	0.015580	0.004384	23	1666	0.013806	0.015580	0.004387	38	1560	0.024359	0.015580	0.004458
simadna.fq	simadna.fq	9347	"Eutheria"	"clade"	7994	2019	55.283405	174.074195	0.406550	0.005587	9347:"Eutheria":"clade"	9347:"Eutheria":"clade";32525:"Theria":"clade";40674:"Mammalia":"class";32524:"Amniota":"clade";32523:"Tetrapoda":"clade";1338369:"Dipnotetrapodomorpha":"clade";8287:"Sarcopterygii":"superclass";117571:"Euteleostomi":"clade";117570:"Teleostomi":"clade";7776:"Gnathostomata":"clade";7742:"Vertebrata":"clade";89593:"Craniata":"subphylum";7711:"Chordata":"phylum";33511:"Deuterostomia":"clade";33213:"Bilateria":"clade";6072:"Eumetazoa":"clade";33208:"Metazoa":"kingdom";33154:"Opisthokonta":"clade";2759:"Eukaryota":"domain";131567:"cellular organisms":"cellular root";1:"root":"no rank"	0.000000	0.000000	0.015580	1525.410305	-34.064856	5155.000000	0.000004	0.002852	0.000664	0.100000	0.015053	968.599561	0.000000	0.004601	0.000000	1.000000	0.011020	0.017596	496.718821	1264.646086	25	1739	0.014376	0.015580	0.004343	26	1533	0.016960	0.015580	0.004477	24	1837	0.013065	0.015580	0.004289	34	1639	0.020744	0.015580	0.004404	25	1762	0.014188	0.015580	0.004330	22	1650	0.013333	0.015580	0.004397	11	1527	0.007204	0.015580	0.004482	30	1671	0.017953	0.015580	0.004384	23	1666	0.013806	0.015580	0.004387	38	1560	0.024359	0.015580	0.004458
simadna.fq	simadna.fq	9443	"Primates"	"order"	166	44	49.224581	203.604930	0.440913	0.006967	9443:"Primates":"order"	9443:"Primates":"order";314146:"Euarchontoglires":"superorder";1437010:"Boreoeutheria":"clade";9347:"Eutheria":"clade";32525:"Theria":"clade";40674:"Mammalia":"class";32524:"Amniota":"clade";32523:"Tetrapoda":"clade";1338369:"Dipnotetrapodomorpha":"clade";8287:"Sarcopterygii":"superclass";117571:"Euteleostomi":"clade";117570:"Teleostomi":"clade";7776:"Gnathostomata":"clade";7742:"Vertebrata":"clade";89593:"Craniata":"subphylum";7711:"Chordata":"phylum";33511:"Deuterostomia":"clade";33213:"Bilateria":"clade";6072:"Eumetazoa":"clade";33208:"Metazoa":"kingdom";33154:"Opisthokonta":"clade";2759:"Eukaryota":"domain";131567:"cellular organisms":"cellular root";1:"root":"no rank"	0.002933	0.000000	0.000000	136090.802912	-3.117009	1009.000000	0.007649	0.383438	0.000299	0.548651	0.002231	27525.738006	0.000000	0.002612	0.000000	1.000000	0.000000	0.007230	2.000000	157467.226768	0	50	0.000000	0.002933	0.007649	0	27	0.000000	0.002933	0.010408	0	26	0.000000	0.002933	0.010606	1	41	0.024390	0.002933	0.008447	0	25	0.000000	0.002933	0.010816	0	34	0.000000	0.002933	0.009275	0	33	0.000000	0.002933	0.009415	0	41	0.000000	0.002933	0.008447	0	36	0.000000	0.002933	0.009014	0	28	0.000000	0.002933	0.010221
simadna.fq	simadna.fq	9479	"Platyrrhini"	"parvorder"	3	3	37.333332	7.611114	0.572442	0.001063	9479:"Platyrrhini":"parvorder"	9479:"Platyrrhini":"parvorder";314293:"Simiiformes":"infraorder";376913:"Haplorrhini":"suborder";9443:"Primates":"order";314146:"Euarchontoglires":"superorder";1437010:"Boreoeutheria":"clade";9347:"Eutheria":"clade";32525:"Theria":"clade";40674:"Mammalia":"class";32524:"Amniota":"clade";32523:"Tetrapoda":"clade";1338369:"Dipnotetrapodomorpha":"clade";8287:"Sarcopterygii":"superclass";117571:"Euteleostomi":"clade";117570:"Teleostomi":"clade";7776:"Gnathostomata":"clade";7742:"Vertebrata":"clade";89593:"Craniata":"subphylum";7711:"Chordata":"phylum";33511:"Deuterostomia":"clade";33213:"Bilateria":"clade";6072:"Eumetazoa":"clade";33208:"Metazoa":"kingdom";33154:"Opisthokonta":"clade";2759:"Eukaryota":"domain";131567:"cellular organisms":"cellular root";1:"root":"no rank"	0.000000	1.000000	0.000000	2.000000	-0.000000	132.000000	0.000100	0.000100	0.000000	1.000000	0.000000	2.029605	0.000000	0.000000	1.000000	1.000000	0.000000	0.000000	2.000000	2.000000	0	0	0.000000	0.000000	0.000000	0	0	0.000000	0.000000	0.000000	0	0	0.000000	0.000000	0.000000	0	0	0.000000	0.000000	0.000000	0	1	0.000000	0.000000	0.000100	0	1	0.000000	0.000000	0.000141	0	1	0.000000	0.000000	0.000100	0	2	0.000000	0.000000	0.000082	0	1	0.000000	0.000000	0.000100	0	1	0.000000	0.000000	0.000100
simadna.fq	simadna.fq	9480	"Callitrichinae"	"subfamily"	3	3	37.333332	7.611114	0.572442	0.001063	9480:"Callitrichinae":"subfamily"	9480:"Callitrichinae":"subfamily";9498:"Cebidae":"family";9479:"Platyrrhini":"parvorder";314293:"Simiiformes":"infraorder";376913:"Haplorrhini":"suborder";9443:"Primates":"order";314146:"Euarchontoglires":"superorder";1437010:"Boreoeutheria":"clade";9347:"Eutheria":"clade";32525:"Theria":"clade";40674:"Mammalia":"class";32524:"Amniota":"clade";32523:"Tetrapoda":"clade";1338369:"Dipnotetrapodomorpha":"clade";8287:"Sarcopterygii":"superclass";117571:"Euteleostomi":"clade";117570:"Teleostomi":"clade";7776:"Gnathostomata":"clade";7742:"Vertebrata":"clade";89593:"Craniata":"subphylum";7711:"Chordata":"phylum";33511:"Deuterostomia":"clade";33213:"Bilateria":"clade";6072:"Eumetazoa":"clade";33208:"Metazoa":"kingdom";33154:"Opisthokonta":"clade";2759:"Eukaryota":"domain";131567:"cellular organisms":"cellular root";1:"root":"no rank"	0.000000	1.000000	0.000000	2.000000	-0.000000	278.000000	0.000100	0.000100	0.000000	0.999045	0.000000	2.077319	0.000000	0.000000	1.000000	1.000000	0.000000	0.000000	2.000000	2.304643	0	0	0.000000	0.000000	0.000000	0	0	0.000000	0.000000	0.000000	0	0	0.000000	0.000000	0.000000	0	0	0.000000	0.000000	0.000000	0	1	0.000000	0.000000	0.000100	0	1	0.000000	0.000000	0.000141	0	1	0.000000	0.000000	0.000100	0	2	0.000000	0.000000	0.000082	0	1	0.000000	0.000000	0.000100	0	1	0.000000	0.000000	0.000100
simadna.fq	simadna.fq	9498	"Cebidae"	"family"	3	3	37.333332	7.611114	0.572442	0.001063	9498:"Cebidae":"family"	9498:"Cebidae":"family";9479:"Platyrrhini":"parvorder";314293:"Simiiformes":"infraorder";376913:"Haplorrhini":"suborder";9443:"Primates":"order";314146:"Euarchontoglires":"superorder";1437010:"Boreoeutheria":"clade";9347:"Eutheria":"clade";32525:"Theria":"clade";40674:"Mammalia":"class";32524:"Amniota":"clade";32523:"Tetrapoda":"clade";1338369:"Dipnotetrapodomorpha":"clade";8287:"Sarcopterygii":"superclass";117571:"Euteleostomi":"clade";117570:"Teleostomi":"clade";7776:"Gnathostomata":"clade";7742:"Vertebrata":"clade";89593:"Craniata":"subphylum";7711:"Chordata":"phylum";33511:"Deuterostomia":"clade";33213:"Bilateria":"clade";6072:"Eumetazoa":"clade";33208:"Metazoa":"kingdom";33154:"Opisthokonta":"clade";2759:"Eukaryota":"domain";131567:"cellular organisms":"cellular root";1:"root":"no rank"	0.000000	1.000000	0.000000	2.000000	-0.000000	105.000000	0.000100	0.000100	0.000000	0.995043	0.000000	2.039367	0.000000	0.000000	0.988515	1.000000	0.000000	0.000000	2.000000	2.000000	0	0	0.000000	0.000000	0.000000	0	0	0.000000	0.000000	0.000000	0	0	0.000000	0.000000	0.000000	0	0	0.000000	0.000000	0.000000	0	1	0.000000	0.000000	0.000100	0	1	0.000000	0.000000	0.000141	0	1	0.000000	0.000000	0.000100	0	2	0.000000	0.000000	0.000082	0	1	0.000000	0.000000	0.000100	0	1	0.000000	0.000000	0.000100
simadna.fq	simadna.fq	9526	"Catarrhini"	"parvorder"	163	41	50.258864	212.865521	0.435032	0.007147	9526:"Catarrhini":"parvorder"	9526:"Catarrhini":"parvorder";314293:"Simiiformes":"infraorder";376913:"Haplorrhini":"suborder";9443:"Primates":"order";314146:"Euarchontoglires":"superorder";1437010:"Boreoeutheria":"clade";9347:"Eutheria":"clade";32525:"Theria":"clade";40674:"Mammalia":"class";32524:"Amniota":"clade";32523:"Tetrapoda":"clade";1338369:"Dipnotetrapodomorpha":"clade";8287:"Sarcopterygii":"superclass";117571:"Euteleostomi":"clade";117570:"Teleostomi":"clade";7776:"Gnathostomata":"clade";7742:"Vertebrata":"clade";89593:"Craniata":"subphylum";7711:"Chordata":"phylum";33511:"Deuterostomia":"clade";33213:"Bilateria":"clade";6072:"Eumetazoa":"clade";33208:"Metazoa":"kingdom";33154:"Opisthokonta":"clade";2759:"Eukaryota":"domain";131567:"cellular organisms":"cellular root";1:"root":"no rank"	0.000699	0.000000	0.002296	42660.338705	-3.096609	7548.000000	0.003740	0.186893	0.000367	0.448218	0.002193	23274.539628	0.000000	0.002988	0.000000	1.000000	0.000000	0.007501	2.000000	110164.910843	0	50	0.000000	0.002995	0.007733	0	27	0.000000	0.002995	0.010520	0	26	0.000000	0.002995	0.010720	1	41	0.024390	0.002995	0.008538	0	24	0.000000	0.002995	0.011158	0	33	0.000000	0.002995	0.009516	0	32	0.000000	0.002995	0.009664	0	39	0.000000	0.002995	0.008754	0	35	0.000000	0.002995	0.009241	0	27	0.000000	0.002995	0.010520
simadna.fq	simadna.fq	9604	"Hominidae"	"family"	163	41	50.806771	220.279461	0.435940	0.007223	9604:"Hominidae":"family"	9604:"Hominidae":"family";314295:"Hominoidea":"superfamily";9526:"Catarrhini":"parvorder";314293:"Simiiformes":"infraorder";376913:"Haplorrhini":"suborder";9443:"Primates":"order";314146:"Euarchontoglires":"superorder";1437010:"Boreoeutheria":"clade";9347:"Eutheria":"clade";32525:"Theria":"clade";40674:"Mammalia":"class";32524:"Amniota":"clade";32523:"Tetrapoda":"clade";1338369:"Dipnotetrapodomorpha":"clade";8287:"Sarcopterygii":"superclass";117571:"Euteleostomi":"clade";117570:"Teleostomi":"clade";7776:"Gnathostomata":"clade";7742:"Vertebrata":"clade";89593:"Craniata":"subphylum";7711:"Chordata":"phylum";33511:"Deuterostomia":"clade";33213:"Bilateria":"clade";6072:"Eumetazoa":"clade";33208:"Metazoa":"kingdom";33154:"Opisthokonta":"clade";2759:"Eukaryota":"domain";131567:"cellular organisms":"cellular root";1:"root":"no rank"	0.002993	0.000000	0.000000	89287.909684	-3.096328	4606.000000	0.007727	0.387305	0.000309	0.461194	0.002251	33775.849696	0.000000	0.002789	0.000000	1.000000	0.000000	0.007501	2.000000	169019.214215	0	50	0.000000	0.002993	0.007727	0	27	0.000000	0.002993	0.010514	0	26	0.000000	0.002993	0.010714	1	41	0.024390	0.002993	0.008533	0	24	0.000000	0.002993	0.011152	0	33	0.000000	0.002993	0.009511	0	32	0.000000	0.002993	0.009658	0	39	0.000000	0.002993	0.008749	0	35	0.000000	0.002993	0.009235	0	27	0.000000	0.002993	0.010514
simadna.fq	simadna.fq	9605	"Homo"	"genus"	148	35	51.714286	240.883248	0.443419	0.007436	9605:"Homo":"genus"	9605:"Homo":"genus";207598:"Homininae":"subfamily";9604:"Hominidae":"family";314295:"Hominoidea":"superfamily";9526:"Catarrhini":"parvorder";314293:"Simiiformes":"infraorder";376913:"Haplorrhini":"suborder";9443:"Primates":"order";314146:"Euarchontoglires":"superorder";1437010:"Boreoeutheria":"clade";9347:"Eutheria":"clade";32525:"Theria":"clade";40674:"Mammalia":"class";32524:"Amniota":"clade";32523:"Tetrapoda":"clade";1338369:"Dipnotetrapodomorpha":"clade";8287:"Sarcopterygii":"superclass";117571:"Euteleostomi":"clade";117570:"Teleostomi":"clade";7776:"Gnathostomata":"clade";7742:"Vertebrata":"clade";89593:"Craniata":"subphylum";7711:"Chordata":"phylum";33511:"Deuterostomia":"clade";33213:"Bilateria":"clade";6072:"Eumetazoa":"clade";33208:"Metazoa":"kingdom";33154:"Opisthokonta":"clade";2759:"Eukaryota":"domain";131567:"cellular organisms":"cellular root";1:"root":"no rank"	0.003226	0.000000	0.000000	216141.159867	-3.046185	6065.000000	0.008362	0.385807	0.000844	0.300000	0.002231	64155.158655	0.000000	0.003226	0.000000	1.000000	0.000000	0.005581	2.000000	240498.399353	0	46	0.000000	0.003226	0.008362	0	27	0.000000	0.003226	0.010914	0	21	0.000000	0.003226	0.012375	1	40	0.025000	0.003226	0.008967	0	24	0.000000	0.003226	0.011576	0	28	0.000000	0.003226	0.010717	0	32	0.000000	0.003226	0.010025	0	38	0.000000	0.003226	0.009200	0	27	0.000000	0.003226	0.010914	0	27	0.000000	0.003226	0.010914
simadna.fq	simadna.fq	9606	"Homo sapiens"	"species"	114	7	56.142857	356.472778	0.482903	0.012568	9606:"Homo sapiens":"species"	9606:"Homo sapiens":"species";9605:"Homo":"genus";207598:"Homininae":"subfamily";9604:"Hominidae":"family";314295:"Hominoidea":"superfamily";9526:"Catarrhini":"parvorder";314293:"Simiiformes":"infraorder";376913:"Haplorrhini":"suborder";9443:"Primates":"order";314146:"Euarchontoglires":"superorder";1437010:"Boreoeutheria":"clade";9347:"Eutheria":"clade";32525:"Theria":"clade";40674:"Mammalia":"class";32524:"Amniota":"clade";32523:"Tetrapoda":"clade";1338369:"Dipnotetrapodomorpha":"clade";8287:"Sarcopterygii":"superclass";117571:"Euteleostomi":"clade";117570:"Teleostomi":"clade";7776:"Gnathostomata":"clade";7742:"Vertebrata":"clade";89593:"Craniata":"subphylum";7711:"Chordata":"phylum";33511:"Deuterostomia":"clade";33213:"Bilateria":"clade";6072:"Eumetazoa":"clade";33208:"Metazoa":"kingdom";33154:"Opisthokonta":"clade";2759:"Eukaryota":"domain";131567:"cellular organisms":"cellular root";1:"root":"no rank"	0.001863	0.000000	0.002270	45023.787513	-3.053274	4428.000000	0.007093	0.262719	0.001020	0.549980	0.002378	10787.381715	0.000000	0.004133	0.000000	1.000000	0.000000	0.009979	2.000000	51374.530637	0	37	0.000000	0.004134	0.010552	0	21	0.000000	0.004134	0.014004	0	17	0.000000	0.004134	0.015564	1	31	0.032258	0.004134	0.011527	0	18	0.000000	0.004134	0.015126	0	22	0.000000	0.004134	0.013682	0	25	0.000000	0.004134	0.012835	0	30	0.000000	0.004134	0.011718	0	20	0.000000	0.004134	0.014350	0	21	0.000000	0.004134	0.014004
simadna.fq	simadna.fq	9655	"Mustelidae"	"family"	1	1	39.000000	0.000000	0.358974	0.000000	9655:"Mustelidae":"family"	9655:"Mustelidae":"family";3072906:"Musteloidea":"superfamily";379584:"Caniformia":"suborder";33554:"Carnivora":"order";314145:"Laurasiatheria":"superorder";1437010:"Boreoeutheria":"clade";9347:"Eutheria":"clade";32525:"Theria":"clade";40674:"Mammalia":"class";32524:"Amniota":"clade";32523:"Tetrapoda":"clade";1338369:"Dipnotetrapodomorpha":"clade";8287:"Sarcopterygii":"superclass";117571:"Euteleostomi":"clade";117570:"Teleostomi":"clade";7776:"Gnathostomata":"clade";7742:"Vertebrata":"clade";89593:"Craniata":"subphylum";7711:"Chordata":"phylum";33511:"Deuterostomia":"clade";33213:"Bilateria":"clade";6072:"Eumetazoa":"clade";33208:"Metazoa":"kingdom";33154:"Opisthokonta":"clade";2759:"Eukaryota":"domain";131567:"cellular organisms":"cellular root";1:"root":"no rank"	0.000000	1.000000	0.000000	2.000000	-0.000000	265.000000	0.000100	0.000100	0.000000	1.000000	0.000000	6.559620	0.000000	0.000000	1.000000	1.000000	0.000000	0.000000	2.000000	9.832868	0	1	0.000000	0.000000	0.000141	0	0	0.000000	0.000000	0.000000	0	0	0.000000	0.000000	0.000000	0	0	0.000000	0.000000	0.000000	0	1	0.000000	0.000000	0.000100	0	1	0.000000	0.000000	0.000141	0	1	0.000000	0.000000	0.000100	0	0	0.000000	0.000000	0.000000	0	0	0.000000	0.000000	0.000000	0	0	0.000000	0.000000	0.000000
simadna.fq	simadna.fq	9665	"Mustela"	"genus"	1	1	39.000000	0.000000	0.358974	0.000000	9665:"Mustela":"genus"	9665:"Mustela":"genus";169418:"Mustelinae":"subfamily";9655:"Mustelidae":"family";3072906:"Musteloidea":"superfamily";379584:"Caniformia":"suborder";33554:"Carnivora":"order";314145:"Laurasiatheria":"superorder";1437010:"Boreoeutheria":"clade";9347:"Eutheria":"clade";32525:"Theria":"clade";40674:"Mammalia":"class";32524:"Amniota":"clade";32523:"Tetrapoda":"clade";1338369:"Dipnotetrapodomorpha":"clade";8287:"Sarcopterygii":"superclass";117571:"Euteleostomi":"clade";117570:"Teleostomi":"clade";7776:"Gnathostomata":"clade";7742:"Vertebrata":"clade";89593:"Craniata":"subphylum";7711:"Chordata":"phylum";33511:"Deuterostomia":"clade";33213:"Bilateria":"clade";6072:"Eumetazoa":"clade";33208:"Metazoa":"kingdom";33154:"Opisthokonta":"clade";2759:"Eukaryota":"domain";131567:"cellular organisms":"cellular root";1:"root":"no rank"	0.000000	1.000000	0.000000	2.000000	-0.000000	216.000000	0.000100	0.000100	0.000000	1.000000	0.000000	5.347653	0.000000	0.000000	1.000000	1.000000	0.000000	0.000000	2.000000	9.552522	0	1	0.000000	0.000000	0.000141	0	0	0.000000	0.000000	0.000000	0	0	0.000000	0.000000	0.000000	0	0	0.000000	0.000000	0.000000	0	1	0.000000	0.000000	0.000100	0	1	0.000000	0.000000	0.000141	0	1	0.000000	0.000000	0.000100	0	0	0.000000	0.000000	0.000000	0	0	0.000000	0.000000	0.000000	0	0	0.000000	0.000000	0.000000
simadna.fq	simadna.fq	9676	"Hyaenidae"	"family"	922	822	57.582723	191.532443	0.427133	0.005084	9676:"Hyaenidae":"family"	9676:"Hyaenidae":"family";379583:"Feliformia":"suborder";33554:"Carnivora":"order";314145:"Laurasiatheria":"superorder";1437010:"Boreoeutheria":"clade";9347:"Eutheria":"clade";32525:"Theria":"clade";40674:"Mammalia":"class";32524:"Amniota":"clade";32523:"Tetrapoda":"clade";1338369:"Dipnotetrapodomorpha":"clade";8287:"Sarcopterygii":"superclass";117571:"Euteleostomi":"clade";117570:"Teleostomi":"clade";7776:"Gnathostomata":"clade";7742:"Vertebrata":"clade";89593:"Craniata":"subphylum";7711:"Chordata":"phylum";33511:"Deuterostomia":"clade";33213:"Bilateria":"clade";6072:"Eumetazoa":"clade";33208:"Metazoa":"kingdom";33154:"Opisthokonta":"clade";2759:"Eukaryota":"domain";131567:"cellular organisms":"cellular root";1:"root":"no rank"	0.000070	0.000000	0.014869	680.742457	-19.550503	4350.000000	0.000711	0.098171	0.002239	0.100000	0.013417	24838.095376	0.000000	0.011208	0.000000	1.000000	0.010237	0.017326	104.463743	87630.531117	2	173	0.011561	0.014938	0.010321	1	199	0.005025	0.014938	0.009768	2	217	0.009217	0.014938	0.009450	3	192	0.015625	0.014938	0.009905	4	175	0.022857	0.014938	0.010274	1	202	0.004950	0.014938	0.009712	1	173	0.005780	0.014938	0.010321	8	208	0.038462	0.014938	0.009604	4	206	0.019417	0.014938	0.009639	3	193	0.015544	0.014938	0.009885
simadna.fq	simadna.fq	9677	"Crocuta"	"genus"	846	757	57.614265	190.818863	0.429098	0.004981	9677:"Crocuta":"genus"	9677:"Crocuta":"genus";9676:"Hyaenidae":"family";379583:"Feliformia":"suborder";33554:"Carnivora":"order";314145:"Laurasiatheria":"superorder";1437010:"Boreoeutheria":"clade";9347:"Eutheria":"clade";32525:"Theria":"clade";40674:"Mammalia":"class";32524:"Amniota":"clade";32523:"Tetrapoda":"clade";1338369:"Dipnotetrapodomorpha":"clade";8287:"Sarcopterygii":"superclass";117571:"Euteleostomi":"clade";117570:"Teleostomi":"clade";7776:"Gnathostomata":"clade";7742:"Vertebrata":"clade";89593:"Craniata":"subphylum";7711:"Chordata":"phylum";33511:"Deuterostomia":"clade";33213:"Bilateria":"clade";6072:"Eumetazoa":"clade";33208:"Metazoa":"kingdom";33154:"Opisthokonta":"clade";2759:"Eukaryota":"domain";131567:"cellular organisms":"cellular root";1:"root":"no rank"	0.000000	1.000000	0.012249	176535.733257	-16.764678	2429.000000	0.000008	0.001268	0.003439	0.405418	0.010523	34438.460629	0.000000	0.011385	0.000000	1.000000	0.000000	0.014639	77.933683	167527.274732	2	161	0.012422	0.012250	0.008673	1	181	0.005525	0.012249	0.008180	2	198	0.010101	0.012249	0.007822	3	182	0.016484	0.012249	0.008158	3	161	0.018634	0.012249	0.008673	1	189	0.005291	0.012250	0.008005	1	162	0.006173	0.012249	0.008646	6	194	0.030928	0.012249	0.007902	1	193	0.005181	0.012249	0.007922	2	175	0.011429	0.012249	0.008319
simadna.fq	simadna.fq	9678	"Crocuta crocuta"	"species"	846	757	57.614265	190.818863	0.429098	0.004981	9678:"Crocuta crocuta":"species"	9678:"Crocuta crocuta":"species";9677:"Crocuta":"genus";9676:"Hyaenidae":"family";379583:"Feliformia":"suborder";33554:"Carnivora":"order";314145:"Laurasiatheria":"superorder";1437010:"Boreoeutheria":"clade";9347:"Eutheria":"clade";32525:"Theria":"clade";40674:"Mammalia":"class";32524:"Amniota":"clade";32523:"Tetrapoda":"clade";1338369:"Dipnotetrapodomorpha":"clade";8287:"Sarcopterygii":"superclass";117571:"Euteleostomi":"clade";117570:"Teleostomi":"clade";7776:"Gnathostomata":"clade";7742:"Vertebrata":"clade";89593:"Craniata":"subphylum";7711:"Chordata":"phylum";33511:"Deuterostomia":"clade";33213:"Bilateria":"clade";6072:"Eumetazoa":"clade";33208:"Metazoa":"kingdom";33154:"Opisthokonta":"clade";2759:"Eukaryota":"domain";131567:"cellular organisms":"cellular root";1:"root":"no rank"	0.000000	1.000000	0.012250	104619.702886	-16.764797	3304.000000	0.000008	0.001268	0.002989	0.449414	0.010964	38532.089629	0.000000	0.011385	0.000000	1.000000	0.000000	0.014714	77.933743	184093.356044	2	161	0.012422	0.012250	0.008676	1	181	0.005525	0.012250	0.008183	2	198	0.010101	0.012250	0.007825	3	182	0.016484	0.012250	0.008161	3	161	0.018634	0.012250	0.008676	1	189	0.005291	0.012250	0.008008	1	162	0.006173	0.012250	0.008649	6	194	0.030928	0.012250	0.007905	1	193	0.005181	0.012250	0.007925	2	175	0.011429	0.012250	0.008322
simadna.fq	simadna.fq	9779	"Proboscidea"	"order"	563	162	50.480086	169.919751	0.385828	0.004397	9779:"Proboscidea":"order"	9779:"Proboscidea":"order";311790:"Afrotheria":"superorder";9347:"Eutheria":"clade";32525:"Theria":"clade";40674:"Mammalia":"class";32524:"Amniota":"clade";32523:"Tetrapoda":"clade";1338369:"Dipnotetrapodomorpha":"clade";8287:"Sarcopterygii":"superclass";117571:"Euteleostomi":"clade";117570:"Teleostomi":"clade";7776:"Gnathostomata":"clade";7742:"Vertebrata":"clade";89593:"Craniata":"subphylum";7711:"Chordata":"phylum";33511:"Deuterostomia":"clade";33213:"Bilateria":"clade";6072:"Eumetazoa":"clade";33208:"Metazoa":"kingdom";33154:"Opisthokonta":"clade";2759:"Eukaryota":"domain";131567:"cellular organisms":"cellular root";1:"root":"no rank"	0.013571	1.000000	0.016433	115450.261736	-15.617634	9747.000000	0.011190	1.212732	0.014703	0.786540	0.015658	20895.801695	0.000000	0.033450	0.000000	1.000000	0.009170	0.021711	68.797974	122884.851138	3	107	0.028037	0.030004	0.016500	2	85	0.023529	0.016433	0.013795	1	93	0.010753	0.016433	0.013188	2	127	0.015748	0.016433	0.011287	4	90	0.044444	0.016433	0.013406	3	93	0.032258	0.030004	0.017697	1	109	0.009174	0.016433	0.012183	1	117	0.008547	0.016433	0.011759	0	98	0.000000	0.016433	0.012848	3	133	0.022556	0.016433	0.011030
simadna.fq	simadna.fq	9780	"Elephantidae"	"family"	563	162	50.417476	167.033751	0.386983	0.004413	9780:"Elephantidae":"family"	9780:"Elephantidae":"family";9779:"Proboscidea":"order";311790:"Afrotheria":"superorder";9347:"Eutheria":"clade";32525:"Theria":"clade";40674:"Mammalia":"class";32524:"Amniota":"clade";32523:"Tetrapoda":"clade";1338369:"Dipnotetrapodomorpha":"clade";8287:"Sarcopterygii":"superclass";117571:"Euteleostomi":"clade";117570:"Teleostomi":"clade";7776:"Gnathostomata":"clade";7742:"Vertebrata":"clade";89593:"Craniata":"subphylum";7711:"Chordata":"phylum";33511:"Deuterostomia":"clade";33213:"Bilateria":"clade";6072:"Eumetazoa":"clade";33208:"Metazoa":"kingdom";33154:"Opisthokonta":"clade";2759:"Eukaryota":"domain";131567:"cellular organisms":"cellular root";1:"root":"no rank"	0.013571	1.000000	0.016433	116590.975554	-15.617621	1282.000000	0.011191	1.212756	0.014472	0.786542	0.015889	23108.983086	0.000399	0.033450	0.000000	1.000000	0.009170	0.021654	68.797899	146602.584908	3	107	0.028037	0.030004	0.016500	2	85	0.023529	0.016433	0.013794	1	93	0.010753	0.016433	0.013188	2	127	0.015748	0.016433	0.011287	4	90	0.044444	0.016433	0.013406	3	93	0.032258	0.030004	0.017697	1	109	0.009174	0.016433	0.012183	1	117	0.008547	0.016433	0.011759	0	98	0.000000	0.016433	0.012848	3	133	0.022556	0.016433	0.011030
simadna.fq	simadna.fq	9821	"Suidae"	"family"	2444	406	53.555776	180.135463	0.389075	0.005713	9821:"Suidae":"family"	9821:"Suidae":"family";35497:"Suina":"suborder";91561:"Artiodactyla":"order";314145:"Laurasiatheria":"superorder";1437010:"Boreoeutheria":"clade";9347:"Eutheria":"clade";32525:"Theria":"clade";40674:"Mammalia":"class";32524:"Amniota":"clade";32523:"Tetrapoda":"clade";1338369:"Dipnotetrapodomorpha":"clade";8287:"Sarcopterygii":"superclass";117571:"Euteleostomi":"clade";117570:"Teleostomi":"clade";7776:"Gnathostomata":"clade";7742:"Vertebrata":"clade";89593:"Craniata":"subphylum";7711:"Chordata":"phylum";33511:"Deuterostomia":"clade";33213:"Bilateria":"clade";6072:"Eumetazoa":"clade";33208:"Metazoa":"kingdom";33154:"Opisthokonta":"clade";2759:"Eukaryota":"domain";131567:"cellular organisms":"cellular root";1:"root":"no rank"	0.000000	0.000000	0.016356	318.331389	-28.200322	3854.000000	0.000007	0.001415	0.000364	0.000000	0.016530	225.537535	0.000000	0.000640	0.000000	0.000000	0.013223	0.020791	124.677197	320.227114	4	535	0.007477	0.016356	0.008964	11	517	0.021277	0.016356	0.009022	8	509	0.015717	0.016356	0.009049	3	496	0.006048	0.016356	0.009095	14	495	0.028283	0.016356	0.009099	4	482	0.008299	0.016356	0.009146	5	433	0.011547	0.016356	0.009350	7	467	0.014989	0.016356	0.009205	17	447	0.038031	0.016356	0.009288	6	479	0.012526	0.016356	0.009158
simadna.fq	simadna.fq	9822	"Sus"	"genus"	2378	355	53.257142	179.555614	0.389133	0.005569	9822:"Sus":"genus"	9822:"Sus":"genus";9821:"Suidae":"family";35497:"Suina":"suborder";91561:"Artiodactyla":"order";314145:"Laurasiatheria":"superorder";1437010:"Boreoeutheria":"clade";9347:"Eutheria":"clade";32525:"Theria":"clade";40674:"Mammalia":"class";32524:"Amniota":"clade";32523:"Tetrapoda":"clade";1338369:"Dipnotetrapodomorpha":"clade";8287:"Sarcopterygii":"superclass";117571:"Euteleostomi":"clade";117570:"Teleostomi":"clade";7776:"Gnathostomata":"clade";7742:"Vertebrata":"clade";89593:"Craniata":"subphylum";7711:"Chordata":"phylum";33511:"Deuterostomia":"clade";33213:"Bilateria":"clade";6072:"Eumetazoa":"clade";33208:"Metazoa":"kingdom";33154:"Opisthokonta":"clade";2759:"Eukaryota":"domain";131567:"cellular organisms":"cellular root";1:"root":"no rank"	0.000079	0.000000	0.016232	244.410001	-28.682572	599.000000	0.000686	0.114863	0.000482	0.000000	0.016230	185.330974	0.000000	0.003836	0.000000	0.000000	0.013387	0.019273	85.090861	366.121457	3	525	0.005714	0.016310	0.009788	11	505	0.021782	0.016310	0.009850	8	493	0.016227	0.016310	0.009889	2	480	0.004167	0.016310	0.009933	14	486	0.028807	0.016310	0.009912	4	468	0.008547	0.016310	0.009976	5	426	0.011737	0.016310	0.010143	7	455	0.015385	0.016310	0.010025	17	442	0.038462	0.016310	0.010076	6	470	0.012766	0.016310	0.009969
simadna.fq	simadna.fq	9823	"Sus scrofa"	"species"	1170	37	48.405404	127.620653	0.387827	0.003963	9823:"Sus scrofa":"species"	9823:"Sus scrofa":"species";9822:"Sus":"genus";9821:"Suidae":"family";35497:"Suina":"suborder";91561:"Artiodactyla":"order";314145:"Laurasiatheria":"superorder";1437010:"Boreoeutheria":"clade";9347:"Eutheria":"clade";32525:"Theria":"clade";40674:"Mammalia":"class";32524:"Amniota":"clade";32523:"Tetrapoda":"clade";1338369:"Dipnotetrapodomorpha":"clade";8287:"Sarcopterygii":"superclass";117571:"Euteleostomi":"clade";117570:"Teleostomi":"clade";7776:"Gnathostomata":"clade";7742:"Vertebrata":"clade";89593:"Craniata":"subphylum";7711:"Chordata":"phylum";33511:"Deuterostomia":"clade";33213:"Bilateria":"clade";6072:"Eumetazoa":"clade";33208:"Metazoa":"kingdom";33154:"Opisthokonta":"clade";2759:"Eukaryota":"domain";131567:"cellular organisms":"cellular root";1:"root":"no rank"	0.000000	0.000000	0.009527	255.450500	-19.557046	3582.000000	0.000009	0.001137	0.001893	0.004282	0.007902	5640.204397	0.000000	0.010165	0.000000	0.000000	0.001942	0.011255	52.165551	1054.850823	0	260	0.000000	0.009527	0.008541	2	246	0.008130	0.009527	0.008661	1	242	0.004132	0.009527	0.008697	0	238	0.000000	0.009527	0.008735	5	233	0.021459	0.009527	0.008783	1	231	0.004329	0.009527	0.008803	3	210	0.014286	0.009527	0.009031	5	229	0.021834	0.009527	0.008823	4	220	0.018182	0.009527	0.008918	1	231	0.004329	0.009527	0.008803
simadna.fq	simadna.fq	9845	"Ruminantia"	"suborder"	3898	584	55.666415	173.753704	0.395228	0.005643	9845:"Ruminantia":"suborder"	9845:"Ruminantia":"suborder";91561:"Artiodactyla":"order";314145:"Laurasiatheria":"superorder";1437010:"Boreoeutheria":"clade";9347:"Eutheria":"clade";32525:"Theria":"clade";40674:"Mammalia":"class";32524:"Amniota":"clade";32523:"Tetrapoda":"clade";1338369:"Dipnotetrapodomorpha":"clade";8287:"Sarcopterygii":"superclass";117571:"Euteleostomi":"clade";117570:"Teleostomi":"clade";7776:"Gnathostomata":"clade";7742:"Vertebrata":"clade";89593:"Craniata":"subphylum";7711:"Chordata":"phylum";33511:"Deuterostomia":"clade";33213:"Bilateria":"clade";6072:"Eumetazoa":"clade";33208:"Metazoa":"kingdom";33154:"Opisthokonta":"clade";2759:"Eukaryota":"domain";131567:"cellular organisms":"cellular root";1:"root":"no rank"	0.006201	1.000000	0.014659	138.083729	-34.983305	1901.000000	0.007163	0.865625	0.011152	0.757182	0.011157	120.696937	0.002566	0.022579	0.081882	1.000000	0.000000	0.017075	74.290937	178.417239	16	873	0.018328	0.020860	0.013041	12	705	0.017021	0.014659	0.011144	13	992	0.013105	0.014659	0.010877	25	783	0.031928	0.014659	0.011053	3	976	0.003074	0.014659	0.010888	14	838	0.016706	0.020860	0.013079	4	778	0.005141	0.014659	0.011058	14	838	0.016706	0.014659	0.010998	2	879	0.002275	0.014659	0.010962	26	727	0.035763	0.014659	0.011116
simadna.fq	simadna.fq	9895	"Bovidae"	"family"	3898	584	56.375849	182.687203	0.390117	0.005622	9895:"Bovidae":"family"	9895:"Bovidae":"family";35500:"Pecora":"infraorder";9845:"Ruminantia":"suborder";91561:"Artiodactyla":"order";314145:"Laurasiatheria":"superorder";1437010:"Boreoeutheria":"clade";9347:"Eutheria":"clade";32525:"Theria":"clade";40674:"Mammalia":"class";32524:"Amniota":"clade";32523:"Tetrapoda":"clade";1338369:"Dipnotetrapodomorpha":"clade";8287:"Sarcopterygii":"superclass";117571:"Euteleostomi":"clade";117570:"Teleostomi":"clade";7776:"Gnathostomata":"clade";7742:"Vertebrata":"clade";89593:"Craniata":"subphylum";7711:"Chordata":"phylum";33511:"Deuterostomia":"clade";33213:"Bilateria":"clade";6072:"Eumetazoa":"clade";33208:"Metazoa":"kingdom";33154:"Opisthokonta":"clade";2759:"Eukaryota":"domain";131567:"cellular organisms":"cellular root";1:"root":"no rank"	0.006201	1.000000	0.014659	138.083579	-34.983305	2133.000000	0.007163	0.865624	0.011170	0.726203	0.011120	120.678872	0.002566	0.022579	0.081882	1.000000	0.000000	0.017075	73.928724	178.416815	16	873	0.018328	0.020860	0.013041	12	705	0.017021	0.014659	0.011144	13	992	0.013105	0.014659	0.010877	25	783	0.031928	0.014659	0.011053	3	976	0.003074	0.014659	0.010888	14	838	0.016706	0.020860	0.013079	4	778	0.005141	0.014659	0.011058	14	838	0.016706	0.014659	0.010998	2	879	0.002275	0.014659	0.010962	26	727	0.035763	0.014659	0.011116
simadna.fq	simadna.fq	9903	"Bos"	"genus"	2779	253	57.126484	180.561081	0.379195	0.005436	9903:"Bos":"genus"	9903:"Bos":"genus";27592:"Bovinae":"subfamily";9895:"Bovidae":"family";35500:"Pecora":"infraorder";9845:"Ruminantia":"suborder";91561:"Artiodactyla":"order";314145:"Laurasiatheria":"superorder";1437010:"Boreoeutheria":"clade";9347:"Eutheria":"clade";32525:"Theria":"clade";40674:"Mammalia":"class";32524:"Amniota":"clade";32523:"Tetrapoda":"clade";1338369:"Dipnotetrapodomorpha":"clade";8287:"Sarcopterygii":"superclass";117571:"Euteleostomi":"clade";117570:"Teleostomi":"clade";7776:"Gnathostomata":"clade";7742:"Vertebrata":"clade";89593:"Craniata":"subphylum";7711:"Chordata":"phylum";33511:"Deuterostomia":"clade";33213:"Bilateria":"clade";6072:"Eumetazoa":"clade";33208:"Metazoa":"kingdom";33154:"Opisthokonta":"clade";2759:"Eukaryota":"domain";131567:"cellular organisms":"cellular root";1:"root":"no rank"	0.003886	1.000000	0.007311	2994.775171	-22.205965	6038.000000	0.002841	1.368107	0.005855	0.818954	0.006265	9583.600571	0.000011	0.011427	0.073442	1.000000	0.000000	0.009725	277.415399	1569.115643	8	571	0.014011	0.011198	0.004804	2	503	0.003976	0.007311	0.004105	8	669	0.011958	0.007311	0.003643	6	559	0.010733	0.007311	0.003925	2	698	0.002865	0.007311	0.003580	5	602	0.008306	0.011198	0.004699	2	542	0.003690	0.007311	0.003976	5	559	0.008945	0.007311	0.003925	2	592	0.003378	0.007311	0.003831	7	518	0.013514	0.007311	0.004053
simadna.fq	simadna.fq	9906	"Bos javanicus"	"species"	584	1	39.000000	0.000000	0.282051	0.000000	9906:"Bos javanicus":"species"	9906:"Bos javanicus":"species";9903:"Bos":"genus";27592:"Bovinae":"subfamily";9895:"Bovidae":"family";35500:"Pecora":"infraorder";9845:"Ruminantia":"suborder";91561:"Artiodactyla":"order";314145:"Laurasiatheria":"superorder";1437010:"Boreoeutheria":"clade";9347:"Eutheria":"clade";32525:"Theria":"clade";40674:"Mammalia":"class";32524:"Amniota":"clade";32523:"Tetrapoda":"clade";1338369:"Dipnotetrapodomorpha":"clade";8287:"Sarcopterygii":"superclass";117571:"Euteleostomi":"clade";117570:"Teleostomi":"clade";7776:"Gnathostomata":"clade";7742:"Vertebrata":"clade";89593:"Craniata":"subphylum";7711:"Chordata":"phylum";33511:"Deuterostomia":"clade";33213:"Bilateria":"clade";6072:"Eumetazoa":"clade";33208:"Metazoa":"kingdom";33154:"Opisthokonta":"clade";2759:"Eukaryota":"domain";131567:"cellular organisms":"cellular root";1:"root":"no rank"	0.000000	0.001575	0.000849	3644.748792	-3.171674	3673.000000	0.000009	0.001082	0.000435	0.507611	0.000294	13930.629118	0.000000	0.001530	0.005647	1.000000	0.000000	0.000851	2.000000	44787.582747	0	121	0.000000	0.000849	0.002691	0	108	0.000000	0.000849	0.002843	1	140	0.007143	0.000849	0.002508	0	118	0.000000	0.000849	0.002724	0	142	0.000000	0.000849	0.002491	0	123	0.000000	0.000849	0.002670	0	114	0.000000	0.000849	0.002770	0	110	0.000000	0.000849	0.002818	0	122	0.000000	0.000849	0.002680	0	105	0.000000	0.000849	0.002882
simadna.fq	simadna.fq	27592	"Bovinae"	"subfamily"	3489	498	56.522668	183.959154	0.388786	0.005609	27592:"Bovinae":"subfamily"	27592:"Bovinae":"subfamily";9895:"Bovidae":"family";35500:"Pecora":"infraorder";9845:"Ruminantia":"suborder";91561:"Artiodactyla":"order";314145:"Laurasiatheria":"superorder";1437010:"Boreoeutheria":"clade";9347:"Eutheria":"clade";32525:"Theria":"clade";40674:"Mammalia":"class";32524:"Amniota":"clade";32523:"Tetrapoda":"clade";1338369:"Dipnotetrapodomorpha":"clade";8287:"Sarcopterygii":"superclass";117571:"Euteleostomi":"clade";117570:"Teleostomi":"clade";7776:"Gnathostomata":"clade";7742:"Vertebrata":"clade";89593:"Craniata":"subphylum";7711:"Chordata":"phylum";33511:"Deuterostomia":"clade";33213:"Bilateria":"clade";6072:"Eumetazoa":"clade";33208:"Metazoa":"kingdom";33154:"Opisthokonta":"clade";2759:"Eukaryota":"domain";131567:"cellular organisms":"cellular root";1:"root":"no rank"	0.003817	1.000000	0.011869	238.497605	-31.042901	5075.000000	0.004587	0.832059	0.008689	0.616090	0.007995	178.721202	0.002066	0.018543	0.027580	1.000000	0.000000	0.013321	87.946180	254.760900	13	733	0.017735	0.015685	0.009243	8	621	0.012882	0.011869	0.008232	13	843	0.015421	0.011869	0.007926	13	721	0.018031	0.011869	0.008073	2	869	0.002301	0.011869	0.007900	8	766	0.010444	0.015685	0.009194	3	692	0.004335	0.011869	0.008114	13	739	0.017591	0.011869	0.008048	2	769	0.002601	0.011869	0.008010	17	659	0.025797	0.011869	0.008166
simadna.fq	simadna.fq	30587	"Leontopithecus"	"genus"	3	3	37.333332	7.611114	0.572442	0.001063	30587:"Leontopithecus":"genus"	30587:"Leontopithecus":"genus";9480:"Callitrichinae":"subfamily";9498:"Cebidae":"family";9479:"Platyrrhini":"parvorder";314293:"Simiiformes":"infraorder";376913:"Haplorrhini":"suborder";9443:"Primates":"order";314146:"Euarchontoglires":"superorder";1437010:"Boreoeutheria":"clade";9347:"Eutheria":"clade";32525:"Theria":"clade";40674:"Mammalia":"class";32524:"Amniota":"clade";32523:"Tetrapoda":"clade";1338369:"Dipnotetrapodomorpha":"clade";8287:"Sarcopterygii":"superclass";117571:"Euteleostomi":"clade";117570:"Teleostomi":"clade";7776:"Gnathostomata":"clade";7742:"Vertebrata":"clade";89593:"Craniata":"subphylum";7711:"Chordata":"phylum";33511:"Deuterostomia":"clade";33213:"Bilateria":"clade";6072:"Eumetazoa":"clade";33208:"Metazoa":"kingdom";33154:"Opisthokonta":"clade";2759:"Eukaryota":"domain";131567:"cellular organisms":"cellular root";1:"root":"no rank"	0.000000	1.000000	0.000000	2.000000	-0.000000	132.000000	0.000100	0.000100	0.000000	1.000000	0.000000	2.054767	0.000000	0.000000	1.000000	1.000000	0.000000	0.000000	2.000000	2.275915	0	0	0.000000	0.000000	0.000000	0	0	0.000000	0.000000	0.000000	0	0	0.000000	0.000000	0.000000	0	0	0.000000	0.000000	0.000000	0	1	0.000000	0.000000	0.000100	0	1	0.000000	0.000000	0.000141	0	1	0.000000	0.000000	0.000100	0	2	0.000000	0.000000	0.000082	0	1	0.000000	0.000000	0.000100	0	1	0.000000	0.000000	0.000100
simadna.fq	simadna.fq	30588	"Leontopithecus rosalia"	"species"	3	3	37.333332	7.611114	0.572442	0.001063	30588:"Leontopithecus rosalia":"species"	30588:"Leontopithecus rosalia":"species";30587:"Leontopithecus":"genus";9480:"Callitrichinae":"subfamily";9498:"Cebidae":"family";9479:"Platyrrhini":"parvorder";314293:"Simiiformes":"infraorder";376913:"Haplorrhini":"suborder";9443:"Primates":"order";314146:"Euarchontoglires":"superorder";1437010:"Boreoeutheria":"clade";9347:"Eutheria":"clade";32525:"Theria":"clade";40674:"Mammalia":"class";32524:"Amniota":"clade";32523:"Tetrapoda":"clade";1338369:"Dipnotetrapodomorpha":"clade";8287:"Sarcopterygii":"superclass";117571:"Euteleostomi":"clade";117570:"Teleostomi":"clade";7776:"Gnathostomata":"clade";7742:"Vertebrata":"clade";89593:"Craniata":"subphylum";7711:"Chordata":"phylum";33511:"Deuterostomia":"clade";33213:"Bilateria":"clade";6072:"Eumetazoa":"clade";33208:"Metazoa":"kingdom";33154:"Opisthokonta":"clade";2759:"Eukaryota":"domain";131567:"cellular organisms":"cellular root";1:"root":"no rank"	0.000000	1.000000	0.000000	2.000000	-0.000000	105.000000	0.000100	0.000100	0.000000	0.993896	0.000000	2.115854	0.000000	0.000000	0.993132	1.000000	0.000000	0.000000	2.000000	2.927541	0	0	0.000000	0.000000	0.000000	0	0	0.000000	0.000000	0.000000	0	0	0.000000	0.000000	0.000000	0	0	0.000000	0.000000	0.000000	0	1	0.000000	0.000000	0.000100	0	1	0.000000	0.000000	0.000141	0	1	0.000000	0.000000	0.000100	0	2	0.000000	0.000000	0.000082	0	1	0.000000	0.000000	0.000100	0	1	0.000000	0.000000	0.000100
simadna.fq	simadna.fq	32523	"Tetrapoda"	"clade"	7994	2019	54.717255	170.874335	0.402746	0.005624	32523:"Tetrapoda":"clade"	32523:"Tetrapoda":"clade";1338369:"Dipnotetrapodomorpha":"clade";8287:"Sarcopterygii":"superclass";117571:"Euteleostomi":"clade";117570:"Teleostomi":"clade";7776:"Gnathostomata":"clade";7742:"Vertebrata":"clade";89593:"Craniata":"subphylum";7711:"Chordata":"phylum";33511:"Deuterostomia":"clade";33213:"Bilateria":"clade";6072:"Eumetazoa":"clade";33208:"Metazoa":"kingdom";33154:"Opisthokonta":"clade";2759:"Eukaryota":"domain";131567:"cellular organisms":"cellular root";1:"root":"no rank"	0.000366	0.000000	0.015215	1525.532548	-34.064856	2198.000000	0.000670	0.545307	0.000221	0.100699	0.015496	968.596334	0.000000	0.001161	0.000000	1.000000	0.012303	0.017596	496.713650	1264.648305	25	1739	0.014376	0.015580	0.004343	26	1533	0.016960	0.015580	0.004477	24	1837	0.013065	0.015580	0.004288	34	1639	0.020744	0.015580	0.004404	25	1762	0.014188	0.015580	0.004330	22	1650	0.013333	0.015580	0.004397	11	1527	0.007204	0.015580	0.004482	30	1671	0.017953	0.015580	0.004384	23	1666	0.013806	0.015580	0.004387	38	1560	0.024359	0.015580	0.004458
simadna.fq	simadna.fq	32524	"Amniota"	"clade"	7994	2019	54.744974	170.969131	0.403026	0.005618	32524:"Amniota":"clade"	32524:"Amniota":"clade";32523:"Tetrapoda":"clade";1338369:"Dipnotetrapodomorpha":"clade";8287:"Sarcopterygii":"superclass";117571:"Euteleostomi":"clade";117570:"Teleostomi":"clade";7776:"Gnathostomata":"clade";7742:"Vertebrata":"clade";89593:"Craniata":"subphylum";7711:"Chordata":"phylum";33511:"Deuterostomia":"clade";33213:"Bilateria":"clade";6072:"Eumetazoa":"clade";33208:"Metazoa":"kingdom";33154:"Opisthokonta":"clade";2759:"Eukaryota":"domain";131567:"cellular organisms":"cellular root";1:"root":"no rank"	0.002381	0.000000	0.013199	1525.536401	-34.064856	5435.000000	0.001709	1.393072	0.000328	0.100000	0.015389	968.600634	0.000000	0.000332	0.000000	1.000000	0.013133	0.017596	496.711760	1264.646267	25	1739	0.014376	0.015580	0.004343	26	1533	0.016960	0.015580	0.004477	24	1837	0.013065	0.015580	0.004288	34	1639	0.020744	0.015580	0.004404	25	1762	0.014188	0.015580	0.004330	22	1650	0.013333	0.015580	0.004397	11	1527	0.007204	0.015580	0.004482	30	1671	0.017953	0.015580	0.004384	23	1666	0.013806	0.015580	0.004387	38	1560	0.024359	0.015580	0.004458
simadna.fq	simadna.fq	32525	"Theria"	"clade"	7994	2019	55.044511	172.667559	0.405136	0.005602	32525:"Theria":"clade"	32525:"Theria":"clade";40674:"Mammalia":"class";32524:"Amniota":"clade";32523:"Tetrapoda":"clade";1338369:"Dipnotetrapodomorpha":"clade";8287:"Sarcopterygii":"superclass";117571:"Euteleostomi":"clade";117570:"Teleostomi":"clade";7776:"Gnathostomata":"clade";7742:"Vertebrata":"clade";89593:"Craniata":"subphylum";7711:"Chordata":"phylum";33511:"Deuterostomia":"clade";33213:"Bilateria":"clade";6072:"Eumetazoa":"clade";33208:"Metazoa":"kingdom";33154:"Opisthokonta":"clade";2759:"Eukaryota":"domain";131567:"cellular organisms":"cellular root";1:"root":"no rank"	0.000000	0.000000	0.015580	1525.535398	-34.064856	2781.000000	0.000004	0.002852	0.000410	0.100000	0.015307	968.594054	0.000000	0.001589	0.000000	1.000000	0.013464	0.017351	496.708032	1264.611368	25	1739	0.014376	0.015580	0.004343	26	1533	0.016960	0.015580	0.004477	24	1837	0.013065	0.015580	0.004288	34	1639	0.020744	0.015580	0.004404	25	1762	0.014188	0.015580	0.004330	22	1650	0.013333	0.015580	0.004397	11	1527	0.007204	0.015580	0.004482	30	1671	0.017953	0.015580	0.004384	23	1666	0.013806	0.015580	0.004387	38	1560	0.024359	0.015580	0.004458
simadna.fq	simadna.fq	33154	"Opisthokonta"	"clade"	7994	2019	54.839595	192.820052	0.423021	0.005873	33154:"Opisthokonta":"clade"	33154:"Opisthokonta":"clade";2759:"Eukaryota":"domain";131567:"cellular organisms":"cellular root";1:"root":"no rank"	0.000000	0.000000	0.015580	1525.519223	-34.064856	4947.000000	0.000004	0.002852	0.001466	0.100000	0.014251	968.607051	0.000000	0.006497	0.000000	1.000000	0.008685	0.017351	496.718217	1264.625840	25	1739	0.014376	0.015580	0.004343	26	1533	0.016960	0.015580	0.004477	24	1837	0.013065	0.015580	0.004288	34	1639	0.020744	0.015580	0.004404	25	1762	0.014188	0.015580	0.004330	22	1650	0.013333	0.015580	0.004397	11	1527	0.007204	0.015580	0.004482	30	1671	0.017953	0.015580	0.004384	23	1666	0.013806	0.015580	0.004387	38	1560	0.024359	0.015580	0.004458
simadna.fq	simadna.fq	33208	"Metazoa"	"kingdom"	7994	2019	55.074504	191.300370	0.421246	0.005816	33208:"Metazoa":"kingdom"	33208:"Metazoa":"kingdom";33154:"Opisthokonta":"clade";2759:"Eukaryota":"domain";131567:"cellular organisms":"cellular root";1:"root":"no rank"	0.000000	0.000000	0.015580	1525.571904	-34.064856	4000.000000	0.000004	0.002852	0.000889	0.100000	0.014828	968.598969	0.000000	0.002231	0.000000	1.000000	0.013448	0.017351	496.711704	1264.648715	25	1739	0.014376	0.015580	0.004343	26	1533	0.016960	0.015580	0.004477	24	1837	0.013065	0.015580	0.004288	34	1639	0.020744	0.015580	0.004404	25	1762	0.014188	0.015580	0.004330	22	1650	0.013333	0.015580	0.004397	11	1527	0.007204	0.015580	0.004482	30	1671	0.017953	0.015580	0.004384	23	1666	0.013806	0.015580	0.004387	38	1560	0.024359	0.015580	0.004458
simadna.fq	simadna.fq	33213	"Bilateria"	"clade"	7994	2019	55.393699	187.796385	0.417575	0.005725	33213:"Bilateria":"clade"	33213:"Bilateria":"clade";6072:"Eumetazoa":"clade";33208:"Metazoa":"kingdom";33154:"Opisthokonta":"clade";2759:"Eukaryota":"domain";131567:"cellular organisms":"cellular root";1:"root":"no rank"	0.000089	0.000000	0.015491	1525.477248	-34.064856	3232.000000	0.000331	0.269255	0.001334	0.100000	0.014383	968.602299	0.000000	0.004514	0.000000	1.000000	0.010668	0.017579	496.710731	1264.650618	25	1739	0.014376	0.015580	0.004343	26	1533	0.016960	0.015580	0.004477	24	1837	0.013065	0.015580	0.004288	34	1639	0.020744	0.015580	0.004404	25	1762	0.014188	0.015580	0.004330	22	1650	0.013333	0.015580	0.004397	11	1527	0.007204	0.015580	0.004482	30	1671	0.017953	0.015580	0.004384	23	1666	0.013806	0.015580	0.004387	38	1560	0.024359	0.015580	0.004458
simadna.fq	simadna.fq	33511	"Deuterostomia"	"clade"	7994	2019	55.471181	185.827631	0.415682	0.005691	33511:"Deuterostomia":"clade"	33511:"Deuterostomia":"clade";33213:"Bilateria":"clade";6072:"Eumetazoa":"clade";33208:"Metazoa":"kingdom";33154:"Opisthokonta":"clade";2759:"Eukaryota":"domain";131567:"cellular organisms":"cellular root";1:"root":"no rank"	0.000000	0.000000	0.015580	1525.537591	-34.064856	4920.000000	0.000004	0.002852	0.001961	0.100000	0.013756	968.598521	0.000000	0.011490	0.000000	1.000000	0.003692	0.017381	496.705460	1264.651332	25	1739	0.014376	0.015580	0.004343	26	1533	0.016960	0.015580	0.004477	24	1837	0.013065	0.015580	0.004288	34	1639	0.020744	0.015580	0.004404	25	1762	0.014188	0.015580	0.004330	22	1650	0.013333	0.015580	0.004397	11	1527	0.007204	0.015580	0.004482	30	1671	0.017953	0.015580	0.004384	23	1666	0.013806	0.015580	0.004387	38	1560	0.024359	0.015580	0.004458
simadna.fq	simadna.fq	33554	"Carnivora"	"order"	923	823	57.552638	192.273972	0.425422	0.005192	33554:"Carnivora":"order"	33554:"Carnivora":"order";314145:"Laurasiatheria":"superorder";1437010:"Boreoeutheria":"clade";9347:"Eutheria":"clade";32525:"Theria":"clade";40674:"Mammalia":"class";32524:"Amniota":"clade";32523:"Tetrapoda":"clade";1338369:"Dipnotetrapodomorpha":"clade";8287:"Sarcopterygii":"superclass";117571:"Euteleostomi":"clade";117570:"Teleostomi":"clade";7776:"Gnathostomata":"clade";7742:"Vertebrata":"clade";89593:"Craniata":"subphylum";7711:"Chordata":"phylum";33511:"Deuterostomia":"clade";33213:"Bilateria":"clade";6072:"Eumetazoa":"clade";33208:"Metazoa":"kingdom";33154:"Opisthokonta":"clade";2759:"Eukaryota":"domain";131567:"cellular organisms":"cellular root";1:"root":"no rank"	0.000000	0.000000	0.014909	675.983574	-19.562150	3260.000000	0.000008	0.001177	0.001348	0.200000	0.014305	18320.271738	0.000000	0.004528	0.000000	1.000000	0.010214	0.018124	115.978835	116675.544449	2	174	0.011494	0.014909	0.010294	1	199	0.005025	0.014909	0.009767	2	217	0.009217	0.014909	0.009448	3	192	0.015625	0.014909	0.009903	4	176	0.022727	0.014909	0.010248	1	203	0.004926	0.014909	0.009692	1	174	0.005747	0.014909	0.010294	8	208	0.038462	0.014909	0.009602	4	206	0.019417	0.014909	0.009638	3	193	0.015544	0.014909	0.009883
simadna.fq	simadna.fq	35497	"Suina"	"suborder"	2444	406	53.648336	177.311427	0.388857	0.005809	35497:"Suina":"suborder"	35497:"Suina":"suborder";91561:"Artiodactyla":"order";314145:"Laurasiatheria":"superorder";1437010:"Boreoeutheria":"clade";9347:"Eutheria":"clade";32525:"Theria":"clade";40674:"Mammalia":"class";32524:"Amniota":"clade";32523:"Tetrapoda":"clade";1338369:"Dipnotetrapodomorpha":"clade";8287:"Sarcopterygii":"superclass";117571:"Euteleostomi":"clade";117570:"Teleostomi":"clade";7776:"Gnathostomata":"clade";7742:"Vertebrata":"clade";89593:"Craniata":"subphylum";7711:"Chordata":"phylum";33511:"Deuterostomia":"clade";33213:"Bilateria":"clade";6072:"Eumetazoa":"clade";33208:"Metazoa":"kingdom";33154:"Opisthokonta":"clade";2759:"Eukaryota":"domain";131567:"cellular organisms":"cellular root";1:"root":"no rank"	0.000114	0.000000	0.016243	318.333469	-28.200322	3193.000000	0.000754	0.150938	0.000804	0.000074	0.016090	225.537440	0.000000	0.002933	0.000000	0.000000	0.013223	0.019618	124.677228	320.228789	4	535	0.007477	0.016356	0.008964	11	517	0.021277	0.016356	0.009022	8	509	0.015717	0.016356	0.009049	3	496	0.006048	0.016356	0.009095	14	495	0.028283	0.016356	0.009099	4	482	0.008299	0.016356	0.009146	5	433	0.011547	0.016356	0.009350	7	467	0.014989	0.016356	0.009205	17	447	0.038031	0.016356	0.009288	6	479	0.012526	0.016356	0.009158
simadna.fq	simadna.fq	35500	"Pecora"	"infraorder"	3898	584	56.072051	179.105273	0.392421	0.005634	35500:"Pecora":"infraorder"	35500:"Pecora":"infraorder";9845:"Ruminantia":"suborder";91561:"Artiodactyla":"order";314145:"Laurasiatheria":"superorder";1437010:"Boreoeutheria":"clade";9347:"Eutheria":"clade";32525:"Theria":"clade";40674:"Mammalia":"class";32524:"Amniota":"clade";32523:"Tetrapoda":"clade";1338369:"Dipnotetrapodomorpha":"clade";8287:"Sarcopterygii":"superclass";117571:"Euteleostomi":"clade";117570:"Teleostomi":"clade";7776:"Gnathostomata":"clade";7742:"Vertebrata":"clade";89593:"Craniata":"subphylum";7711:"Chordata":"phylum";33511:"Deuterostomia":"clade";33213:"Bilateria":"clade";6072:"Eumetazoa":"clade";33208:"Metazoa":"kingdom";33154:"Opisthokonta":"clade";2759:"Eukaryota":"domain";131567:"cellular organisms":"cellular root";1:"root":"no rank"	0.006201	1.000000	0.014659	138.083498	-34.983305	5940.000000	0.007163	0.865624	0.011962	0.708781	0.010303	120.691075	0.003247	0.022579	0.069273	1.000000	0.000000	0.016450	74.290904	178.417018	16	873	0.018328	0.020860	0.013041	12	705	0.017021	0.014659	0.011144	13	992	0.013105	0.014659	0.010877	25	783	0.031928	0.014659	0.011053	3	976	0.003074	0.014659	0.010888	14	838	0.016706	0.020860	0.013079	4	778	0.005141	0.014659	0.011058	14	838	0.016706	0.014659	0.010998	2	879	0.002275	0.014659	0.010962	26	727	0.035763	0.014659	0.011116
simadna.fq	simadna.fq	37348	"Mammuthus"	"genus"	321	46	50.086955	153.890260	0.391188	0.004455	37348:"Mammuthus":"genus"	37348:"Mammuthus":"genus";9780:"Elephantidae":"family";9779:"Proboscidea":"order";311790:"Afrotheria":"superorder";9347:"Eutheria":"clade";32525:"Theria":"clade";40674:"Mammalia":"class";32524:"Amniota":"clade";32523:"Tetrapoda":"clade";1338369:"Dipnotetrapodomorpha":"clade";8287:"Sarcopterygii":"superclass";117571:"Euteleostomi":"clade";117570:"Teleostomi":"clade";7776:"Gnathostomata":"clade";7742:"Vertebrata":"clade";89593:"Craniata":"subphylum";7711:"Chordata":"phylum";33511:"Deuterostomia":"clade";33213:"Bilateria":"clade";6072:"Eumetazoa":"clade";33208:"Metazoa":"kingdom";33154:"Opisthokonta":"clade";2759:"Eukaryota":"domain";131567:"cellular organisms":"cellular root";1:"root":"no rank"	0.000000	0.000000	0.003905	19.284772	-4.927068	4032.000000	0.000026	0.000389	0.000466	0.300000	0.004156	22618.939304	0.000000	0.003127	0.000000	1.000000	0.000000	0.009467	2.115287	136793.625666	0	57	0.000000	0.003905	0.016019	0	52	0.000000	0.003905	0.016213	0	57	0.000000	0.003905	0.016019	0	71	0.000000	0.003905	0.015615	2	48	0.041667	0.003905	0.016394	0	56	0.000000	0.003905	0.016055	0	60	0.000000	0.003905	0.015918	0	61	0.000000	0.003905	0.015886	0	62	0.000000	0.003905	0.015855	0	69	0.000000	0.003905	0.015663
simadna.fq	simadna.fq	37349	"Mammuthus primigenius"	"species"	162	2	45.000000	1.000000	0.356225	0.000908	37349:"Mammuthus primigenius":"species"	37349:"Mammuthus primigenius":"species";37348:"Mammuthus":"genus";9780:"Elephantidae":"family";9779:"Proboscidea":"order";311790:"Afrotheria":"superorder";9347:"Eutheria":"clade";32525:"Theria":"clade";40674:"Mammalia":"class";32524:"Amniota":"clade";32523:"Tetrapoda":"clade";1338369:"Dipnotetrapodomorpha":"clade";8287:"Sarcopterygii":"superclass";117571:"Euteleostomi":"clade";117570:"Teleostomi":"clade";7776:"Gnathostomata":"clade";7742:"Vertebrata":"clade";89593:"Craniata":"subphylum";7711:"Chordata":"phylum";33511:"Deuterostomia":"clade";33213:"Bilateria":"clade";6072:"Eumetazoa":"clade";33208:"Metazoa":"kingdom";33154:"Opisthokonta":"clade";2759:"Eukaryota":"domain";131567:"cellular organisms":"cellular root";1:"root":"no rank"	0.003345	0.000000	0.000000	60082.798272	-3.520855	4655.000000	0.010725	0.311919	0.000700	0.449631	0.003154	19000.214604	0.000000	0.003344	0.000000	1.000000	0.000000	0.011400	2.000000	60579.522656	0	29	0.000000	0.003345	0.010725	0	26	0.000000	0.003345	0.011326	0	29	0.000000	0.003345	0.010725	0	37	0.000000	0.003345	0.009496	1	24	0.041667	0.003345	0.011789	0	28	0.000000	0.003345	0.010915	0	30	0.000000	0.003345	0.010545	0	31	0.000000	0.003345	0.010373	0	31	0.000000	0.003345	0.010373	0	34	0.000000	0.003345	0.009905
simadna.fq	simadna.fq	40674	"Mammalia"	"class"	7994	2019	54.855406	171.585850	0.403859	0.005611	40674:"Mammalia":"class"	40674:"Mammalia":"class";32524:"Amniota":"clade";32523:"Tetrapoda":"clade";1338369:"Dipnotetrapodomorpha":"clade";8287:"Sarcopterygii":"superclass";117571:"Euteleostomi":"clade";117570:"Teleostomi":"clade";7776:"Gnathostomata":"clade";7742:"Vertebrata":"clade";89593:"Craniata":"subphylum";7711:"Chordata":"phylum";33511:"Deuterostomia":"clade";33213:"Bilateria":"clade";6072:"Eumetazoa":"clade";33208:"Metazoa":"kingdom";33154:"Opisthokonta":"clade";2759:"Eukaryota":"domain";131567:"cellular organisms":"cellular root";1:"root":"no rank"	0.000000	0.000000	0.015580	1525.550793	-34.064856	1158.000000	0.000004	0.002852	0.001305	0.100000	0.014411	968.598420	0.000000	0.008983	0.000000	1.000000	0.006231	0.017596	496.703966	1264.585591	25	1739	0.014376	0.015580	0.004343	26	1533	0.016960	0.015580	0.004477	24	1837	0.013065	0.015580	0.004288	34	1639	0.020744	0.015580	0.004404	25	1762	0.014188	0.015580	0.004330	22	1650	0.013333	0.015580	0.004397	11	1527	0.007204	0.015580	0.004482	30	1671	0.017953	0.015580	0.004384	23	1666	0.013806	0.015580	0.004387	38	1560	0.024359	0.015580	0.004458
simadna.fq	simadna.fq	89593	"Craniata"	"subphylum"	7994	2019	55.462553	181.586417	0.411831	0.005650	89593:"Craniata":"subphylum"	89593:"Craniata":"subphylum";7711:"Chordata":"phylum";33511:"Deuterostomia":"clade";33213:"Bilateria":"clade";6072:"Eumetazoa":"clade";33208:"Metazoa":"kingdom";33154:"Opisthokonta":"clade";2759:"Eukaryota":"domain";131567:"cellular organisms":"cellular root";1:"root":"no rank"	0.000230	0.000000	0.015350	1525.440082	-34.064856	4314.000000	0.000531	0.432257	0.000544	0.100000	0.015173	968.604138	0.000000	0.002762	0.000000	1.000000	0.012432	0.017351	496.709689	1264.651414	25	1739	0.014376	0.015580	0.004343	26	1533	0.016960	0.015580	0.004477	24	1837	0.013065	0.015580	0.004289	34	1639	0.020744	0.015580	0.004404	25	1762	0.014188	0.015580	0.004330	22	1650	0.013333	0.015580	0.004397	11	1527	0.007204	0.015580	0.004482	30	1671	0.017953	0.015580	0.004384	23	1666	0.013806	0.015580	0.004387	38	1560	0.024359	0.015580	0.004458
simadna.fq	simadna.fq	91561	"Artiodactyla"	"order"	6342	990	54.480290	169.360948	0.394570	0.005735	91561:"Artiodactyla":"order"	91561:"Artiodactyla":"order";314145:"Laurasiatheria":"superorder";1437010:"Boreoeutheria":"clade";9347:"Eutheria":"clade";32525:"Theria":"clade";40674:"Mammalia":"class";32524:"Amniota":"clade";32523:"Tetrapoda":"clade";1338369:"Dipnotetrapodomorpha":"clade";8287:"Sarcopterygii":"superclass";117571:"Euteleostomi":"clade";117570:"Teleostomi":"clade";7776:"Gnathostomata":"clade";7742:"Vertebrata":"clade";89593:"Craniata":"subphylum";7711:"Chordata":"phylum";33511:"Deuterostomia":"clade";33213:"Bilateria":"clade";6072:"Eumetazoa":"clade";33208:"Metazoa":"kingdom";33154:"Opisthokonta":"clade";2759:"Eukaryota":"domain";131567:"cellular organisms":"cellular root";1:"root":"no rank"	0.000013	0.000000	0.015765	1240.936511	-32.844529	3582.000000	0.000140	0.092212	0.002500	0.499999	0.014123	15930.950222	0.000000	0.008474	0.000000	1.000000	0.006322	0.017798	343.306808	147604.635081	20	1408	0.014205	0.015777	0.004850	23	1222	0.018822	0.015777	0.005020	21	1501	0.013991	0.015777	0.004779	28	1279	0.021892	0.015777	0.004963	17	1471	0.011557	0.015777	0.004801	18	1320	0.013636	0.015777	0.004925	9	1211	0.007432	0.015777	0.005032	21	1305	0.016092	0.015777	0.004939	19	1326	0.014329	0.015777	0.004920	32	1206	0.026534	0.015777	0.005037
simadna.fq	simadna.fq	95911	"Hyaena"	"genus"	76	1	46.000000	0.000000	0.239130	0.000000	95911:"Hyaena":"genus"	95911:"Hyaena":"genus";9676:"Hyaenidae":"family";379583:"Feliformia":"suborder";33554:"Carnivora":"order";314145:"Laurasiatheria":"superorder";1437010:"Boreoeutheria":"clade";9347:"Eutheria":"clade";32525:"Theria":"clade";40674:"Mammalia":"class";32524:"Amniota":"clade";32523:"Tetrapoda":"clade";1338369:"Dipnotetrapodomorpha":"clade";8287:"Sarcopterygii":"superclass";117571:"Euteleostomi":"clade";117570:"Teleostomi":"clade";7776:"Gnathostomata":"clade";7742:"Vertebrata":"clade";89593:"Craniata":"subphylum";7711:"Chordata":"phylum";33511:"Deuterostomia":"clade";33213:"Bilateria":"clade";6072:"Eumetazoa":"clade";33208:"Metazoa":"kingdom";33154:"Opisthokonta":"clade";2759:"Eukaryota":"domain";131567:"cellular organisms":"cellular root";1:"root":"no rank"	0.000013	0.000000	0.049887	16.630667	-11.502979	2927.000000	0.001309	0.009677	0.007883	0.000000	0.046973	8.426826	0.000000	0.062023	0.000000	0.000000	0.006489	0.070640	2.669419	17.397625	0	12	0.000000	0.049900	0.080098	0	18	0.000000	0.049900	0.071927	0	19	0.000000	0.049900	0.071012	0	10	0.000000	0.049900	0.084623	1	14	0.071429	0.049900	0.076703	0	13	0.000000	0.049900	0.078289	0	11	0.000000	0.049900	0.082186	2	14	0.142857	0.049900	0.076703	3	13	0.230769	0.049900	0.078289	1	18	0.055556	0.049900	0.071927
simadna.fq	simadna.fq	95912	"Hyaena hyaena"	"species"	76	1	46.000000	0.000000	0.239130	0.000000	95912:"Hyaena hyaena":"species"	95912:"Hyaena hyaena":"species";95911:"Hyaena":"genus";9676:"Hyaenidae":"family";379583:"Feliformia":"suborder";33554:"Carnivora":"order";314145:"Laurasiatheria":"superorder";1437010:"Boreoeutheria":"clade";9347:"Eutheria":"clade";32525:"Theria":"clade";40674:"Mammalia":"class";32524:"Amniota":"clade";32523:"Tetrapoda":"clade";1338369:"Dipnotetrapodomorpha":"clade";8287:"Sarcopterygii":"superclass";117571:"Euteleostomi":"clade";117570:"Teleostomi":"clade";7776:"Gnathostomata":"clade";7742:"Vertebrata":"clade";89593:"Craniata":"subphylum";7711:"Chordata":"phylum";33511:"Deuterostomia":"clade";33213:"Bilateria":"clade";6072:"Eumetazoa":"clade";33208:"Metazoa":"kingdom";33154:"Opisthokonta":"clade";2759:"Eukaryota":"domain";131567:"cellular organisms":"cellular root";1:"root":"no rank"	0.000000	0.000000	0.049900	16.630844	-11.502979	2922.000000	0.000037	0.000272	0.000178	0.070820	0.054678	8.426947	0.000000	0.001242	0.000000	0.206982	0.028437	0.071060	2.669489	17.397671	0	12	0.000000	0.049900	0.080098	0	18	0.000000	0.049900	0.071927	0	19	0.000000	0.049900	0.071012	0	10	0.000000	0.049900	0.084623	1	14	0.071429	0.049900	0.076703	0	13	0.000000	0.049900	0.078288	0	11	0.000000	0.049900	0.082186	2	14	0.142857	0.049900	0.076703	3	13	0.230769	0.049900	0.078288	1	18	0.055556	0.049900	0.071927
simadna.fq	simadna.fq	117570	"Teleostomi"	"clade"	7994	2019	55.135335	175.332888	0.406410	0.005635	117570:"Teleostomi":"clade"	117570:"Teleostomi":"clade";7776:"Gnathostomata":"clade";7742:"Vertebrata":"clade";89593:"Craniata":"subphylum";7711:"Chordata":"phylum";33511:"Deuterostomia":"clade";33213:"Bilateria":"clade";6072:"Eumetazoa":"clade";33208:"Metazoa":"kingdom";33154:"Opisthokonta":"clade";2759:"Eukaryota":"domain";131567:"cellular organisms":"cellular root";1:"root":"no rank"	0.006469	0.000000	0.009111	1525.535085	-34.064856	564.000000	0.002811	2.300982	0.000727	0.100000	0.014990	968.618405	0.000000	0.002135	0.000000	1.000000	0.012323	0.017172	496.714043	1264.671904	25	1739	0.014376	0.015580	0.004343	26	1533	0.016960	0.015580	0.004477	24	1837	0.013065	0.015580	0.004288	34	1639	0.020744	0.015580	0.004404	25	1762	0.014188	0.015580	0.004330	22	1650	0.013333	0.015580	0.004397	11	1527	0.007204	0.015580	0.004482	30	1671	0.017953	0.015580	0.004384	23	1666	0.013806	0.015580	0.004387	38	1560	0.024359	0.015580	0.004458
simadna.fq	simadna.fq	117571	"Euteleostomi"	"clade"	7994	2019	54.991577	173.615522	0.404939	0.005634	117571:"Euteleostomi":"clade"	117571:"Euteleostomi":"clade";117570:"Teleostomi":"clade";7776:"Gnathostomata":"clade";7742:"Vertebrata":"clade";89593:"Craniata":"subphylum";7711:"Chordata":"phylum";33511:"Deuterostomia":"clade";33213:"Bilateria":"clade";6072:"Eumetazoa":"clade";33208:"Metazoa":"kingdom";33154:"Opisthokonta":"clade";2759:"Eukaryota":"domain";131567:"cellular organisms":"cellular root";1:"root":"no rank"	0.000000	0.000000	0.015580	1525.449189	-34.064856	4973.000000	0.000004	0.002852	0.000560	0.100214	0.015157	968.594066	0.000000	0.002546	0.000000	1.000000	0.013464	0.017596	496.706152	1264.655002	25	1739	0.014376	0.015580	0.004343	26	1533	0.016960	0.015580	0.004477	24	1837	0.013065	0.015580	0.004289	34	1639	0.020744	0.015580	0.004404	25	1762	0.014188	0.015580	0.004330	22	1650	0.013333	0.015580	0.004397	11	1527	0.007204	0.015580	0.004482	30	1671	0.017953	0.015580	0.004384	23	1666	0.013806	0.015580	0.004387	38	1560	0.024359	0.015580	0.004458
simadna.fq	simadna.fq	131567	"cellular organisms"	"cellular root"	7994	2019	54.247513	195.412941	0.426473	0.005999	131567:"cellular organisms":"cellular root"	131567:"cellular organisms":"cellular root";1:"root":"no rank"	0.000000	0.000000	0.015580	1525.486499	-34.064856	5476.000000	0.000004	0.002852	0.001040	0.100000	0.014677	968.602400	0.000000	0.005177	0.000000	1.000000	0.009733	0.016784	496.709049	1264.691978	25	1739	0.014376	0.015580	0.004343	26	1533	0.016960	0.015580	0.004477	24	1837	0.013065	0.015580	0.004288	34	1639	0.020744	0.015580	0.004404	25	1762	0.014188	0.015580	0.004330	22	1650	0.013333	0.015580	0.004397	11	1527	0.007204	0.015580	0.004482	30	1671	0.017953	0.015580	0.004384	23	1666	0.013806	0.015580	0.004387	38	1560	0.024359	0.015580	0.004458
simadna.fq	simadna.fq	169418	"Mustelinae"	"subfamily"	1	1	39.000000	0.000000	0.358974	0.000000	169418:"Mustelinae":"subfamily"	169418:"Mustelinae":"subfamily";9655:"Mustelidae":"family";3072906:"Musteloidea":"superfamily";379584:"Caniformia":"suborder";33554:"Carnivora":"order";314145:"Laurasiatheria":"superorder";1437010:"Boreoeutheria":"clade";9347:"Eutheria":"clade";32525:"Theria":"clade";40674:"Mammalia":"class";32524:"Amniota":"clade";32523:"Tetrapoda":"clade";1338369:"Dipnotetrapodomorpha":"clade";8287:"Sarcopterygii":"superclass";117571:"Euteleostomi":"clade";117570:"Teleostomi":"clade";7776:"Gnathostomata":"clade";7742:"Vertebrata":"clade";89593:"Craniata":"subphylum";7711:"Chordata":"phylum";33511:"Deuterostomia":"clade";33213:"Bilateria":"clade";6072:"Eumetazoa":"clade";33208:"Metazoa":"kingdom";33154:"Opisthokonta":"clade";2759:"Eukaryota":"domain";131567:"cellular organisms":"cellular root";1:"root":"no rank"	0.000000	1.000000	0.000000	2.000000	-0.000000	52.000000	0.000100	0.000100	0.000000	1.000000	0.000000	4.650372	0.000000	0.000000	1.000000	1.000000	0.000000	0.000000	2.000000	9.611902	0	1	0.000000	0.000000	0.000141	0	0	0.000000	0.000000	0.000000	0	0	0.000000	0.000000	0.000000	0	0	0.000000	0.000000	0.000000	0	1	0.000000	0.000000	0.000100	0	1	0.000000	0.000000	0.000141	0	1	0.000000	0.000000	0.000100	0	0	0.000000	0.000000	0.000000	0	0	0.000000	0.000000	0.000000	0	0	0.000000	0.000000	0.000000
simadna.fq	simadna.fq	207598	"Homininae"	"subfamily"	162	40	51.000000	223.855524	0.436962	0.007260	207598:"Homininae":"subfamily"	207598:"Homininae":"subfamily";9604:"Hominidae":"family";314295:"Hominoidea":"superfamily";9526:"Catarrhini":"parvorder";314293:"Simiiformes":"infraorder";376913:"Haplorrhini":"suborder";9443:"Primates":"order";314146:"Euarchontoglires":"superorder";1437010:"Boreoeutheria":"clade";9347:"Eutheria":"clade";32525:"Theria":"clade";40674:"Mammalia":"class";32524:"Amniota":"clade";32523:"Tetrapoda":"clade";1338369:"Dipnotetrapodomorpha":"clade";8287:"Sarcopterygii":"superclass";117571:"Euteleostomi":"clade";117570:"Teleostomi":"clade";7776:"Gnathostomata":"clade";7742:"Vertebrata":"clade";89593:"Craniata":"subphylum";7711:"Chordata":"phylum";33511:"Deuterostomia":"clade";33213:"Bilateria":"clade";6072:"Eumetazoa":"clade";33208:"Metazoa":"kingdom";33154:"Opisthokonta":"clade";2759:"Eukaryota":"domain";131567:"cellular organisms":"cellular root";1:"root":"no rank"	0.000092	0.000000	0.002921	46629.267446	-3.090550	5537.000000	0.001355	0.067684	0.000204	0.442966	0.002364	17394.851015	0.000000	0.000509	0.000000	1.000000	0.000000	0.007295	2.000000	85666.281093	0	50	0.000000	0.003013	0.007755	0	27	0.000000	0.003013	0.010551	0	26	0.000000	0.003013	0.010752	1	41	0.024390	0.003013	0.008563	0	24	0.000000	0.003013	0.011191	0	32	0.000000	0.003013	0.009692	0	32	0.000000	0.003013	0.009692	0	39	0.000000	0.003013	0.008780	0	34	0.000000	0.003013	0.009403	0	27	0.000000	0.003013	0.010551
simadna.fq	simadna.fq	272460	"Mustela kathiah"	"species"	1	1	39.000000	0.000000	0.358974	0.000000	272460:"Mustela kathiah":"species"	272460:"Mustela kathiah":"species";9665:"Mustela":"genus";169418:"Mustelinae":"subfamily";9655:"Mustelidae":"family";3072906:"Musteloidea":"superfamily";379584:"Caniformia":"suborder";33554:"Carnivora":"order";314145:"Laurasiatheria":"superorder";1437010:"Boreoeutheria":"clade";9347:"Eutheria":"clade";32525:"Theria":"clade";40674:"Mammalia":"class";32524:"Amniota":"clade";32523:"Tetrapoda":"clade";1338369:"Dipnotetrapodomorpha":"clade";8287:"Sarcopterygii":"superclass";117571:"Euteleostomi":"clade";117570:"Teleostomi":"clade";7776:"Gnathostomata":"clade";7742:"Vertebrata":"clade";89593:"Craniata":"subphylum";7711:"Chordata":"phylum";33511:"Deuterostomia":"clade";33213:"Bilateria":"clade";6072:"Eumetazoa":"clade";33208:"Metazoa":"kingdom";33154:"Opisthokonta":"clade";2759:"Eukaryota":"domain";131567:"cellular organisms":"cellular root";1:"root":"no rank"	0.000000	1.000000	0.000000	8.699984	-0.000000	55.000000	0.000100	0.000100	0.000000	1.000000	0.000000	5.159818	0.000000	0.000000	1.000000	1.000000	0.000000	0.000000	2.000000	9.856782	0	1	0.000000	0.000000	0.000141	0	0	0.000000	0.000000	0.000000	0	0	0.000000	0.000000	0.000000	0	0	0.000000	0.000000	0.000000	0	1	0.000000	0.000000	0.000100	0	1	0.000000	0.000000	0.000141	0	1	0.000000	0.000000	0.000100	0	0	0.000000	0.000000	0.000000	0	0	0.000000	0.000000	0.000000	0	0	0.000000	0.000000	0.000000
simadna.fq	simadna.fq	310261	"Sus scrofa taivanus"	"subspecies"	403	7	42.285713	28.986397	0.394239	0.003872	310261:"Sus scrofa taivanus":"subspecies"	310261:"Sus scrofa taivanus":"subspecies";9823:"Sus scrofa":"species";9822:"Sus":"genus";9821:"Suidae":"family";35497:"Suina":"suborder";91561:"Artiodactyla":"order";314145:"Laurasiatheria":"superorder";1437010:"Boreoeutheria":"clade";9347:"Eutheria":"clade";32525:"Theria":"clade";40674:"Mammalia":"class";32524:"Amniota":"clade";32523:"Tetrapoda":"clade";1338369:"Dipnotetrapodomorpha":"clade";8287:"Sarcopterygii":"superclass";117571:"Euteleostomi":"clade";117570:"Teleostomi":"clade";7776:"Gnathostomata":"clade";7742:"Vertebrata":"clade";89593:"Craniata":"subphylum";7711:"Chordata":"phylum";33511:"Deuterostomia":"clade";33213:"Bilateria":"clade";6072:"Eumetazoa":"clade";33208:"Metazoa":"kingdom";33154:"Opisthokonta":"clade";2759:"Eukaryota":"domain";131567:"cellular organisms":"cellular root";1:"root":"no rank"	0.009210	0.317976	0.000000	151858.810939	-7.216611	2464.000000	0.010128	0.909283	0.011334	0.431890	0.000185	24830.396214	0.000057	0.021864	0.246052	1.000000	0.000000	0.000000	29.518045	108937.602137	0	89	0.000000	0.009210	0.010128	0	84	0.000000	0.006281	0.008622	1	83	0.012048	0.004284	0.007171	0	82	0.000000	0.002922	0.005962	0	81	0.000000	0.001993	0.004956	1	79	0.012658	0.009210	0.010750	1	74	0.013514	0.006281	0.009186	1	77	0.012987	0.004284	0.007445	0	74	0.000000	0.002922	0.006276	0	79	0.000000	0.001993	0.005019
simadna.fq	simadna.fq	311790	"Afrotheria"	"superorder"	563	162	50.520509	171.973936	0.384925	0.004383	311790:"Afrotheria":"superorder"	311790:"Afrotheria":"superorder";9347:"Eutheria":"clade";32525:"Theria":"clade";40674:"Mammalia":"class";32524:"Amniota":"clade";32523:"Tetrapoda":"clade";1338369:"Dipnotetrapodomorpha":"clade";8287:"Sarcopterygii":"superclass";117571:"Euteleostomi":"clade";117570:"Teleostomi":"clade";7776:"Gnathostomata":"clade";7742:"Vertebrata":"clade";89593:"Craniata":"subphylum";7711:"Chordata":"phylum";33511:"Deuterostomia":"clade";33213:"Bilateria":"clade";6072:"Eumetazoa":"clade";33208:"Metazoa":"kingdom";33154:"Opisthokonta":"clade";2759:"Eukaryota":"domain";131567:"cellular organisms":"cellular root";1:"root":"no rank"	0.013572	1.000000	0.016433	107496.955985	-15.617738	5796.000000	0.011191	1.212721	0.014233	0.736594	0.016084	17142.160510	0.000072	0.033450	0.000000	1.000000	0.009411	0.021711	68.797942	121961.407525	3	107	0.028037	0.030004	0.016501	2	85	0.023529	0.016433	0.013795	1	93	0.010753	0.016433	0.013189	2	127	0.015748	0.016433	0.011288	4	90	0.044444	0.016433	0.013407	3	93	0.032258	0.030004	0.017698	1	109	0.009174	0.016433	0.012183	1	117	0.008547	0.016433	0.011760	0	98	0.000000	0.016433	0.012848	3	133	0.022556	0.016433	0.011031
simadna.fq	simadna.fq	314145	"Laurasiatheria"	"superorder"	7265	1813	55.553655	175.891854	0.406327	0.005550	314145:"Laurasiatheria":"superorder"	314145:"Laurasiatheria":"superorder";1437010:"Boreoeutheria":"clade";9347:"Eutheria":"clade";32525:"Theria":"clade";40674:"Mammalia":"class";32524:"Amniota":"clade";32523:"Tetrapoda":"clade";1338369:"Dipnotetrapodomorpha":"clade";8287:"Sarcopterygii":"superclass";117571:"Euteleostomi":"clade";117570:"Teleostomi":"clade";7776:"Gnathostomata":"clade";7742:"Vertebrata":"clade";89593:"Craniata":"subphylum";7711:"Chordata":"phylum";33511:"Deuterostomia":"clade";33213:"Bilateria":"clade";6072:"Eumetazoa":"clade";33208:"Metazoa":"kingdom";33154:"Opisthokonta":"clade";2759:"Eukaryota":"domain";131567:"cellular organisms":"cellular root";1:"root":"no rank"	0.000015	0.000000	0.015635	1310.074086	-33.768825	746.000000	0.000146	0.104540	0.001839	0.050000	0.014014	1409.253997	0.000000	0.009609	0.000000	0.000000	0.006332	0.017422	335.399218	1311.391715	22	1582	0.013906	0.015650	0.004635	24	1421	0.016890	0.015650	0.004752	23	1718	0.013388	0.015650	0.004551	31	1471	0.021074	0.015650	0.004713	21	1647	0.012750	0.015650	0.004593	19	1523	0.012475	0.015650	0.004675	10	1385	0.007220	0.015650	0.004782	29	1513	0.019167	0.015650	0.004682	23	1532	0.015013	0.015650	0.004669	35	1399	0.025018	0.015650	0.004770
simadna.fq	simadna.fq	314146	"Euarchontoglires"	"superorder"	166	44	49.152218	204.217925	0.440679	0.006999	314146:"Euarchontoglires":"superorder"	314146:"Euarchontoglires":"superorder";1437010:"Boreoeutheria":"clade";9347:"Eutheria":"clade";32525:"Theria":"clade";40674:"Mammalia":"class";32524:"Amniota":"clade";32523:"Tetrapoda":"clade";1338369:"Dipnotetrapodomorpha":"clade";8287:"Sarcopterygii":"superclass";117571:"Euteleostomi":"clade";117570:"Teleostomi":"clade";7776:"Gnathostomata":"clade";7742:"Vertebrata":"clade";89593:"Craniata":"subphylum";7711:"Chordata":"phylum";33511:"Deuterostomia":"clade";33213:"Bilateria":"clade";6072:"Eumetazoa":"clade";33208:"Metazoa":"kingdom";33154:"Opisthokonta":"clade";2759:"Eukaryota":"domain";131567:"cellular organisms":"cellular root";1:"root":"no rank"	0.000000	0.000035	0.002933	166100.842049	-3.116979	3589.000000	0.000014	0.000707	0.000596	0.549993	0.001934	48609.604980	0.000000	0.002933	0.000000	1.000000	0.000000	0.005595	2.000000	166884.691463	0	50	0.000000	0.002933	0.007649	0	27	0.000000	0.002933	0.010408	0	26	0.000000	0.002933	0.010606	1	41	0.024390	0.002933	0.008446	0	25	0.000000	0.002933	0.010816	0	34	0.000000	0.002933	0.009275	0	33	0.000000	0.002933	0.009414	0	41	0.000000	0.002933	0.008446	0	36	0.000000	0.002933	0.009014	0	28	0.000000	0.002933	0.010220
simadna.fq	simadna.fq	314293	"Simiiformes"	"infraorder"	166	44	49.511771	205.019615	0.440597	0.006962	314293:"Simiiformes":"infraorder"	314293:"Simiiformes":"infraorder";376913:"Haplorrhini":"suborder";9443:"Primates":"order";314146:"Euarchontoglires":"superorder";1437010:"Boreoeutheria":"clade";9347:"Eutheria":"clade";32525:"Theria":"clade";40674:"Mammalia":"class";32524:"Amniota":"clade";32523:"Tetrapoda":"clade";1338369:"Dipnotetrapodomorpha":"clade";8287:"Sarcopterygii":"superclass";117571:"Euteleostomi":"clade";117570:"Teleostomi":"clade";7776:"Gnathostomata":"clade";7742:"Vertebrata":"clade";89593:"Craniata":"subphylum";7711:"Chordata":"phylum";33511:"Deuterostomia":"clade";33213:"Bilateria":"clade";6072:"Eumetazoa":"clade";33208:"Metazoa":"kingdom";33154:"Opisthokonta":"clade";2759:"Eukaryota":"domain";131567:"cellular organisms":"cellular root";1:"root":"no rank"	0.000000	0.000000	0.002934	41339.977421	-3.117390	4899.000000	0.000014	0.000707	0.000164	0.443859	0.002365	23947.711004	0.000000	0.000814	0.000000	1.000000	0.000000	0.007456	2.000000	114652.078758	0	50	0.000000	0.002934	0.007653	0	27	0.000000	0.002934	0.010412	0	26	0.000000	0.002934	0.010610	1	41	0.024390	0.002934	0.008451	0	25	0.000000	0.002934	0.010820	0	34	0.000000	0.002934	0.009279	0	33	0.000000	0.002934	0.009419	0	41	0.000000	0.002934	0.008451	0	36	0.000000	0.002934	0.009018	0	28	0.000000	0.002934	0.010224
simadna.fq	simadna.fq	314295	"Hominoidea"	"superfamily"	163	41	50.540150	216.235673	0.435182	0.007182	314295:"Hominoidea":"superfamily"	314295:"Hominoidea":"superfamily";9526:"Catarrhini":"parvorder";314293:"Simiiformes":"infraorder";376913:"Haplorrhini":"suborder";9443:"Primates":"order";314146:"Euarchontoglires":"superorder";1437010:"Boreoeutheria":"clade";9347:"Eutheria":"clade";32525:"Theria":"clade";40674:"Mammalia":"class";32524:"Amniota":"clade";32523:"Tetrapoda":"clade";1338369:"Dipnotetrapodomorpha":"clade";8287:"Sarcopterygii":"superclass";117571:"Euteleostomi":"clade";117570:"Teleostomi":"clade";7776:"Gnathostomata":"clade";7742:"Vertebrata":"clade";89593:"Craniata":"subphylum";7711:"Chordata":"phylum";33511:"Deuterostomia":"clade";33213:"Bilateria":"clade";6072:"Eumetazoa":"clade";33208:"Metazoa":"kingdom";33154:"Opisthokonta":"clade";2759:"Eukaryota":"domain";131567:"cellular organisms":"cellular root";1:"root":"no rank"	0.002992	0.000000	0.000003	66167.230642	-3.096418	6392.000000	0.007726	0.387195	0.000360	0.500002	0.002200	47893.090673	0.000000	0.002979	0.000000	1.000000	0.000000	0.006690	2.000000	274671.258892	0	50	0.000000	0.002994	0.007730	0	27	0.000000	0.002994	0.010517	0	26	0.000000	0.002994	0.010717	1	41	0.024390	0.002994	0.008536	0	24	0.000000	0.002994	0.011155	0	33	0.000000	0.002994	0.009514	0	32	0.000000	0.002994	0.009661	0	39	0.000000	0.002994	0.008752	0	35	0.000000	0.002994	0.009238	0	27	0.000000	0.002994	0.010517
simadna.fq	simadna.fq	376913	"Haplorrhini"	"suborder"	166	44	49.302742	203.395723	0.441284	0.006941	376913:"Haplorrhini":"suborder"	376913:"Haplorrhini":"suborder";9443:"Primates":"order";314146:"Euarchontoglires":"superorder";1437010:"Boreoeutheria":"clade";9347:"Eutheria":"clade";32525:"Theria":"clade";40674:"Mammalia":"class";32524:"Amniota":"clade";32523:"Tetrapoda":"clade";1338369:"Dipnotetrapodomorpha":"clade";8287:"Sarcopterygii":"superclass";117571:"Euteleostomi":"clade";117570:"Teleostomi":"clade";7776:"Gnathostomata":"clade";7742:"Vertebrata":"clade";89593:"Craniata":"subphylum";7711:"Chordata":"phylum";33511:"Deuterostomia":"clade";33213:"Bilateria":"clade";6072:"Eumetazoa":"clade";33208:"Metazoa":"kingdom";33154:"Opisthokonta":"clade";2759:"Eukaryota":"domain";131567:"cellular organisms":"cellular root";1:"root":"no rank"	0.000018	0.000000	0.002916	34317.839771	-3.117502	5258.000000	0.000604	0.030151	0.000240	0.550020	0.002289	22994.205665	0.000000	0.001648	0.000000	1.000000	0.000000	0.005808	2.000000	92937.563616	0	50	0.000000	0.002934	0.007655	0	27	0.000000	0.002934	0.010413	0	26	0.000000	0.002934	0.010611	1	41	0.024390	0.002934	0.008452	0	25	0.000000	0.002934	0.010821	0	34	0.000000	0.002934	0.009280	0	33	0.000000	0.002934	0.009420	0	41	0.000000	0.002934	0.008452	0	36	0.000000	0.002934	0.009019	0	28	0.000000	0.002934	0.010226
simadna.fq	simadna.fq	379583	"Feliformia"	"suborder"	922	822	57.582322	191.837730	0.426505	0.005129	379583:"Feliformia":"suborder"	379583:"Feliformia":"suborder";33554:"Carnivora":"order";314145:"Laurasiatheria":"superorder";1437010:"Boreoeutheria":"clade";9347:"Eutheria":"clade";32525:"Theria":"clade";40674:"Mammalia":"class";32524:"Amniota":"clade";32523:"Tetrapoda":"clade";1338369:"Dipnotetrapodomorpha":"clade";8287:"Sarcopterygii":"superclass";117571:"Euteleostomi":"clade";117570:"Teleostomi":"clade";7776:"Gnathostomata":"clade";7742:"Vertebrata":"clade";89593:"Craniata":"subphylum";7711:"Chordata":"phylum";33511:"Deuterostomia":"clade";33213:"Bilateria":"clade";6072:"Eumetazoa":"clade";33208:"Metazoa":"kingdom";33154:"Opisthokonta":"clade";2759:"Eukaryota":"domain";131567:"cellular organisms":"cellular root";1:"root":"no rank"	0.000000	0.000000	0.014938	680.749259	-19.550503	1728.000000	0.000009	0.001175	0.001617	0.150000	0.014039	26459.759339	0.000000	0.010877	0.000000	1.000000	0.001507	0.017493	104.464023	170652.401274	2	173	0.011561	0.014938	0.010321	1	199	0.005025	0.014938	0.009768	2	217	0.009217	0.014938	0.009450	3	192	0.015625	0.014938	0.009905	4	175	0.022857	0.014938	0.010274	1	202	0.004950	0.014938	0.009712	1	173	0.005780	0.014938	0.010321	8	208	0.038462	0.014938	0.009603	4	206	0.019417	0.014938	0.009639	3	193	0.015544	0.014938	0.009885
simadna.fq	simadna.fq	379584	"Caniformia"	"suborder"	1	1	39.000000	0.000000	0.358974	0.000000	379584:"Caniformia":"suborder"	379584:"Caniformia":"suborder";33554:"Carnivora":"order";314145:"Laurasiatheria":"superorder";1437010:"Boreoeutheria":"clade";9347:"Eutheria":"clade";32525:"Theria":"clade";40674:"Mammalia":"class";32524:"Amniota":"clade";32523:"Tetrapoda":"clade";1338369:"Dipnotetrapodomorpha":"clade";8287:"Sarcopterygii":"superclass";117571:"Euteleostomi":"clade";117570:"Teleostomi":"clade";7776:"Gnathostomata":"clade";7742:"Vertebrata":"clade";89593:"Craniata":"subphylum";7711:"Chordata":"phylum";33511:"Deuterostomia":"clade";33213:"Bilateria":"clade";6072:"Eumetazoa":"clade";33208:"Metazoa":"kingdom";33154:"Opisthokonta":"clade";2759:"Eukaryota":"domain";131567:"cellular organisms":"cellular root";1:"root":"no rank"	0.000000	1.000000	0.000000	9.779678	-0.000000	295.000000	0.000100	0.000100	0.000000	1.000000	0.000000	4.106076	0.000000	0.000000	1.000000	1.000000	0.000000	0.000000	2.000000	8.406628	0	1	0.000000	0.000000	0.000141	0	0	0.000000	0.000000	0.000000	0	0	0.000000	0.000000	0.000000	0	0	0.000000	0.000000	0.000000	0	1	0.000000	0.000000	0.000100	0	1	0.000000	0.000000	0.000141	0	1	0.000000	0.000000	0.000100	0	0	0.000000	0.000000	0.000000	0	0	0.000000	0.000000	0.000000	0	0	0.000000	0.000000	0.000000
simadna.fq	simadna.fq	1338369	"Dipnotetrapodomorpha"	"clade"	7994	2019	54.761647	171.310117	0.403017	0.005630	1338369:"Dipnotetrapodomorpha":"clade"	1338369:"Dipnotetrapodomorpha":"clade";8287:"Sarcopterygii":"superclass";117571:"Euteleostomi":"clade";117570:"Teleostomi":"clade";7776:"Gnathostomata":"clade";7742:"Vertebrata":"clade";89593:"Craniata":"subphylum";7711:"Chordata":"phylum";33511:"Deuterostomia":"clade";33213:"Bilateria":"clade";6072:"Eumetazoa":"clade";33208:"Metazoa":"kingdom";33154:"Opisthokonta":"clade";2759:"Eukaryota":"domain";131567:"cellular organisms":"cellular root";1:"root":"no rank"	0.000416	0.000000	0.015164	1525.560810	-34.064856	3200.000000	0.000715	0.581813	0.000788	0.100000	0.014929	968.597832	0.000000	0.004327	0.000000	1.000000	0.011994	0.017596	496.715127	1264.634193	25	1739	0.014376	0.015580	0.004343	26	1533	0.016960	0.015580	0.004477	24	1837	0.013065	0.015580	0.004288	34	1639	0.020744	0.015580	0.004404	25	1762	0.014188	0.015580	0.004330	22	1650	0.013333	0.015580	0.004397	11	1527	0.007204	0.015580	0.004482	30	1671	0.017953	0.015580	0.004384	23	1666	0.013806	0.015580	0.004387	38	1560	0.024359	0.015580	0.004458
simadna.fq	simadna.fq	1437010	"Boreoeutheria"	"clade"	7431	1857	55.521376	175.573406	0.407514	0.005562	1437010:"Boreoeutheria":"clade"	1437010:"Boreoeutheria":"clade";9347:"Eutheria":"clade";32525:"Theria":"clade";40674:"Mammalia":"class";32524:"Amniota":"clade";32523:"Tetrapoda":"clade";1338369:"Dipnotetrapodomorpha":"clade";8287:"Sarcopterygii":"superclass";117571:"Euteleostomi":"clade";117570:"Teleostomi":"clade";7776:"Gnathostomata":"clade";7742:"Vertebrata":"clade";89593:"Craniata":"subphylum";7711:"Chordata":"phylum";33511:"Deuterostomia":"clade";33213:"Bilateria":"clade";6072:"Eumetazoa":"clade";33208:"Metazoa":"kingdom";33154:"Opisthokonta":"clade";2759:"Eukaryota":"domain";131567:"cellular organisms":"cellular root";1:"root":"no rank"	0.000000	0.000000	0.015371	1276.448615	-33.906897	3033.000000	0.000004	0.002677	0.000814	0.050000	0.014650	914.631185	0.000000	0.003530	0.000000	0.000000	0.012157	0.017020	436.373267	2233.914797	22	1632	0.013480	0.015371	0.004595	24	1448	0.016575	0.015371	0.004721	23	1744	0.013188	0.015371	0.004530	32	1512	0.021164	0.015371	0.004674	21	1672	0.012560	0.015371	0.004571	19	1557	0.012203	0.015371	0.004643	10	1418	0.007052	0.015371	0.004745	29	1554	0.018662	0.015371	0.004645	23	1568	0.014668	0.015371	0.004636	35	1427	0.024527	0.015371	0.004738
simadna.fq	simadna.fq	3072906	"Musteloidea"	"superfamily"	1	1	39.000000	0.000000	0.358974	0.000000	3072906:"Musteloidea":"superfamily"	3072906:"Musteloidea":"superfamily";379584:"Caniformia":"suborder";33554:"Carnivora":"order";314145:"Laurasiatheria":"superorder";1437010:"Boreoeutheria":"clade";9347:"Eutheria":"clade";32525:"Theria":"clade";40674:"Mammalia":"class";32524:"Amniota":"clade";32523:"Tetrapoda":"clade";1338369:"Dipnotetrapodomorpha":"clade";8287:"Sarcopterygii":"superclass";117571:"Euteleostomi":"clade";117570:"Teleostomi":"clade";7776:"Gnathostomata":"clade";7742:"Vertebrata":"clade";89593:"Craniata":"subphylum";7711:"Chordata":"phylum";33511:"Deuterostomia":"clade";33213:"Bilateria":"clade";6072:"Eumetazoa":"clade";33208:"Metazoa":"kingdom";33154:"Opisthokonta":"clade";2759:"Eukaryota":"domain";131567:"cellular organisms":"cellular root";1:"root":"no rank"	0.000000	1.000000	0.000000	8.380735	-0.000000	253.000000	0.000100	0.000100	0.000000	1.000000	0.000000	5.050925	0.000000	0.000000	1.000000	1.000000	0.000000	0.000000	2.000000	9.473914	0	1	0.000000	0.000000	0.000141	0	0	0.000000	0.000000	0.000000	0	0	0.000000	0.000000	0.000000	0	0	0.000000	0.000000	0.000000	0	1	0.000000	0.000000	0.000100	0	1	0.000000	0.000000	0.000141	0	1	0.000000	0.000000	0.000100	0	0	0.000000	0.000000	0.000000	0	0	0.000000	0.000000	0.000000	0	0	0.000000	0.000000	0.000000
simadna_hd.fq	simadna_hd.fq	1	"root"	"no rank"	7825	2438	51.439383	183.915916	0.376274	0.005371	1:"root":"no rank"	1:"root":"no rank"	0.134670	0.425615	0.077386	144.028879	-52.585045	3954.000000	0.029798	4.519398	0.135832	0.450886	0.076885	136.216072	0.113914	0.165687	0.321736	0.661276	0.049072	0.098732	107.777238	176.674274	362	1371	0.264041	0.212056	0.035681	255	1340	0.190299	0.154738	0.031604	215	1405	0.153025	0.121816	0.028517	124	1345	0.092193	0.102906	0.026546	137	1378	0.099419	0.092044	0.025228	368	2146	0.171482	0.212056	0.035063	206	1966	0.104781	0.154738	0.031111	199	1884	0.105626	0.121816	0.028178	202	1772	0.113995	0.102906	0.026235	136	1840	0.073913	0.092044	0.024927
simadna_hd.fq	simadna_hd.fq	2759	"Eukaryota"	"domain"	7825	2438	51.485400	185.393927	0.376788	0.005337	2759:"Eukaryota":"domain"	2759:"Eukaryota":"domain";131567:"cellular organisms":"cellular root";1:"root":"no rank"	0.134670	0.425615	0.077386	144.029454	-52.585045	4682.000000	0.029798	4.519407	0.135832	0.450886	0.076885	136.216078	0.113914	0.165687	0.321737	0.661277	0.049072	0.098732	107.776992	176.674346	362	1371	0.264041	0.212056	0.035681	255	1340	0.190299	0.154738	0.031604	215	1405	0.153025	0.121816	0.028517	124	1345	0.092193	0.102906	0.026546	137	1378	0.099419	0.092044	0.025228	368	2146	0.171482	0.212056	0.035063	206	1966	0.104781	0.154738	0.031111	199	1884	0.105626	0.121816	0.028178	202	1772	0.113995	0.102906	0.026235	136	1840	0.073913	0.092044	0.024927
simadna_hd.fq	simadna_hd.fq	6072	"Eumetazoa"	"clade"	7825	2438	51.534282	186.954824	0.377885	0.005301	6072:"Eumetazoa":"clade"	6072:"Eumetazoa":"clade";33208:"Metazoa":"kingdom";33154:"Opisthokonta":"clade";2759:"Eukaryota":"domain";131567:"cellular organisms":"cellular root";1:"root":"no rank"	0.134670	0.425615	0.077386	144.029195	-52.585045	4466.000000	0.029798	4.519402	0.135832	0.450886	0.076885	136.216153	0.113914	0.165687	0.321736	0.661277	0.049072	0.098732	107.776947	176.674548	362	1371	0.264041	0.212056	0.035681	255	1340	0.190299	0.154738	0.031604	215	1405	0.153025	0.121816	0.028517	124	1345	0.092193	0.102906	0.026546	137	1378	0.099419	0.092044	0.025228	368	2146	0.171482	0.212056	0.035063	206	1966	0.104781	0.154738	0.031111	199	1884	0.105626	0.121816	0.028178	202	1772	0.113995	0.102906	0.026235	136	1840	0.073913	0.092044	0.024927
simadna_hd.fq	simadna_hd.fq	7711	"Chordata"	"phylum"	7825	2438	51.558277	187.823828	0.378629	0.005277	7711:"Chordata":"phylum"	7711:"Chordata":"phylum";33511:"Deuterostomia":"clade";33213:"Bilateria":"clade";6072:"Eumetazoa":"clade";33208:"Metazoa":"kingdom";33154:"Opisthokonta":"clade";2759:"Eukaryota":"domain";131567:"cellular organisms":"cellular root";1:"root":"no rank"	0.134670	0.425615	0.077386	144.029139	-52.585045	2056.000000	0.029798	4.519398	0.135832	0.450885	0.076885	136.216134	0.113914	0.165687	0.321737	0.661277	0.049072	0.098732	107.777238	176.674690	362	1371	0.264041	0.212056	0.035681	255	1340	0.190299	0.154738	0.031604	215	1405	0.153025	0.121816	0.028517	124	1345	0.092193	0.102906	0.026546	137	1378	0.099419	0.092044	0.025228	368	2146	0.171482	0.212056	0.035063	206	1966	0.104781	0.154738	0.031111	199	1884	0.105626	0.121816	0.028178	202	1772	0.113995	0.102906	0.026235	136	1840	0.073913	0.092044	0.024927
simadna_hd.fq	simadna_hd.fq	7742	"Vertebrata"	"clade"	7825	2438	51.561197	188.165799	0.378566	0.005263	7742:"Vertebrata":"clade"	7742:"Vertebrata":"clade";89593:"Craniata":"subphylum";7711:"Chordata":"phylum";33511:"Deuterostomia":"clade";33213:"Bilateria":"clade";6072:"Eumetazoa":"clade";33208:"Metazoa":"kingdom";33154:"Opisthokonta":"clade";2759:"Eukaryota":"domain";131567:"cellular organisms":"cellular root";1:"root":"no rank"	0.134670	0.425615	0.077386	144.029114	-52.585045	1163.000000	0.029798	4.519400	0.135832	0.450885	0.076885	136.216112	0.113914	0.165688	0.321735	0.661276	0.049071	0.098732	107.777121	176.674408	362	1371	0.264041	0.212056	0.035681	255	1340	0.190299	0.154738	0.031604	215	1405	0.153025	0.121816	0.028517	124	1345	0.092193	0.102906	0.026546	137	1378	0.099419	0.092044	0.025228	368	2146	0.171482	0.212056	0.035063	206	1966	0.104781	0.154738	0.031111	199	1884	0.105626	0.121816	0.028178	202	1772	0.113995	0.102906	0.026235	136	1840	0.073913	0.092044	0.024927
simadna_hd.fq	simadna_hd.fq	7776	"Gnathostomata"	"clade"	7825	2438	51.558382	188.284297	0.378328	0.005255	7776:"Gnathostomata":"clade"	7776:"Gnathostomata":"clade";7742:"Vertebrata":"clade";89593:"Craniata":"subphylum";7711:"Chordata":"phylum";33511:"Deuterostomia":"clade";33213:"Bilateria":"clade";6072:"Eumetazoa":"clade";33208:"Metazoa":"kingdom";33154:"Opisthokonta":"clade";2759:"Eukaryota":"domain";131567:"cellular organisms":"cellular root";1:"root":"no rank"	0.134670	0.425615	0.077386	144.028682	-52.585045	5228.000000	0.029798	4.519392	0.135832	0.450886	0.076885	136.216128	0.113914	0.165687	0.321737	0.661278	0.049072	0.098732	107.776828	176.674718	362	1371	0.264041	0.212056	0.035681	255	1340	0.190299	0.154738	0.031604	215	1405	0.153025	0.121816	0.028517	124	1345	0.092193	0.102906	0.026546	137	1378	0.099419	0.092044	0.025228	368	2146	0.171482	0.212056	0.035063	206	1966	0.104781	0.154738	0.031111	199	1884	0.105626	0.121816	0.028178	202	1772	0.113995	0.102906	0.026235	136	1840	0.073913	0.092044	0.024927
simadna_hd.fq	simadna_hd.fq	8287	"Sarcopterygii"	"superclass"	7825	2438	51.524757	188.192410	0.376936	0.005232	8287:"Sarcopterygii":"superclass"	8287:"Sarcopterygii":"superclass";117571:"Euteleostomi":"clade";117570:"Teleostomi":"clade";7776:"Gnathostomata":"clade";7742:"Vertebrata":"clade";89593:"Craniata":"subphylum";7711:"Chordata":"phylum";33511:"Deuterostomia":"clade";33213:"Bilateria":"clade";6072:"Eumetazoa":"clade";33208:"Metazoa":"kingdom";33154:"Opisthokonta":"clade";2759:"Eukaryota":"domain";131567:"cellular organisms":"cellular root";1:"root":"no rank"	0.134670	0.425614	0.077386	144.028770	-52.585045	4188.000000	0.029798	4.519397	0.135832	0.450886	0.076885	136.216035	0.113914	0.165687	0.321736	0.661277	0.049072	0.098732	107.776818	176.674447	362	1371	0.264041	0.212056	0.035681	255	1340	0.190299	0.154738	0.031604	215	1405	0.153025	0.121816	0.028517	124	1345	0.092193	0.102906	0.026546	137	1378	0.099419	0.092044	0.025228	368	2146	0.171482	0.212056	0.035063	206	1966	0.104781	0.154738	0.031111	199	1884	0.105626	0.121816	0.028178	202	1772	0.113995	0.102906	0.026235	136	1840	0.073913	0.092044	0.024927
simadna_hd.fq	simadna_hd.fq	9347	"Eutheria"	"clade"	7825	2438	51.269918	180.475905	0.374648	0.005180	9347:"Eutheria":"clade"	9347:"Eutheria":"clade";32525:"Theria":"clade";40674:"Mammalia":"class";32524:"Amniota":"clade";32523:"Tetrapoda":"clade";1338369:"Dipnotetrapodomorpha":"clade";8287:"Sarcopterygii":"superclass";117571:"Euteleostomi":"clade";117570:"Teleostomi":"clade";7776:"Gnathostomata":"clade";7742:"Vertebrata":"clade";89593:"Craniata":"subphylum";7711:"Chordata":"phylum";33511:"Deuterostomia":"clade";33213:"Bilateria":"clade";6072:"Eumetazoa":"clade";33208:"Metazoa":"kingdom";33154:"Opisthokonta":"clade";2759:"Eukaryota":"domain";131567:"cellular organisms":"cellular root";1:"root":"no rank"	0.134670	0.425614	0.077386	144.028908	-52.585045	2198.000000	0.029798	4.519399	0.135832	0.450886	0.076885	136.216029	0.113914	0.165688	0.321735	0.661277	0.049071	0.098732	107.777065	176.674275	362	1371	0.264041	0.212056	0.035681	255	1340	0.190299	0.154738	0.031604	215	1405	0.153025	0.121816	0.028517	124	1345	0.092193	0.102906	0.026546	137	1378	0.099419	0.092044	0.025228	368	2146	0.171482	0.212056	0.035063	206	1966	0.104781	0.154738	0.031111	199	1884	0.105626	0.121816	0.028178	202	1772	0.113995	0.102906	0.026235	136	1840	0.073913	0.092044	0.024927
simadna_hd.fq	simadna_hd.fq	9397	"Chiroptera"	"order"	2	2	45.666667	0.000000	0.312195	0.000000	9397:"Chiroptera":"order"	9397:"Chiroptera":"order";314145:"Laurasiatheria":"superorder";1437010:"Boreoeutheria":"clade";9347:"Eutheria":"clade";32525:"Theria":"clade";40674:"Mammalia":"class";32524:"Amniota":"clade";32523:"Tetrapoda":"clade";1338369:"Dipnotetrapodomorpha":"clade";8287:"Sarcopterygii":"superclass";117571:"Euteleostomi":"clade";117570:"Teleostomi":"clade";7776:"Gnathostomata":"clade";7742:"Vertebrata":"clade";89593:"Craniata":"subphylum";7711:"Chordata":"phylum";33511:"Deuterostomia":"clade";33213:"Bilateria":"clade";6072:"Eumetazoa":"clade";33208:"Metazoa":"kingdom";33154:"Opisthokonta":"clade";2759:"Eukaryota":"domain";131567:"cellular organisms":"cellular root";1:"root":"no rank"	0.000000	1.000000	0.000000	5.373503	-0.000000	185.000000	0.000100	0.000100	0.000000	1.000000	0.000000	5.393269	0.000000	0.000000	1.000000	1.000000	0.000000	0.000000	2.000000	8.969062	0	0	0.000000	0.000000	0.000000	0	0	0.000000	0.000000	0.000000	0	0	0.000000	0.000000	0.000000	0	1	0.000000	0.000000	0.000100	0	1	0.000000	0.000000	0.000100	0	0	0.000000	0.000000	0.000000	0	1	0.000000	0.000000	0.000100	0	0	0.000000	0.000000	0.000000	0	0	0.000000	0.000000	0.000000	0	0	0.000000	0.000000	0.000000
simadna_hd.fq	simadna_hd.fq	9415	"Phyllostomidae"	"family"	1	1	41.000000	0.000000	0.268293	0.000000	9415:"Phyllostomidae":"family"	9415:"Phyllostomidae":"family";30560:"Yangochiroptera":"suborder";9397:"Chiroptera":"order";314145:"Laurasiatheria":"superorder";1437010:"Boreoeutheria":"clade";9347:"Eutheria":"clade";32525:"Theria":"clade";40674:"Mammalia":"class";32524:"Amniota":"clade";32523:"Tetrapoda":"clade";1338369:"Dipnotetrapodomorpha":"clade";8287:"Sarcopterygii":"superclass";117571:"Euteleostomi":"clade";117570:"Teleostomi":"clade";7776:"Gnathostomata":"clade";7742:"Vertebrata":"clade";89593:"Craniata":"subphylum";7711:"Chordata":"phylum";33511:"Deuterostomia":"clade";33213:"Bilateria":"clade";6072:"Eumetazoa":"clade";33208:"Metazoa":"kingdom";33154:"Opisthokonta":"clade";2759:"Eukaryota":"domain";131567:"cellular organisms":"cellular root";1:"root":"no rank"	0.000000	0.475303	0.000000	4.420480	-0.000000	659.000000	0.000100	0.000100	0.179232	0.910830	0.000000	105.315627	0.000000	0.592437	0.415451	1.000000	0.000000	0.000000	2.000000	1000.000000	0	0	0.000000	0.000000	0.000000	0	0	0.000000	0.000000	0.000000	0	0	0.000000	0.000000	0.000000	0	0	0.000000	0.000000	0.000000	0	1	0.000000	0.000000	0.000104	0	0	0.000000	0.000000	0.000000	0	0	0.000000	0.000000	0.000000	0	0	0.000000	0.000000	0.000000	0	0	0.000000	0.000000	0.000000	0	0	0.000000	0.000000	0.000000
simadna_hd.fq	simadna_hd.fq	9431	"Vespertilionidae"	"family"	1	1	55.000000	0.000000	0.400000	0.000000	9431:"Vespertilionidae":"family"	9431:"Vespertilionidae":"family";30560:"Yangochiroptera":"suborder";9397:"Chiroptera":"order";314145:"Laurasiatheria":"superorder";1437010:"Boreoeutheria":"clade";9347:"Eutheria":"clade";32525:"Theria":"clade";40674:"Mammalia":"class";32524:"Amniota":"clade";32523:"Tetrapoda":"clade";1338369:"Dipnotetrapodomorpha":"clade";8287:"Sarcopterygii":"superclass";117571:"Euteleostomi":"clade";117570:"Teleostomi":"clade";7776:"Gnathostomata":"clade";7742:"Vertebrata":"clade";89593:"Craniata":"subphylum";7711:"Chordata":"phylum";33511:"Deuterostomia":"clade";33213:"Bilateria":"clade";6072:"Eumetazoa":"clade";33208:"Metazoa":"kingdom";33154:"Opisthokonta":"clade";2759:"Eukaryota":"domain";131567:"cellular organisms":"cellular root";1:"root":"no rank"	0.000000	1.000000	0.000000	2.328795	-0.000000	195.000000	0.000100	0.000100	0.000000	1.000000	0.000000	4.738900	0.000000	0.000000	1.000000	1.000000	0.000000	0.000000	2.000000	9.048691	0	0	0.000000	0.000000	0.000000	0	0	0.000000	0.000000	0.000000	0	0	0.000000	0.000000	0.000000	0	1	0.000000	0.000000	0.000100	0	0	0.000000	0.000000	0.000000	0	0	0.000000	0.000000	0.000000	0	1	0.000000	0.000000	0.000100	0	0	0.000000	0.000000	0.000000	0	0	0.000000	0.000000	0.000000	0	0	0.000000	0.000000	0.000000
simadna_hd.fq	simadna_hd.fq	9443	"Primates"	"order"	83	26	53.243735	260.669041	0.438684	0.004051	9443:"Primates":"order"	9443:"Primates":"order";314146:"Euarchontoglires":"superorder";1437010:"Boreoeutheria":"clade";9347:"Eutheria":"clade";32525:"Theria":"clade";40674:"Mammalia":"class";32524:"Amniota":"clade";32523:"Tetrapoda":"clade";1338369:"Dipnotetrapodomorpha":"clade";8287:"Sarcopterygii":"superclass";117571:"Euteleostomi":"clade";117570:"Teleostomi":"clade";7776:"Gnathostomata":"clade";7742:"Vertebrata":"clade";89593:"Craniata":"subphylum";7711:"Chordata":"phylum";33511:"Deuterostomia":"clade";33213:"Bilateria":"clade";6072:"Eumetazoa":"clade";33208:"Metazoa":"kingdom";33154:"Opisthokonta":"clade";2759:"Eukaryota":"domain";131567:"cellular organisms":"cellular root";1:"root":"no rank"	0.159292	0.309994	0.000000	27.388044	-16.156300	2278.000000	0.174807	0.911245	0.143384	0.461951	0.028154	13.436514	0.067063	0.212916	0.251874	1.000000	0.000000	0.091316	2.000000	30.458007	1	5	0.200000	0.159292	0.174807	0	16	0.000000	0.109913	0.096671	2	19	0.105263	0.075840	0.077639	0	12	0.000000	0.052330	0.075723	1	3	0.333333	0.036108	0.111440	5	35	0.142857	0.159292	0.091700	4	37	0.108108	0.109913	0.077442	6	30	0.200000	0.075840	0.068724	0	33	0.000000	0.052330	0.056540	0	17	0.000000	0.036108	0.056579
simadna_hd.fq	simadna_hd.fq	9526	"Catarrhini"	"parvorder"	83	26	53.363753	249.675119	0.424641	0.004047	9526:"Catarrhini":"parvorder"	9526:"Catarrhini":"parvorder";314293:"Simiiformes":"infraorder";376913:"Haplorrhini":"suborder";9443:"Primates":"order";314146:"Euarchontoglires":"superorder";1437010:"Boreoeutheria":"clade";9347:"Eutheria":"clade";32525:"Theria":"clade";40674:"Mammalia":"class";32524:"Amniota":"clade";32523:"Tetrapoda":"clade";1338369:"Dipnotetrapodomorpha":"clade";8287:"Sarcopterygii":"superclass";117571:"Euteleostomi":"clade";117570:"Teleostomi":"clade";7776:"Gnathostomata":"clade";7742:"Vertebrata":"clade";89593:"Craniata":"subphylum";7711:"Chordata":"phylum";33511:"Deuterostomia":"clade";33213:"Bilateria":"clade";6072:"Eumetazoa":"clade";33208:"Metazoa":"kingdom";33154:"Opisthokonta":"clade";2759:"Eukaryota":"domain";131567:"cellular organisms":"cellular root";1:"root":"no rank"	0.159292	0.309994	0.000000	27.388200	-16.156300	3656.000000	0.174807	0.911245	0.143384	0.461952	0.028154	13.436509	0.067061	0.212916	0.251873	1.000000	0.000000	0.091316	2.000000	30.458096	1	5	0.200000	0.159292	0.174807	0	16	0.000000	0.109913	0.096671	2	19	0.105263	0.075840	0.077639	0	12	0.000000	0.052330	0.075723	1	3	0.333333	0.036108	0.111440	5	35	0.142857	0.159292	0.091700	4	37	0.108108	0.109913	0.077441	6	30	0.200000	0.075840	0.068724	0	33	0.000000	0.052330	0.056540	0	17	0.000000	0.036108	0.056579
simadna_hd.fq	simadna_hd.fq	9604	"Hominidae"	"family"	83	26	53.177076	229.102486	0.417104	0.004024	9604:"Hominidae":"family"	9604:"Hominidae":"family";314295:"Hominoidea":"superfamily";9526:"Catarrhini":"parvorder";314293:"Simiiformes":"infraorder";376913:"Haplorrhini":"suborder";9443:"Primates":"order";314146:"Euarchontoglires":"superorder";1437010:"Boreoeutheria":"clade";9347:"Eutheria":"clade";32525:"Theria":"clade";40674:"Mammalia":"class";32524:"Amniota":"clade";32523:"Tetrapoda":"clade";1338369:"Dipnotetrapodomorpha":"clade";8287:"Sarcopterygii":"superclass";117571:"Euteleostomi":"clade";117570:"Teleostomi":"clade";7776:"Gnathostomata":"clade";7742:"Vertebrata":"clade";89593:"Craniata":"subphylum";7711:"Chordata":"phylum";33511:"Deuterostomia":"clade";33213:"Bilateria":"clade";6072:"Eumetazoa":"clade";33208:"Metazoa":"kingdom";33154:"Opisthokonta":"clade";2759:"Eukaryota":"domain";131567:"cellular organisms":"cellular root";1:"root":"no rank"	0.159292	0.309995	0.000000	27.388083	-16.156300	2771.000000	0.174807	0.911245	0.143385	0.461950	0.028154	13.436504	0.067063	0.212916	0.251872	1.000000	0.000000	0.091316	2.000000	30.458102	1	5	0.200000	0.159292	0.174807	0	16	0.000000	0.109913	0.096671	2	19	0.105263	0.075840	0.077639	0	12	0.000000	0.052330	0.075723	1	3	0.333333	0.036108	0.111440	5	35	0.142857	0.159292	0.091700	4	37	0.108108	0.109913	0.077442	6	30	0.200000	0.075840	0.068724	0	33	0.000000	0.052330	0.056540	0	17	0.000000	0.036108	0.056579
simadna_hd.fq	simadna_hd.fq	9605	"Homo"	"genus"	77	25	52.125001	184.255812	0.413501	0.003913	9605:"Homo":"genus"	9605:"Homo":"genus";207598:"Homininae":"subfamily";9604:"Hominidae":"family";314295:"Hominoidea":"superfamily";9526:"Catarrhini":"parvorder";314293:"Simiiformes":"infraorder";376913:"Haplorrhini":"suborder";9443:"Primates":"order";314146:"Euarchontoglires":"superorder";1437010:"Boreoeutheria":"clade";9347:"Eutheria":"clade";32525:"Theria":"clade";40674:"Mammalia":"class";32524:"Amniota":"clade";32523:"Tetrapoda":"clade";1338369:"Dipnotetrapodomorpha":"clade";8287:"Sarcopterygii":"superclass";117571:"Euteleostomi":"clade";117570:"Teleostomi":"clade";7776:"Gnathostomata":"clade";7742:"Vertebrata":"clade";89593:"Craniata":"subphylum";7711:"Chordata":"phylum";33511:"Deuterostomia":"clade";33213:"Bilateria":"clade";6072:"Eumetazoa":"clade";33208:"Metazoa":"kingdom";33154:"Opisthokonta":"clade";2759:"Eukaryota":"domain";131567:"cellular organisms":"cellular root";1:"root":"no rank"	0.184365	0.327389	0.000000	21.687899	-16.228542	3112.000000	0.188088	0.980203	0.174750	0.507066	0.027225	1128.675815	0.082116	0.242590	0.270271	1.000000	0.000000	0.107795	3.129697	31.691619	1	5	0.200000	0.184365	0.188088	0	16	0.000000	0.124006	0.106198	2	13	0.153846	0.083408	0.094822	0	12	0.000000	0.056101	0.080946	1	3	0.333333	0.037734	0.114762	5	29	0.172414	0.184365	0.107632	4	31	0.129032	0.124006	0.090209	6	30	0.200000	0.083408	0.076195	0	33	0.000000	0.056101	0.062193	0	17	0.000000	0.037734	0.060350
simadna_hd.fq	simadna_hd.fq	9606	"Homo sapiens"	"species"	62	11	49.090909	100.305559	0.412360	0.003552	9606:"Homo sapiens":"species"	9606:"Homo sapiens":"species";9605:"Homo":"genus";207598:"Homininae":"subfamily";9604:"Hominidae":"family";314295:"Hominoidea":"superfamily";9526:"Catarrhini":"parvorder";314293:"Simiiformes":"infraorder";376913:"Haplorrhini":"suborder";9443:"Primates":"order";314146:"Euarchontoglires":"superorder";1437010:"Boreoeutheria":"clade";9347:"Eutheria":"clade";32525:"Theria":"clade";40674:"Mammalia":"class";32524:"Amniota":"clade";32523:"Tetrapoda":"clade";1338369:"Dipnotetrapodomorpha":"clade";8287:"Sarcopterygii":"superclass";117571:"Euteleostomi":"clade";117570:"Teleostomi":"clade";7776:"Gnathostomata":"clade";7742:"Vertebrata":"clade";89593:"Craniata":"subphylum";7711:"Chordata":"phylum";33511:"Deuterostomia":"clade";33213:"Bilateria":"clade";6072:"Eumetazoa":"clade";33208:"Metazoa":"kingdom";33154:"Opisthokonta":"clade";2759:"Eukaryota":"domain";131567:"cellular organisms":"cellular root";1:"root":"no rank"	0.191232	0.310267	0.000000	28.871520	-15.122871	2467.000000	0.206274	0.927081	0.196287	0.609815	0.037155	14000.986963	0.107208	0.285748	0.108567	1.000000	0.000000	0.099939	2.336117	58713.889193	1	4	0.250000	0.191232	0.206274	0	12	0.000000	0.131899	0.114261	2	11	0.181818	0.090975	0.100174	0	10	0.000000	0.062749	0.087482	1	3	0.333333	0.043280	0.121352	4	23	0.173913	0.191232	0.108060	3	24	0.125000	0.131899	0.091893	5	24	0.208333	0.090975	0.078095	0	27	0.000000	0.062749	0.063828	0	13	0.000000	0.043280	0.066818
simadna_hd.fq	simadna_hd.fq	9608	"Canidae"	"family"	4	4	39.250000	0.000000	0.419935	0.000000	9608:"Canidae":"family"	9608:"Canidae":"family";379584:"Caniformia":"suborder";33554:"Carnivora":"order";314145:"Laurasiatheria":"superorder";1437010:"Boreoeutheria":"clade";9347:"Eutheria":"clade";32525:"Theria":"clade";40674:"Mammalia":"class";32524:"Amniota":"clade";32523:"Tetrapoda":"clade";1338369:"Dipnotetrapodomorpha":"clade";8287:"Sarcopterygii":"superclass";117571:"Euteleostomi":"clade";117570:"Teleostomi":"clade";7776:"Gnathostomata":"clade";7742:"Vertebrata":"clade";89593:"Craniata":"subphylum";7711:"Chordata":"phylum";33511:"Deuterostomia":"clade";33213:"Bilateria":"clade";6072:"Eumetazoa":"clade";33208:"Metazoa":"kingdom";33154:"Opisthokonta":"clade";2759:"Eukaryota":"domain";131567:"cellular organisms":"cellular root";1:"root":"no rank"	0.199995	1.000000	0.000000	11569.764098	-1.808887	3022.000000	0.230958	0.865937	0.229245	1.000000	0.000000	5508.709295	0.000000	0.436893	1.000000	1.000000	0.000000	0.000000	2.000000	13592.585660	0	3	0.000000	0.199995	0.230958	0	2	0.000000	0.000000	0.000077	0	1	0.000000	0.000000	0.000100	0	0	0.000000	0.000000	0.000000	0	2	0.000000	0.000000	0.000071	1	2	0.500000	0.199995	0.282852	0	2	0.000000	0.000000	0.000077	0	2	0.000000	0.000000	0.000071	0	1	0.000000	0.000000	0.000100	0	0	0.000000	0.000000	0.000000
simadna_hd.fq	simadna_hd.fq	9625	"Vulpes"	"genus"	1	1	41.000000	0.000000	0.341463	0.000000	9625:"Vulpes":"genus"	9625:"Vulpes":"genus";9608:"Canidae":"family";379584:"Caniformia":"suborder";33554:"Carnivora":"order";314145:"Laurasiatheria":"superorder";1437010:"Boreoeutheria":"clade";9347:"Eutheria":"clade";32525:"Theria":"clade";40674:"Mammalia":"class";32524:"Amniota":"clade";32523:"Tetrapoda":"clade";1338369:"Dipnotetrapodomorpha":"clade";8287:"Sarcopterygii":"superclass";117571:"Euteleostomi":"clade";117570:"Teleostomi":"clade";7776:"Gnathostomata":"clade";7742:"Vertebrata":"clade";89593:"Craniata":"subphylum";7711:"Chordata":"phylum";33511:"Deuterostomia":"clade";33213:"Bilateria":"clade";6072:"Eumetazoa":"clade";33208:"Metazoa":"kingdom";33154:"Opisthokonta":"clade";2759:"Eukaryota":"domain";131567:"cellular organisms":"cellular root";1:"root":"no rank"	1.000000	1.000000	0.000004	2.410899	-0.000000	432.000000	0.000100	9999.999925	1.000000	1.000000	0.000006	3.898028	1.000000	1.000000	1.000000	1.000000	0.000000	0.000021	2.000000	8.821899	0	0	0.000000	1.000004	0.000000	0	0	0.000000	0.000004	0.000000	0	0	0.000000	0.000004	0.000000	0	0	0.000000	0.000004	0.000000	0	0	0.000000	0.000004	0.000000	1	1	1.000000	1.000004	0.000000	0	1	0.000000	0.000004	0.001994	0	0	0.000000	0.000004	0.000000	0	0	0.000000	0.000004	0.000000	0	0	0.000000	0.000004	0.000000
simadna_hd.fq	simadna_hd.fq	9673	"Viverridae"	"family"	2	1	36.000000	0.000000	0.222222	0.000000	9673:"Viverridae":"family"	9673:"Viverridae":"family";379583:"Feliformia":"suborder";33554:"Carnivora":"order";314145:"Laurasiatheria":"superorder";1437010:"Boreoeutheria":"clade";9347:"Eutheria":"clade";32525:"Theria":"clade";40674:"Mammalia":"class";32524:"Amniota":"clade";32523:"Tetrapoda":"clade";1338369:"Dipnotetrapodomorpha":"clade";8287:"Sarcopterygii":"superclass";117571:"Euteleostomi":"clade";117570:"Teleostomi":"clade";7776:"Gnathostomata":"clade";7742:"Vertebrata":"clade";89593:"Craniata":"subphylum";7711:"Chordata":"phylum";33511:"Deuterostomia":"clade";33213:"Bilateria":"clade";6072:"Eumetazoa":"clade";33208:"Metazoa":"kingdom";33154:"Opisthokonta":"clade";2759:"Eukaryota":"domain";131567:"cellular organisms":"cellular root";1:"root":"no rank"	0.100000	0.100000	0.010000	1000.000000	0.000000	20.000000	0.300000	0.333333	0.100000	0.100000	0.010000	1000.000000	0.100000	0.100000	0.100000	0.100000	0.010000	0.010000	1000.000000	1000.000000	0	0	0.000000	0.110000	0.000000	0	0	0.000000	0.100000	0.000000	0	0	0.000000	0.091000	0.000000	0	0	0.000000	0.082900	0.000000	0	0	0.000000	0.075610	0.000000	0	0	0.000000	0.110000	0.000000	0	0	0.000000	0.100000	0.000000	0	0	0.000000	0.091000	0.000000	0	0	0.000000	0.082900	0.000000	0	0	0.000000	0.075610	0.000000
simadna_hd.fq	simadna_hd.fq	9676	"Hyaenidae"	"family"	1186	1074	51.692738	174.637741	0.400534	0.005416	9676:"Hyaenidae":"family"	9676:"Hyaenidae":"family";379583:"Feliformia":"suborder";33554:"Carnivora":"order";314145:"Laurasiatheria":"superorder";1437010:"Boreoeutheria":"clade";9347:"Eutheria":"clade";32525:"Theria":"clade";40674:"Mammalia":"class";32524:"Amniota":"clade";32523:"Tetrapoda":"clade";1338369:"Dipnotetrapodomorpha":"clade";8287:"Sarcopterygii":"superclass";117571:"Euteleostomi":"clade";117570:"Teleostomi":"clade";7776:"Gnathostomata":"clade";7742:"Vertebrata":"clade";89593:"Craniata":"subphylum";7711:"Chordata":"phylum";33511:"Deuterostomia":"clade";33213:"Bilateria":"clade";6072:"Eumetazoa":"clade";33208:"Metazoa":"kingdom";33154:"Opisthokonta":"clade";2759:"Eukaryota":"domain";131567:"cellular organisms":"cellular root";1:"root":"no rank"	0.181331	0.213018	0.024522	155.067400	-36.106809	977.000000	0.039837	4.551854	0.167866	0.312459	0.042059	99.706407	0.092888	0.216525	0.136515	0.514778	0.000000	0.106110	61.608943	142.688039	66	232	0.284483	0.205853	0.041804	50	238	0.210084	0.167226	0.038389	26	205	0.126829	0.136828	0.036458	30	232	0.129310	0.112904	0.032722	20	239	0.083682	0.094077	0.030007	46	305	0.150820	0.205853	0.039750	33	285	0.115789	0.167226	0.037119	36	298	0.120805	0.136828	0.033920	42	308	0.136364	0.112904	0.031062	24	292	0.082192	0.094077	0.028915
simadna_hd.fq	simadna_hd.fq	9677	"Crocuta"	"genus"	1057	975	51.954872	174.176651	0.403107	0.005076	9677:"Crocuta":"genus"	9677:"Crocuta":"genus";9676:"Hyaenidae":"family";379583:"Feliformia":"suborder";33554:"Carnivora":"order";314145:"Laurasiatheria":"superorder";1437010:"Boreoeutheria":"clade";9347:"Eutheria":"clade";32525:"Theria":"clade";40674:"Mammalia":"class";32524:"Amniota":"clade";32523:"Tetrapoda":"clade";1338369:"Dipnotetrapodomorpha":"clade";8287:"Sarcopterygii":"superclass";117571:"Euteleostomi":"clade";117570:"Teleostomi":"clade";7776:"Gnathostomata":"clade";7742:"Vertebrata":"clade";89593:"Craniata":"subphylum";7711:"Chordata":"phylum";33511:"Deuterostomia":"clade";33213:"Bilateria":"clade";6072:"Eumetazoa":"clade";33208:"Metazoa":"kingdom";33154:"Opisthokonta":"clade";2759:"Eukaryota":"domain";131567:"cellular organisms":"cellular root";1:"root":"no rank"	0.143450	0.301144	0.063634	142.456901	-35.544554	5280.000000	0.038026	3.772440	0.149905	0.388147	0.060022	95.841634	0.091775	0.214722	0.124871	0.635330	0.000000	0.116532	59.435145	164.045383	60	207	0.289855	0.207083	0.043958	44	217	0.202765	0.163884	0.039777	26	191	0.136126	0.133695	0.037544	26	210	0.123810	0.112596	0.034190	18	215	0.083721	0.097852	0.031986	42	280	0.150000	0.207083	0.041556	28	254	0.110236	0.163884	0.038612	30	265	0.113208	0.133695	0.035233	41	288	0.142361	0.112596	0.032265	22	258	0.085271	0.097852	0.030905
simadna_hd.fq	simadna_hd.fq	9678	"Crocuta crocuta"	"species"	1057	975	51.954872	174.176651	0.403107	0.005076	9678:"Crocuta crocuta":"species"	9678:"Crocuta crocuta":"species";9677:"Crocuta":"genus";9676:"Hyaenidae":"family";379583:"Feliformia":"suborder";33554:"Carnivora":"order";314145:"Laurasiatheria":"superorder";1437010:"Boreoeutheria":"clade";9347:"Eutheria":"clade";32525:"Theria":"clade";40674:"Mammalia":"class";32524:"Amniota":"clade";32523:"Tetrapoda":"clade";1338369:"Dipnotetrapodomorpha":"clade";8287:"Sarcopterygii":"superclass";117571:"Euteleostomi":"clade";117570:"Teleostomi":"clade";7776:"Gnathostomata":"clade";7742:"Vertebrata":"clade";89593:"Craniata":"subphylum";7711:"Chordata":"phylum";33511:"Deuterostomia":"clade";33213:"Bilateria":"clade";6072:"Eumetazoa":"clade";33208:"Metazoa":"kingdom";33154:"Opisthokonta":"clade";2759:"Eukaryota":"domain";131567:"cellular organisms":"cellular root";1:"root":"no rank"	0.143450	0.301144	0.063634	142.456772	-35.544554	6559.000000	0.038026	3.772437	0.149905	0.388147	0.060022	95.841622	0.091775	0.214722	0.124871	0.635332	0.000000	0.116532	59.435112	164.045550	60	207	0.289855	0.207083	0.043958	44	217	0.202765	0.163884	0.039777	26	191	0.136126	0.133695	0.037544	26	210	0.123810	0.112596	0.034190	18	215	0.083721	0.097852	0.031986	42	280	0.150000	0.207083	0.041556	28	254	0.110236	0.163884	0.038612	30	265	0.113208	0.133695	0.035233	41	288	0.142361	0.112596	0.032265	22	258	0.085271	0.097852	0.030905
simadna_hd.fq	simadna_hd.fq	9681	"Felidae"	"family"	22	2	50.000000	49.000000	0.352713	0.000376	9681:"Felidae":"family"	9681:"Felidae":"family";379583:"Feliformia":"suborder";33554:"Carnivora":"order";314145:"Laurasiatheria":"superorder";1437010:"Boreoeutheria":"clade";9347:"Eutheria":"clade";32525:"Theria":"clade";40674:"Mammalia":"class";32524:"Amniota":"clade";32523:"Tetrapoda":"clade";1338369:"Dipnotetrapodomorpha":"clade";8287:"Sarcopterygii":"superclass";117571:"Euteleostomi":"clade";117570:"Teleostomi":"clade";7776:"Gnathostomata":"clade";7742:"Vertebrata":"clade";89593:"Craniata":"subphylum";7711:"Chordata":"phylum";33511:"Deuterostomia":"clade";33213:"Bilateria":"clade";6072:"Eumetazoa":"clade";33208:"Metazoa":"kingdom";33154:"Opisthokonta":"clade";2759:"Eukaryota":"domain";131567:"cellular organisms":"cellular root";1:"root":"no rank"	0.000000	1.000000	0.212892	2.000000	-6.511201	472.000000	0.000100	0.000100	0.000008	0.800000	0.212883	2.000000	0.000000	0.000000	0.000000	1.000000	0.212890	0.212892	2.000000	2.000000	0	0	0.000000	0.212892	0.000000	0	11	0.000000	0.212892	0.256928	0	0	0.000000	0.212892	0.000000	0	0	0.000000	0.212892	0.000000	0	0	0.000000	0.212892	0.000000	0	0	0.000000	0.212892	0.000000	0	11	0.000000	0.212892	0.256928	0	0	0.000000	0.212892	0.000000	11	11	1.000000	0.212892	0.256928	0	0	0.000000	0.212892	0.000000
simadna_hd.fq	simadna_hd.fq	9721	"Cetacea"	"infraorder"	2	2	46.333333	0.000000	0.391627	0.000000	9721:"Cetacea":"infraorder"	9721:"Cetacea":"infraorder";2653789:"Whippomorpha":"suborder";91561:"Artiodactyla":"order";314145:"Laurasiatheria":"superorder";1437010:"Boreoeutheria":"clade";9347:"Eutheria":"clade";32525:"Theria":"clade";40674:"Mammalia":"class";32524:"Amniota":"clade";32523:"Tetrapoda":"clade";1338369:"Dipnotetrapodomorpha":"clade";8287:"Sarcopterygii":"superclass";117571:"Euteleostomi":"clade";117570:"Teleostomi":"clade";7776:"Gnathostomata":"clade";7742:"Vertebrata":"clade";89593:"Craniata":"subphylum";7711:"Chordata":"phylum";33511:"Deuterostomia":"clade";33213:"Bilateria":"clade";6072:"Eumetazoa":"clade";33208:"Metazoa":"kingdom";33154:"Opisthokonta":"clade";2759:"Eukaryota":"domain";131567:"cellular organisms":"cellular root";1:"root":"no rank"	0.000000	1.000000	0.000000	9.639004	-0.000000	312.000000	0.000100	0.000100	0.000000	1.000000	0.000000	4.656289	0.000000	0.000000	1.000000	1.000000	0.000000	0.000000	2.000000	9.104314	0	1	0.000000	0.000000	0.000141	0	1	0.000000	0.000000	0.000100	0	0	0.000000	0.000000	0.000000	0	0	0.000000	0.000000	0.000000	0	1	0.000000	0.000000	0.000100	0	1	0.000000	0.000000	0.000141	0	0	0.000000	0.000000	0.000000	0	0	0.000000	0.000000	0.000000	0	0	0.000000	0.000000	0.000000	0	1	0.000000	0.000000	0.000100
simadna_hd.fq	simadna_hd.fq	9722	"Odontoceti"	"parvorder"	2	2	44.000000	0.000000	0.381558	0.000000	9722:"Odontoceti":"parvorder"	9722:"Odontoceti":"parvorder";9721:"Cetacea":"infraorder";2653789:"Whippomorpha":"suborder";91561:"Artiodactyla":"order";314145:"Laurasiatheria":"superorder";1437010:"Boreoeutheria":"clade";9347:"Eutheria":"clade";32525:"Theria":"clade";40674:"Mammalia":"class";32524:"Amniota":"clade";32523:"Tetrapoda":"clade";1338369:"Dipnotetrapodomorpha":"clade";8287:"Sarcopterygii":"superclass";117571:"Euteleostomi":"clade";117570:"Teleostomi":"clade";7776:"Gnathostomata":"clade";7742:"Vertebrata":"clade";89593:"Craniata":"subphylum";7711:"Chordata":"phylum";33511:"Deuterostomia":"clade";33213:"Bilateria":"clade";6072:"Eumetazoa":"clade";33208:"Metazoa":"kingdom";33154:"Opisthokonta":"clade";2759:"Eukaryota":"domain";131567:"cellular organisms":"cellular root";1:"root":"no rank"	0.000000	1.000000	0.000000	2.000000	-0.000000	171.000000	0.000100	0.000100	0.000000	1.000000	0.000000	4.642712	0.000000	0.000000	1.000000	1.000000	0.000000	0.000000	2.000000	9.153912	0	1	0.000000	0.000000	0.000141	0	1	0.000000	0.000000	0.000100	0	0	0.000000	0.000000	0.000000	0	0	0.000000	0.000000	0.000000	0	1	0.000000	0.000000	0.000100	0	1	0.000000	0.000000	0.000141	0	0	0.000000	0.000000	0.000000	0	0	0.000000	0.000000	0.000000	0	0	0.000000	0.000000	0.000000	0	1	0.000000	0.000000	0.000100
simadna_hd.fq	simadna_hd.fq	9747	"Monodontidae"	"family"	1	1	51.000000	0.000000	0.411765	0.000000	9747:"Monodontidae":"family"	9747:"Monodontidae":"family";9722:"Odontoceti":"parvorder";9721:"Cetacea":"infraorder";2653789:"Whippomorpha":"suborder";91561:"Artiodactyla":"order";314145:"Laurasiatheria":"superorder";1437010:"Boreoeutheria":"clade";9347:"Eutheria":"clade";32525:"Theria":"clade";40674:"Mammalia":"class";32524:"Amniota":"clade";32523:"Tetrapoda":"clade";1338369:"Dipnotetrapodomorpha":"clade";8287:"Sarcopterygii":"superclass";117571:"Euteleostomi":"clade";117570:"Teleostomi":"clade";7776:"Gnathostomata":"clade";7742:"Vertebrata":"clade";89593:"Craniata":"subphylum";7711:"Chordata":"phylum";33511:"Deuterostomia":"clade";33213:"Bilateria":"clade";6072:"Eumetazoa":"clade";33208:"Metazoa":"kingdom";33154:"Opisthokonta":"clade";2759:"Eukaryota":"domain";131567:"cellular organisms":"cellular root";1:"root":"no rank"	0.000000	1.000000	0.000000	8.539267	-0.000000	496.000000	0.000100	0.000100	0.000000	0.995460	0.000000	4.376970	0.000000	0.000000	0.982445	1.000000	0.000000	0.000000	2.000000	8.826900	0	1	0.000000	0.000000	0.000141	0	0	0.000000	0.000000	0.000000	0	0	0.000000	0.000000	0.000000	0	0	0.000000	0.000000	0.000000	0	1	0.000000	0.000000	0.000100	0	1	0.000000	0.000000	0.000141	0	0	0.000000	0.000000	0.000000	0	0	0.000000	0.000000	0.000000	0	0	0.000000	0.000000	0.000000	0	1	0.000000	0.000000	0.000100
simadna_hd.fq	simadna_hd.fq	9756	"Ziphiidae"	"family"	1	1	37.000000	0.000000	0.351351	0.000000	9756:"Ziphiidae":"family"	9756:"Ziphiidae":"family";9722:"Odontoceti":"parvorder";9721:"Cetacea":"infraorder";2653789:"Whippomorpha":"suborder";91561:"Artiodactyla":"order";314145:"Laurasiatheria":"superorder";1437010:"Boreoeutheria":"clade";9347:"Eutheria":"clade";32525:"Theria":"clade";40674:"Mammalia":"class";32524:"Amniota":"clade";32523:"Tetrapoda":"clade";1338369:"Dipnotetrapodomorpha":"clade";8287:"Sarcopterygii":"superclass";117571:"Euteleostomi":"clade";117570:"Teleostomi":"clade";7776:"Gnathostomata":"clade";7742:"Vertebrata":"clade";89593:"Craniata":"subphylum";7711:"Chordata":"phylum";33511:"Deuterostomia":"clade";33213:"Bilateria":"clade";6072:"Eumetazoa":"clade";33208:"Metazoa":"kingdom";33154:"Opisthokonta":"clade";2759:"Eukaryota":"domain";131567:"cellular organisms":"cellular root";1:"root":"no rank"	0.000000	1.000000	0.000000	4.214835	-0.000000	350.000000	0.000100	0.000100	0.000000	0.999994	0.000000	4.932965	0.000000	0.000000	0.999994	1.000000	0.000000	0.000000	2.000000	9.011421	0	0	0.000000	0.000000	0.000000	0	1	0.000000	0.000000	0.000100	0	0	0.000000	0.000000	0.000000	0	0	0.000000	0.000000	0.000000	0	0	0.000000	0.000000	0.000000	0	0	0.000000	0.000000	0.000000	0	0	0.000000	0.000000	0.000000	0	0	0.000000	0.000000	0.000000	0	0	0.000000	0.000000	0.000000	0	0	0.000000	0.000000	0.000000
simadna_hd.fq	simadna_hd.fq	9779	"Proboscidea"	"order"	404	134	49.769925	113.438912	0.359801	0.004583	9779:"Proboscidea":"order"	9779:"Proboscidea":"order";311790:"Afrotheria":"superorder";9347:"Eutheria":"clade";32525:"Theria":"clade";40674:"Mammalia":"class";32524:"Amniota":"clade";32523:"Tetrapoda":"clade";1338369:"Dipnotetrapodomorpha":"clade";8287:"Sarcopterygii":"superclass";117571:"Euteleostomi":"clade";117570:"Teleostomi":"clade";7776:"Gnathostomata":"clade";7742:"Vertebrata":"clade";89593:"Craniata":"subphylum";7711:"Chordata":"phylum";33511:"Deuterostomia":"clade";33213:"Bilateria":"clade";6072:"Eumetazoa":"clade";33208:"Metazoa":"kingdom";33154:"Opisthokonta":"clade";2759:"Eukaryota":"domain";131567:"cellular organisms":"cellular root";1:"root":"no rank"	0.253604	0.216125	0.000000	63.243025	-29.277816	2529.000000	0.075959	3.338678	0.261152	0.213438	0.000000	6591.803016	0.223580	0.287212	0.176340	0.252404	0.000000	0.000000	22.079247	194.388088	12	66	0.181818	0.253604	0.075959	21	64	0.328125	0.198794	0.070208	13	76	0.171053	0.155829	0.061250	9	36	0.250000	0.122151	0.067833	3	54	0.055556	0.095751	0.054094	30	129	0.232558	0.253604	0.066264	13	81	0.160494	0.198794	0.066445	15	95	0.157895	0.155829	0.058402	12	83	0.144578	0.122151	0.054231	2	80	0.025000	0.095751	0.049124
simadna_hd.fq	simadna_hd.fq	9780	"Elephantidae"	"family"	404	134	49.494702	106.950476	0.361946	0.004620	9780:"Elephantidae":"family"	9780:"Elephantidae":"family";9779:"Proboscidea":"order";311790:"Afrotheria":"superorder";9347:"Eutheria":"clade";32525:"Theria":"clade";40674:"Mammalia":"class";32524:"Amniota":"clade";32523:"Tetrapoda":"clade";1338369:"Dipnotetrapodomorpha":"clade";8287:"Sarcopterygii":"superclass";117571:"Euteleostomi":"clade";117570:"Teleostomi":"clade";7776:"Gnathostomata":"clade";7742:"Vertebrata":"clade";89593:"Craniata":"subphylum";7711:"Chordata":"phylum";33511:"Deuterostomia":"clade";33213:"Bilateria":"clade";6072:"Eumetazoa":"clade";33208:"Metazoa":"kingdom";33154:"Opisthokonta":"clade";2759:"Eukaryota":"domain";131567:"cellular organisms":"cellular root";1:"root":"no rank"	0.253604	0.216125	0.000000	63.243053	-29.277816	2125.000000	0.075959	3.338678	0.261152	0.213438	0.000000	7349.780628	0.223580	0.287212	0.176340	0.252404	0.000000	0.000000	22.079157	194.389241	12	66	0.181818	0.253604	0.075959	21	64	0.328125	0.198794	0.070208	13	76	0.171053	0.155829	0.061250	9	36	0.250000	0.122151	0.067833	3	54	0.055556	0.095751	0.054094	30	129	0.232558	0.253604	0.066264	13	81	0.160494	0.198794	0.066445	15	95	0.157895	0.155829	0.058402	12	83	0.144578	0.122151	0.054231	2	80	0.025000	0.095751	0.049124
simadna_hd.fq	simadna_hd.fq	9784	"Loxodonta"	"genus"	103	4	47.250000	9.000000	0.306508	0.000109	9784:"Loxodonta":"genus"	9784:"Loxodonta":"genus";9780:"Elephantidae":"family";9779:"Proboscidea":"order";311790:"Afrotheria":"superorder";9347:"Eutheria":"clade";32525:"Theria":"clade";40674:"Mammalia":"class";32524:"Amniota":"clade";32523:"Tetrapoda":"clade";1338369:"Dipnotetrapodomorpha":"clade";8287:"Sarcopterygii":"superclass";117571:"Euteleostomi":"clade";117570:"Teleostomi":"clade";7776:"Gnathostomata":"clade";7742:"Vertebrata":"clade";89593:"Craniata":"subphylum";7711:"Chordata":"phylum";33511:"Deuterostomia":"clade";33213:"Bilateria":"clade";6072:"Eumetazoa":"clade";33208:"Metazoa":"kingdom";33154:"Opisthokonta":"clade";2759:"Eukaryota":"domain";131567:"cellular organisms":"cellular root";1:"root":"no rank"	0.324195	0.309336	0.000000	14.998776	-20.593084	1055.000000	0.168421	1.924907	0.310814	0.278366	0.000000	9.686873	0.218412	0.374457	0.211925	0.325071	0.000000	0.000000	3.662072	22.210886	2	14	0.142857	0.324195	0.168421	9	18	0.500000	0.223910	0.141111	2	17	0.117647	0.154646	0.124019	4	12	0.333333	0.106809	0.115828	0	13	0.000000	0.073769	0.095907	9	34	0.264706	0.324195	0.140483	6	21	0.285714	0.223910	0.136453	2	21	0.095238	0.154646	0.118353	2	22	0.090909	0.106809	0.100142	0	25	0.000000	0.073769	0.082662
simadna_hd.fq	simadna_hd.fq	9785	"Loxodonta africana"	"species"	44	1	52.000000	0.000000	0.346154	0.000000	9785:"Loxodonta africana":"species"	9785:"Loxodonta africana":"species";9784:"Loxodonta":"genus";9780:"Elephantidae":"family";9779:"Proboscidea":"order";311790:"Afrotheria":"superorder";9347:"Eutheria":"clade";32525:"Theria":"clade";40674:"Mammalia":"class";32524:"Amniota":"clade";32523:"Tetrapoda":"clade";1338369:"Dipnotetrapodomorpha":"clade";8287:"Sarcopterygii":"superclass";117571:"Euteleostomi":"clade";117570:"Teleostomi":"clade";7776:"Gnathostomata":"clade";7742:"Vertebrata":"clade";89593:"Craniata":"subphylum";7711:"Chordata":"phylum";33511:"Deuterostomia":"clade";33213:"Bilateria":"clade";6072:"Eumetazoa":"clade";33208:"Metazoa":"kingdom";33154:"Opisthokonta":"clade";2759:"Eukaryota":"domain";131567:"cellular organisms":"cellular root";1:"root":"no rank"	0.372544	0.383355	0.000000	58.780818	-13.273712	992.000000	0.205469	1.813136	0.373567	0.397821	0.000000	6358.889928	0.292005	0.465845	0.252765	0.530886	0.000000	0.000000	2.000000	43136.759533	1	6	0.166667	0.372544	0.205469	4	7	0.571429	0.229728	0.166782	1	8	0.125000	0.141660	0.130303	1	5	0.200000	0.087354	0.130428	0	8	0.000000	0.053867	0.084360	4	14	0.285714	0.372544	0.142575	4	10	0.400000	0.229728	0.142686	1	8	0.125000	0.141660	0.130303	0	8	0.000000	0.087354	0.105510	0	11	0.000000	0.053867	0.073541
simadna_hd.fq	simadna_hd.fq	9787	"Perissodactyla"	"order"	3	3	40.000000	30.500000	0.341663	0.000496	9787:"Perissodactyla":"order"	9787:"Perissodactyla":"order";314145:"Laurasiatheria":"superorder";1437010:"Boreoeutheria":"clade";9347:"Eutheria":"clade";32525:"Theria":"clade";40674:"Mammalia":"class";32524:"Amniota":"clade";32523:"Tetrapoda":"clade";1338369:"Dipnotetrapodomorpha":"clade";8287:"Sarcopterygii":"superclass";117571:"Euteleostomi":"clade";117570:"Teleostomi":"clade";7776:"Gnathostomata":"clade";7742:"Vertebrata":"clade";89593:"Craniata":"subphylum";7711:"Chordata":"phylum";33511:"Deuterostomia":"clade";33213:"Bilateria":"clade";6072:"Eumetazoa":"clade";33208:"Metazoa":"kingdom";33154:"Opisthokonta":"clade";2759:"Eukaryota":"domain";131567:"cellular organisms":"cellular root";1:"root":"no rank"	0.860762	0.510485	0.000000	2.319792	-1.929492	1859.000000	0.346194	2.486357	0.943193	0.502208	0.000000	2.953605	0.844409	0.989910	0.450360	0.560750	0.000000	0.000000	2.000000	5.683129	0	0	0.000000	0.860762	0.000000	0	0	0.000000	0.421356	0.000000	0	1	0.000000	0.206260	0.404619	0	0	0.000000	0.100967	0.000000	0	1	0.000000	0.049425	0.216754	0	0	0.000000	0.860762	0.000000	2	2	1.000000	0.421356	0.398283	0	0	0.000000	0.206260	0.000000	0	2	0.000000	0.100967	0.243019	0	2	0.000000	0.049425	0.174835
simadna_hd.fq	simadna_hd.fq	9803	"Rhinocerotidae"	"family"	3	3	40.000000	30.500000	0.341663	0.000496	9803:"Rhinocerotidae":"family"	9803:"Rhinocerotidae":"family";9787:"Perissodactyla":"order";314145:"Laurasiatheria":"superorder";1437010:"Boreoeutheria":"clade";9347:"Eutheria":"clade";32525:"Theria":"clade";40674:"Mammalia":"class";32524:"Amniota":"clade";32523:"Tetrapoda":"clade";1338369:"Dipnotetrapodomorpha":"clade";8287:"Sarcopterygii":"superclass";117571:"Euteleostomi":"clade";117570:"Teleostomi":"clade";7776:"Gnathostomata":"clade";7742:"Vertebrata":"clade";89593:"Craniata":"subphylum";7711:"Chordata":"phylum";33511:"Deuterostomia":"clade";33213:"Bilateria":"clade";6072:"Eumetazoa":"clade";33208:"Metazoa":"kingdom";33154:"Opisthokonta":"clade";2759:"Eukaryota":"domain";131567:"cellular organisms":"cellular root";1:"root":"no rank"	1.000000	0.548365	0.000000	2.000000	-1.751190	1041.000000	0.000100	9999.999925	0.898983	0.514086	0.000000	2.397189	0.786459	0.973822	0.449682	0.588792	0.000000	0.000000	2.000000	4.398126	0	0	0.000000	1.000000	0.000000	0	0	0.000000	0.451635	0.000000	0	1	0.000000	0.203974	0.402950	0	0	0.000000	0.092122	0.000000	0	1	0.000000	0.041605	0.199686	0	0	0.000000	1.000000	0.000000	2	2	1.000000	0.451635	0.406334	0	0	0.000000	0.203974	0.000000	0	2	0.000000	0.092122	0.236129	0	2	0.000000	0.041605	0.163043
simadna_hd.fq	simadna_hd.fq	9810	"Hyracoidea"	"order"	1	1	40.000000	0.000000	0.375000	0.000000	9810:"Hyracoidea":"order"	9810:"Hyracoidea":"order";311790:"Afrotheria":"superorder";9347:"Eutheria":"clade";32525:"Theria":"clade";40674:"Mammalia":"class";32524:"Amniota":"clade";32523:"Tetrapoda":"clade";1338369:"Dipnotetrapodomorpha":"clade";8287:"Sarcopterygii":"superclass";117571:"Euteleostomi":"clade";117570:"Teleostomi":"clade";7776:"Gnathostomata":"clade";7742:"Vertebrata":"clade";89593:"Craniata":"subphylum";7711:"Chordata":"phylum";33511:"Deuterostomia":"clade";33213:"Bilateria":"clade";6072:"Eumetazoa":"clade";33208:"Metazoa":"kingdom";33154:"Opisthokonta":"clade";2759:"Eukaryota":"domain";131567:"cellular organisms":"cellular root";1:"root":"no rank"	0.000000	1.000000	0.000000	2.000000	-0.000000	160.000000	0.000100	0.000100	0.000000	1.000000	0.000000	4.699058	0.000000	0.000000	1.000000	1.000000	0.000000	0.000000	2.000000	8.718143	0	0	0.000000	0.000000	0.000000	0	1	0.000000	0.000000	0.000100	0	0	0.000000	0.000000	0.000000	0	1	0.000000	0.000000	0.000100	0	1	0.000000	0.000000	0.000100	0	0	0.000000	0.000000	0.000000	0	0	0.000000	0.000000	0.000000	0	0	0.000000	0.000000	0.000000	0	0	0.000000	0.000000	0.000000	0	0	0.000000	0.000000	0.000000
simadna_hd.fq	simadna_hd.fq	9811	"Procaviidae"	"family"	1	1	40.000000	0.000000	0.375000	0.000000	9811:"Procaviidae":"family"	9811:"Procaviidae":"family";9810:"Hyracoidea":"order";311790:"Afrotheria":"superorder";9347:"Eutheria":"clade";32525:"Theria":"clade";40674:"Mammalia":"class";32524:"Amniota":"clade";32523:"Tetrapoda":"clade";1338369:"Dipnotetrapodomorpha":"clade";8287:"Sarcopterygii":"superclass";117571:"Euteleostomi":"clade";117570:"Teleostomi":"clade";7776:"Gnathostomata":"clade";7742:"Vertebrata":"clade";89593:"Craniata":"subphylum";7711:"Chordata":"phylum";33511:"Deuterostomia":"clade";33213:"Bilateria":"clade";6072:"Eumetazoa":"clade";33208:"Metazoa":"kingdom";33154:"Opisthokonta":"clade";2759:"Eukaryota":"domain";131567:"cellular organisms":"cellular root";1:"root":"no rank"	0.000000	1.000000	0.000000	4.598109	-0.000000	157.000000	0.000100	0.000100	0.000000	1.000000	0.000000	5.906187	0.000000	0.000000	1.000000	1.000000	0.000000	0.000000	2.000000	9.519991	0	0	0.000000	0.000000	0.000000	0	1	0.000000	0.000000	0.000100	0	0	0.000000	0.000000	0.000000	0	1	0.000000	0.000000	0.000100	0	1	0.000000	0.000000	0.000100	0	0	0.000000	0.000000	0.000000	0	0	0.000000	0.000000	0.000000	0	0	0.000000	0.000000	0.000000	0	0	0.000000	0.000000	0.000000	0	0	0.000000	0.000000	0.000000
simadna_hd.fq	simadna_hd.fq	9812	"Procavia"	"genus"	1	1	40.000000	0.000000	0.375000	0.000000	9812:"Procavia":"genus"	9812:"Procavia":"genus";9811:"Procaviidae":"family";9810:"Hyracoidea":"order";311790:"Afrotheria":"superorder";9347:"Eutheria":"clade";32525:"Theria":"clade";40674:"Mammalia":"class";32524:"Amniota":"clade";32523:"Tetrapoda":"clade";1338369:"Dipnotetrapodomorpha":"clade";8287:"Sarcopterygii":"superclass";117571:"Euteleostomi":"clade";117570:"Teleostomi":"clade";7776:"Gnathostomata":"clade";7742:"Vertebrata":"clade";89593:"Craniata":"subphylum";7711:"Chordata":"phylum";33511:"Deuterostomia":"clade";33213:"Bilateria":"clade";6072:"Eumetazoa":"clade";33208:"Metazoa":"kingdom";33154:"Opisthokonta":"clade";2759:"Eukaryota":"domain";131567:"cellular organisms":"cellular root";1:"root":"no rank"	0.000000	1.000000	0.000000	9.373638	-0.000000	192.000000	0.000100	0.000100	0.000000	1.000000	0.000000	4.420557	0.000000	0.000000	1.000000	1.000000	0.000000	0.000000	2.000000	8.713647	0	0	0.000000	0.000000	0.000000	0	1	0.000000	0.000000	0.000100	0	0	0.000000	0.000000	0.000000	0	1	0.000000	0.000000	0.000100	0	1	0.000000	0.000000	0.000100	0	0	0.000000	0.000000	0.000000	0	0	0.000000	0.000000	0.000000	0	0	0.000000	0.000000	0.000000	0	0	0.000000	0.000000	0.000000	0	0	0.000000	0.000000	0.000000
simadna_hd.fq	simadna_hd.fq	9813	"Procavia capensis"	"species"	1	1	40.000000	0.000000	0.375000	0.000000	9813:"Procavia capensis":"species"	9813:"Procavia capensis":"species";9812:"Procavia":"genus";9811:"Procaviidae":"family";9810:"Hyracoidea":"order";311790:"Afrotheria":"superorder";9347:"Eutheria":"clade";32525:"Theria":"clade";40674:"Mammalia":"class";32524:"Amniota":"clade";32523:"Tetrapoda":"clade";1338369:"Dipnotetrapodomorpha":"clade";8287:"Sarcopterygii":"superclass";117571:"Euteleostomi":"clade";117570:"Teleostomi":"clade";7776:"Gnathostomata":"clade";7742:"Vertebrata":"clade";89593:"Craniata":"subphylum";7711:"Chordata":"phylum";33511:"Deuterostomia":"clade";33213:"Bilateria":"clade";6072:"Eumetazoa":"clade";33208:"Metazoa":"kingdom";33154:"Opisthokonta":"clade";2759:"Eukaryota":"domain";131567:"cellular organisms":"cellular root";1:"root":"no rank"	0.000000	1.000000	0.000000	7.173407	-0.000000	83.000000	0.000100	0.000100	0.000000	1.000000	0.000000	4.978354	0.000000	0.000000	1.000000	1.000000	0.000000	0.000000	2.000000	8.893904	0	0	0.000000	0.000000	0.000000	0	1	0.000000	0.000000	0.000100	0	0	0.000000	0.000000	0.000000	0	1	0.000000	0.000000	0.000100	0	1	0.000000	0.000000	0.000100	0	0	0.000000	0.000000	0.000000	0	0	0.000000	0.000000	0.000000	0	0	0.000000	0.000000	0.000000	0	0	0.000000	0.000000	0.000000	0	0	0.000000	0.000000	0.000000
simadna_hd.fq	simadna_hd.fq	9821	"Suidae"	"family"	2015	432	50.511079	161.257419	0.378226	0.004806	9821:"Suidae":"family"	9821:"Suidae":"family";35497:"Suina":"suborder";91561:"Artiodactyla":"order";314145:"Laurasiatheria":"superorder";1437010:"Boreoeutheria":"clade";9347:"Eutheria":"clade";32525:"Theria":"clade";40674:"Mammalia":"class";32524:"Amniota":"clade";32523:"Tetrapoda":"clade";1338369:"Dipnotetrapodomorpha":"clade";8287:"Sarcopterygii":"superclass";117571:"Euteleostomi":"clade";117570:"Teleostomi":"clade";7776:"Gnathostomata":"clade";7742:"Vertebrata":"clade";89593:"Craniata":"subphylum";7711:"Chordata":"phylum";33511:"Deuterostomia":"clade";33213:"Bilateria":"clade";6072:"Eumetazoa":"clade";33208:"Metazoa":"kingdom";33154:"Opisthokonta":"clade";2759:"Eukaryota":"domain";131567:"cellular organisms":"cellular root";1:"root":"no rank"	0.137396	0.769475	0.097143	77.580031	-42.009194	1734.000000	0.043661	3.146920	0.136256	0.739902	0.096910	80.479757	0.111608	0.153713	0.662177	0.824617	0.083705	0.104965	50.411721	148.642367	81	294	0.275510	0.234539	0.053736	80	375	0.213333	0.128816	0.041516	20	386	0.051813	0.104444	0.037810	41	296	0.138514	0.098826	0.037821	40	394	0.101523	0.097531	0.036615	104	547	0.190128	0.234539	0.051076	41	457	0.089716	0.128816	0.040873	46	565	0.081416	0.104444	0.036794	46	392	0.117347	0.098826	0.036846	36	458	0.078603	0.097531	0.036192
simadna_hd.fq	simadna_hd.fq	9822	"Sus"	"genus"	1976	399	50.514119	162.171090	0.378270	0.004636	9822:"Sus":"genus"	9822:"Sus":"genus";9821:"Suidae":"family";35497:"Suina":"suborder";91561:"Artiodactyla":"order";314145:"Laurasiatheria":"superorder";1437010:"Boreoeutheria":"clade";9347:"Eutheria":"clade";32525:"Theria":"clade";40674:"Mammalia":"class";32524:"Amniota":"clade";32523:"Tetrapoda":"clade";1338369:"Dipnotetrapodomorpha":"clade";8287:"Sarcopterygii":"superclass";117571:"Euteleostomi":"clade";117570:"Teleostomi":"clade";7776:"Gnathostomata":"clade";7742:"Vertebrata":"clade";89593:"Craniata":"subphylum";7711:"Chordata":"phylum";33511:"Deuterostomia":"clade";33213:"Bilateria":"clade";6072:"Eumetazoa":"clade";33208:"Metazoa":"kingdom";33154:"Opisthokonta":"clade";2759:"Eukaryota":"domain";131567:"cellular organisms":"cellular root";1:"root":"no rank"	0.137985	0.761198	0.095572	79.301128	-41.710779	4525.000000	0.043497	3.172314	0.136979	0.730472	0.094809	80.523782	0.116097	0.157432	0.627870	0.822652	0.078796	0.105642	46.589800	166.953511	78	286	0.272727	0.233557	0.053360	80	372	0.215054	0.128523	0.041136	20	377	0.053050	0.103441	0.037388	40	292	0.136986	0.097451	0.037320	38	388	0.097938	0.096021	0.036081	103	541	0.190388	0.233557	0.050557	40	446	0.089686	0.128523	0.040532	43	557	0.077199	0.103441	0.036323	44	384	0.114583	0.097451	0.036353	36	450	0.080000	0.096021	0.035657
simadna_hd.fq	simadna_hd.fq	9823	"Sus scrofa"	"species"	1073	104	50.913462	184.785988	0.379565	0.003528	9823:"Sus scrofa":"species"	9823:"Sus scrofa":"species";9822:"Sus":"genus";9821:"Suidae":"family";35497:"Suina":"suborder";91561:"Artiodactyla":"order";314145:"Laurasiatheria":"superorder";1437010:"Boreoeutheria":"clade";9347:"Eutheria":"clade";32525:"Theria":"clade";40674:"Mammalia":"class";32524:"Amniota":"clade";32523:"Tetrapoda":"clade";1338369:"Dipnotetrapodomorpha":"clade";8287:"Sarcopterygii":"superclass";117571:"Euteleostomi":"clade";117570:"Teleostomi":"clade";7776:"Gnathostomata":"clade";7742:"Vertebrata":"clade";89593:"Craniata":"subphylum";7711:"Chordata":"phylum";33511:"Deuterostomia":"clade";33213:"Bilateria":"clade";6072:"Eumetazoa":"clade";33208:"Metazoa":"kingdom";33154:"Opisthokonta":"clade";2759:"Eukaryota":"domain";131567:"cellular organisms":"cellular root";1:"root":"no rank"	0.145619	0.745472	0.102358	146.309951	-35.048790	1694.000000	0.039976	3.642694	0.141152	0.793132	0.106884	131.570111	0.102593	0.175148	0.633859	0.940812	0.090830	0.123428	51.031381	282.521257	47	164	0.286585	0.247976	0.048942	43	205	0.209756	0.139422	0.037360	17	225	0.075556	0.111791	0.033352	27	174	0.155172	0.104759	0.034234	22	217	0.101382	0.102969	0.032400	64	301	0.212625	0.247976	0.043374	27	258	0.104651	0.139422	0.035727	27	315	0.085714	0.111791	0.031419	26	209	0.124402	0.104759	0.032899	20	246	0.081301	0.102969	0.031622
simadna_hd.fq	simadna_hd.fq	9845	"Ruminantia"	"suborder"	4098	755	51.644778	195.406473	0.366451	0.005102	9845:"Ruminantia":"suborder"	9845:"Ruminantia":"suborder";91561:"Artiodactyla":"order";314145:"Laurasiatheria":"superorder";1437010:"Boreoeutheria":"clade";9347:"Eutheria":"clade";32525:"Theria":"clade";40674:"Mammalia":"class";32524:"Amniota":"clade";32523:"Tetrapoda":"clade";1338369:"Dipnotetrapodomorpha":"clade";8287:"Sarcopterygii":"superclass";117571:"Euteleostomi":"clade";117570:"Teleostomi":"clade";7776:"Gnathostomata":"clade";7742:"Vertebrata":"clade";89593:"Craniata":"subphylum";7711:"Chordata":"phylum";33511:"Deuterostomia":"clade";33213:"Bilateria":"clade";6072:"Eumetazoa":"clade";33208:"Metazoa":"kingdom";33154:"Opisthokonta":"clade";2759:"Eukaryota":"domain";131567:"cellular organisms":"cellular root";1:"root":"no rank"	0.140621	0.366536	0.065718	73.813774	-49.192584	2268.000000	0.042073	3.342306	0.144355	0.390719	0.064806	77.649356	0.111407	0.182901	0.230208	0.539924	0.020705	0.091174	61.658285	104.937381	202	770	0.262338	0.206340	0.048977	104	630	0.165079	0.154797	0.044201	152	715	0.212587	0.122147	0.039764	44	767	0.057366	0.101464	0.036550	73	682	0.107038	0.088362	0.034544	182	1126	0.161634	0.206340	0.048295	113	1089	0.103765	0.154797	0.043213	96	894	0.107383	0.122147	0.039390	91	940	0.096809	0.101464	0.036253	74	990	0.074747	0.088362	0.034015
simadna_hd.fq	simadna_hd.fq	9850	"Cervidae"	"family"	4	3	51.333333	0.000000	0.372303	0.000000	9850:"Cervidae":"family"	9850:"Cervidae":"family";35500:"Pecora":"infraorder";9845:"Ruminantia":"suborder";91561:"Artiodactyla":"order";314145:"Laurasiatheria":"superorder";1437010:"Boreoeutheria":"clade";9347:"Eutheria":"clade";32525:"Theria":"clade";40674:"Mammalia":"class";32524:"Amniota":"clade";32523:"Tetrapoda":"clade";1338369:"Dipnotetrapodomorpha":"clade";8287:"Sarcopterygii":"superclass";117571:"Euteleostomi":"clade";117570:"Teleostomi":"clade";7776:"Gnathostomata":"clade";7742:"Vertebrata":"clade";89593:"Craniata":"subphylum";7711:"Chordata":"phylum";33511:"Deuterostomia":"clade";33213:"Bilateria":"clade";6072:"Eumetazoa":"clade";33208:"Metazoa":"kingdom";33154:"Opisthokonta":"clade";2759:"Eukaryota":"domain";131567:"cellular organisms":"cellular root";1:"root":"no rank"	0.127012	0.027158	0.000000	2.000000	-3.721091	2258.000000	0.332986	0.381433	0.099885	0.313466	0.025012	7494.494253	0.000000	0.158390	0.026782	1.000000	0.000000	0.083351	2.000000	18342.825569	0	0	0.000000	0.127012	0.000000	0	2	0.000000	0.123562	0.268694	0	3	0.000000	0.120207	0.242392	0	1	0.000000	0.116942	0.321351	0	1	0.000000	0.113766	0.317527	0	1	0.000000	0.127012	0.332986	0	0	0.000000	0.123562	0.000000	2	3	0.666667	0.120207	0.242392	0	1	0.000000	0.116942	0.321351	0	0	0.000000	0.113766	0.000000
simadna_hd.fq	simadna_hd.fq	9881	"Odocoileinae"	"subfamily"	1	1	38.000000	0.000000	0.394737	0.000000	9881:"Odocoileinae":"subfamily"	9881:"Odocoileinae":"subfamily";9850:"Cervidae":"family";35500:"Pecora":"infraorder";9845:"Ruminantia":"suborder";91561:"Artiodactyla":"order";314145:"Laurasiatheria":"superorder";1437010:"Boreoeutheria":"clade";9347:"Eutheria":"clade";32525:"Theria":"clade";40674:"Mammalia":"class";32524:"Amniota":"clade";32523:"Tetrapoda":"clade";1338369:"Dipnotetrapodomorpha":"clade";8287:"Sarcopterygii":"superclass";117571:"Euteleostomi":"clade";117570:"Teleostomi":"clade";7776:"Gnathostomata":"clade";7742:"Vertebrata":"clade";89593:"Craniata":"subphylum";7711:"Chordata":"phylum";33511:"Deuterostomia":"clade";33213:"Bilateria":"clade";6072:"Eumetazoa":"clade";33208:"Metazoa":"kingdom";33154:"Opisthokonta":"clade";2759:"Eukaryota":"domain";131567:"cellular organisms":"cellular root";1:"root":"no rank"	0.000000	1.000000	0.000000	9.967989	-0.000000	168.000000	0.000100	0.000100	0.000000	1.000000	0.000000	6.157437	0.000000	0.000000	1.000000	1.000000	0.000000	0.000000	2.000000	9.316078	0	0	0.000000	0.000000	0.000000	0	0	0.000000	0.000000	0.000000	0	1	0.000000	0.000000	0.000100	0	0	0.000000	0.000000	0.000000	0	0	0.000000	0.000000	0.000000	0	1	0.000000	0.000000	0.000141	0	0	0.000000	0.000000	0.000000	0	1	0.000000	0.000000	0.000100	0	1	0.000000	0.000000	0.000100	0	0	0.000000	0.000000	0.000000
simadna_hd.fq	simadna_hd.fq	9882	"Hydropotes"	"genus"	2	1	51.000000	0.000000	0.352941	0.000000	9882:"Hydropotes":"genus"	9882:"Hydropotes":"genus";34876:"Hydropotinae":"subfamily";9850:"Cervidae":"family";35500:"Pecora":"infraorder";9845:"Ruminantia":"suborder";91561:"Artiodactyla":"order";314145:"Laurasiatheria":"superorder";1437010:"Boreoeutheria":"clade";9347:"Eutheria":"clade";32525:"Theria":"clade";40674:"Mammalia":"class";32524:"Amniota":"clade";32523:"Tetrapoda":"clade";1338369:"Dipnotetrapodomorpha":"clade";8287:"Sarcopterygii":"superclass";117571:"Euteleostomi":"clade";117570:"Teleostomi":"clade";7776:"Gnathostomata":"clade";7742:"Vertebrata":"clade";89593:"Craniata":"subphylum";7711:"Chordata":"phylum";33511:"Deuterostomia":"clade";33213:"Bilateria":"clade";6072:"Eumetazoa":"clade";33208:"Metazoa":"kingdom";33154:"Opisthokonta":"clade";2759:"Eukaryota":"domain";131567:"cellular organisms":"cellular root";1:"root":"no rank"	0.243824	0.000000	0.059477	2.000000	-2.992120	1781.000000	0.429388	0.567841	0.058528	0.000000	0.244771	2.000000	0.053296	0.075971	0.000000	0.000000	0.227342	0.250000	2.000000	2.000000	0	0	0.000000	0.303301	0.000000	0	2	0.000000	0.303301	0.375331	0	2	0.000000	0.303301	0.375331	0	0	0.000000	0.303301	0.000000	0	0	0.000000	0.303301	0.000000	0	0	0.000000	0.303301	0.000000	0	0	0.000000	0.303301	0.000000	2	2	1.000000	0.303301	0.375331	0	0	0.000000	0.303301	0.000000	0	0	0.000000	0.303301	0.000000
simadna_hd.fq	simadna_hd.fq	9883	"Hydropotes inermis"	"species"	2	1	51.000000	0.000000	0.352941	0.000000	9883:"Hydropotes inermis":"species"	9883:"Hydropotes inermis":"species";9882:"Hydropotes":"genus";34876:"Hydropotinae":"subfamily";9850:"Cervidae":"family";35500:"Pecora":"infraorder";9845:"Ruminantia":"suborder";91561:"Artiodactyla":"order";314145:"Laurasiatheria":"superorder";1437010:"Boreoeutheria":"clade";9347:"Eutheria":"clade";32525:"Theria":"clade";40674:"Mammalia":"class";32524:"Amniota":"clade";32523:"Tetrapoda":"clade";1338369:"Dipnotetrapodomorpha":"clade";8287:"Sarcopterygii":"superclass";117571:"Euteleostomi":"clade";117570:"Teleostomi":"clade";7776:"Gnathostomata":"clade";7742:"Vertebrata":"clade";89593:"Craniata":"subphylum";7711:"Chordata":"phylum";33511:"Deuterostomia":"clade";33213:"Bilateria":"clade";6072:"Eumetazoa":"clade";33208:"Metazoa":"kingdom";33154:"Opisthokonta":"clade";2759:"Eukaryota":"domain";131567:"cellular organisms":"cellular root";1:"root":"no rank"	0.063825	0.000000	0.239470	2.000000	-2.992120	1540.000000	0.244442	0.261107	0.055406	0.000000	0.247894	2.000000	0.053298	0.063483	0.000000	0.000000	0.239820	0.250000	2.000000	2.000000	0	0	0.000000	0.303296	0.000000	0	2	0.000000	0.303296	0.375329	0	2	0.000000	0.303296	0.375329	0	0	0.000000	0.303296	0.000000	0	0	0.000000	0.303296	0.000000	0	0	0.000000	0.303296	0.000000	0	0	0.000000	0.303296	0.000000	2	2	1.000000	0.303296	0.375329	0	0	0.000000	0.303296	0.000000	0	0	0.000000	0.303296	0.000000
simadna_hd.fq	simadna_hd.fq	9885	"Muntiacus"	"genus"	1	1	65.000000	0.000000	0.369231	0.000000	9885:"Muntiacus":"genus"	9885:"Muntiacus":"genus";34877:"Muntiacinae":"subfamily";9850:"Cervidae":"family";35500:"Pecora":"infraorder";9845:"Ruminantia":"suborder";91561:"Artiodactyla":"order";314145:"Laurasiatheria":"superorder";1437010:"Boreoeutheria":"clade";9347:"Eutheria":"clade";32525:"Theria":"clade";40674:"Mammalia":"class";32524:"Amniota":"clade";32523:"Tetrapoda":"clade";1338369:"Dipnotetrapodomorpha":"clade";8287:"Sarcopterygii":"superclass";117571:"Euteleostomi":"clade";117570:"Teleostomi":"clade";7776:"Gnathostomata":"clade";7742:"Vertebrata":"clade";89593:"Craniata":"subphylum";7711:"Chordata":"phylum";33511:"Deuterostomia":"clade";33213:"Bilateria":"clade";6072:"Eumetazoa":"clade";33208:"Metazoa":"kingdom";33154:"Opisthokonta":"clade";2759:"Eukaryota":"domain";131567:"cellular organisms":"cellular root";1:"root":"no rank"	0.054968	1.000000	0.000000	2.058039	-0.000000	262.000000	0.227918	0.241175	0.270959	1.000000	0.000000	4.670597	0.000000	0.736264	1.000000	1.000000	0.000000	0.000000	2.000000	9.562729	0	0	0.000000	0.054968	0.000000	0	0	0.000000	0.000000	0.000000	0	0	0.000000	0.000000	0.000000	0	1	0.000000	0.000000	0.000100	0	1	0.000000	0.000000	0.000100	0	0	0.000000	0.054968	0.000000	0	0	0.000000	0.000000	0.000000	0	0	0.000000	0.000000	0.000000	0	0	0.000000	0.000000	0.000000	0	0	0.000000	0.000000	0.000000
simadna_hd.fq	simadna_hd.fq	9895	"Bovidae"	"family"	4094	752	51.629569	195.778814	0.366311	0.005112	9895:"Bovidae":"family"	9895:"Bovidae":"family";35500:"Pecora":"infraorder";9845:"Ruminantia":"suborder";91561:"Artiodactyla":"order";314145:"Laurasiatheria":"superorder";1437010:"Boreoeutheria":"clade";9347:"Eutheria":"clade";32525:"Theria":"clade";40674:"Mammalia":"class";32524:"Amniota":"clade";32523:"Tetrapoda":"clade";1338369:"Dipnotetrapodomorpha":"clade";8287:"Sarcopterygii":"superclass";117571:"Euteleostomi":"clade";117570:"Teleostomi":"clade";7776:"Gnathostomata":"clade";7742:"Vertebrata":"clade";89593:"Craniata":"subphylum";7711:"Chordata":"phylum";33511:"Deuterostomia":"clade";33213:"Bilateria":"clade";6072:"Eumetazoa":"clade";33208:"Metazoa":"kingdom";33154:"Opisthokonta":"clade";2759:"Eukaryota":"domain";131567:"cellular organisms":"cellular root";1:"root":"no rank"	0.139978	0.371318	0.066631	73.041749	-49.222287	4199.000000	0.042192	3.317677	0.143191	0.399370	0.066515	75.963206	0.107327	0.185179	0.263069	0.569758	0.028666	0.091721	60.161993	103.070931	202	770	0.262338	0.206609	0.049233	104	628	0.165605	0.154633	0.044394	152	712	0.213483	0.121956	0.039933	44	766	0.057441	0.101413	0.036717	73	681	0.107195	0.088498	0.034732	182	1125	0.161778	0.206609	0.048556	113	1089	0.103765	0.154633	0.043404	94	891	0.105499	0.121956	0.039558	91	939	0.096912	0.101413	0.036421	74	990	0.074747	0.088498	0.034203
simadna_hd.fq	simadna_hd.fq	9900	"Bison"	"genus"	503	4	40.750001	25.111111	0.404328	0.001727	9900:"Bison":"genus"	9900:"Bison":"genus";27592:"Bovinae":"subfamily";9895:"Bovidae":"family";35500:"Pecora":"infraorder";9845:"Ruminantia":"suborder";91561:"Artiodactyla":"order";314145:"Laurasiatheria":"superorder";1437010:"Boreoeutheria":"clade";9347:"Eutheria":"clade";32525:"Theria":"clade";40674:"Mammalia":"class";32524:"Amniota":"clade";32523:"Tetrapoda":"clade";1338369:"Dipnotetrapodomorpha":"clade";8287:"Sarcopterygii":"superclass";117571:"Euteleostomi":"clade";117570:"Teleostomi":"clade";7776:"Gnathostomata":"clade";7742:"Vertebrata":"clade";89593:"Craniata":"subphylum";7711:"Chordata":"phylum";33511:"Deuterostomia":"clade";33213:"Bilateria":"clade";6072:"Eumetazoa":"clade";33208:"Metazoa":"kingdom";33154:"Opisthokonta":"clade";2759:"Eukaryota":"domain";131567:"cellular organisms":"cellular root";1:"root":"no rank"	0.137704	1.000000	0.091305	136.219254	-28.411168	1694.000000	0.047457	2.901693	0.147329	0.890354	0.086079	6342.626675	0.097139	0.195365	0.567478	1.000000	0.049404	0.110032	31.197931	385.276192	29	85	0.341176	0.229010	0.057869	10	81	0.123457	0.091305	0.040268	13	92	0.141304	0.091305	0.038729	8	108	0.074074	0.091305	0.036977	6	89	0.067416	0.091305	0.039116	23	150	0.153333	0.229010	0.049550	8	127	0.062992	0.091305	0.035400	7	104	0.067308	0.091305	0.037371	10	118	0.084746	0.091305	0.036092	12	113	0.106195	0.091305	0.036517
simadna_hd.fq	simadna_hd.fq	9902	"Bison bonasus"	"species"	186	3	41.666668	25.111111	0.451385	0.001727	9902:"Bison bonasus":"species"	9902:"Bison bonasus":"species";9900:"Bison":"genus";27592:"Bovinae":"subfamily";9895:"Bovidae":"family";35500:"Pecora":"infraorder";9845:"Ruminantia":"suborder";91561:"Artiodactyla":"order";314145:"Laurasiatheria":"superorder";1437010:"Boreoeutheria":"clade";9347:"Eutheria":"clade";32525:"Theria":"clade";40674:"Mammalia":"class";32524:"Amniota":"clade";32523:"Tetrapoda":"clade";1338369:"Dipnotetrapodomorpha":"clade";8287:"Sarcopterygii":"superclass";117571:"Euteleostomi":"clade";117570:"Teleostomi":"clade";7776:"Gnathostomata":"clade";7742:"Vertebrata":"clade";89593:"Craniata":"subphylum";7711:"Chordata":"phylum";33511:"Deuterostomia":"clade";33213:"Bilateria":"clade";6072:"Eumetazoa":"clade";33208:"Metazoa":"kingdom";33154:"Opisthokonta":"clade";2759:"Eukaryota":"domain";131567:"cellular organisms":"cellular root";1:"root":"no rank"	0.121181	0.923532	0.083544	110429.506376	-19.240765	1189.000000	0.064007	1.893238	0.122078	0.815324	0.080578	26626.911604	0.048890	0.204778	0.232160	1.000000	0.000000	0.116640	20.294909	122939.089848	7	26	0.269231	0.204725	0.079142	5	27	0.185185	0.092810	0.055849	3	30	0.100000	0.084252	0.050720	2	43	0.046512	0.083598	0.042217	3	31	0.096774	0.083548	0.049705	11	62	0.177419	0.204725	0.051259	3	57	0.052632	0.092810	0.038443	2	44	0.045455	0.084252	0.041883	5	41	0.121951	0.083598	0.043234	4	40	0.100000	0.083548	0.043759
simadna_hd.fq	simadna_hd.fq	9903	"Bos"	"genus"	3115	416	51.687500	195.602675	0.365649	0.005078	9903:"Bos":"genus"	9903:"Bos":"genus";27592:"Bovinae":"subfamily";9895:"Bovidae":"family";35500:"Pecora":"infraorder";9845:"Ruminantia":"suborder";91561:"Artiodactyla":"order";314145:"Laurasiatheria":"superorder";1437010:"Boreoeutheria":"clade";9347:"Eutheria":"clade";32525:"Theria":"clade";40674:"Mammalia":"class";32524:"Amniota":"clade";32523:"Tetrapoda":"clade";1338369:"Dipnotetrapodomorpha":"clade";8287:"Sarcopterygii":"superclass";117571:"Euteleostomi":"clade";117570:"Teleostomi":"clade";7776:"Gnathostomata":"clade";7742:"Vertebrata":"clade";89593:"Craniata":"subphylum";7711:"Chordata":"phylum";33511:"Deuterostomia":"clade";33213:"Bilateria":"clade";6072:"Eumetazoa":"clade";33208:"Metazoa":"kingdom";33154:"Opisthokonta":"clade";2759:"Eukaryota":"domain";131567:"cellular organisms":"cellular root";1:"root":"no rank"	0.130076	1.000000	0.100052	100.009028	-44.768343	964.000000	0.036356	3.577837	0.129239	0.997723	0.102104	95.083826	0.117409	0.143286	0.987189	1.000000	0.094093	0.107430	66.962096	142.250487	163	556	0.293165	0.230128	0.045492	48	461	0.104121	0.100052	0.032936	82	517	0.158607	0.100052	0.032617	33	601	0.054908	0.100052	0.032245	63	548	0.114964	0.100052	0.032467	146	838	0.174224	0.230128	0.044309	53	767	0.069100	0.100052	0.031744	68	668	0.101796	0.100052	0.032014	79	751	0.105193	0.100052	0.031783	62	701	0.088445	0.100052	0.031915
simadna_hd.fq	simadna_hd.fq	9904	"Bos gaurus"	"species"	130	1	37.000000	0.000000	0.432432	0.000000	9904:"Bos gaurus":"species"	9904:"Bos gaurus":"species";9903:"Bos":"genus";27592:"Bovinae":"subfamily";9895:"Bovidae":"family";35500:"Pecora":"infraorder";9845:"Ruminantia":"suborder";91561:"Artiodactyla":"order";314145:"Laurasiatheria":"superorder";1437010:"Boreoeutheria":"clade";9347:"Eutheria":"clade";32525:"Theria":"clade";40674:"Mammalia":"class";32524:"Amniota":"clade";32523:"Tetrapoda":"clade";1338369:"Dipnotetrapodomorpha":"clade";8287:"Sarcopterygii":"superclass";117571:"Euteleostomi":"clade";117570:"Teleostomi":"clade";7776:"Gnathostomata":"clade";7742:"Vertebrata":"clade";89593:"Craniata":"subphylum";7711:"Chordata":"phylum";33511:"Deuterostomia":"clade";33213:"Bilateria":"clade";6072:"Eumetazoa":"clade";33208:"Metazoa":"kingdom";33154:"Opisthokonta":"clade";2759:"Eukaryota":"domain";131567:"cellular organisms":"cellular root";1:"root":"no rank"	0.209222	1.000000	0.078812	229225.838144	-16.692627	2105.000000	0.093319	2.242000	0.233574	0.843876	0.059918	43309.380942	0.161473	0.376136	0.461125	1.000000	0.000000	0.099100	18.000734	146446.353306	8	19	0.421053	0.288034	0.103894	2	23	0.086957	0.078812	0.056186	1	14	0.071429	0.078812	0.072014	1	24	0.041667	0.078812	0.055003	1	27	0.037037	0.078812	0.051858	9	40	0.225000	0.288034	0.071607	2	31	0.064516	0.078812	0.048397	3	29	0.103448	0.078812	0.050038	5	30	0.166667	0.078812	0.049197	1	25	0.040000	0.078812	0.053892
simadna_hd.fq	simadna_hd.fq	9906	"Bos javanicus"	"species"	722	2	62.500000	182.250000	0.312567	0.011769	9906:"Bos javanicus":"species"	9906:"Bos javanicus":"species";9903:"Bos":"genus";27592:"Bovinae":"subfamily";9895:"Bovidae":"family";35500:"Pecora":"infraorder";9845:"Ruminantia":"suborder";91561:"Artiodactyla":"order";314145:"Laurasiatheria":"superorder";1437010:"Boreoeutheria":"clade";9347:"Eutheria":"clade";32525:"Theria":"clade";40674:"Mammalia":"class";32524:"Amniota":"clade";32523:"Tetrapoda":"clade";1338369:"Dipnotetrapodomorpha":"clade";8287:"Sarcopterygii":"superclass";117571:"Euteleostomi":"clade";117570:"Teleostomi":"clade";7776:"Gnathostomata":"clade";7742:"Vertebrata":"clade";89593:"Craniata":"subphylum";7711:"Chordata":"phylum";33511:"Deuterostomia":"clade";33213:"Bilateria":"clade";6072:"Eumetazoa":"clade";33208:"Metazoa":"kingdom";33154:"Opisthokonta":"clade";2759:"Eukaryota":"domain";131567:"cellular organisms":"cellular root";1:"root":"no rank"	0.127809	1.000000	0.100544	181.610108	-30.740224	3641.000000	0.038167	3.348657	0.132565	0.942489	0.097825	252.163522	0.085092	0.180891	0.686125	1.000000	0.077454	0.111834	48.087049	683.115898	39	131	0.297710	0.228352	0.047986	12	106	0.113208	0.100544	0.036657	19	123	0.154472	0.100544	0.035021	7	139	0.050360	0.100544	0.033798	16	130	0.123077	0.100544	0.034454	33	190	0.173684	0.228352	0.043443	12	174	0.068966	0.100544	0.031814	16	156	0.102564	0.100544	0.032738	19	175	0.108571	0.100544	0.031767	15	167	0.089820	0.100544	0.032153
simadna_hd.fq	simadna_hd.fq	9913	"Bos taurus"	"species"	722	2	55.500000	240.250000	0.322183	0.005210	9913:"Bos taurus":"species"	9913:"Bos taurus":"species";9903:"Bos":"genus";27592:"Bovinae":"subfamily";9895:"Bovidae":"family";35500:"Pecora":"infraorder";9845:"Ruminantia":"suborder";91561:"Artiodactyla":"order";314145:"Laurasiatheria":"superorder";1437010:"Boreoeutheria":"clade";9347:"Eutheria":"clade";32525:"Theria":"clade";40674:"Mammalia":"class";32524:"Amniota":"clade";32523:"Tetrapoda":"clade";1338369:"Dipnotetrapodomorpha":"clade";8287:"Sarcopterygii":"superclass";117571:"Euteleostomi":"clade";117570:"Teleostomi":"clade";7776:"Gnathostomata":"clade";7742:"Vertebrata":"clade";89593:"Craniata":"subphylum";7711:"Chordata":"phylum";33511:"Deuterostomia":"clade";33213:"Bilateria":"clade";6072:"Eumetazoa":"clade";33208:"Metazoa":"kingdom";33154:"Opisthokonta":"clade";2759:"Eukaryota":"domain";131567:"cellular organisms":"cellular root";1:"root":"no rank"	0.121723	1.000000	0.103818	121.809698	-31.717434	4537.000000	0.040912	2.975229	0.128007	0.950519	0.101211	115.661349	0.084717	0.183717	0.695367	1.000000	0.077692	0.116809	39.988059	249.372195	40	132	0.303030	0.225542	0.052295	13	108	0.120370	0.103818	0.040151	20	124	0.161290	0.103818	0.038753	8	140	0.057143	0.103818	0.037640	17	131	0.129771	0.103818	0.038237	31	190	0.163158	0.225542	0.048313	11	175	0.062857	0.103818	0.035846	18	159	0.113208	0.103818	0.036579	18	170	0.105882	0.103818	0.036062	14	165	0.084848	0.103818	0.036289
simadna_hd.fq	simadna_hd.fq	9915	"Bos indicus"	"species"	538	1	58.000000	0.000000	0.362069	0.000000	9915:"Bos indicus":"species"	9915:"Bos indicus":"species";9903:"Bos":"genus";27592:"Bovinae":"subfamily";9895:"Bovidae":"family";35500:"Pecora":"infraorder";9845:"Ruminantia":"suborder";91561:"Artiodactyla":"order";314145:"Laurasiatheria":"superorder";1437010:"Boreoeutheria":"clade";9347:"Eutheria":"clade";32525:"Theria":"clade";40674:"Mammalia":"class";32524:"Amniota":"clade";32523:"Tetrapoda":"clade";1338369:"Dipnotetrapodomorpha":"clade";8287:"Sarcopterygii":"superclass";117571:"Euteleostomi":"clade";117570:"Teleostomi":"clade";7776:"Gnathostomata":"clade";7742:"Vertebrata":"clade";89593:"Craniata":"subphylum";7711:"Chordata":"phylum";33511:"Deuterostomia":"clade";33213:"Bilateria":"clade";6072:"Eumetazoa":"clade";33208:"Metazoa":"kingdom";33154:"Opisthokonta":"clade";2759:"Eukaryota":"domain";131567:"cellular organisms":"cellular root";1:"root":"no rank"	0.104682	1.000000	0.096177	234997.257185	-25.625252	8198.000000	0.031924	3.279116	0.116151	0.917914	0.091166	14535.701902	0.068573	0.169261	0.445665	1.000000	0.047760	0.109419	68.185024	105710.925990	24	92	0.260870	0.200859	0.041778	7	74	0.094595	0.096177	0.034279	14	88	0.159091	0.096177	0.031435	6	99	0.060606	0.096177	0.029638	8	85	0.094118	0.096177	0.031985	23	142	0.161972	0.200859	0.033631	11	144	0.076389	0.096177	0.024577	10	112	0.089286	0.096177	0.027866	13	130	0.100000	0.096177	0.025866	14	131	0.106870	0.096177	0.025767
simadna_hd.fq	simadna_hd.fq	9918	"Bubalus"	"genus"	37	1	40.000000	0.000000	0.400000	0.000000	9918:"Bubalus":"genus"	9918:"Bubalus":"genus";27592:"Bovinae":"subfamily";9895:"Bovidae":"family";35500:"Pecora":"infraorder";9845:"Ruminantia":"suborder";91561:"Artiodactyla":"order";314145:"Laurasiatheria":"superorder";1437010:"Boreoeutheria":"clade";9347:"Eutheria":"clade";32525:"Theria":"clade";40674:"Mammalia":"class";32524:"Amniota":"clade";32523:"Tetrapoda":"clade";1338369:"Dipnotetrapodomorpha":"clade";8287:"Sarcopterygii":"superclass";117571:"Euteleostomi":"clade";117570:"Teleostomi":"clade";7776:"Gnathostomata":"clade";7742:"Vertebrata":"clade";89593:"Craniata":"subphylum";7711:"Chordata":"phylum";33511:"Deuterostomia":"clade";33213:"Bilateria":"clade";6072:"Eumetazoa":"clade";33208:"Metazoa":"kingdom";33154:"Opisthokonta":"clade";2759:"Eukaryota":"domain";131567:"cellular organisms":"cellular root";1:"root":"no rank"	0.005329	0.000000	0.184915	2.316261	-15.612078	436.000000	0.045399	0.117378	0.080594	0.010380	0.103253	2.433330	0.000000	0.215516	0.000000	0.041911	0.000000	0.206477	2.000000	3.623794	0	8	0.000000	0.190244	0.244751	3	6	0.500000	0.190244	0.253745	2	7	0.285714	0.190244	0.248645	2	2	1.000000	0.190244	0.316627	0	5	0.000000	0.190244	0.260716	0	12	0.000000	0.190244	0.235414	2	16	0.125000	0.190244	0.230604	3	10	0.300000	0.190244	0.239193	0	2	0.000000	0.190244	0.316627	0	12	0.000000	0.190244	0.235414
simadna_hd.fq	simadna_hd.fq	9933	"Gazella"	"genus"	16	1	49.000000	0.000000	0.265306	0.000000	9933:"Gazella":"genus"	9933:"Gazella":"genus";9948:"Antilopinae":"subfamily";9895:"Bovidae":"family";35500:"Pecora":"infraorder";9845:"Ruminantia":"suborder";91561:"Artiodactyla":"order";314145:"Laurasiatheria":"superorder";1437010:"Boreoeutheria":"clade";9347:"Eutheria":"clade";32525:"Theria":"clade";40674:"Mammalia":"class";32524:"Amniota":"clade";32523:"Tetrapoda":"clade";1338369:"Dipnotetrapodomorpha":"clade";8287:"Sarcopterygii":"superclass";117571:"Euteleostomi":"clade";117570:"Teleostomi":"clade";7776:"Gnathostomata":"clade";7742:"Vertebrata":"clade";89593:"Craniata":"subphylum";7711:"Chordata":"phylum";33511:"Deuterostomia":"clade";33213:"Bilateria":"clade";6072:"Eumetazoa":"clade";33208:"Metazoa":"kingdom";33154:"Opisthokonta":"clade";2759:"Eukaryota":"domain";131567:"cellular organisms":"cellular root";1:"root":"no rank"	0.000000	0.000000	0.068721	6.889093	-5.896261	1255.000000	0.000059	0.000170	0.025072	0.255622	0.042509	7.499079	0.000000	0.102303	0.000000	1.000000	0.000000	0.100780	2.000000	25.379048	0	4	0.000000	0.068721	0.148607	0	1	0.000000	0.068721	0.252980	0	10	0.000000	0.068721	0.117051	1	2	0.500000	0.068721	0.189883	0	0	0.000000	0.068721	0.000000	0	2	0.000000	0.068721	0.189883	0	4	0.000000	0.068721	0.148607	1	3	0.333333	0.068721	0.163527	0	6	0.000000	0.068721	0.132010	0	5	0.000000	0.068721	0.138887
simadna_hd.fq	simadna_hd.fq	9948	"Antilopinae"	"subfamily"	86	1	49.000000	0.000000	0.265306	0.000000	9948:"Antilopinae":"subfamily"	9948:"Antilopinae":"subfamily";9895:"Bovidae":"family";35500:"Pecora":"infraorder";9845:"Ruminantia":"suborder";91561:"Artiodactyla":"order";314145:"Laurasiatheria":"superorder";1437010:"Boreoeutheria":"clade";9347:"Eutheria":"clade";32525:"Theria":"clade";40674:"Mammalia":"class";32524:"Amniota":"clade";32523:"Tetrapoda":"clade";1338369:"Dipnotetrapodomorpha":"clade";8287:"Sarcopterygii":"superclass";117571:"Euteleostomi":"clade";117570:"Teleostomi":"clade";7776:"Gnathostomata":"clade";7742:"Vertebrata":"clade";89593:"Craniata":"subphylum";7711:"Chordata":"phylum";33511:"Deuterostomia":"clade";33213:"Bilateria":"clade";6072:"Eumetazoa":"clade";33208:"Metazoa":"kingdom";33154:"Opisthokonta":"clade";2759:"Eukaryota":"domain";131567:"cellular organisms":"cellular root";1:"root":"no rank"	0.110833	0.061392	0.000000	11.404176	-18.135732	4183.000000	0.106909	1.036703	0.101003	0.084926	0.026675	6.578521	0.000011	0.161612	0.000000	0.235902	0.000000	0.120897	2.858963	16.128099	0	26	0.000000	0.110833	0.106909	2	13	0.153846	0.104029	0.118768	5	20	0.250000	0.097642	0.105610	1	14	0.071429	0.091648	0.110355	1	7	0.142857	0.086022	0.129091	1	25	0.040000	0.110833	0.107559	7	32	0.218750	0.104029	0.100956	2	13	0.153846	0.097642	0.115474	0	16	0.000000	0.091648	0.107214	0	30	0.000000	0.086022	0.093530
simadna_hd.fq	simadna_hd.fq	9952	"Cephalophinae"	"subfamily"	69	1	37.000000	0.000000	0.243243	0.000000	9952:"Cephalophinae":"subfamily"	9952:"Cephalophinae":"subfamily";9895:"Bovidae":"family";35500:"Pecora":"infraorder";9845:"Ruminantia":"suborder";91561:"Artiodactyla":"order";314145:"Laurasiatheria":"superorder";1437010:"Boreoeutheria":"clade";9347:"Eutheria":"clade";32525:"Theria":"clade";40674:"Mammalia":"class";32524:"Amniota":"clade";32523:"Tetrapoda":"clade";1338369:"Dipnotetrapodomorpha":"clade";8287:"Sarcopterygii":"superclass";117571:"Euteleostomi":"clade";117570:"Teleostomi":"clade";7776:"Gnathostomata":"clade";7742:"Vertebrata":"clade";89593:"Craniata":"subphylum";7711:"Chordata":"phylum";33511:"Deuterostomia":"clade";33213:"Bilateria":"clade";6072:"Eumetazoa":"clade";33208:"Metazoa":"kingdom";33154:"Opisthokonta":"clade";2759:"Eukaryota":"domain";131567:"cellular organisms":"cellular root";1:"root":"no rank"	0.231278	0.154417	0.000000	2.000000	-20.524149	319.000000	0.255322	0.905831	0.190242	0.132856	0.006530	2.000000	0.154389	0.258767	0.021830	0.227427	0.000000	0.000000	2.000000	2.000000	1	20	0.050000	0.231278	0.255322	13	19	0.684211	0.195565	0.240748	14	17	0.823529	0.165366	0.226758	0	6	0.000000	0.139831	0.231208	1	8	0.125000	0.118239	0.208425	0	18	0.000000	0.231278	0.256608	13	33	0.393939	0.195565	0.235835	0	28	0.000000	0.165366	0.222020	0	2	0.000000	0.139831	0.283171	0	32	0.000000	0.118239	0.192158
simadna_hd.fq	simadna_hd.fq	9961	"Kobus"	"genus"	5	1	41.000000	0.000000	0.292683	0.000000	9961:"Kobus":"genus"	9961:"Kobus":"genus";59549:"Reduncinae":"subfamily";9895:"Bovidae":"family";35500:"Pecora":"infraorder";9845:"Ruminantia":"suborder";91561:"Artiodactyla":"order";314145:"Laurasiatheria":"superorder";1437010:"Boreoeutheria":"clade";9347:"Eutheria":"clade";32525:"Theria":"clade";40674:"Mammalia":"class";32524:"Amniota":"clade";32523:"Tetrapoda":"clade";1338369:"Dipnotetrapodomorpha":"clade";8287:"Sarcopterygii":"superclass";117571:"Euteleostomi":"clade";117570:"Teleostomi":"clade";7776:"Gnathostomata":"clade";7742:"Vertebrata":"clade";89593:"Craniata":"subphylum";7711:"Chordata":"phylum";33511:"Deuterostomia":"clade";33213:"Bilateria":"clade";6072:"Eumetazoa":"clade";33208:"Metazoa":"kingdom";33154:"Opisthokonta":"clade";2759:"Eukaryota":"domain";131567:"cellular organisms":"cellular root";1:"root":"no rank"	0.000000	1.000000	0.000000	2.000000	-0.000000	52.000000	0.000082	0.000122	0.000000	1.000000	0.000000	2.061874	0.000000	0.000000	1.000000	1.000000	0.000000	0.000000	2.000000	2.000000	0	2	0.000000	0.000000	0.000115	0	2	0.000000	0.000000	0.000082	0	2	0.000000	0.000000	0.000082	0	0	0.000000	0.000000	0.000000	0	0	0.000000	0.000000	0.000000	0	1	0.000000	0.000000	0.000141	0	0	0.000000	0.000000	0.000000	0	0	0.000000	0.000000	0.000000	0	1	0.000000	0.000000	0.000100	0	0	0.000000	0.000000	0.000000
simadna_hd.fq	simadna_hd.fq	9963	"Caprinae"	"subfamily"	98	1	41.000000	0.000000	0.414634	0.000000	9963:"Caprinae":"subfamily"	9963:"Caprinae":"subfamily";9895:"Bovidae":"family";35500:"Pecora":"infraorder";9845:"Ruminantia":"suborder";91561:"Artiodactyla":"order";314145:"Laurasiatheria":"superorder";1437010:"Boreoeutheria":"clade";9347:"Eutheria":"clade";32525:"Theria":"clade";40674:"Mammalia":"class";32524:"Amniota":"clade";32523:"Tetrapoda":"clade";1338369:"Dipnotetrapodomorpha":"clade";8287:"Sarcopterygii":"superclass";117571:"Euteleostomi":"clade";117570:"Teleostomi":"clade";7776:"Gnathostomata":"clade";7742:"Vertebrata":"clade";89593:"Craniata":"subphylum";7711:"Chordata":"phylum";33511:"Deuterostomia":"clade";33213:"Bilateria":"clade";6072:"Eumetazoa":"clade";33208:"Metazoa":"kingdom";33154:"Opisthokonta":"clade";2759:"Eukaryota":"domain";131567:"cellular organisms":"cellular root";1:"root":"no rank"	0.264792	0.347423	0.000000	2.000000	-21.599474	1409.000000	0.262580	1.008424	0.256496	0.332191	0.000000	2.000000	0.158280	0.289619	0.250401	0.359767	0.000000	0.000000	2.000000	2.000000	3	32	0.093750	0.264792	0.262580	16	18	0.888889	0.172797	0.230087	19	21	0.904762	0.112763	0.191116	0	15	0.000000	0.073587	0.160480	0	4	0.000000	0.048021	0.151187	0	32	0.000000	0.264792	0.262580	17	52	0.326923	0.172797	0.222438	0	26	0.000000	0.112763	0.189511	0	22	0.000000	0.073587	0.157447	0	40	0.000000	0.048021	0.126492
simadna_hd.fq	simadna_hd.fq	9989	"Rodentia"	"order"	3	2	38.500000	0.000000	0.349594	0.000000	9989:"Rodentia":"order"	9989:"Rodentia":"order";314147:"Glires":"clade";314146:"Euarchontoglires":"superorder";1437010:"Boreoeutheria":"clade";9347:"Eutheria":"clade";32525:"Theria":"clade";40674:"Mammalia":"class";32524:"Amniota":"clade";32523:"Tetrapoda":"clade";1338369:"Dipnotetrapodomorpha":"clade";8287:"Sarcopterygii":"superclass";117571:"Euteleostomi":"clade";117570:"Teleostomi":"clade";7776:"Gnathostomata":"clade";7742:"Vertebrata":"clade";89593:"Craniata":"subphylum";7711:"Chordata":"phylum";33511:"Deuterostomia":"clade";33213:"Bilateria":"clade";6072:"Eumetazoa":"clade";33208:"Metazoa":"kingdom";33154:"Opisthokonta":"clade";2759:"Eukaryota":"domain";131567:"cellular organisms":"cellular root";1:"root":"no rank"	0.000000	0.182951	0.196846	2.000000	-3.550180	1387.000000	0.000100	0.000100	0.016686	0.005530	0.180160	2.000000	0.000000	0.067477	0.000000	0.002628	0.129370	0.196847	2.000000	2.000000	0	0	0.000000	0.196846	0.000000	0	2	0.000000	0.196846	0.324651	2	2	1.000000	0.196846	0.324651	0	0	0.000000	0.196846	0.000000	0	0	0.000000	0.196846	0.000000	0	1	0.000000	0.196846	0.397615	0	1	0.000000	0.196846	0.397615	0	0	0.000000	0.196846	0.000000	0	2	0.000000	0.196846	0.324651	0	0	0.000000	0.196846	0.000000
simadna_hd.fq	simadna_hd.fq	10167	"Bathyergidae"	"family"	2	1	41.000000	0.000000	0.365854	0.000000	10167:"Bathyergidae":"family"	10167:"Bathyergidae":"family";33550:"Hystricomorpha":"suborder";9989:"Rodentia":"order";314147:"Glires":"clade";314146:"Euarchontoglires":"superorder";1437010:"Boreoeutheria":"clade";9347:"Eutheria":"clade";32525:"Theria":"clade";40674:"Mammalia":"class";32524:"Amniota":"clade";32523:"Tetrapoda":"clade";1338369:"Dipnotetrapodomorpha":"clade";8287:"Sarcopterygii":"superclass";117571:"Euteleostomi":"clade";117570:"Teleostomi":"clade";7776:"Gnathostomata":"clade";7742:"Vertebrata":"clade";89593:"Craniata":"subphylum";7711:"Chordata":"phylum";33511:"Deuterostomia":"clade";33213:"Bilateria":"clade";6072:"Eumetazoa":"clade";33208:"Metazoa":"kingdom";33154:"Opisthokonta":"clade";2759:"Eukaryota":"domain";131567:"cellular organisms":"cellular root";1:"root":"no rank"	0.295965	0.000000	0.007334	2.000000	-2.992120	244.000000	0.456475	0.648371	0.262390	0.000000	0.040909	2.000000	0.139725	0.303299	0.000000	0.000000	0.000000	0.163576	2.000000	2.000000	0	0	0.000000	0.303300	0.000000	0	2	0.000000	0.303300	0.375330	2	2	1.000000	0.303300	0.375330	0	0	0.000000	0.303300	0.000000	0	0	0.000000	0.303300	0.000000	0	0	0.000000	0.303300	0.000000	0	0	0.000000	0.303300	0.000000	0	0	0.000000	0.303300	0.000000	0	2	0.000000	0.303300	0.375330	0	0	0.000000	0.303300	0.000000
simadna_hd.fq	simadna_hd.fq	27592	"Bovinae"	"subfamily"	3756	656	51.630235	195.615838	0.366200	0.005109	27592:"Bovinae":"subfamily"	27592:"Bovinae":"subfamily";9895:"Bovidae":"family";35500:"Pecora":"infraorder";9845:"Ruminantia":"suborder";91561:"Artiodactyla":"order";314145:"Laurasiatheria":"superorder";1437010:"Boreoeutheria":"clade";9347:"Eutheria":"clade";32525:"Theria":"clade";40674:"Mammalia":"class";32524:"Amniota":"clade";32523:"Tetrapoda":"clade";1338369:"Dipnotetrapodomorpha":"clade";8287:"Sarcopterygii":"superclass";117571:"Euteleostomi":"clade";117570:"Teleostomi":"clade";7776:"Gnathostomata":"clade";7742:"Vertebrata":"clade";89593:"Craniata":"subphylum";7711:"Chordata":"phylum";33511:"Deuterostomia":"clade";33213:"Bilateria":"clade";6072:"Eumetazoa":"clade";33208:"Metazoa":"kingdom";33154:"Opisthokonta":"clade";2759:"Eukaryota":"domain";131567:"cellular organisms":"cellular root";1:"root":"no rank"	0.125026	1.000000	0.101806	105.298172	-46.393496	5632.000000	0.034505	3.623373	0.127217	0.996494	0.102596	100.519857	0.117037	0.140916	0.978428	1.000000	0.097325	0.106600	69.425506	129.096293	192	671	0.286140	0.226832	0.043690	63	562	0.112100	0.101806	0.031960	101	631	0.160063	0.101806	0.031683	43	720	0.059722	0.101806	0.031401	70	660	0.106061	0.101806	0.031583	179	1030	0.173786	0.226832	0.042644	66	939	0.070288	0.101806	0.030931	92	805	0.114286	0.101806	0.031189	91	886	0.102709	0.101806	0.031024	74	856	0.086449	0.101806	0.031081
simadna_hd.fq	simadna_hd.fq	30560	"Yangochiroptera"	"suborder"	2	2	48.000000	0.000000	0.334147	0.000000	30560:"Yangochiroptera":"suborder"	30560:"Yangochiroptera":"suborder";9397:"Chiroptera":"order";314145:"Laurasiatheria":"superorder";1437010:"Boreoeutheria":"clade";9347:"Eutheria":"clade";32525:"Theria":"clade";40674:"Mammalia":"class";32524:"Amniota":"clade";32523:"Tetrapoda":"clade";1338369:"Dipnotetrapodomorpha":"clade";8287:"Sarcopterygii":"superclass";117571:"Euteleostomi":"clade";117570:"Teleostomi":"clade";7776:"Gnathostomata":"clade";7742:"Vertebrata":"clade";89593:"Craniata":"subphylum";7711:"Chordata":"phylum";33511:"Deuterostomia":"clade";33213:"Bilateria":"clade";6072:"Eumetazoa":"clade";33208:"Metazoa":"kingdom";33154:"Opisthokonta":"clade";2759:"Eukaryota":"domain";131567:"cellular organisms":"cellular root";1:"root":"no rank"	0.000000	1.000000	0.000000	7.862431	-0.000000	108.000000	0.000100	0.000100	0.000000	1.000000	0.000000	4.704909	0.000000	0.000000	1.000000	1.000000	0.000000	0.000000	2.000000	9.643959	0	0	0.000000	0.000000	0.000000	0	0	0.000000	0.000000	0.000000	0	0	0.000000	0.000000	0.000000	0	1	0.000000	0.000000	0.000100	0	1	0.000000	0.000000	0.000100	0	0	0.000000	0.000000	0.000000	0	1	0.000000	0.000000	0.000100	0	0	0.000000	0.000000	0.000000	0	0	0.000000	0.000000	0.000000	0	0	0.000000	0.000000	0.000000
simadna_hd.fq	simadna_hd.fq	32523	"Tetrapoda"	"clade"	7825	2438	51.469601	187.210001	0.375806	0.005218	32523:"Tetrapoda":"clade"	32523:"Tetrapoda":"clade";1338369:"Dipnotetrapodomorpha":"clade";8287:"Sarcopterygii":"superclass";117571:"Euteleostomi":"clade";117570:"Teleostomi":"clade";7776:"Gnathostomata":"clade";7742:"Vertebrata":"clade";89593:"Craniata":"subphylum";7711:"Chordata":"phylum";33511:"Deuterostomia":"clade";33213:"Bilateria":"clade";6072:"Eumetazoa":"clade";33208:"Metazoa":"kingdom";33154:"Opisthokonta":"clade";2759:"Eukaryota":"domain";131567:"cellular organisms":"cellular root";1:"root":"no rank"	0.134670	0.425615	0.077386	144.029173	-52.585045	5608.000000	0.029798	4.519401	0.135832	0.450886	0.076885	136.216146	0.113914	0.165688	0.321735	0.661277	0.049071	0.098732	107.777116	176.674632	362	1371	0.264041	0.212056	0.035681	255	1340	0.190299	0.154738	0.031604	215	1405	0.153025	0.121816	0.028517	124	1345	0.092193	0.102906	0.026546	137	1378	0.099419	0.092044	0.025228	368	2146	0.171482	0.212056	0.035063	206	1966	0.104781	0.154738	0.031111	199	1884	0.105626	0.121816	0.028178	202	1772	0.113995	0.102906	0.026235	136	1840	0.073913	0.092044	0.024927
simadna_hd.fq	simadna_hd.fq	32524	"Amniota"	"clade"	7825	2438	51.429439	186.221056	0.375345	0.005212	32524:"Amniota":"clade"	32524:"Amniota":"clade";32523:"Tetrapoda":"clade";1338369:"Dipnotetrapodomorpha":"clade";8287:"Sarcopterygii":"superclass";117571:"Euteleostomi":"clade";117570:"Teleostomi":"clade";7776:"Gnathostomata":"clade";7742:"Vertebrata":"clade";89593:"Craniata":"subphylum";7711:"Chordata":"phylum";33511:"Deuterostomia":"clade";33213:"Bilateria":"clade";6072:"Eumetazoa":"clade";33208:"Metazoa":"kingdom";33154:"Opisthokonta":"clade";2759:"Eukaryota":"domain";131567:"cellular organisms":"cellular root";1:"root":"no rank"	0.134670	0.425615	0.077386	144.029058	-52.585045	6046.000000	0.029798	4.519400	0.135832	0.450886	0.076885	136.216105	0.113914	0.165687	0.321737	0.661276	0.049072	0.098732	107.777238	176.674332	362	1371	0.264041	0.212056	0.035681	255	1340	0.190299	0.154738	0.031604	215	1405	0.153025	0.121816	0.028517	124	1345	0.092193	0.102906	0.026546	137	1378	0.099419	0.092044	0.025228	368	2146	0.171482	0.212056	0.035063	206	1966	0.104781	0.154738	0.031111	199	1884	0.105626	0.121816	0.028178	202	1772	0.113995	0.102906	0.026235	136	1840	0.073913	0.092044	0.024927
simadna_hd.fq	simadna_hd.fq	32525	"Theria"	"clade"	7825	2438	51.328122	182.931587	0.374856	0.005196	32525:"Theria":"clade"	32525:"Theria":"clade";40674:"Mammalia":"class";32524:"Amniota":"clade";32523:"Tetrapoda":"clade";1338369:"Dipnotetrapodomorpha":"clade";8287:"Sarcopterygii":"superclass";117571:"Euteleostomi":"clade";117570:"Teleostomi":"clade";7776:"Gnathostomata":"clade";7742:"Vertebrata":"clade";89593:"Craniata":"subphylum";7711:"Chordata":"phylum";33511:"Deuterostomia":"clade";33213:"Bilateria":"clade";6072:"Eumetazoa":"clade";33208:"Metazoa":"kingdom";33154:"Opisthokonta":"clade";2759:"Eukaryota":"domain";131567:"cellular organisms":"cellular root";1:"root":"no rank"	0.134671	0.425613	0.077386	144.029068	-52.585045	3454.000000	0.029798	4.519406	0.135832	0.450886	0.076885	136.216080	0.113914	0.165687	0.321736	0.661277	0.049072	0.098732	107.777176	176.674523	362	1371	0.264041	0.212056	0.035681	255	1340	0.190299	0.154739	0.031604	215	1405	0.153025	0.121816	0.028517	124	1345	0.092193	0.102906	0.026546	137	1378	0.099419	0.092044	0.025228	368	2146	0.171482	0.212056	0.035063	206	1966	0.104781	0.154739	0.031111	199	1884	0.105626	0.121816	0.028178	202	1772	0.113995	0.102906	0.026235	136	1840	0.073913	0.092044	0.024927
simadna_hd.fq	simadna_hd.fq	33154	"Opisthokonta"	"clade"	7825	2438	51.504509	186.003435	0.377139	0.005323	33154:"Opisthokonta":"clade"	33154:"Opisthokonta":"clade";2759:"Eukaryota":"domain";131567:"cellular organisms":"cellular root";1:"root":"no rank"	0.134670	0.425615	0.077386	144.029150	-52.585045	4014.000000	0.029798	4.519401	0.135832	0.450886	0.076885	136.216105	0.113914	0.165687	0.321737	0.661277	0.049072	0.098732	107.777330	176.674585	362	1371	0.264041	0.212056	0.035681	255	1340	0.190299	0.154738	0.031604	215	1405	0.153025	0.121816	0.028517	124	1345	0.092193	0.102906	0.026546	137	1378	0.099419	0.092044	0.025228	368	2146	0.171482	0.212056	0.035063	206	1966	0.104781	0.154738	0.031111	199	1884	0.105626	0.121816	0.028178	202	1772	0.113995	0.102906	0.026235	136	1840	0.073913	0.092044	0.024927
simadna_hd.fq	simadna_hd.fq	33208	"Metazoa"	"kingdom"	7825	2438	51.520814	186.522613	0.377516	0.005311	33208:"Metazoa":"kingdom"	33208:"Metazoa":"kingdom";33154:"Opisthokonta":"clade";2759:"Eukaryota":"domain";131567:"cellular organisms":"cellular root";1:"root":"no rank"	0.134670	0.425614	0.077386	144.028998	-52.585045	5022.000000	0.029798	4.519400	0.135832	0.450886	0.076885	136.216124	0.113914	0.165687	0.321738	0.661277	0.049072	0.098732	107.777238	176.674586	362	1371	0.264041	0.212056	0.035681	255	1340	0.190299	0.154738	0.031604	215	1405	0.153025	0.121816	0.028517	124	1345	0.092193	0.102906	0.026546	137	1378	0.099419	0.092044	0.025228	368	2146	0.171482	0.212056	0.035063	206	1966	0.104781	0.154738	0.031111	199	1884	0.105626	0.121816	0.028178	202	1772	0.113995	0.102906	0.026235	136	1840	0.073913	0.092044	0.024927
simadna_hd.fq	simadna_hd.fq	33213	"Bilateria"	"clade"	7825	2438	51.544954	187.307923	0.378214	0.005293	33213:"Bilateria":"clade"	33213:"Bilateria":"clade";6072:"Eumetazoa":"clade";33208:"Metazoa":"kingdom";33154:"Opisthokonta":"clade";2759:"Eukaryota":"domain";131567:"cellular organisms":"cellular root";1:"root":"no rank"	0.134670	0.425615	0.077386	144.028613	-52.585045	4694.000000	0.029798	4.519394	0.135832	0.450886	0.076885	136.216049	0.113914	0.165687	0.321736	0.661277	0.049072	0.098732	107.777112	176.674196	362	1371	0.264041	0.212056	0.035681	255	1340	0.190299	0.154738	0.031604	215	1405	0.153025	0.121816	0.028517	124	1345	0.092193	0.102906	0.026546	137	1378	0.099419	0.092044	0.025228	368	2146	0.171482	0.212056	0.035063	206	1966	0.104781	0.154738	0.031111	199	1884	0.105626	0.121816	0.028178	202	1772	0.113995	0.102906	0.026235	136	1840	0.073913	0.092044	0.024927
simadna_hd.fq	simadna_hd.fq	33511	"Deuterostomia"	"clade"	7825	2438	51.552921	187.593227	0.378472	0.005285	33511:"Deuterostomia":"clade"	33511:"Deuterostomia":"clade";33213:"Bilateria":"clade";6072:"Eumetazoa":"clade";33208:"Metazoa":"kingdom";33154:"Opisthokonta":"clade";2759:"Eukaryota":"domain";131567:"cellular organisms":"cellular root";1:"root":"no rank"	0.134670	0.425614	0.077386	144.028911	-52.585045	2942.000000	0.029798	4.519400	0.135832	0.450885	0.076885	136.216080	0.113914	0.165687	0.321736	0.661277	0.049072	0.098732	107.777011	176.673939	362	1371	0.264041	0.212056	0.035681	255	1340	0.190299	0.154738	0.031604	215	1405	0.153025	0.121816	0.028517	124	1345	0.092193	0.102906	0.026546	137	1378	0.099419	0.092044	0.025228	368	2146	0.171482	0.212056	0.035063	206	1966	0.104781	0.154738	0.031111	199	1884	0.105626	0.121816	0.028178	202	1772	0.113995	0.102906	0.026235	136	1840	0.073913	0.092044	0.024927
simadna_hd.fq	simadna_hd.fq	33550	"Hystricomorpha"	"suborder"	2	1	41.000000	0.000000	0.365854	0.000000	33550:"Hystricomorpha":"suborder"	33550:"Hystricomorpha":"suborder";9989:"Rodentia":"order";314147:"Glires":"clade";314146:"Euarchontoglires":"superorder";1437010:"Boreoeutheria":"clade";9347:"Eutheria":"clade";32525:"Theria":"clade";40674:"Mammalia":"class";32524:"Amniota":"clade";32523:"Tetrapoda":"clade";1338369:"Dipnotetrapodomorpha":"clade";8287:"Sarcopterygii":"superclass";117571:"Euteleostomi":"clade";117570:"Teleostomi":"clade";7776:"Gnathostomata":"clade";7742:"Vertebrata":"clade";89593:"Craniata":"subphylum";7711:"Chordata":"phylum";33511:"Deuterostomia":"clade";33213:"Bilateria":"clade";6072:"Eumetazoa":"clade";33208:"Metazoa":"kingdom";33154:"Opisthokonta":"clade";2759:"Eukaryota":"domain";131567:"cellular organisms":"cellular root";1:"root":"no rank"	0.133244	0.000000	0.170055	2.000000	-2.992120	1201.000000	0.339838	0.392081	0.238553	0.000001	0.064747	2.000000	0.053298	0.303164	0.000000	0.000002	0.000135	0.250000	2.000000	2.000000	0	0	0.000000	0.303299	0.000000	0	2	0.000000	0.303299	0.375330	2	2	1.000000	0.303299	0.375330	0	0	0.000000	0.303299	0.000000	0	0	0.000000	0.303299	0.000000	0	0	0.000000	0.303299	0.000000	0	0	0.000000	0.303299	0.000000	0	0	0.000000	0.303299	0.000000	0	2	0.000000	0.303299	0.375330	0	0	0.000000	0.303299	0.000000
simadna_hd.fq	simadna_hd.fq	33553	"Sciuromorpha"	"suborder"	1	1	36.000000	0.000000	0.333333	0.000000	33553:"Sciuromorpha":"suborder"	33553:"Sciuromorpha":"suborder";9989:"Rodentia":"order";314147:"Glires":"clade";314146:"Euarchontoglires":"superorder";1437010:"Boreoeutheria":"clade";9347:"Eutheria":"clade";32525:"Theria":"clade";40674:"Mammalia":"class";32524:"Amniota":"clade";32523:"Tetrapoda":"clade";1338369:"Dipnotetrapodomorpha":"clade";8287:"Sarcopterygii":"superclass";117571:"Euteleostomi":"clade";117570:"Teleostomi":"clade";7776:"Gnathostomata":"clade";7742:"Vertebrata":"clade";89593:"Craniata":"subphylum";7711:"Chordata":"phylum";33511:"Deuterostomia":"clade";33213:"Bilateria":"clade";6072:"Eumetazoa":"clade";33208:"Metazoa":"kingdom";33154:"Opisthokonta":"clade";2759:"Eukaryota":"domain";131567:"cellular organisms":"cellular root";1:"root":"no rank"	0.000000	1.000000	0.000000	6.544092	-0.000000	166.000000	0.000100	0.000100	0.000000	1.000000	0.000000	3.744928	0.000000	0.000000	1.000000	1.000000	0.000000	0.000000	2.000000	8.951807	0	0	0.000000	0.000000	0.000000	0	0	0.000000	0.000000	0.000000	0	0	0.000000	0.000000	0.000000	0	0	0.000000	0.000000	0.000000	0	0	0.000000	0.000000	0.000000	0	1	0.000000	0.000000	0.000141	0	1	0.000000	0.000000	0.000100	0	0	0.000000	0.000000	0.000000	0	0	0.000000	0.000000	0.000000	0	0	0.000000	0.000000	0.000000
simadna_hd.fq	simadna_hd.fq	33554	"Carnivora"	"order"	1214	1081	51.543024	176.952538	0.402486	0.005456	33554:"Carnivora":"order"	33554:"Carnivora":"order";314145:"Laurasiatheria":"superorder";1437010:"Boreoeutheria":"clade";9347:"Eutheria":"clade";32525:"Theria":"clade";40674:"Mammalia":"class";32524:"Amniota":"clade";32523:"Tetrapoda":"clade";1338369:"Dipnotetrapodomorpha":"clade";8287:"Sarcopterygii":"superclass";117571:"Euteleostomi":"clade";117570:"Teleostomi":"clade";7776:"Gnathostomata":"clade";7742:"Vertebrata":"clade";89593:"Craniata":"subphylum";7711:"Chordata":"phylum";33511:"Deuterostomia":"clade";33213:"Bilateria":"clade";6072:"Eumetazoa":"clade";33208:"Metazoa":"kingdom";33154:"Opisthokonta":"clade";2759:"Eukaryota":"domain";131567:"cellular organisms":"cellular root";1:"root":"no rank"	0.168428	0.212434	0.034176	122.247794	-36.997148	701.000000	0.041564	4.052247	0.167229	0.327432	0.040839	86.970528	0.091639	0.214648	0.125763	0.653479	0.000000	0.117414	64.424142	114.811182	66	235	0.280851	0.202604	0.044640	50	251	0.199203	0.166824	0.040952	26	206	0.126214	0.138645	0.039294	30	232	0.129310	0.116453	0.035703	20	241	0.082988	0.098974	0.033024	47	307	0.153094	0.202604	0.042811	33	298	0.110738	0.166824	0.039880	36	300	0.120000	0.138645	0.036930	53	320	0.165625	0.116453	0.033967	24	292	0.082192	0.098974	0.032039
simadna_hd.fq	simadna_hd.fq	34876	"Hydropotinae"	"subfamily"	2	1	51.000000	0.000000	0.352941	0.000000	34876:"Hydropotinae":"subfamily"	34876:"Hydropotinae":"subfamily";9850:"Cervidae":"family";35500:"Pecora":"infraorder";9845:"Ruminantia":"suborder";91561:"Artiodactyla":"order";314145:"Laurasiatheria":"superorder";1437010:"Boreoeutheria":"clade";9347:"Eutheria":"clade";32525:"Theria":"clade";40674:"Mammalia":"class";32524:"Amniota":"clade";32523:"Tetrapoda":"clade";1338369:"Dipnotetrapodomorpha":"clade";8287:"Sarcopterygii":"superclass";117571:"Euteleostomi":"clade";117570:"Teleostomi":"clade";7776:"Gnathostomata":"clade";7742:"Vertebrata":"clade";89593:"Craniata":"subphylum";7711:"Chordata":"phylum";33511:"Deuterostomia":"clade";33213:"Bilateria":"clade";6072:"Eumetazoa":"clade";33208:"Metazoa":"kingdom";33154:"Opisthokonta":"clade";2759:"Eukaryota":"domain";131567:"cellular organisms":"cellular root";1:"root":"no rank"	0.053298	0.000000	0.250000	2.000000	-2.992120	1261.000000	0.224627	0.237274	0.057499	0.000000	0.245800	2.000000	0.053296	0.072888	0.000000	0.000000	0.230412	0.250000	2.000000	2.000000	0	0	0.000000	0.303298	0.000000	0	2	0.000000	0.303298	0.375330	0	2	0.000000	0.303298	0.375330	0	0	0.000000	0.303298	0.000000	0	0	0.000000	0.303298	0.000000	0	0	0.000000	0.303298	0.000000	0	0	0.000000	0.303298	0.000000	2	2	1.000000	0.303298	0.375330	0	0	0.000000	0.303298	0.000000	0	0	0.000000	0.303298	0.000000
simadna_hd.fq	simadna_hd.fq	34877	"Muntiacinae"	"subfamily"	1	1	65.000000	0.000000	0.369231	0.000000	34877:"Muntiacinae":"subfamily"	34877:"Muntiacinae":"subfamily";9850:"Cervidae":"family";35500:"Pecora":"infraorder";9845:"Ruminantia":"suborder";91561:"Artiodactyla":"order";314145:"Laurasiatheria":"superorder";1437010:"Boreoeutheria":"clade";9347:"Eutheria":"clade";32525:"Theria":"clade";40674:"Mammalia":"class";32524:"Amniota":"clade";32523:"Tetrapoda":"clade";1338369:"Dipnotetrapodomorpha":"clade";8287:"Sarcopterygii":"superclass";117571:"Euteleostomi":"clade";117570:"Teleostomi":"clade";7776:"Gnathostomata":"clade";7742:"Vertebrata":"clade";89593:"Craniata":"subphylum";7711:"Chordata":"phylum";33511:"Deuterostomia":"clade";33213:"Bilateria":"clade";6072:"Eumetazoa":"clade";33208:"Metazoa":"kingdom";33154:"Opisthokonta":"clade";2759:"Eukaryota":"domain";131567:"cellular organisms":"cellular root";1:"root":"no rank"	0.591736	1.000000	0.000000	5.333936	-0.000000	319.000000	0.491512	1.203909	0.190298	1.000000	0.000000	5.919397	0.000000	0.752225	1.000000	1.000000	0.000000	0.000000	2.000000	9.977927	0	0	0.000000	0.591736	0.000000	0	0	0.000000	0.000000	0.000000	0	0	0.000000	0.000000	0.000000	0	1	0.000000	0.000000	0.000100	0	1	0.000000	0.000000	0.000100	0	0	0.000000	0.591736	0.000000	0	0	0.000000	0.000000	0.000000	0	0	0.000000	0.000000	0.000000	0	0	0.000000	0.000000	0.000000	0	0	0.000000	0.000000	0.000000
simadna_hd.fq	simadna_hd.fq	34879	"Nyctereutes"	"genus"	1	1	44.000000	0.000000	0.477273	0.000000	34879:"Nyctereutes":"genus"	34879:"Nyctereutes":"genus";9608:"Canidae":"family";379584:"Caniformia":"suborder";33554:"Carnivora":"order";314145:"Laurasiatheria":"superorder";1437010:"Boreoeutheria":"clade";9347:"Eutheria":"clade";32525:"Theria":"clade";40674:"Mammalia":"class";32524:"Amniota":"clade";32523:"Tetrapoda":"clade";1338369:"Dipnotetrapodomorpha":"clade";8287:"Sarcopterygii":"superclass";117571:"Euteleostomi":"clade";117570:"Teleostomi":"clade";7776:"Gnathostomata":"clade";7742:"Vertebrata":"clade";89593:"Craniata":"subphylum";7711:"Chordata":"phylum";33511:"Deuterostomia":"clade";33213:"Bilateria":"clade";6072:"Eumetazoa":"clade";33208:"Metazoa":"kingdom";33154:"Opisthokonta":"clade";2759:"Eukaryota":"domain";131567:"cellular organisms":"cellular root";1:"root":"no rank"	0.000000	1.000000	0.000000	9.338055	-0.000000	108.000000	0.000100	0.000100	0.000000	1.000000	0.000000	4.805936	0.000000	0.000000	1.000000	1.000000	0.000000	0.000000	2.000000	9.445083	0	1	0.000000	0.000000	0.000141	0	1	0.000000	0.000000	0.000100	0	1	0.000000	0.000000	0.000100	0	0	0.000000	0.000000	0.000000	0	1	0.000000	0.000000	0.000100	0	0	0.000000	0.000000	0.000000	0	1	0.000000	0.000000	0.000100	0	1	0.000000	0.000000	0.000100	0	0	0.000000	0.000000	0.000000	0	0	0.000000	0.000000	0.000000
simadna_hd.fq	simadna_hd.fq	34880	"Nyctereutes procyonoides"	"species"	1	1	44.000000	0.000000	0.477273	0.000000	34880:"Nyctereutes procyonoides":"species"	34880:"Nyctereutes procyonoides":"species";34879:"Nyctereutes":"genus";9608:"Canidae":"family";379584:"Caniformia":"suborder";33554:"Carnivora":"order";314145:"Laurasiatheria":"superorder";1437010:"Boreoeutheria":"clade";9347:"Eutheria":"clade";32525:"Theria":"clade";40674:"Mammalia":"class";32524:"Amniota":"clade";32523:"Tetrapoda":"clade";1338369:"Dipnotetrapodomorpha":"clade";8287:"Sarcopterygii":"superclass";117571:"Euteleostomi":"clade";117570:"Teleostomi":"clade";7776:"Gnathostomata":"clade";7742:"Vertebrata":"clade";89593:"Craniata":"subphylum";7711:"Chordata":"phylum";33511:"Deuterostomia":"clade";33213:"Bilateria":"clade";6072:"Eumetazoa":"clade";33208:"Metazoa":"kingdom";33154:"Opisthokonta":"clade";2759:"Eukaryota":"domain";131567:"cellular organisms":"cellular root";1:"root":"no rank"	0.000000	1.000000	0.000000	8.827037	-0.000000	216.000000	0.000100	0.000100	0.000000	1.000000	0.000000	6.218573	0.000000	0.000000	1.000000	1.000000	0.000000	0.000000	2.000000	9.914757	0	1	0.000000	0.000000	0.000141	0	1	0.000000	0.000000	0.000100	0	1	0.000000	0.000000	0.000100	0	0	0.000000	0.000000	0.000000	0	1	0.000000	0.000000	0.000100	0	0	0.000000	0.000000	0.000000	0	1	0.000000	0.000000	0.000100	0	1	0.000000	0.000000	0.000100	0	0	0.000000	0.000000	0.000000	0	0	0.000000	0.000000	0.000000
simadna_hd.fq	simadna_hd.fq	35497	"Suina"	"suborder"	2015	432	50.503855	160.549420	0.378190	0.005009	35497:"Suina":"suborder"	35497:"Suina":"suborder";91561:"Artiodactyla":"order";314145:"Laurasiatheria":"superorder";1437010:"Boreoeutheria":"clade";9347:"Eutheria":"clade";32525:"Theria":"clade";40674:"Mammalia":"class";32524:"Amniota":"clade";32523:"Tetrapoda":"clade";1338369:"Dipnotetrapodomorpha":"clade";8287:"Sarcopterygii":"superclass";117571:"Euteleostomi":"clade";117570:"Teleostomi":"clade";7776:"Gnathostomata":"clade";7742:"Vertebrata":"clade";89593:"Craniata":"subphylum";7711:"Chordata":"phylum";33511:"Deuterostomia":"clade";33213:"Bilateria":"clade";6072:"Eumetazoa":"clade";33208:"Metazoa":"kingdom";33154:"Opisthokonta":"clade";2759:"Eukaryota":"domain";131567:"cellular organisms":"cellular root";1:"root":"no rank"	0.137397	0.769475	0.097143	77.579994	-42.009194	2911.000000	0.043661	3.146921	0.136256	0.739902	0.096910	80.479738	0.111608	0.153713	0.662177	0.824617	0.083705	0.104965	50.411738	148.642223	81	294	0.275510	0.234539	0.053736	80	375	0.213333	0.128816	0.041516	20	386	0.051813	0.104444	0.037810	41	296	0.138514	0.098826	0.037821	40	394	0.101523	0.097531	0.036615	104	547	0.190128	0.234539	0.051076	41	457	0.089716	0.128816	0.040873	46	565	0.081416	0.104444	0.036794	46	392	0.117347	0.098826	0.036846	36	458	0.078603	0.097531	0.036192
simadna_hd.fq	simadna_hd.fq	35500	"Pecora"	"infraorder"	4098	755	51.647412	195.074201	0.366428	0.005093	35500:"Pecora":"infraorder"	35500:"Pecora":"infraorder";9845:"Ruminantia":"suborder";91561:"Artiodactyla":"order";314145:"Laurasiatheria":"superorder";1437010:"Boreoeutheria":"clade";9347:"Eutheria":"clade";32525:"Theria":"clade";40674:"Mammalia":"class";32524:"Amniota":"clade";32523:"Tetrapoda":"clade";1338369:"Dipnotetrapodomorpha":"clade";8287:"Sarcopterygii":"superclass";117571:"Euteleostomi":"clade";117570:"Teleostomi":"clade";7776:"Gnathostomata":"clade";7742:"Vertebrata":"clade";89593:"Craniata":"subphylum";7711:"Chordata":"phylum";33511:"Deuterostomia":"clade";33213:"Bilateria":"clade";6072:"Eumetazoa":"clade";33208:"Metazoa":"kingdom";33154:"Opisthokonta":"clade";2759:"Eukaryota":"domain";131567:"cellular organisms":"cellular root";1:"root":"no rank"	0.140621	0.366536	0.065719	73.813809	-49.192584	3164.000000	0.042073	3.342306	0.144355	0.390719	0.064805	77.649337	0.111407	0.182901	0.230206	0.539924	0.020704	0.091174	61.658285	104.937481	202	770	0.262338	0.206340	0.048977	104	630	0.165079	0.154797	0.044201	152	715	0.212587	0.122147	0.039764	44	767	0.057366	0.101464	0.036550	73	682	0.107038	0.088362	0.034544	182	1126	0.161634	0.206340	0.048295	113	1089	0.103765	0.154797	0.043213	96	894	0.107383	0.122147	0.039390	91	940	0.096809	0.101464	0.036253	74	990	0.074747	0.088362	0.034015
simadna_hd.fq	simadna_hd.fq	37348	"Mammuthus"	"genus"	246	59	48.711865	90.752855	0.368902	0.004801	37348:"Mammuthus":"genus"	37348:"Mammuthus":"genus";9780:"Elephantidae":"family";9779:"Proboscidea":"order";311790:"Afrotheria":"superorder";9347:"Eutheria":"clade";32525:"Theria":"clade";40674:"Mammalia":"class";32524:"Amniota":"clade";32523:"Tetrapoda":"clade";1338369:"Dipnotetrapodomorpha":"clade";8287:"Sarcopterygii":"superclass";117571:"Euteleostomi":"clade";117570:"Teleostomi":"clade";7776:"Gnathostomata":"clade";7742:"Vertebrata":"clade";89593:"Craniata":"subphylum";7711:"Chordata":"phylum";33511:"Deuterostomia":"clade";33213:"Bilateria":"clade";6072:"Eumetazoa":"clade";33208:"Metazoa":"kingdom";33154:"Opisthokonta":"clade";2759:"Eukaryota":"domain";131567:"cellular organisms":"cellular root";1:"root":"no rank"	0.217470	0.165533	0.000000	638.419367	-23.648076	3174.000000	0.065663	3.311910	0.210513	0.242171	0.012850	8249.160392	0.146918	0.271355	0.075140	1.000000	0.000000	0.094900	15.691400	873.482464	8	42	0.190476	0.217470	0.065663	8	38	0.210526	0.181472	0.064305	10	49	0.204082	0.151432	0.053097	5	20	0.250000	0.126365	0.075391	2	35	0.057143	0.105448	0.053277	17	76	0.223684	0.217470	0.050018	4	49	0.081633	0.181472	0.057088	12	59	0.203390	0.151432	0.048739	7	48	0.145833	0.126365	0.049689	2	46	0.043478	0.105448	0.046850
simadna_hd.fq	simadna_hd.fq	37349	"Mammuthus primigenius"	"species"	126	8	44.125000	48.229912	0.349342	0.002059	37349:"Mammuthus primigenius":"species"	37349:"Mammuthus primigenius":"species";37348:"Mammuthus":"genus";9780:"Elephantidae":"family";9779:"Proboscidea":"order";311790:"Afrotheria":"superorder";9347:"Eutheria":"clade";32525:"Theria":"clade";40674:"Mammalia":"class";32524:"Amniota":"clade";32523:"Tetrapoda":"clade";1338369:"Dipnotetrapodomorpha":"clade";8287:"Sarcopterygii":"superclass";117571:"Euteleostomi":"clade";117570:"Teleostomi":"clade";7776:"Gnathostomata":"clade";7742:"Vertebrata":"clade";89593:"Craniata":"subphylum";7711:"Chordata":"phylum";33511:"Deuterostomia":"clade";33213:"Bilateria":"clade";6072:"Eumetazoa":"clade";33208:"Metazoa":"kingdom";33154:"Opisthokonta":"clade";2759:"Eukaryota":"domain";131567:"cellular organisms":"cellular root";1:"root":"no rank"	0.228217	0.187075	0.000000	163696.286443	-17.215523	1506.000000	0.089483	2.550411	0.222528	0.325221	0.018464	57335.077190	0.131768	0.290389	0.103405	1.000000	0.000000	0.125000	15.439941	152546.294901	5	22	0.227273	0.228217	0.089483	4	19	0.210526	0.185524	0.089184	5	25	0.200000	0.150817	0.071579	2	10	0.200000	0.122603	0.103719	1	18	0.055556	0.099667	0.070610	9	39	0.230769	0.228217	0.067211	2	26	0.076923	0.185524	0.076240	6	30	0.200000	0.150817	0.065344	4	25	0.160000	0.122603	0.065601	1	23	0.043478	0.099667	0.062466
simadna_hd.fq	simadna_hd.fq	40150	"Monodon"	"genus"	1	1	51.000000	0.000000	0.411765	0.000000	40150:"Monodon":"genus"	40150:"Monodon":"genus";9747:"Monodontidae":"family";9722:"Odontoceti":"parvorder";9721:"Cetacea":"infraorder";2653789:"Whippomorpha":"suborder";91561:"Artiodactyla":"order";314145:"Laurasiatheria":"superorder";1437010:"Boreoeutheria":"clade";9347:"Eutheria":"clade";32525:"Theria":"clade";40674:"Mammalia":"class";32524:"Amniota":"clade";32523:"Tetrapoda":"clade";1338369:"Dipnotetrapodomorpha":"clade";8287:"Sarcopterygii":"superclass";117571:"Euteleostomi":"clade";117570:"Teleostomi":"clade";7776:"Gnathostomata":"clade";7742:"Vertebrata":"clade";89593:"Craniata":"subphylum";7711:"Chordata":"phylum";33511:"Deuterostomia":"clade";33213:"Bilateria":"clade";6072:"Eumetazoa":"clade";33208:"Metazoa":"kingdom";33154:"Opisthokonta":"clade";2759:"Eukaryota":"domain";131567:"cellular organisms":"cellular root";1:"root":"no rank"	0.000000	1.000000	0.000000	3.442008	-0.000000	55.000000	0.000100	0.000100	0.000000	0.995929	0.000000	5.730329	0.000000	0.000000	0.976220	1.000000	0.000000	0.000000	2.000000	9.221900	0	1	0.000000	0.000000	0.000141	0	0	0.000000	0.000000	0.000000	0	0	0.000000	0.000000	0.000000	0	0	0.000000	0.000000	0.000000	0	1	0.000000	0.000000	0.000100	0	1	0.000000	0.000000	0.000141	0	0	0.000000	0.000000	0.000000	0	0	0.000000	0.000000	0.000000	0	0	0.000000	0.000000	0.000000	0	1	0.000000	0.000000	0.000100
simadna_hd.fq	simadna_hd.fq	40151	"Monodon monoceros"	"species"	1	1	51.000000	0.000000	0.411765	0.000000	40151:"Monodon monoceros":"species"	40151:"Monodon monoceros":"species";40150:"Monodon":"genus";9747:"Monodontidae":"family";9722:"Odontoceti":"parvorder";9721:"Cetacea":"infraorder";2653789:"Whippomorpha":"suborder";91561:"Artiodactyla":"order";314145:"Laurasiatheria":"superorder";1437010:"Boreoeutheria":"clade";9347:"Eutheria":"clade";32525:"Theria":"clade";40674:"Mammalia":"class";32524:"Amniota":"clade";32523:"Tetrapoda":"clade";1338369:"Dipnotetrapodomorpha":"clade";8287:"Sarcopterygii":"superclass";117571:"Euteleostomi":"clade";117570:"Teleostomi":"clade";7776:"Gnathostomata":"clade";7742:"Vertebrata":"clade";89593:"Craniata":"subphylum";7711:"Chordata":"phylum";33511:"Deuterostomia":"clade";33213:"Bilateria":"clade";6072:"Eumetazoa":"clade";33208:"Metazoa":"kingdom";33154:"Opisthokonta":"clade";2759:"Eukaryota":"domain";131567:"cellular organisms":"cellular root";1:"root":"no rank"	0.000000	1.000000	0.000000	2.000000	-0.000000	107.000000	0.000100	0.000100	0.000000	0.998773	0.000000	5.022375	0.000000	0.000000	0.993111	1.000000	0.000000	0.000000	2.000000	9.095411	0	1	0.000000	0.000000	0.000141	0	0	0.000000	0.000000	0.000000	0	0	0.000000	0.000000	0.000000	0	0	0.000000	0.000000	0.000000	0	1	0.000000	0.000000	0.000100	0	1	0.000000	0.000000	0.000141	0	0	0.000000	0.000000	0.000000	0	0	0.000000	0.000000	0.000000	0	0	0.000000	0.000000	0.000000	0	1	0.000000	0.000000	0.000100
simadna_hd.fq	simadna_hd.fq	40231	"Carolliinae"	"subfamily"	1	1	41.000000	0.000000	0.268293	0.000000	40231:"Carolliinae":"subfamily"	40231:"Carolliinae":"subfamily";9415:"Phyllostomidae":"family";30560:"Yangochiroptera":"suborder";9397:"Chiroptera":"order";314145:"Laurasiatheria":"superorder";1437010:"Boreoeutheria":"clade";9347:"Eutheria":"clade";32525:"Theria":"clade";40674:"Mammalia":"class";32524:"Amniota":"clade";32523:"Tetrapoda":"clade";1338369:"Dipnotetrapodomorpha":"clade";8287:"Sarcopterygii":"superclass";117571:"Euteleostomi":"clade";117570:"Teleostomi":"clade";7776:"Gnathostomata":"clade";7742:"Vertebrata":"clade";89593:"Craniata":"subphylum";7711:"Chordata":"phylum";33511:"Deuterostomia":"clade";33213:"Bilateria":"clade";6072:"Eumetazoa":"clade";33208:"Metazoa":"kingdom";33154:"Opisthokonta":"clade";2759:"Eukaryota":"domain";131567:"cellular organisms":"cellular root";1:"root":"no rank"	0.429858	1.000000	0.000000	6.795769	-0.000000	483.000000	0.495056	0.868303	0.209075	0.920814	0.000000	55.011548	0.000000	0.671003	0.545999	1.000000	0.000000	0.000000	2.000000	9.996065	0	0	0.000000	0.429858	0.000000	0	0	0.000000	0.000000	0.000000	0	0	0.000000	0.000000	0.000000	0	0	0.000000	0.000000	0.000000	0	1	0.000000	0.000000	0.000100	0	0	0.000000	0.429858	0.000000	0	0	0.000000	0.000000	0.000000	0	0	0.000000	0.000000	0.000000	0	0	0.000000	0.000000	0.000000	0	0	0.000000	0.000000	0.000000
simadna_hd.fq	simadna_hd.fq	40674	"Mammalia"	"class"	7825	2438	51.381628	184.813229	0.375028	0.005205	40674:"Mammalia":"class"	40674:"Mammalia":"class";32524:"Amniota":"clade";32523:"Tetrapoda":"clade";1338369:"Dipnotetrapodomorpha":"clade";8287:"Sarcopterygii":"superclass";117571:"Euteleostomi":"clade";117570:"Teleostomi":"clade";7776:"Gnathostomata":"clade";7742:"Vertebrata":"clade";89593:"Craniata":"subphylum";7711:"Chordata":"phylum";33511:"Deuterostomia":"clade";33213:"Bilateria":"clade";6072:"Eumetazoa":"clade";33208:"Metazoa":"kingdom";33154:"Opisthokonta":"clade";2759:"Eukaryota":"domain";131567:"cellular organisms":"cellular root";1:"root":"no rank"	0.134670	0.425614	0.077386	144.028564	-52.585045	4068.000000	0.029798	4.519395	0.135832	0.450886	0.076885	136.216080	0.113914	0.165687	0.321737	0.661276	0.049072	0.098732	107.777023	176.674032	362	1371	0.264041	0.212056	0.035681	255	1340	0.190299	0.154739	0.031604	215	1405	0.153025	0.121816	0.028517	124	1345	0.092193	0.102906	0.026546	137	1378	0.099419	0.092044	0.025228	368	2146	0.171482	0.212056	0.035063	206	1966	0.104781	0.154739	0.031111	199	1884	0.105626	0.121816	0.028178	202	1772	0.113995	0.102906	0.026235	136	1840	0.073913	0.092044	0.024927
simadna_hd.fq	simadna_hd.fq	48741	"Berardius"	"genus"	1	1	37.000000	0.000000	0.351351	0.000000	48741:"Berardius":"genus"	48741:"Berardius":"genus";9756:"Ziphiidae":"family";9722:"Odontoceti":"parvorder";9721:"Cetacea":"infraorder";2653789:"Whippomorpha":"suborder";91561:"Artiodactyla":"order";314145:"Laurasiatheria":"superorder";1437010:"Boreoeutheria":"clade";9347:"Eutheria":"clade";32525:"Theria":"clade";40674:"Mammalia":"class";32524:"Amniota":"clade";32523:"Tetrapoda":"clade";1338369:"Dipnotetrapodomorpha":"clade";8287:"Sarcopterygii":"superclass";117571:"Euteleostomi":"clade";117570:"Teleostomi":"clade";7776:"Gnathostomata":"clade";7742:"Vertebrata":"clade";89593:"Craniata":"subphylum";7711:"Chordata":"phylum";33511:"Deuterostomia":"clade";33213:"Bilateria":"clade";6072:"Eumetazoa":"clade";33208:"Metazoa":"kingdom";33154:"Opisthokonta":"clade";2759:"Eukaryota":"domain";131567:"cellular organisms":"cellular root";1:"root":"no rank"	0.000000	0.998709	0.000000	3.028120	-0.000000	358.000000	0.000100	0.000100	0.000000	0.999983	0.000000	3.931609	0.000000	0.000000	1.000000	1.000000	0.000000	0.000000	2.000000	8.477773	0	0	0.000000	0.000000	0.000000	0	1	0.000000	0.000000	0.000100	0	0	0.000000	0.000000	0.000000	0	0	0.000000	0.000000	0.000000	0	0	0.000000	0.000000	0.000000	0	0	0.000000	0.000000	0.000000	0	0	0.000000	0.000000	0.000000	0	0	0.000000	0.000000	0.000000	0	0	0.000000	0.000000	0.000000	0	0	0.000000	0.000000	0.000000
simadna_hd.fq	simadna_hd.fq	48742	"Berardius bairdii"	"species"	1	1	37.000000	0.000000	0.351351	0.000000	48742:"Berardius bairdii":"species"	48742:"Berardius bairdii":"species";48741:"Berardius":"genus";9756:"Ziphiidae":"family";9722:"Odontoceti":"parvorder";9721:"Cetacea":"infraorder";2653789:"Whippomorpha":"suborder";91561:"Artiodactyla":"order";314145:"Laurasiatheria":"superorder";1437010:"Boreoeutheria":"clade";9347:"Eutheria":"clade";32525:"Theria":"clade";40674:"Mammalia":"class";32524:"Amniota":"clade";32523:"Tetrapoda":"clade";1338369:"Dipnotetrapodomorpha":"clade";8287:"Sarcopterygii":"superclass";117571:"Euteleostomi":"clade";117570:"Teleostomi":"clade";7776:"Gnathostomata":"clade";7742:"Vertebrata":"clade";89593:"Craniata":"subphylum";7711:"Chordata":"phylum";33511:"Deuterostomia":"clade";33213:"Bilateria":"clade";6072:"Eumetazoa":"clade";33208:"Metazoa":"kingdom";33154:"Opisthokonta":"clade";2759:"Eukaryota":"domain";131567:"cellular organisms":"cellular root";1:"root":"no rank"	0.000000	1.000000	0.000000	2.271380	-0.000000	83.000000	0.000100	0.000100	0.000000	0.998683	0.000000	3.997166	0.000000	0.000000	0.997032	1.000000	0.000000	0.000000	2.000000	8.212645	0	0	0.000000	0.000000	0.000000	0	1	0.000000	0.000000	0.000100	0	0	0.000000	0.000000	0.000000	0	0	0.000000	0.000000	0.000000	0	0	0.000000	0.000000	0.000000	0	0	0.000000	0.000000	0.000000	0	0	0.000000	0.000000	0.000000	0	0	0.000000	0.000000	0.000000	0	0	0.000000	0.000000	0.000000	0	0	0.000000	0.000000	0.000000
simadna_hd.fq	simadna_hd.fq	50352	"Chalinolobus"	"genus"	1	1	55.000000	0.000000	0.400000	0.000000	50352:"Chalinolobus":"genus"	50352:"Chalinolobus":"genus";9431:"Vespertilionidae":"family";30560:"Yangochiroptera":"suborder";9397:"Chiroptera":"order";314145:"Laurasiatheria":"superorder";1437010:"Boreoeutheria":"clade";9347:"Eutheria":"clade";32525:"Theria":"clade";40674:"Mammalia":"class";32524:"Amniota":"clade";32523:"Tetrapoda":"clade";1338369:"Dipnotetrapodomorpha":"clade";8287:"Sarcopterygii":"superclass";117571:"Euteleostomi":"clade";117570:"Teleostomi":"clade";7776:"Gnathostomata":"clade";7742:"Vertebrata":"clade";89593:"Craniata":"subphylum";7711:"Chordata":"phylum";33511:"Deuterostomia":"clade";33213:"Bilateria":"clade";6072:"Eumetazoa":"clade";33208:"Metazoa":"kingdom";33154:"Opisthokonta":"clade";2759:"Eukaryota":"domain";131567:"cellular organisms":"cellular root";1:"root":"no rank"	0.000000	1.000000	0.000000	7.692735	-0.000000	378.000000	0.000100	0.000100	0.000000	1.000000	0.000000	4.968821	0.000000	0.000000	1.000000	1.000000	0.000000	0.000000	2.000000	9.442018	0	0	0.000000	0.000000	0.000000	0	0	0.000000	0.000000	0.000000	0	0	0.000000	0.000000	0.000000	0	1	0.000000	0.000000	0.000100	0	0	0.000000	0.000000	0.000000	0	0	0.000000	0.000000	0.000000	0	1	0.000000	0.000000	0.000100	0	0	0.000000	0.000000	0.000000	0	0	0.000000	0.000000	0.000000	0	0	0.000000	0.000000	0.000000
simadna_hd.fq	simadna_hd.fq	55039	"Urocyon"	"genus"	1	1	37.000000	0.000000	0.432432	0.000000	55039:"Urocyon":"genus"	55039:"Urocyon":"genus";9608:"Canidae":"family";379584:"Caniformia":"suborder";33554:"Carnivora":"order";314145:"Laurasiatheria":"superorder";1437010:"Boreoeutheria":"clade";9347:"Eutheria":"clade";32525:"Theria":"clade";40674:"Mammalia":"class";32524:"Amniota":"clade";32523:"Tetrapoda":"clade";1338369:"Dipnotetrapodomorpha":"clade";8287:"Sarcopterygii":"superclass";117571:"Euteleostomi":"clade";117570:"Teleostomi":"clade";7776:"Gnathostomata":"clade";7742:"Vertebrata":"clade";89593:"Craniata":"subphylum";7711:"Chordata":"phylum";33511:"Deuterostomia":"clade";33213:"Bilateria":"clade";6072:"Eumetazoa":"clade";33208:"Metazoa":"kingdom";33154:"Opisthokonta":"clade";2759:"Eukaryota":"domain";131567:"cellular organisms":"cellular root";1:"root":"no rank"	0.000000	1.000000	0.000000	9.456792	-0.000000	270.000000	0.000100	0.000100	0.000000	0.999973	0.000000	6.007250	0.000000	0.000000	1.000000	1.000000	0.000000	0.000000	2.000000	9.445950	0	1	0.000000	0.000000	0.000141	0	0	0.000000	0.000000	0.000000	0	0	0.000000	0.000000	0.000000	0	0	0.000000	0.000000	0.000000	0	0	0.000000	0.000000	0.000000	0	0	0.000000	0.000000	0.000000	0	0	0.000000	0.000000	0.000000	0	1	0.000000	0.000000	0.000100	0	1	0.000000	0.000000	0.000100	0	0	0.000000	0.000000	0.000000
simadna_hd.fq	simadna_hd.fq	55040	"Urocyon cinereoargenteus"	"species"	1	1	37.000000	0.000000	0.432432	0.000000	55040:"Urocyon cinereoargenteus":"species"	55040:"Urocyon cinereoargenteus":"species";55039:"Urocyon":"genus";9608:"Canidae":"family";379584:"Caniformia":"suborder";33554:"Carnivora":"order";314145:"Laurasiatheria":"superorder";1437010:"Boreoeutheria":"clade";9347:"Eutheria":"clade";32525:"Theria":"clade";40674:"Mammalia":"class";32524:"Amniota":"clade";32523:"Tetrapoda":"clade";1338369:"Dipnotetrapodomorpha":"clade";8287:"Sarcopterygii":"superclass";117571:"Euteleostomi":"clade";117570:"Teleostomi":"clade";7776:"Gnathostomata":"clade";7742:"Vertebrata":"clade";89593:"Craniata":"subphylum";7711:"Chordata":"phylum";33511:"Deuterostomia":"clade";33213:"Bilateria":"clade";6072:"Eumetazoa":"clade";33208:"Metazoa":"kingdom";33154:"Opisthokonta":"clade";2759:"Eukaryota":"domain";131567:"cellular organisms":"cellular root";1:"root":"no rank"	0.000000	1.000000	0.000000	5.691928	-0.000000	172.000000	0.000100	0.000100	0.000000	1.000000	0.000000	6.659838	0.000000	0.000000	1.000000	1.000000	0.000000	0.000000	2.000000	9.605201	0	1	0.000000	0.000000	0.000141	0	0	0.000000	0.000000	0.000000	0	0	0.000000	0.000000	0.000000	0	0	0.000000	0.000000	0.000000	0	0	0.000000	0.000000	0.000000	0	0	0.000000	0.000000	0.000000	0	0	0.000000	0.000000	0.000000	0	1	0.000000	0.000000	0.000100	0	1	0.000000	0.000000	0.000100	0	0	0.000000	0.000000	0.000000
simadna_hd.fq	simadna_hd.fq	55153	"Sciuridae"	"family"	1	1	36.000000	0.000000	0.333333	0.000000	55153:"Sciuridae":"family"	55153:"Sciuridae":"family";33553:"Sciuromorpha":"suborder";9989:"Rodentia":"order";314147:"Glires":"clade";314146:"Euarchontoglires":"superorder";1437010:"Boreoeutheria":"clade";9347:"Eutheria":"clade";32525:"Theria":"clade";40674:"Mammalia":"class";32524:"Amniota":"clade";32523:"Tetrapoda":"clade";1338369:"Dipnotetrapodomorpha":"clade";8287:"Sarcopterygii":"superclass";117571:"Euteleostomi":"clade";117570:"Teleostomi":"clade";7776:"Gnathostomata":"clade";7742:"Vertebrata":"clade";89593:"Craniata":"subphylum";7711:"Chordata":"phylum";33511:"Deuterostomia":"clade";33213:"Bilateria":"clade";6072:"Eumetazoa":"clade";33208:"Metazoa":"kingdom";33154:"Opisthokonta":"clade";2759:"Eukaryota":"domain";131567:"cellular organisms":"cellular root";1:"root":"no rank"	0.000000	1.000000	0.000000	7.928038	-0.000000	224.000000	0.000100	0.000100	0.000000	1.000000	0.000000	4.860319	0.000000	0.000000	1.000000	1.000000	0.000000	0.000000	2.000000	9.444980	0	0	0.000000	0.000000	0.000000	0	0	0.000000	0.000000	0.000000	0	0	0.000000	0.000000	0.000000	0	0	0.000000	0.000000	0.000000	0	0	0.000000	0.000000	0.000000	0	1	0.000000	0.000000	0.000141	0	1	0.000000	0.000000	0.000100	0	0	0.000000	0.000000	0.000000	0	0	0.000000	0.000000	0.000000	0	0	0.000000	0.000000	0.000000
simadna_hd.fq	simadna_hd.fq	59531	"Kobus leche"	"species"	2	1	41.000000	0.000000	0.292683	0.000000	59531:"Kobus leche":"species"	59531:"Kobus leche":"species";9961:"Kobus":"genus";59549:"Reduncinae":"subfamily";9895:"Bovidae":"family";35500:"Pecora":"infraorder";9845:"Ruminantia":"suborder";91561:"Artiodactyla":"order";314145:"Laurasiatheria":"superorder";1437010:"Boreoeutheria":"clade";9347:"Eutheria":"clade";32525:"Theria":"clade";40674:"Mammalia":"class";32524:"Amniota":"clade";32523:"Tetrapoda":"clade";1338369:"Dipnotetrapodomorpha":"clade";8287:"Sarcopterygii":"superclass";117571:"Euteleostomi":"clade";117570:"Teleostomi":"clade";7776:"Gnathostomata":"clade";7742:"Vertebrata":"clade";89593:"Craniata":"subphylum";7711:"Chordata":"phylum";33511:"Deuterostomia":"clade";33213:"Bilateria":"clade";6072:"Eumetazoa":"clade";33208:"Metazoa":"kingdom";33154:"Opisthokonta":"clade";2759:"Eukaryota":"domain";131567:"cellular organisms":"cellular root";1:"root":"no rank"	0.000000	1.000000	0.000000	2.000000	-0.000000	128.000000	0.000100	0.000100	0.000000	1.000000	0.000000	5.043004	0.000000	0.000000	1.000000	1.000000	0.000000	0.000000	2.000000	9.779356	0	1	0.000000	0.000000	0.000141	0	1	0.000000	0.000000	0.000100	0	1	0.000000	0.000000	0.000100	0	0	0.000000	0.000000	0.000000	0	0	0.000000	0.000000	0.000000	0	0	0.000000	0.000000	0.000000	0	0	0.000000	0.000000	0.000000	0	0	0.000000	0.000000	0.000000	0	1	0.000000	0.000000	0.000100	0	0	0.000000	0.000000	0.000000
simadna_hd.fq	simadna_hd.fq	59549	"Reduncinae"	"subfamily"	8	1	41.000000	0.000000	0.292683	0.000000	59549:"Reduncinae":"subfamily"	59549:"Reduncinae":"subfamily";9895:"Bovidae":"family";35500:"Pecora":"infraorder";9845:"Ruminantia":"suborder";91561:"Artiodactyla":"order";314145:"Laurasiatheria":"superorder";1437010:"Boreoeutheria":"clade";9347:"Eutheria":"clade";32525:"Theria":"clade";40674:"Mammalia":"class";32524:"Amniota":"clade";32523:"Tetrapoda":"clade";1338369:"Dipnotetrapodomorpha":"clade";8287:"Sarcopterygii":"superclass";117571:"Euteleostomi":"clade";117570:"Teleostomi":"clade";7776:"Gnathostomata":"clade";7742:"Vertebrata":"clade";89593:"Craniata":"subphylum";7711:"Chordata":"phylum";33511:"Deuterostomia":"clade";33213:"Bilateria":"clade";6072:"Eumetazoa":"clade";33208:"Metazoa":"kingdom";33154:"Opisthokonta":"clade";2759:"Eukaryota":"domain";131567:"cellular organisms":"cellular root";1:"root":"no rank"	0.019945	0.000000	0.084586	2.000000	-3.209656	1290.000000	0.114154	0.174716	0.004096	0.405920	0.100432	2.000000	0.000000	0.025695	0.000000	1.000000	0.078833	0.104528	2.000000	2.000000	0	2	0.000000	0.104531	0.249805	0	2	0.000000	0.104531	0.249805	0	2	0.000000	0.104531	0.249805	0	0	0.000000	0.104531	0.000000	1	1	1.000000	0.104531	0.305948	0	1	0.000000	0.104531	0.305948	0	0	0.000000	0.104531	0.000000	0	1	0.000000	0.104531	0.305948	0	2	0.000000	0.104531	0.249805	0	0	0.000000	0.104531	0.000000
simadna_hd.fq	simadna_hd.fq	63221	"Homo sapiens neanderthalensis"	"subspecies"	25	4	40.500000	13.583333	0.425644	0.002276	63221:"Homo sapiens neanderthalensis":"subspecies"	63221:"Homo sapiens neanderthalensis":"subspecies";9606:"Homo sapiens":"species";9605:"Homo":"genus";207598:"Homininae":"subfamily";9604:"Hominidae":"family";314295:"Hominoidea":"superfamily";9526:"Catarrhini":"parvorder";314293:"Simiiformes":"infraorder";376913:"Haplorrhini":"suborder";9443:"Primates":"order";314146:"Euarchontoglires":"superorder";1437010:"Boreoeutheria":"clade";9347:"Eutheria":"clade";32525:"Theria":"clade";40674:"Mammalia":"class";32524:"Amniota":"clade";32523:"Tetrapoda":"clade";1338369:"Dipnotetrapodomorpha":"clade";8287:"Sarcopterygii":"superclass";117571:"Euteleostomi":"clade";117570:"Teleostomi":"clade";7776:"Gnathostomata":"clade";7742:"Vertebrata":"clade";89593:"Craniata":"subphylum";7711:"Chordata":"phylum";33511:"Deuterostomia":"clade";33213:"Bilateria":"clade";6072:"Eumetazoa":"clade";33208:"Metazoa":"kingdom";33154:"Opisthokonta":"clade";2759:"Eukaryota":"domain";131567:"cellular organisms":"cellular root";1:"root":"no rank"	0.252891	0.429862	0.000000	29949.757216	-8.033387	4295.000000	0.307362	0.822777	0.280100	0.507638	0.008167	42718.669956	0.148674	0.424067	0.262387	1.000000	0.000000	0.044755	3.076345	203990.502688	1	2	0.500000	0.252891	0.307362	0	4	0.000000	0.144183	0.175646	1	4	0.250000	0.082204	0.137345	0	4	0.000000	0.046868	0.105683	0	1	0.000000	0.026721	0.161267	2	10	0.200000	0.252891	0.137475	1	9	0.111111	0.144183	0.117107	2	10	0.200000	0.082204	0.086873	0	12	0.000000	0.046868	0.061024	0	5	0.000000	0.026721	0.072126
simadna_hd.fq	simadna_hd.fq	68727	"Chrysocyon"	"genus"	1	1	35.000000	0.000000	0.428571	0.000000	68727:"Chrysocyon":"genus"	68727:"Chrysocyon":"genus";9608:"Canidae":"family";379584:"Caniformia":"suborder";33554:"Carnivora":"order";314145:"Laurasiatheria":"superorder";1437010:"Boreoeutheria":"clade";9347:"Eutheria":"clade";32525:"Theria":"clade";40674:"Mammalia":"class";32524:"Amniota":"clade";32523:"Tetrapoda":"clade";1338369:"Dipnotetrapodomorpha":"clade";8287:"Sarcopterygii":"superclass";117571:"Euteleostomi":"clade";117570:"Teleostomi":"clade";7776:"Gnathostomata":"clade";7742:"Vertebrata":"clade";89593:"Craniata":"subphylum";7711:"Chordata":"phylum";33511:"Deuterostomia":"clade";33213:"Bilateria":"clade";6072:"Eumetazoa":"clade";33208:"Metazoa":"kingdom";33154:"Opisthokonta":"clade";2759:"Eukaryota":"domain";131567:"cellular organisms":"cellular root";1:"root":"no rank"	0.000000	1.000000	0.000000	9.532086	-0.000000	55.000000	0.000100	0.000100	0.000000	1.000000	0.000000	5.397880	0.000000	0.000000	1.000000	1.000000	0.000000	0.000000	2.000000	8.754970	0	1	0.000000	0.000000	0.000141	0	1	0.000000	0.000000	0.000100	0	0	0.000000	0.000000	0.000000	0	0	0.000000	0.000000	0.000000	0	1	0.000000	0.000000	0.000100	0	1	0.000000	0.000000	0.000141	0	0	0.000000	0.000000	0.000000	0	0	0.000000	0.000000	0.000000	0	0	0.000000	0.000000	0.000000	0	0	0.000000	0.000000	0.000000
simadna_hd.fq	simadna_hd.fq	68728	"Chrysocyon brachyurus"	"species"	1	1	35.000000	0.000000	0.428571	0.000000	68728:"Chrysocyon brachyurus":"species"	68728:"Chrysocyon brachyurus":"species";68727:"Chrysocyon":"genus";9608:"Canidae":"family";379584:"Caniformia":"suborder";33554:"Carnivora":"order";314145:"Laurasiatheria":"superorder";1437010:"Boreoeutheria":"clade";9347:"Eutheria":"clade";32525:"Theria":"clade";40674:"Mammalia":"class";32524:"Amniota":"clade";32523:"Tetrapoda":"clade";1338369:"Dipnotetrapodomorpha":"clade";8287:"Sarcopterygii":"superclass";117571:"Euteleostomi":"clade";117570:"Teleostomi":"clade";7776:"Gnathostomata":"clade";7742:"Vertebrata":"clade";89593:"Craniata":"subphylum";7711:"Chordata":"phylum";33511:"Deuterostomia":"clade";33213:"Bilateria":"clade";6072:"Eumetazoa":"clade";33208:"Metazoa":"kingdom";33154:"Opisthokonta":"clade";2759:"Eukaryota":"domain";131567:"cellular organisms":"cellular root";1:"root":"no rank"	0.000000	1.000000	0.000000	2.000000	-0.000000	52.000000	0.000100	0.000100	0.000000	1.000000	0.000000	5.348719	0.000000	0.000000	1.000000	1.000000	0.000000	0.000000	2.000000	9.558983	0	1	0.000000	0.000000	0.000141	0	1	0.000000	0.000000	0.000100	0	0	0.000000	0.000000	0.000000	0	0	0.000000	0.000000	0.000000	0	1	0.000000	0.000000	0.000100	0	1	0.000000	0.000000	0.000141	0	0	0.000000	0.000000	0.000000	0	0	0.000000	0.000000	0.000000	0	0	0.000000	0.000000	0.000000	0	0	0.000000	0.000000	0.000000
simadna_hd.fq	simadna_hd.fq	69307	"Gazella spekei"	"species"	2	1	49.000000	0.000000	0.265306	0.000000	69307:"Gazella spekei":"species"	69307:"Gazella spekei":"species";9933:"Gazella":"genus";9948:"Antilopinae":"subfamily";9895:"Bovidae":"family";35500:"Pecora":"infraorder";9845:"Ruminantia":"suborder";91561:"Artiodactyla":"order";314145:"Laurasiatheria":"superorder";1437010:"Boreoeutheria":"clade";9347:"Eutheria":"clade";32525:"Theria":"clade";40674:"Mammalia":"class";32524:"Amniota":"clade";32523:"Tetrapoda":"clade";1338369:"Dipnotetrapodomorpha":"clade";8287:"Sarcopterygii":"superclass";117571:"Euteleostomi":"clade";117570:"Teleostomi":"clade";7776:"Gnathostomata":"clade";7742:"Vertebrata":"clade";89593:"Craniata":"subphylum";7711:"Chordata":"phylum";33511:"Deuterostomia":"clade";33213:"Bilateria":"clade";6072:"Eumetazoa":"clade";33208:"Metazoa":"kingdom";33154:"Opisthokonta":"clade";2759:"Eukaryota":"domain";131567:"cellular organisms":"cellular root";1:"root":"no rank"	0.000000	0.000000	0.250000	6.076179	-2.249341	342.000000	0.000100	0.000100	0.000000	0.000000	0.250000	5.895276	0.000000	0.000000	0.000000	0.000000	0.250000	0.250000	2.000000	9.399362	0	1	0.000000	0.250000	0.433013	0	0	0.000000	0.250000	0.000000	0	1	0.000000	0.250000	0.433013	1	1	1.000000	0.250000	0.433013	0	0	0.000000	0.250000	0.000000	0	0	0.000000	0.250000	0.000000	0	1	0.000000	0.250000	0.433013	0	0	0.000000	0.250000	0.000000	0	0	0.000000	0.250000	0.000000	0	0	0.000000	0.250000	0.000000
simadna_hd.fq	simadna_hd.fq	89593	"Craniata"	"subphylum"	7825	2438	51.561063	188.012030	0.378665	0.005270	89593:"Craniata":"subphylum"	89593:"Craniata":"subphylum";7711:"Chordata":"phylum";33511:"Deuterostomia":"clade";33213:"Bilateria":"clade";6072:"Eumetazoa":"clade";33208:"Metazoa":"kingdom";33154:"Opisthokonta":"clade";2759:"Eukaryota":"domain";131567:"cellular organisms":"cellular root";1:"root":"no rank"	0.134670	0.425614	0.077386	144.029073	-52.585045	5879.000000	0.029798	4.519403	0.135832	0.450885	0.076885	136.216088	0.113914	0.165688	0.321735	0.661277	0.049071	0.098732	107.776920	176.674225	362	1371	0.264041	0.212056	0.035681	255	1340	0.190299	0.154739	0.031604	215	1405	0.153025	0.121816	0.028517	124	1345	0.092193	0.102906	0.026546	137	1378	0.099419	0.092044	0.025228	368	2146	0.171482	0.212056	0.035063	206	1966	0.104781	0.154739	0.031111	199	1884	0.105626	0.121816	0.028178	202	1772	0.113995	0.102906	0.026235	136	1840	0.073913	0.092044	0.024927
simadna_hd.fq	simadna_hd.fq	89631	"Dicerorhinus"	"genus"	3	3	40.000000	30.500000	0.341663	0.000496	89631:"Dicerorhinus":"genus"	89631:"Dicerorhinus":"genus";9803:"Rhinocerotidae":"family";9787:"Perissodactyla":"order";314145:"Laurasiatheria":"superorder";1437010:"Boreoeutheria":"clade";9347:"Eutheria":"clade";32525:"Theria":"clade";40674:"Mammalia":"class";32524:"Amniota":"clade";32523:"Tetrapoda":"clade";1338369:"Dipnotetrapodomorpha":"clade";8287:"Sarcopterygii":"superclass";117571:"Euteleostomi":"clade";117570:"Teleostomi":"clade";7776:"Gnathostomata":"clade";7742:"Vertebrata":"clade";89593:"Craniata":"subphylum";7711:"Chordata":"phylum";33511:"Deuterostomia":"clade";33213:"Bilateria":"clade";6072:"Eumetazoa":"clade";33208:"Metazoa":"kingdom";33154:"Opisthokonta":"clade";2759:"Eukaryota":"domain";131567:"cellular organisms":"cellular root";1:"root":"no rank"	0.979023	0.503631	0.000000	2.000000	-1.790961	2030.000000	0.143307	6.831660	0.917912	0.537438	0.000975	2.745466	0.807616	0.989736	0.469897	0.615622	0.000000	0.000000	2.000000	6.366218	0	0	0.000000	0.979023	0.000000	0	0	0.000000	0.485957	0.000000	0	1	0.000000	0.241214	0.427820	0	0	0.000000	0.119731	0.000000	0	1	0.000000	0.059431	0.236429	0	0	0.000000	0.979023	0.000000	2	2	1.000000	0.485957	0.408087	0	0	0.000000	0.241214	0.000000	0	2	0.000000	0.119731	0.265073	0	2	0.000000	0.059431	0.193044
simadna_hd.fq	simadna_hd.fq	89632	"Dicerorhinus sumatrensis"	"species"	3	3	40.000000	30.500000	0.341663	0.000496	89632:"Dicerorhinus sumatrensis":"species"	89632:"Dicerorhinus sumatrensis":"species";89631:"Dicerorhinus":"genus";9803:"Rhinocerotidae":"family";9787:"Perissodactyla":"order";314145:"Laurasiatheria":"superorder";1437010:"Boreoeutheria":"clade";9347:"Eutheria":"clade";32525:"Theria":"clade";40674:"Mammalia":"class";32524:"Amniota":"clade";32523:"Tetrapoda":"clade";1338369:"Dipnotetrapodomorpha":"clade";8287:"Sarcopterygii":"superclass";117571:"Euteleostomi":"clade";117570:"Teleostomi":"clade";7776:"Gnathostomata":"clade";7742:"Vertebrata":"clade";89593:"Craniata":"subphylum";7711:"Chordata":"phylum";33511:"Deuterostomia":"clade";33213:"Bilateria":"clade";6072:"Eumetazoa":"clade";33208:"Metazoa":"kingdom";33154:"Opisthokonta":"clade";2759:"Eukaryota":"domain";131567:"cellular organisms":"cellular root";1:"root":"no rank"	0.945731	0.582487	0.000000	2.000000	-1.821895	2685.000000	0.226548	4.174518	0.940383	0.526916	0.000084	2.576346	0.849694	0.993512	0.484394	0.573912	0.000000	0.000000	2.000000	4.725689	0	0	0.000000	0.945731	0.000000	0	0	0.000000	0.394855	0.000000	0	1	0.000000	0.164857	0.371052	0	0	0.000000	0.068830	0.000000	0	1	0.000000	0.028737	0.167068	0	0	0.000000	0.945731	0.000000	2	2	1.000000	0.394855	0.399119	0	0	0.000000	0.164857	0.000000	0	2	0.000000	0.068830	0.206708	0	2	0.000000	0.028737	0.136410
simadna_hd.fq	simadna_hd.fq	91561	"Artiodactyla"	"order"	6115	1189	51.221100	182.452383	0.370828	0.005138	91561:"Artiodactyla":"order"	91561:"Artiodactyla":"order";314145:"Laurasiatheria":"superorder";1437010:"Boreoeutheria":"clade";9347:"Eutheria":"clade";32525:"Theria":"clade";40674:"Mammalia":"class";32524:"Amniota":"clade";32523:"Tetrapoda":"clade";1338369:"Dipnotetrapodomorpha":"clade";8287:"Sarcopterygii":"superclass";117571:"Euteleostomi":"clade";117570:"Teleostomi":"clade";7776:"Gnathostomata":"clade";7742:"Vertebrata":"clade";89593:"Craniata":"subphylum";7711:"Chordata":"phylum";33511:"Deuterostomia":"clade";33213:"Bilateria":"clade";6072:"Eumetazoa":"clade";33208:"Metazoa":"kingdom";33154:"Opisthokonta":"clade";2759:"Eukaryota":"domain";131567:"cellular organisms":"cellular root";1:"root":"no rank"	0.128303	0.524105	0.085601	130.001658	-50.492909	4448.000000	0.030951	4.145386	0.128615	0.535923	0.086080	135.217931	0.117961	0.141319	0.442219	0.616884	0.076308	0.093121	99.924733	228.339695	283	1065	0.265728	0.213904	0.037951	184	1006	0.182903	0.146660	0.032845	172	1101	0.156222	0.114659	0.029434	85	1063	0.079962	0.099430	0.027697	113	1077	0.104921	0.092182	0.026757	286	1674	0.170848	0.213904	0.037192	154	1546	0.099612	0.146660	0.032182	142	1459	0.097327	0.114659	0.029051	137	1332	0.102853	0.099430	0.027391	110	1449	0.075914	0.092182	0.026384
simadna_hd.fq	simadna_hd.fq	95911	"Hyaena"	"genus"	129	28	47.821430	109.074211	0.304327	0.010911	95911:"Hyaena":"genus"	95911:"Hyaena":"genus";9676:"Hyaenidae":"family";379583:"Feliformia":"suborder";33554:"Carnivora":"order";314145:"Laurasiatheria":"superorder";1437010:"Boreoeutheria":"clade";9347:"Eutheria":"clade";32525:"Theria":"clade";40674:"Mammalia":"class";32524:"Amniota":"clade";32523:"Tetrapoda":"clade";1338369:"Dipnotetrapodomorpha":"clade";8287:"Sarcopterygii":"superclass";117571:"Euteleostomi":"clade";117570:"Teleostomi":"clade";7776:"Gnathostomata":"clade";7742:"Vertebrata":"clade";89593:"Craniata":"subphylum";7711:"Chordata":"phylum";33511:"Deuterostomia":"clade";33213:"Bilateria":"clade";6072:"Eumetazoa":"clade";33208:"Metazoa":"kingdom";33154:"Opisthokonta":"clade";2759:"Eukaryota":"domain";131567:"cellular organisms":"cellular root";1:"root":"no rank"	0.225592	0.223604	0.000000	103270.680847	-17.897089	3758.000000	0.083604	2.698339	0.215769	0.319863	0.019411	36918.621911	0.120044	0.288988	0.135254	0.509341	0.000000	0.084945	11.563262	135896.483573	6	25	0.240000	0.225592	0.083604	6	21	0.285714	0.175149	0.082951	0	14	0.000000	0.135985	0.091616	4	22	0.181818	0.105578	0.065523	2	24	0.083333	0.081970	0.056001	4	25	0.160000	0.225592	0.083604	5	31	0.161290	0.175149	0.068277	6	33	0.181818	0.135985	0.059678	1	20	0.050000	0.105578	0.068720	2	34	0.058824	0.081970	0.047053
simadna_hd.fq	simadna_hd.fq	95912	"Hyaena hyaena"	"species"	129	28	47.821430	109.074211	0.304327	0.010911	95912:"Hyaena hyaena":"species"	95912:"Hyaena hyaena":"species";95911:"Hyaena":"genus";9676:"Hyaenidae":"family";379583:"Feliformia":"suborder";33554:"Carnivora":"order";314145:"Laurasiatheria":"superorder";1437010:"Boreoeutheria":"clade";9347:"Eutheria":"clade";32525:"Theria":"clade";40674:"Mammalia":"class";32524:"Amniota":"clade";32523:"Tetrapoda":"clade";1338369:"Dipnotetrapodomorpha":"clade";8287:"Sarcopterygii":"superclass";117571:"Euteleostomi":"clade";117570:"Teleostomi":"clade";7776:"Gnathostomata":"clade";7742:"Vertebrata":"clade";89593:"Craniata":"subphylum";7711:"Chordata":"phylum";33511:"Deuterostomia":"clade";33213:"Bilateria":"clade";6072:"Eumetazoa":"clade";33208:"Metazoa":"kingdom";33154:"Opisthokonta":"clade";2759:"Eukaryota":"domain";131567:"cellular organisms":"cellular root";1:"root":"no rank"	0.225626	0.223650	0.000000	89744.406907	-17.897156	3978.000000	0.083610	2.698550	0.215760	0.319835	0.019411	48833.632291	0.120044	0.288815	0.135241	0.509320	0.000000	0.084945	11.563263	216040.268774	6	25	0.240000	0.225626	0.083610	6	21	0.285714	0.175164	0.082956	0	14	0.000000	0.135989	0.091618	4	22	0.181818	0.105575	0.065523	2	24	0.083333	0.081963	0.056000	4	25	0.160000	0.225626	0.083610	5	31	0.161290	0.175164	0.068281	6	33	0.181818	0.135989	0.059680	1	20	0.050000	0.105575	0.068720	2	34	0.058824	0.081963	0.047052
simadna_hd.fq	simadna_hd.fq	97362	"Pseudoryx"	"genus"	13	2	40.500000	20.250000	0.238889	0.005216	97362:"Pseudoryx":"genus"	97362:"Pseudoryx":"genus";27592:"Bovinae":"subfamily";9895:"Bovidae":"family";35500:"Pecora":"infraorder";9845:"Ruminantia":"suborder";91561:"Artiodactyla":"order";314145:"Laurasiatheria":"superorder";1437010:"Boreoeutheria":"clade";9347:"Eutheria":"clade";32525:"Theria":"clade";40674:"Mammalia":"class";32524:"Amniota":"clade";32523:"Tetrapoda":"clade";1338369:"Dipnotetrapodomorpha":"clade";8287:"Sarcopterygii":"superclass";117571:"Euteleostomi":"clade";117570:"Teleostomi":"clade";7776:"Gnathostomata":"clade";7742:"Vertebrata":"clade";89593:"Craniata":"subphylum";7711:"Chordata":"phylum";33511:"Deuterostomia":"clade";33213:"Bilateria":"clade";6072:"Eumetazoa":"clade";33208:"Metazoa":"kingdom";33154:"Opisthokonta":"clade";2759:"Eukaryota":"domain";131567:"cellular organisms":"cellular root";1:"root":"no rank"	0.298974	1.000000	0.115642	6.179706	-7.501525	2437.000000	0.298871	1.000343	0.334684	0.930878	0.090378	2.835909	0.262564	0.436892	0.539184	1.000000	0.000000	0.174328	2.000000	6.179550	0	3	0.000000	0.414615	0.321621	0	2	0.000000	0.115642	0.241364	0	2	0.000000	0.115642	0.241364	0	2	0.000000	0.115642	0.241364	0	1	0.000000	0.115642	0.319795	2	2	1.000000	0.414615	0.371830	0	2	0.000000	0.115642	0.241364	1	3	0.333333	0.115642	0.208772	1	3	0.333333	0.115642	0.208772	0	4	0.000000	0.115642	0.190395
simadna_hd.fq	simadna_hd.fq	97363	"Pseudoryx nghetinhensis"	"species"	13	2	40.500000	20.250000	0.238889	0.005216	97363:"Pseudoryx nghetinhensis":"species"	97363:"Pseudoryx nghetinhensis":"species";97362:"Pseudoryx":"genus";27592:"Bovinae":"subfamily";9895:"Bovidae":"family";35500:"Pecora":"infraorder";9845:"Ruminantia":"suborder";91561:"Artiodactyla":"order";314145:"Laurasiatheria":"superorder";1437010:"Boreoeutheria":"clade";9347:"Eutheria":"clade";32525:"Theria":"clade";40674:"Mammalia":"class";32524:"Amniota":"clade";32523:"Tetrapoda":"clade";1338369:"Dipnotetrapodomorpha":"clade";8287:"Sarcopterygii":"superclass";117571:"Euteleostomi":"clade";117570:"Teleostomi":"clade";7776:"Gnathostomata":"clade";7742:"Vertebrata":"clade";89593:"Craniata":"subphylum";7711:"Chordata":"phylum";33511:"Deuterostomia":"clade";33213:"Bilateria":"clade";6072:"Eumetazoa":"clade";33208:"Metazoa":"kingdom";33154:"Opisthokonta":"clade";2759:"Eukaryota":"domain";131567:"cellular organisms":"cellular root";1:"root":"no rank"	0.298975	1.000000	0.115642	6.179717	-7.501525	1113.000000	0.298872	1.000346	0.334684	0.930878	0.090378	2.835957	0.262564	0.436892	0.539183	1.000000	0.000000	0.174329	2.000000	6.179766	0	3	0.000000	0.414617	0.321621	0	2	0.000000	0.115642	0.241364	0	2	0.000000	0.115642	0.241364	0	2	0.000000	0.115642	0.241364	0	1	0.000000	0.115642	0.319795	2	2	1.000000	0.414617	0.371830	0	2	0.000000	0.115642	0.241364	1	3	0.333333	0.115642	0.208772	1	3	0.333333	0.115642	0.208772	0	4	0.000000	0.115642	0.190395
simadna_hd.fq	simadna_hd.fq	99490	"Loxodonta cyclotis"	"species"	59	1	47.000000	0.000000	0.234043	0.000000	99490:"Loxodonta cyclotis":"species"	99490:"Loxodonta cyclotis":"species";9784:"Loxodonta":"genus";9780:"Elephantidae":"family";9779:"Proboscidea":"order";311790:"Afrotheria":"superorder";9347:"Eutheria":"clade";32525:"Theria":"clade";40674:"Mammalia":"class";32524:"Amniota":"clade";32523:"Tetrapoda":"clade";1338369:"Dipnotetrapodomorpha":"clade";8287:"Sarcopterygii":"superclass";117571:"Euteleostomi":"clade";117570:"Teleostomi":"clade";7776:"Gnathostomata":"clade";7742:"Vertebrata":"clade";89593:"Craniata":"subphylum";7711:"Chordata":"phylum";33511:"Deuterostomia":"clade";33213:"Bilateria":"clade";6072:"Eumetazoa":"clade";33208:"Metazoa":"kingdom";33154:"Opisthokonta":"clade";2759:"Eukaryota":"domain";131567:"cellular organisms":"cellular root";1:"root":"no rank"	0.273022	0.235924	0.000000	42.713686	-16.089457	1080.000000	0.169656	1.609273	0.280323	0.243141	0.000000	19444.437708	0.191026	0.373177	0.142080	0.381099	0.000000	0.000000	4.535484	118054.602040	1	8	0.125000	0.273022	0.169656	5	11	0.454545	0.208610	0.135800	1	9	0.111111	0.159394	0.132710	3	7	0.428571	0.121789	0.131821	0	5	0.000000	0.093056	0.135734	5	20	0.250000	0.273022	0.119321	2	11	0.181818	0.208610	0.135800	1	13	0.076923	0.159394	0.114613	2	14	0.142857	0.121789	0.099558	0	14	0.000000	0.093056	0.088437
simadna_hd.fq	simadna_hd.fq	109296	"Muntiacus vuquangensis"	"species"	1	1	65.000000	0.000000	0.369231	0.000000	109296:"Muntiacus vuquangensis":"species"	109296:"Muntiacus vuquangensis":"species";9885:"Muntiacus":"genus";34877:"Muntiacinae":"subfamily";9850:"Cervidae":"family";35500:"Pecora":"infraorder";9845:"Ruminantia":"suborder";91561:"Artiodactyla":"order";314145:"Laurasiatheria":"superorder";1437010:"Boreoeutheria":"clade";9347:"Eutheria":"clade";32525:"Theria":"clade";40674:"Mammalia":"class";32524:"Amniota":"clade";32523:"Tetrapoda":"clade";1338369:"Dipnotetrapodomorpha":"clade";8287:"Sarcopterygii":"superclass";117571:"Euteleostomi":"clade";117570:"Teleostomi":"clade";7776:"Gnathostomata":"clade";7742:"Vertebrata":"clade";89593:"Craniata":"subphylum";7711:"Chordata":"phylum";33511:"Deuterostomia":"clade";33213:"Bilateria":"clade";6072:"Eumetazoa":"clade";33208:"Metazoa":"kingdom";33154:"Opisthokonta":"clade";2759:"Eukaryota":"domain";131567:"cellular organisms":"cellular root";1:"root":"no rank"	0.617371	1.000000	0.000000	9.474101	-0.000000	398.000000	0.486029	1.270235	0.286562	1.000000	0.000000	5.188850	0.000000	0.694838	1.000000	1.000000	0.000000	0.000000	2.000000	9.786599	0	0	0.000000	0.617371	0.000000	0	0	0.000000	0.000000	0.000000	0	0	0.000000	0.000000	0.000000	0	1	0.000000	0.000000	0.000100	0	1	0.000000	0.000000	0.000100	0	0	0.000000	0.617371	0.000000	0	0	0.000000	0.000000	0.000000	0	0	0.000000	0.000000	0.000000	0	0	0.000000	0.000000	0.000000	0	0	0.000000	0.000000	0.000000
simadna_hd.fq	simadna_hd.fq	117570	"Teleostomi"	"clade"	7825	2438	51.552036	188.353036	0.377961	0.005248	117570:"Teleostomi":"clade"	117570:"Teleostomi":"clade";7776:"Gnathostomata":"clade";7742:"Vertebrata":"clade";89593:"Craniata":"subphylum";7711:"Chordata":"phylum";33511:"Deuterostomia":"clade";33213:"Bilateria":"clade";6072:"Eumetazoa":"clade";33208:"Metazoa":"kingdom";33154:"Opisthokonta":"clade";2759:"Eukaryota":"domain";131567:"cellular organisms":"cellular root";1:"root":"no rank"	0.134670	0.425615	0.077386	144.028798	-52.585045	5969.000000	0.029798	4.519397	0.135832	0.450885	0.076885	136.216075	0.113914	0.165687	0.321736	0.661277	0.049072	0.098732	107.777139	176.674149	362	1371	0.264041	0.212056	0.035681	255	1340	0.190299	0.154738	0.031604	215	1405	0.153025	0.121816	0.028517	124	1345	0.092193	0.102906	0.026546	137	1378	0.099419	0.092044	0.025228	368	2146	0.171482	0.212056	0.035063	206	1966	0.104781	0.154738	0.031111	199	1884	0.105626	0.121816	0.028178	202	1772	0.113995	0.102906	0.026235	136	1840	0.073913	0.092044	0.024927
simadna_hd.fq	simadna_hd.fq	117571	"Euteleostomi"	"clade"	7825	2438	51.541235	188.339717	0.377485	0.005240	117571:"Euteleostomi":"clade"	117571:"Euteleostomi":"clade";117570:"Teleostomi":"clade";7776:"Gnathostomata":"clade";7742:"Vertebrata":"clade";89593:"Craniata":"subphylum";7711:"Chordata":"phylum";33511:"Deuterostomia":"clade";33213:"Bilateria":"clade";6072:"Eumetazoa":"clade";33208:"Metazoa":"kingdom";33154:"Opisthokonta":"clade";2759:"Eukaryota":"domain";131567:"cellular organisms":"cellular root";1:"root":"no rank"	0.134670	0.425615	0.077386	144.029405	-52.585045	3354.000000	0.029798	4.519406	0.135832	0.450886	0.076885	136.216037	0.113914	0.165687	0.321736	0.661277	0.049072	0.098732	107.777196	176.674709	362	1371	0.264041	0.212056	0.035681	255	1340	0.190299	0.154738	0.031604	215	1405	0.153025	0.121816	0.028517	124	1345	0.092193	0.102906	0.026546	137	1378	0.099419	0.092044	0.025228	368	2146	0.171482	0.212056	0.035063	206	1966	0.104781	0.154738	0.031111	199	1884	0.105626	0.121816	0.028178	202	1772	0.113995	0.102906	0.026235	136	1840	0.073913	0.092044	0.024927
simadna_hd.fq	simadna_hd.fq	131567	"cellular organisms"	"cellular root"	7825	2438	51.463613	184.695773	0.376490	0.005353	131567:"cellular organisms":"cellular root"	131567:"cellular organisms":"cellular root";1:"root":"no rank"	0.134670	0.425615	0.077386	144.028743	-52.585045	5592.000000	0.029798	4.519396	0.135832	0.450886	0.076885	136.216039	0.113914	0.165687	0.321737	0.661277	0.049072	0.098732	107.776993	176.673936	362	1371	0.264041	0.212056	0.035681	255	1340	0.190299	0.154738	0.031604	215	1405	0.153025	0.121816	0.028517	124	1345	0.092193	0.102906	0.026546	137	1378	0.099419	0.092044	0.025228	368	2146	0.171482	0.212056	0.035063	206	1966	0.104781	0.154738	0.031111	199	1884	0.105626	0.121816	0.028178	202	1772	0.113995	0.102906	0.026235	136	1840	0.073913	0.092044	0.024927
simadna_hd.fq	simadna_hd.fq	138698	"Rhinophylla"	"genus"	1	1	41.000000	0.000000	0.268293	0.000000	138698:"Rhinophylla":"genus"	138698:"Rhinophylla":"genus";40231:"Carolliinae":"subfamily";9415:"Phyllostomidae":"family";30560:"Yangochiroptera":"suborder";9397:"Chiroptera":"order";314145:"Laurasiatheria":"superorder";1437010:"Boreoeutheria":"clade";9347:"Eutheria":"clade";32525:"Theria":"clade";40674:"Mammalia":"class";32524:"Amniota":"clade";32523:"Tetrapoda":"clade";1338369:"Dipnotetrapodomorpha":"clade";8287:"Sarcopterygii":"superclass";117571:"Euteleostomi":"clade";117570:"Teleostomi":"clade";7776:"Gnathostomata":"clade";7742:"Vertebrata":"clade";89593:"Craniata":"subphylum";7711:"Chordata":"phylum";33511:"Deuterostomia":"clade";33213:"Bilateria":"clade";6072:"Eumetazoa":"clade";33208:"Metazoa":"kingdom";33154:"Opisthokonta":"clade";2759:"Eukaryota":"domain";131567:"cellular organisms":"cellular root";1:"root":"no rank"	0.485700	1.000000	0.000000	4.740096	-0.000000	411.000000	0.499795	0.971798	0.196479	0.899133	0.000000	104.290910	0.000000	0.747034	0.415451	1.000000	0.000000	0.000000	2.000000	1000.000000	0	0	0.000000	0.485700	0.000000	0	0	0.000000	0.000000	0.000000	0	0	0.000000	0.000000	0.000000	0	0	0.000000	0.000000	0.000000	0	1	0.000000	0.000000	0.000100	0	0	0.000000	0.485700	0.000000	0	0	0.000000	0.000000	0.000000	0	0	0.000000	0.000000	0.000000	0	0	0.000000	0.000000	0.000000	0	0	0.000000	0.000000	0.000000
simadna_hd.fq	simadna_hd.fq	138707	"Rhinophylla pumilio"	"species"	1	1	41.000000	0.000000	0.268293	0.000000	138707:"Rhinophylla pumilio":"species"	138707:"Rhinophylla pumilio":"species";138698:"Rhinophylla":"genus";40231:"Carolliinae":"subfamily";9415:"Phyllostomidae":"family";30560:"Yangochiroptera":"suborder";9397:"Chiroptera":"order";314145:"Laurasiatheria":"superorder";1437010:"Boreoeutheria":"clade";9347:"Eutheria":"clade";32525:"Theria":"clade";40674:"Mammalia":"class";32524:"Amniota":"clade";32523:"Tetrapoda":"clade";1338369:"Dipnotetrapodomorpha":"clade";8287:"Sarcopterygii":"superclass";117571:"Euteleostomi":"clade";117570:"Teleostomi":"clade";7776:"Gnathostomata":"clade";7742:"Vertebrata":"clade";89593:"Craniata":"subphylum";7711:"Chordata":"phylum";33511:"Deuterostomia":"clade";33213:"Bilateria":"clade";6072:"Eumetazoa":"clade";33208:"Metazoa":"kingdom";33154:"Opisthokonta":"clade";2759:"Eukaryota":"domain";131567:"cellular organisms":"cellular root";1:"root":"no rank"	0.000000	1.000000	0.000000	9.853182	-0.000000	531.000000	0.000100	0.000100	0.208665	0.957607	0.000000	4.687661	0.000000	0.779935	0.753004	1.000000	0.000000	0.000000	2.000000	9.411638	0	0	0.000000	0.000000	0.000000	0	0	0.000000	0.000000	0.000000	0	0	0.000000	0.000000	0.000000	0	0	0.000000	0.000000	0.000000	0	1	0.000000	0.000000	0.000100	0	0	0.000000	0.000000	0.000000	0	0	0.000000	0.000000	0.000000	0	0	0.000000	0.000000	0.000000	0	0	0.000000	0.000000	0.000000	0	0	0.000000	0.000000	0.000000
simadna_hd.fq	simadna_hd.fq	143942	"Chalinolobus tuberculatus"	"species"	1	1	55.000000	0.000000	0.400000	0.000000	143942:"Chalinolobus tuberculatus":"species"	143942:"Chalinolobus tuberculatus":"species";50352:"Chalinolobus":"genus";9431:"Vespertilionidae":"family";30560:"Yangochiroptera":"suborder";9397:"Chiroptera":"order";314145:"Laurasiatheria":"superorder";1437010:"Boreoeutheria":"clade";9347:"Eutheria":"clade";32525:"Theria":"clade";40674:"Mammalia":"class";32524:"Amniota":"clade";32523:"Tetrapoda":"clade";1338369:"Dipnotetrapodomorpha":"clade";8287:"Sarcopterygii":"superclass";117571:"Euteleostomi":"clade";117570:"Teleostomi":"clade";7776:"Gnathostomata":"clade";7742:"Vertebrata":"clade";89593:"Craniata":"subphylum";7711:"Chordata":"phylum";33511:"Deuterostomia":"clade";33213:"Bilateria":"clade";6072:"Eumetazoa":"clade";33208:"Metazoa":"kingdom";33154:"Opisthokonta":"clade";2759:"Eukaryota":"domain";131567:"cellular organisms":"cellular root";1:"root":"no rank"	0.000000	1.000000	0.000000	2.000000	-0.000000	135.000000	0.000100	0.000100	0.000000	0.999851	0.000000	4.492027	0.000000	0.000000	0.998789	1.000000	0.000000	0.000000	2.000000	8.830829	0	0	0.000000	0.000000	0.000000	0	0	0.000000	0.000000	0.000000	0	0	0.000000	0.000000	0.000000	0	1	0.000000	0.000000	0.000100	0	0	0.000000	0.000000	0.000000	0	0	0.000000	0.000000	0.000000	0	1	0.000000	0.000000	0.000100	0	0	0.000000	0.000000	0.000000	0	0	0.000000	0.000000	0.000000	0	0	0.000000	0.000000	0.000000
simadna_hd.fq	simadna_hd.fq	207598	"Homininae"	"subfamily"	81	25	52.824457	210.158909	0.414625	0.003988	207598:"Homininae":"subfamily"	207598:"Homininae":"subfamily";9604:"Hominidae":"family";314295:"Hominoidea":"superfamily";9526:"Catarrhini":"parvorder";314293:"Simiiformes":"infraorder";376913:"Haplorrhini":"suborder";9443:"Primates":"order";314146:"Euarchontoglires":"superorder";1437010:"Boreoeutheria":"clade";9347:"Eutheria":"clade";32525:"Theria":"clade";40674:"Mammalia":"class";32524:"Amniota":"clade";32523:"Tetrapoda":"clade";1338369:"Dipnotetrapodomorpha":"clade";8287:"Sarcopterygii":"superclass";117571:"Euteleostomi":"clade";117570:"Teleostomi":"clade";7776:"Gnathostomata":"clade";7742:"Vertebrata":"clade";89593:"Craniata":"subphylum";7711:"Chordata":"phylum";33511:"Deuterostomia":"clade";33213:"Bilateria":"clade";6072:"Eumetazoa":"clade";33208:"Metazoa":"kingdom";33154:"Opisthokonta":"clade";2759:"Eukaryota":"domain";131567:"cellular organisms":"cellular root";1:"root":"no rank"	0.166780	0.315872	0.000000	25.781754	-16.162063	557.000000	0.178728	0.933146	0.146436	0.489786	0.031767	11.584430	0.060282	0.211396	0.228566	1.000000	0.000000	0.073882	3.701891	28.690523	1	5	0.200000	0.166780	0.178728	0	16	0.000000	0.114099	0.099277	2	17	0.117647	0.078058	0.082233	0	12	0.000000	0.053402	0.077089	1	3	0.333333	0.036534	0.112291	5	33	0.151515	0.166780	0.096138	4	35	0.114286	0.114099	0.080959	6	30	0.200000	0.078058	0.070685	0	33	0.000000	0.053402	0.057984	0	17	0.000000	0.036534	0.057511
simadna_hd.fq	simadna_hd.fq	226820	"Ratufa"	"genus"	1	1	36.000000	0.000000	0.333333	0.000000	226820:"Ratufa":"genus"	226820:"Ratufa":"genus";337720:"Ratufinae":"subfamily";55153:"Sciuridae":"family";33553:"Sciuromorpha":"suborder";9989:"Rodentia":"order";314147:"Glires":"clade";314146:"Euarchontoglires":"superorder";1437010:"Boreoeutheria":"clade";9347:"Eutheria":"clade";32525:"Theria":"clade";40674:"Mammalia":"class";32524:"Amniota":"clade";32523:"Tetrapoda":"clade";1338369:"Dipnotetrapodomorpha":"clade";8287:"Sarcopterygii":"superclass";117571:"Euteleostomi":"clade";117570:"Teleostomi":"clade";7776:"Gnathostomata":"clade";7742:"Vertebrata":"clade";89593:"Craniata":"subphylum";7711:"Chordata":"phylum";33511:"Deuterostomia":"clade";33213:"Bilateria":"clade";6072:"Eumetazoa":"clade";33208:"Metazoa":"kingdom";33154:"Opisthokonta":"clade";2759:"Eukaryota":"domain";131567:"cellular organisms":"cellular root";1:"root":"no rank"	0.000000	1.000000	0.000000	2.000000	-0.000000	118.000000	0.000100	0.000100	0.000000	1.000000	0.000000	4.357488	0.000000	0.000000	1.000000	1.000000	0.000000	0.000000	2.000000	9.945614	0	0	0.000000	0.000000	0.000000	0	0	0.000000	0.000000	0.000000	0	0	0.000000	0.000000	0.000000	0	0	0.000000	0.000000	0.000000	0	0	0.000000	0.000000	0.000000	0	1	0.000000	0.000000	0.000141	0	1	0.000000	0.000000	0.000100	0	0	0.000000	0.000000	0.000000	0	0	0.000000	0.000000	0.000000	0	0	0.000000	0.000000	0.000000
simadna_hd.fq	simadna_hd.fq	226822	"Ratufa bicolor"	"species"	1	1	36.000000	0.000000	0.333333	0.000000	226822:"Ratufa bicolor":"species"	226822:"Ratufa bicolor":"species";226820:"Ratufa":"genus";337720:"Ratufinae":"subfamily";55153:"Sciuridae":"family";33553:"Sciuromorpha":"suborder";9989:"Rodentia":"order";314147:"Glires":"clade";314146:"Euarchontoglires":"superorder";1437010:"Boreoeutheria":"clade";9347:"Eutheria":"clade";32525:"Theria":"clade";40674:"Mammalia":"class";32524:"Amniota":"clade";32523:"Tetrapoda":"clade";1338369:"Dipnotetrapodomorpha":"clade";8287:"Sarcopterygii":"superclass";117571:"Euteleostomi":"clade";117570:"Teleostomi":"clade";7776:"Gnathostomata":"clade";7742:"Vertebrata":"clade";89593:"Craniata":"subphylum";7711:"Chordata":"phylum";33511:"Deuterostomia":"clade";33213:"Bilateria":"clade";6072:"Eumetazoa":"clade";33208:"Metazoa":"kingdom";33154:"Opisthokonta":"clade";2759:"Eukaryota":"domain";131567:"cellular organisms":"cellular root";1:"root":"no rank"	0.000000	1.000000	0.000000	2.000000	-0.000000	155.000000	0.000100	0.000100	0.000000	1.000000	0.000000	5.140233	0.000000	0.000000	1.000000	1.000000	0.000000	0.000000	2.000000	9.312926	0	0	0.000000	0.000000	0.000000	0	0	0.000000	0.000000	0.000000	0	0	0.000000	0.000000	0.000000	0	0	0.000000	0.000000	0.000000	0	0	0.000000	0.000000	0.000000	0	1	0.000000	0.000000	0.000141	0	1	0.000000	0.000000	0.000100	0	0	0.000000	0.000000	0.000000	0	0	0.000000	0.000000	0.000000	0	0	0.000000	0.000000	0.000000
simadna_hd.fq	simadna_hd.fq	273790	"Potamochoerus"	"genus"	16	1	38.000000	0.000000	0.368421	0.000000	273790:"Potamochoerus":"genus"	273790:"Potamochoerus":"genus";9821:"Suidae":"family";35497:"Suina":"suborder";91561:"Artiodactyla":"order";314145:"Laurasiatheria":"superorder";1437010:"Boreoeutheria":"clade";9347:"Eutheria":"clade";32525:"Theria":"clade";40674:"Mammalia":"class";32524:"Amniota":"clade";32523:"Tetrapoda":"clade";1338369:"Dipnotetrapodomorpha":"clade";8287:"Sarcopterygii":"superclass";117571:"Euteleostomi":"clade";117570:"Teleostomi":"clade";7776:"Gnathostomata":"clade";7742:"Vertebrata":"clade";89593:"Craniata":"subphylum";7711:"Chordata":"phylum";33511:"Deuterostomia":"clade";33213:"Bilateria":"clade";6072:"Eumetazoa":"clade";33208:"Metazoa":"kingdom";33154:"Opisthokonta":"clade";2759:"Eukaryota":"domain";131567:"cellular organisms":"cellular root";1:"root":"no rank"	0.249994	1.000000	0.178575	76095.413416	-8.225924	3252.000000	0.216509	1.154658	0.381744	0.625703	0.100230	33167.654391	0.103449	1.000000	0.156201	1.000000	0.000000	0.250000	6.512699	130782.409185	2	4	0.500000	0.428568	0.247440	0	1	0.000000	0.178575	0.382996	0	3	0.000000	0.178575	0.221126	1	3	0.333333	0.178575	0.221126	1	4	0.250000	0.178575	0.191502	1	3	0.333333	0.428568	0.285718	1	5	0.200000	0.178575	0.171285	1	3	0.333333	0.178575	0.221126	1	5	0.200000	0.178575	0.171285	0	4	0.000000	0.178575	0.191502
simadna_hd.fq	simadna_hd.fq	273791	"Potamochoerus porcus"	"species"	16	1	38.000000	0.000000	0.368421	0.000000	273791:"Potamochoerus porcus":"species"	273791:"Potamochoerus porcus":"species";273790:"Potamochoerus":"genus";9821:"Suidae":"family";35497:"Suina":"suborder";91561:"Artiodactyla":"order";314145:"Laurasiatheria":"superorder";1437010:"Boreoeutheria":"clade";9347:"Eutheria":"clade";32525:"Theria":"clade";40674:"Mammalia":"class";32524:"Amniota":"clade";32523:"Tetrapoda":"clade";1338369:"Dipnotetrapodomorpha":"clade";8287:"Sarcopterygii":"superclass";117571:"Euteleostomi":"clade";117570:"Teleostomi":"clade";7776:"Gnathostomata":"clade";7742:"Vertebrata":"clade";89593:"Craniata":"subphylum";7711:"Chordata":"phylum";33511:"Deuterostomia":"clade";33213:"Bilateria":"clade";6072:"Eumetazoa":"clade";33208:"Metazoa":"kingdom";33154:"Opisthokonta":"clade";2759:"Eukaryota":"domain";131567:"cellular organisms":"cellular root";1:"root":"no rank"	0.249340	1.000000	0.178388	39236.897413	-8.226092	4644.000000	0.216324	1.152623	0.327093	0.625786	0.094670	32772.767786	0.103448	0.528696	0.156428	1.000000	0.000000	0.186176	6.512290	103619.958597	2	4	0.500000	0.427728	0.247384	0	1	0.000000	0.178388	0.382839	0	3	0.000000	0.178388	0.221038	1	3	0.333333	0.178388	0.221038	1	4	0.250000	0.178388	0.191427	1	3	0.333333	0.427728	0.285651	1	5	0.200000	0.178388	0.171220	1	3	0.333333	0.178388	0.221038	1	5	0.200000	0.178388	0.171220	0	4	0.000000	0.178388	0.191427
simadna_hd.fq	simadna_hd.fq	310261	"Sus scrofa taivanus"	"subspecies"	413	42	51.666668	234.273697	0.374541	0.003248	310261:"Sus scrofa taivanus":"subspecies"	310261:"Sus scrofa taivanus":"subspecies";9823:"Sus scrofa":"species";9822:"Sus":"genus";9821:"Suidae":"family";35497:"Suina":"suborder";91561:"Artiodactyla":"order";314145:"Laurasiatheria":"superorder";1437010:"Boreoeutheria":"clade";9347:"Eutheria":"clade";32525:"Theria":"clade";40674:"Mammalia":"class";32524:"Amniota":"clade";32523:"Tetrapoda":"clade";1338369:"Dipnotetrapodomorpha":"clade";8287:"Sarcopterygii":"superclass";117571:"Euteleostomi":"clade";117570:"Teleostomi":"clade";7776:"Gnathostomata":"clade";7742:"Vertebrata":"clade";89593:"Craniata":"subphylum";7711:"Chordata":"phylum";33511:"Deuterostomia":"clade";33213:"Bilateria":"clade";6072:"Eumetazoa":"clade";33208:"Metazoa":"kingdom";33154:"Opisthokonta":"clade";2759:"Eukaryota":"domain";131567:"cellular organisms":"cellular root";1:"root":"no rank"	0.131341	0.823510	0.111282	224.205736	-27.540936	3891.000000	0.046398	2.830768	0.135729	0.822604	0.114984	11891.089212	0.095795	0.186455	0.655457	1.000000	0.094429	0.139149	47.410659	100272.392013	21	69	0.304348	0.242623	0.058884	17	83	0.204819	0.134462	0.043735	6	92	0.065217	0.115373	0.039467	12	72	0.166667	0.112004	0.042625	12	90	0.133333	0.111409	0.039175	23	117	0.196581	0.242623	0.048781	10	96	0.104167	0.134462	0.041518	9	118	0.076271	0.115373	0.036253	10	78	0.128205	0.112004	0.041365	9	93	0.096774	0.111409	0.038721
simadna_hd.fq	simadna_hd.fq	311790	"Afrotheria"	"superorder"	405	135	50.016586	120.109914	0.357616	0.004546	311790:"Afrotheria":"superorder"	311790:"Afrotheria":"superorder";9347:"Eutheria":"clade";32525:"Theria":"clade";40674:"Mammalia":"class";32524:"Amniota":"clade";32523:"Tetrapoda":"clade";1338369:"Dipnotetrapodomorpha":"clade";8287:"Sarcopterygii":"superclass";117571:"Euteleostomi":"clade";117570:"Teleostomi":"clade";7776:"Gnathostomata":"clade";7742:"Vertebrata":"clade";89593:"Craniata":"subphylum";7711:"Chordata":"phylum";33511:"Deuterostomia":"clade";33213:"Bilateria":"clade";6072:"Eumetazoa":"clade";33208:"Metazoa":"kingdom";33154:"Opisthokonta":"clade";2759:"Eukaryota":"domain";131567:"cellular organisms":"cellular root";1:"root":"no rank"	0.252893	0.217645	0.000000	67.797979	-29.120675	3733.000000	0.074615	3.389319	0.261976	0.217828	0.000000	9738.750051	0.222528	0.285569	0.167187	0.272006	0.000000	0.000000	18.176213	295.793996	12	66	0.181818	0.252893	0.074615	21	65	0.323077	0.197852	0.068651	13	76	0.171053	0.154791	0.059984	9	37	0.243243	0.121101	0.066196	3	55	0.054545	0.094744	0.052758	30	129	0.232558	0.252893	0.064727	13	81	0.160494	0.197852	0.065098	15	95	0.157895	0.154791	0.057086	12	83	0.144578	0.121101	0.053017	2	80	0.025000	0.094744	0.047991
simadna_hd.fq	simadna_hd.fq	314145	"Laurasiatheria"	"superorder"	7334	2275	51.329249	180.436614	0.382077	0.005266	314145:"Laurasiatheria":"superorder"	314145:"Laurasiatheria":"superorder";1437010:"Boreoeutheria":"clade";9347:"Eutheria":"clade";32525:"Theria":"clade";40674:"Mammalia":"class";32524:"Amniota":"clade";32523:"Tetrapoda":"clade";1338369:"Dipnotetrapodomorpha":"clade";8287:"Sarcopterygii":"superclass";117571:"Euteleostomi":"clade";117570:"Teleostomi":"clade";7776:"Gnathostomata":"clade";7742:"Vertebrata":"clade";89593:"Craniata":"subphylum";7711:"Chordata":"phylum";33511:"Deuterostomia":"clade";33213:"Bilateria":"clade";6072:"Eumetazoa":"clade";33208:"Metazoa":"kingdom";33154:"Opisthokonta":"clade";2759:"Eukaryota":"domain";131567:"cellular organisms":"cellular root";1:"root":"no rank"	0.126786	0.494019	0.086118	134.379636	-52.289121	1391.000000	0.030039	4.220774	0.125425	0.536006	0.087723	129.990743	0.114114	0.138613	0.378341	0.715734	0.072346	0.102693	102.733917	164.016886	349	1300	0.268462	0.212904	0.036956	234	1257	0.186158	0.150269	0.032311	198	1308	0.151376	0.118577	0.029178	115	1296	0.088735	0.102542	0.027391	133	1320	0.100758	0.094428	0.026381	333	1981	0.168097	0.212904	0.036356	189	1847	0.102328	0.150269	0.031809	178	1759	0.101194	0.118577	0.028827	190	1654	0.114873	0.102542	0.027111	134	1743	0.076879	0.094428	0.026083
simadna_hd.fq	simadna_hd.fq	314146	"Euarchontoglires"	"superorder"	86	28	51.992331	252.382496	0.435789	0.003901	314146:"Euarchontoglires":"superorder"	314146:"Euarchontoglires":"superorder";1437010:"Boreoeutheria":"clade";9347:"Eutheria":"clade";32525:"Theria":"clade";40674:"Mammalia":"class";32524:"Amniota":"clade";32523:"Tetrapoda":"clade";1338369:"Dipnotetrapodomorpha":"clade";8287:"Sarcopterygii":"superclass";117571:"Euteleostomi":"clade";117570:"Teleostomi":"clade";7776:"Gnathostomata":"clade";7742:"Vertebrata":"clade";89593:"Craniata":"subphylum";7711:"Chordata":"phylum";33511:"Deuterostomia":"clade";33213:"Bilateria":"clade";6072:"Eumetazoa":"clade";33208:"Metazoa":"kingdom";33154:"Opisthokonta":"clade";2759:"Eukaryota":"domain";131567:"cellular organisms":"cellular root";1:"root":"no rank"	0.165225	0.282938	0.000000	15.753205	-17.339217	1241.000000	0.184855	0.893807	0.160465	0.365988	0.012839	15.860074	0.082899	0.244978	0.140307	1.000000	0.000000	0.107888	3.724143	42.821467	1	5	0.200000	0.165225	0.184855	0	18	0.000000	0.118476	0.108120	4	21	0.190476	0.084955	0.090116	0	12	0.000000	0.060918	0.088867	1	3	0.333333	0.043682	0.124848	5	36	0.138889	0.165225	0.108790	4	38	0.105263	0.118476	0.093906	6	30	0.200000	0.084955	0.084123	0	35	0.000000	0.060918	0.070368	0	17	0.000000	0.043682	0.069311
simadna_hd.fq	simadna_hd.fq	314147	"Glires"	"clade"	3	2	39.333333	0.000000	0.355014	0.000000	314147:"Glires":"clade"	314147:"Glires":"clade";314146:"Euarchontoglires":"superorder";1437010:"Boreoeutheria":"clade";9347:"Eutheria":"clade";32525:"Theria":"clade";40674:"Mammalia":"class";32524:"Amniota":"clade";32523:"Tetrapoda":"clade";1338369:"Dipnotetrapodomorpha":"clade";8287:"Sarcopterygii":"superclass";117571:"Euteleostomi":"clade";117570:"Teleostomi":"clade";7776:"Gnathostomata":"clade";7742:"Vertebrata":"clade";89593:"Craniata":"subphylum";7711:"Chordata":"phylum";33511:"Deuterostomia":"clade";33213:"Bilateria":"clade";6072:"Eumetazoa":"clade";33208:"Metazoa":"kingdom";33154:"Opisthokonta":"clade";2759:"Eukaryota":"domain";131567:"cellular organisms":"cellular root";1:"root":"no rank"	0.000657	0.000000	0.196188	2.000000	-3.550180	1479.000000	0.025623	0.025640	0.005048	0.000264	0.191800	2.000000	0.000000	0.021409	0.000000	0.000000	0.175439	0.196847	2.000000	2.000000	0	0	0.000000	0.196845	0.000000	0	2	0.000000	0.196845	0.324651	2	2	1.000000	0.196845	0.324651	0	0	0.000000	0.196845	0.000000	0	0	0.000000	0.196845	0.000000	0	1	0.000000	0.196845	0.397614	0	1	0.000000	0.196845	0.397614	0	0	0.000000	0.196845	0.000000	0	2	0.000000	0.196845	0.324651	0	0	0.000000	0.196845	0.000000
simadna_hd.fq	simadna_hd.fq	314293	"Simiiformes"	"infraorder"	83	26	53.348013	255.029203	0.429189	0.004050	314293:"Simiiformes":"infraorder"	314293:"Simiiformes":"infraorder";376913:"Haplorrhini":"suborder";9443:"Primates":"order";314146:"Euarchontoglires":"superorder";1437010:"Boreoeutheria":"clade";9347:"Eutheria":"clade";32525:"Theria":"clade";40674:"Mammalia":"class";32524:"Amniota":"clade";32523:"Tetrapoda":"clade";1338369:"Dipnotetrapodomorpha":"clade";8287:"Sarcopterygii":"superclass";117571:"Euteleostomi":"clade";117570:"Teleostomi":"clade";7776:"Gnathostomata":"clade";7742:"Vertebrata":"clade";89593:"Craniata":"subphylum";7711:"Chordata":"phylum";33511:"Deuterostomia":"clade";33213:"Bilateria":"clade";6072:"Eumetazoa":"clade";33208:"Metazoa":"kingdom";33154:"Opisthokonta":"clade";2759:"Eukaryota":"domain";131567:"cellular organisms":"cellular root";1:"root":"no rank"	0.159292	0.309994	0.000000	27.387904	-16.156300	3103.000000	0.174807	0.911245	0.143385	0.461952	0.028154	13.436505	0.067064	0.212916	0.251872	1.000000	0.000000	0.091316	2.000000	30.458316	1	5	0.200000	0.159292	0.174807	0	16	0.000000	0.109913	0.096671	2	19	0.105263	0.075840	0.077639	0	12	0.000000	0.052330	0.075723	1	3	0.333333	0.036108	0.111440	5	35	0.142857	0.159292	0.091700	4	37	0.108108	0.109913	0.077442	6	30	0.200000	0.075840	0.068724	0	33	0.000000	0.052330	0.056540	0	17	0.000000	0.036108	0.056579
simadna_hd.fq	simadna_hd.fq	314295	"Hominoidea"	"superfamily"	83	26	53.323053	241.466874	0.420514	0.004040	314295:"Hominoidea":"superfamily"	314295:"Hominoidea":"superfamily";9526:"Catarrhini":"parvorder";314293:"Simiiformes":"infraorder";376913:"Haplorrhini":"suborder";9443:"Primates":"order";314146:"Euarchontoglires":"superorder";1437010:"Boreoeutheria":"clade";9347:"Eutheria":"clade";32525:"Theria":"clade";40674:"Mammalia":"class";32524:"Amniota":"clade";32523:"Tetrapoda":"clade";1338369:"Dipnotetrapodomorpha":"clade";8287:"Sarcopterygii":"superclass";117571:"Euteleostomi":"clade";117570:"Teleostomi":"clade";7776:"Gnathostomata":"clade";7742:"Vertebrata":"clade";89593:"Craniata":"subphylum";7711:"Chordata":"phylum";33511:"Deuterostomia":"clade";33213:"Bilateria":"clade";6072:"Eumetazoa":"clade";33208:"Metazoa":"kingdom";33154:"Opisthokonta":"clade";2759:"Eukaryota":"domain";131567:"cellular organisms":"cellular root";1:"root":"no rank"	0.159292	0.309994	0.000000	27.387956	-16.156300	804.000000	0.174807	0.911245	0.143384	0.461950	0.028154	13.436489	0.067064	0.212915	0.251876	1.000000	0.000000	0.091316	2.000000	30.458160	1	5	0.200000	0.159292	0.174807	0	16	0.000000	0.109913	0.096671	2	19	0.105263	0.075840	0.077639	0	12	0.000000	0.052330	0.075723	1	3	0.333333	0.036108	0.111440	5	35	0.142857	0.159292	0.091700	4	37	0.108108	0.109913	0.077442	6	30	0.200000	0.075840	0.068724	0	33	0.000000	0.052330	0.056540	0	17	0.000000	0.036108	0.056579
simadna_hd.fq	simadna_hd.fq	315377	"Sus cebifrons"	"species"	203	4	45.750000	101.062500	0.364842	0.005788	315377:"Sus cebifrons":"species"	315377:"Sus cebifrons":"species";9822:"Sus":"genus";9821:"Suidae":"family";35497:"Suina":"suborder";91561:"Artiodactyla":"order";314145:"Laurasiatheria":"superorder";1437010:"Boreoeutheria":"clade";9347:"Eutheria":"clade";32525:"Theria":"clade";40674:"Mammalia":"class";32524:"Amniota":"clade";32523:"Tetrapoda":"clade";1338369:"Dipnotetrapodomorpha":"clade";8287:"Sarcopterygii":"superclass";117571:"Euteleostomi":"clade";117570:"Teleostomi":"clade";7776:"Gnathostomata":"clade";7742:"Vertebrata":"clade";89593:"Craniata":"subphylum";7711:"Chordata":"phylum";33511:"Deuterostomia":"clade";33213:"Bilateria":"clade";6072:"Eumetazoa":"clade";33208:"Metazoa":"kingdom";33154:"Opisthokonta":"clade";2759:"Eukaryota":"domain";131567:"cellular organisms":"cellular root";1:"root":"no rank"	0.118210	0.585074	0.083493	168468.086293	-20.251422	2416.000000	0.059958	1.971547	0.117679	0.637723	0.083222	19143.110842	0.022924	0.183341	0.188922	0.964046	0.000000	0.143589	18.418954	147844.844530	7	29	0.241379	0.201703	0.074520	9	37	0.243243	0.132541	0.055750	2	37	0.054054	0.103844	0.050157	4	25	0.160000	0.091937	0.057792	3	38	0.078947	0.086997	0.045724	10	58	0.172414	0.201703	0.052698	4	43	0.093023	0.132541	0.051715	3	49	0.061224	0.103844	0.043586	4	34	0.117647	0.091937	0.049557	4	48	0.083333	0.086997	0.040684
simadna_hd.fq	simadna_hd.fq	337720	"Ratufinae"	"subfamily"	1	1	36.000000	0.000000	0.333333	0.000000	337720:"Ratufinae":"subfamily"	337720:"Ratufinae":"subfamily";55153:"Sciuridae":"family";33553:"Sciuromorpha":"suborder";9989:"Rodentia":"order";314147:"Glires":"clade";314146:"Euarchontoglires":"superorder";1437010:"Boreoeutheria":"clade";9347:"Eutheria":"clade";32525:"Theria":"clade";40674:"Mammalia":"class";32524:"Amniota":"clade";32523:"Tetrapoda":"clade";1338369:"Dipnotetrapodomorpha":"clade";8287:"Sarcopterygii":"superclass";117571:"Euteleostomi":"clade";117570:"Teleostomi":"clade";7776:"Gnathostomata":"clade";7742:"Vertebrata":"clade";89593:"Craniata":"subphylum";7711:"Chordata":"phylum";33511:"Deuterostomia":"clade";33213:"Bilateria":"clade";6072:"Eumetazoa":"clade";33208:"Metazoa":"kingdom";33154:"Opisthokonta":"clade";2759:"Eukaryota":"domain";131567:"cellular organisms":"cellular root";1:"root":"no rank"	0.000000	1.000000	0.000000	6.005763	-0.000000	83.000000	0.000100	0.000100	0.000000	1.000000	0.000000	4.350114	0.000000	0.000000	1.000000	1.000000	0.000000	0.000000	2.000000	8.830193	0	0	0.000000	0.000000	0.000000	0	0	0.000000	0.000000	0.000000	0	0	0.000000	0.000000	0.000000	0	0	0.000000	0.000000	0.000000	0	0	0.000000	0.000000	0.000000	0	1	0.000000	0.000000	0.000141	0	1	0.000000	0.000000	0.000100	0	0	0.000000	0.000000	0.000000	0	0	0.000000	0.000000	0.000000	0	0	0.000000	0.000000	0.000000
simadna_hd.fq	simadna_hd.fq	371034	"Hippocamelus"	"genus"	1	1	38.000000	0.000000	0.394737	0.000000	371034:"Hippocamelus":"genus"	371034:"Hippocamelus":"genus";9881:"Odocoileinae":"subfamily";9850:"Cervidae":"family";35500:"Pecora":"infraorder";9845:"Ruminantia":"suborder";91561:"Artiodactyla":"order";314145:"Laurasiatheria":"superorder";1437010:"Boreoeutheria":"clade";9347:"Eutheria":"clade";32525:"Theria":"clade";40674:"Mammalia":"class";32524:"Amniota":"clade";32523:"Tetrapoda":"clade";1338369:"Dipnotetrapodomorpha":"clade";8287:"Sarcopterygii":"superclass";117571:"Euteleostomi":"clade";117570:"Teleostomi":"clade";7776:"Gnathostomata":"clade";7742:"Vertebrata":"clade";89593:"Craniata":"subphylum";7711:"Chordata":"phylum";33511:"Deuterostomia":"clade";33213:"Bilateria":"clade";6072:"Eumetazoa":"clade";33208:"Metazoa":"kingdom";33154:"Opisthokonta":"clade";2759:"Eukaryota":"domain";131567:"cellular organisms":"cellular root";1:"root":"no rank"	0.000000	1.000000	0.000000	9.512183	-0.000000	109.000000	0.000100	0.000100	0.000000	1.000000	0.000000	5.907137	0.000000	0.000000	1.000000	1.000000	0.000000	0.000000	2.000000	9.515073	0	0	0.000000	0.000000	0.000000	0	0	0.000000	0.000000	0.000000	0	1	0.000000	0.000000	0.000100	0	0	0.000000	0.000000	0.000000	0	0	0.000000	0.000000	0.000000	0	1	0.000000	0.000000	0.000141	0	0	0.000000	0.000000	0.000000	0	1	0.000000	0.000000	0.000100	0	1	0.000000	0.000000	0.000100	0	0	0.000000	0.000000	0.000000
simadna_hd.fq	simadna_hd.fq	371035	"Hippocamelus antisensis"	"species"	1	1	38.000000	0.000000	0.394737	0.000000	371035:"Hippocamelus antisensis":"species"	371035:"Hippocamelus antisensis":"species";371034:"Hippocamelus":"genus";9881:"Odocoileinae":"subfamily";9850:"Cervidae":"family";35500:"Pecora":"infraorder";9845:"Ruminantia":"suborder";91561:"Artiodactyla":"order";314145:"Laurasiatheria":"superorder";1437010:"Boreoeutheria":"clade";9347:"Eutheria":"clade";32525:"Theria":"clade";40674:"Mammalia":"class";32524:"Amniota":"clade";32523:"Tetrapoda":"clade";1338369:"Dipnotetrapodomorpha":"clade";8287:"Sarcopterygii":"superclass";117571:"Euteleostomi":"clade";117570:"Teleostomi":"clade";7776:"Gnathostomata":"clade";7742:"Vertebrata":"clade";89593:"Craniata":"subphylum";7711:"Chordata":"phylum";33511:"Deuterostomia":"clade";33213:"Bilateria":"clade";6072:"Eumetazoa":"clade";33208:"Metazoa":"kingdom";33154:"Opisthokonta":"clade";2759:"Eukaryota":"domain";131567:"cellular organisms":"cellular root";1:"root":"no rank"	0.000000	1.000000	0.000000	2.646027	-0.000000	175.000000	0.000100	0.000100	0.000000	1.000000	0.000000	6.271107	0.000000	0.000000	1.000000	1.000000	0.000000	0.000000	2.000000	9.793807	0	0	0.000000	0.000000	0.000000	0	0	0.000000	0.000000	0.000000	0	1	0.000000	0.000000	0.000100	0	0	0.000000	0.000000	0.000000	0	0	0.000000	0.000000	0.000000	0	1	0.000000	0.000000	0.000141	0	0	0.000000	0.000000	0.000000	0	1	0.000000	0.000000	0.000100	0	1	0.000000	0.000000	0.000100	0	0	0.000000	0.000000	0.000000
simadna_hd.fq	simadna_hd.fq	376913	"Haplorrhini"	"suborder"	83	26	53.302985	258.474881	0.433926	0.004051	376913:"Haplorrhini":"suborder"	376913:"Haplorrhini":"suborder";9443:"Primates":"order";314146:"Euarchontoglires":"superorder";1437010:"Boreoeutheria":"clade";9347:"Eutheria":"clade";32525:"Theria":"clade";40674:"Mammalia":"class";32524:"Amniota":"clade";32523:"Tetrapoda":"clade";1338369:"Dipnotetrapodomorpha":"clade";8287:"Sarcopterygii":"superclass";117571:"Euteleostomi":"clade";117570:"Teleostomi":"clade";7776:"Gnathostomata":"clade";7742:"Vertebrata":"clade";89593:"Craniata":"subphylum";7711:"Chordata":"phylum";33511:"Deuterostomia":"clade";33213:"Bilateria":"clade";6072:"Eumetazoa":"clade";33208:"Metazoa":"kingdom";33154:"Opisthokonta":"clade";2759:"Eukaryota":"domain";131567:"cellular organisms":"cellular root";1:"root":"no rank"	0.159292	0.309994	0.000000	27.388034	-16.156300	526.000000	0.174807	0.911245	0.143384	0.461951	0.028154	13.436542	0.067064	0.212916	0.251872	1.000000	0.000000	0.091316	2.000000	30.458102	1	5	0.200000	0.159292	0.174807	0	16	0.000000	0.109913	0.096671	2	19	0.105263	0.075840	0.077639	0	12	0.000000	0.052330	0.075723	1	3	0.333333	0.036108	0.111440	5	35	0.142857	0.159292	0.091700	4	37	0.108108	0.109913	0.077442	6	30	0.200000	0.075840	0.068724	0	33	0.000000	0.052330	0.056540	0	17	0.000000	0.036108	0.056579
simadna_hd.fq	simadna_hd.fq	379583	"Feliformia"	"suborder"	1210	1077	51.667111	176.356383	0.401680	0.005430	379583:"Feliformia":"suborder"	379583:"Feliformia":"suborder";33554:"Carnivora":"order";314145:"Laurasiatheria":"superorder";1437010:"Boreoeutheria":"clade";9347:"Eutheria":"clade";32525:"Theria":"clade";40674:"Mammalia":"class";32524:"Amniota":"clade";32523:"Tetrapoda":"clade";1338369:"Dipnotetrapodomorpha":"clade";8287:"Sarcopterygii":"superclass";117571:"Euteleostomi":"clade";117570:"Teleostomi":"clade";7776:"Gnathostomata":"clade";7742:"Vertebrata":"clade";89593:"Craniata":"subphylum";7711:"Chordata":"phylum";33511:"Deuterostomia":"clade";33213:"Bilateria":"clade";6072:"Eumetazoa":"clade";33208:"Metazoa":"kingdom";33154:"Opisthokonta":"clade";2759:"Eukaryota":"domain";131567:"cellular organisms":"cellular root";1:"root":"no rank"	0.180628	0.191914	0.021961	116.585293	-37.132759	2775.000000	0.043488	4.153539	0.164421	0.340834	0.044724	83.115694	0.085557	0.214046	0.124652	0.785233	0.000000	0.126399	63.520148	110.008421	66	232	0.284483	0.202589	0.045434	50	249	0.200803	0.167924	0.041769	26	205	0.126829	0.139912	0.040068	30	232	0.129310	0.117275	0.036371	20	239	0.083682	0.098983	0.033593	46	305	0.150820	0.202589	0.043578	33	296	0.111486	0.167924	0.040698	36	298	0.120805	0.139912	0.037733	53	319	0.166144	0.117275	0.034672	24	292	0.082192	0.098983	0.032578
simadna_hd.fq	simadna_hd.fq	379584	"Caniformia"	"suborder"	4	4	39.514286	0.000000	0.433928	0.000000	379584:"Caniformia":"suborder"	379584:"Caniformia":"suborder";33554:"Carnivora":"order";314145:"Laurasiatheria":"superorder";1437010:"Boreoeutheria":"clade";9347:"Eutheria":"clade";32525:"Theria":"clade";40674:"Mammalia":"class";32524:"Amniota":"clade";32523:"Tetrapoda":"clade";1338369:"Dipnotetrapodomorpha":"clade";8287:"Sarcopterygii":"superclass";117571:"Euteleostomi":"clade";117570:"Teleostomi":"clade";7776:"Gnathostomata":"clade";7742:"Vertebrata":"clade";89593:"Craniata":"subphylum";7711:"Chordata":"phylum";33511:"Deuterostomia":"clade";33213:"Bilateria":"clade";6072:"Eumetazoa":"clade";33208:"Metazoa":"kingdom";33154:"Opisthokonta":"clade";2759:"Eukaryota":"domain";131567:"cellular organisms":"cellular root";1:"root":"no rank"	0.200012	1.000000	0.000000	13710.258995	-1.808883	2211.000000	0.230962	0.865995	0.229172	1.000000	0.000000	6542.127314	0.000000	0.436892	1.000000	1.000000	0.000000	0.000000	2.000000	19651.827908	0	3	0.000000	0.200012	0.230962	0	2	0.000000	0.000000	0.000077	0	1	0.000000	0.000000	0.000100	0	0	0.000000	0.000000	0.000000	0	2	0.000000	0.000000	0.000071	1	2	0.500000	0.200012	0.282859	0	2	0.000000	0.000000	0.000077	0	2	0.000000	0.000000	0.000071	0	1	0.000000	0.000000	0.000100	0	0	0.000000	0.000000	0.000000
simadna_hd.fq	simadna_hd.fq	494514	"Vulpes lagopus"	"species"	1	1	41.000000	0.000000	0.341463	0.000000	494514:"Vulpes lagopus":"species"	494514:"Vulpes lagopus":"species";9625:"Vulpes":"genus";9608:"Canidae":"family";379584:"Caniformia":"suborder";33554:"Carnivora":"order";314145:"Laurasiatheria":"superorder";1437010:"Boreoeutheria":"clade";9347:"Eutheria":"clade";32525:"Theria":"clade";40674:"Mammalia":"class";32524:"Amniota":"clade";32523:"Tetrapoda":"clade";1338369:"Dipnotetrapodomorpha":"clade";8287:"Sarcopterygii":"superclass";117571:"Euteleostomi":"clade";117570:"Teleostomi":"clade";7776:"Gnathostomata":"clade";7742:"Vertebrata":"clade";89593:"Craniata":"subphylum";7711:"Chordata":"phylum";33511:"Deuterostomia":"clade";33213:"Bilateria":"clade";6072:"Eumetazoa":"clade";33208:"Metazoa":"kingdom";33154:"Opisthokonta":"clade";2759:"Eukaryota":"domain";131567:"cellular organisms":"cellular root";1:"root":"no rank"	1.000000	1.000000	0.000008	6.948639	-0.000000	624.000000	0.000100	9999.999925	1.000000	1.000000	0.000007	56.042490	1.000000	1.000000	1.000000	1.000000	0.000001	0.000021	2.000000	9.804830	0	0	0.000000	1.000008	0.000000	0	0	0.000000	0.000008	0.000000	0	0	0.000000	0.000008	0.000000	0	0	0.000000	0.000008	0.000000	0	0	0.000000	0.000008	0.000000	1	1	1.000000	1.000008	0.000000	0	1	0.000000	0.000008	0.002798	0	0	0.000000	0.000008	0.000000	0	0	0.000000	0.000008	0.000000	0	0	0.000000	0.000008	0.000000
simadna_hd.fq	simadna_hd.fq	1027716	"Mammuthus columbi"	"species"	120	2	43.000000	25.000000	0.345943	0.005641	1027716:"Mammuthus columbi":"species"	1027716:"Mammuthus columbi":"species";37348:"Mammuthus":"genus";9780:"Elephantidae":"family";9779:"Proboscidea":"order";311790:"Afrotheria":"superorder";9347:"Eutheria":"clade";32525:"Theria":"clade";40674:"Mammalia":"class";32524:"Amniota":"clade";32523:"Tetrapoda":"clade";1338369:"Dipnotetrapodomorpha":"clade";8287:"Sarcopterygii":"superclass";117571:"Euteleostomi":"clade";117570:"Teleostomi":"clade";7776:"Gnathostomata":"clade";7742:"Vertebrata":"clade";89593:"Craniata":"subphylum";7711:"Chordata":"phylum";33511:"Deuterostomia":"clade";33213:"Bilateria":"clade";6072:"Eumetazoa":"clade";33208:"Metazoa":"kingdom";33154:"Opisthokonta":"clade";2759:"Eukaryota":"domain";131567:"cellular organisms":"cellular root";1:"root":"no rank"	0.206015	0.141841	0.000000	163955.544589	-17.660453	7264.000000	0.090441	2.277890	0.206484	0.194051	0.004209	22131.559141	0.104213	0.259225	0.045905	0.348954	0.000000	0.000000	8.814037	83135.209296	3	20	0.150000	0.206015	0.090441	4	19	0.210526	0.176793	0.087525	5	24	0.208333	0.151717	0.073234	3	10	0.300000	0.130197	0.106420	1	17	0.058824	0.111730	0.076411	8	37	0.216216	0.206015	0.066497	2	23	0.086957	0.176793	0.079552	6	29	0.206897	0.151717	0.066623	3	23	0.130435	0.130197	0.070174	1	23	0.043478	0.111730	0.065693
simadna_hd.fq	simadna_hd.fq	1338369	"Dipnotetrapodomorpha"	"clade"	7825	2438	51.501251	187.841980	0.376357	0.005225	1338369:"Dipnotetrapodomorpha":"clade"	1338369:"Dipnotetrapodomorpha":"clade";8287:"Sarcopterygii":"superclass";117571:"Euteleostomi":"clade";117570:"Teleostomi":"clade";7776:"Gnathostomata":"clade";7742:"Vertebrata":"clade";89593:"Craniata":"subphylum";7711:"Chordata":"phylum";33511:"Deuterostomia":"clade";33213:"Bilateria":"clade";6072:"Eumetazoa":"clade";33208:"Metazoa":"kingdom";33154:"Opisthokonta":"clade";2759:"Eukaryota":"domain";131567:"cellular organisms":"cellular root";1:"root":"no rank"	0.134670	0.425614	0.077386	144.028742	-52.585045	5560.000000	0.029798	4.519397	0.135832	0.450886	0.076885	136.216107	0.113914	0.165687	0.321736	0.661278	0.049072	0.098732	107.777238	176.674398	362	1371	0.264041	0.212056	0.035681	255	1340	0.190299	0.154738	0.031604	215	1405	0.153025	0.121816	0.028517	124	1345	0.092193	0.102906	0.026546	137	1378	0.099419	0.092044	0.025228	368	2146	0.171482	0.212056	0.035063	206	1966	0.104781	0.154738	0.031111	199	1884	0.105626	0.121816	0.028178	202	1772	0.113995	0.102906	0.026235	136	1840	0.073913	0.092044	0.024927
simadna_hd.fq	simadna_hd.fq	1437010	"Boreoeutheria"	"clade"	7420	2303	51.309368	182.020392	0.377523	0.005229	1437010:"Boreoeutheria":"clade"	1437010:"Boreoeutheria":"clade";9347:"Eutheria":"clade";32525:"Theria":"clade";40674:"Mammalia":"class";32524:"Amniota":"clade";32523:"Tetrapoda":"clade";1338369:"Dipnotetrapodomorpha":"clade";8287:"Sarcopterygii":"superclass";117571:"Euteleostomi":"clade";117570:"Teleostomi":"clade";7776:"Gnathostomata":"clade";7742:"Vertebrata":"clade";89593:"Craniata":"subphylum";7711:"Chordata":"phylum";33511:"Deuterostomia":"clade";33213:"Bilateria":"clade";6072:"Eumetazoa":"clade";33208:"Metazoa":"kingdom";33154:"Opisthokonta":"clade";2759:"Eukaryota":"domain";131567:"cellular organisms":"cellular root";1:"root":"no rank"	0.127007	0.489396	0.085188	136.737789	-52.322654	720.000000	0.029822	4.258891	0.125055	0.527502	0.087064	130.337454	0.112443	0.142245	0.397751	0.706729	0.068399	0.102405	109.048051	162.187768	350	1305	0.268199	0.212195	0.036617	234	1275	0.183529	0.150039	0.032018	202	1329	0.151994	0.118301	0.028900	115	1308	0.087920	0.102096	0.027113	134	1323	0.101285	0.093821	0.026097	338	2017	0.167576	0.212195	0.035999	193	1885	0.102387	0.150039	0.031512	184	1789	0.102851	0.118301	0.028551	190	1689	0.112493	0.102096	0.026822	134	1760	0.076136	0.093821	0.025792
simadna_hd.fq	simadna_hd.fq	2653789	"Whippomorpha"	"suborder"	2	2	47.888889	0.000000	0.398340	0.000000	2653789:"Whippomorpha":"suborder"	2653789:"Whippomorpha":"suborder";91561:"Artiodactyla":"order";314145:"Laurasiatheria":"superorder";1437010:"Boreoeutheria":"clade";9347:"Eutheria":"clade";32525:"Theria":"clade";40674:"Mammalia":"class";32524:"Amniota":"clade";32523:"Tetrapoda":"clade";1338369:"Dipnotetrapodomorpha":"clade";8287:"Sarcopterygii":"superclass";117571:"Euteleostomi":"clade";117570:"Teleostomi":"clade";7776:"Gnathostomata":"clade";7742:"Vertebrata":"clade";89593:"Craniata":"subphylum";7711:"Chordata":"phylum";33511:"Deuterostomia":"clade";33213:"Bilateria":"clade";6072:"Eumetazoa":"clade";33208:"Metazoa":"kingdom";33154:"Opisthokonta":"clade";2759:"Eukaryota":"domain";131567:"cellular organisms":"cellular root";1:"root":"no rank"	0.000000	1.000000	0.000000	7.065734	-0.000000	55.000000	0.000100	0.000100	0.000000	1.000000	0.000000	5.948071	0.000000	0.000000	1.000000	1.000000	0.000000	0.000000	2.000000	9.653879	0	1	0.000000	0.000000	0.000141	0	1	0.000000	0.000000	0.000100	0	0	0.000000	0.000000	0.000000	0	0	0.000000	0.000000	0.000000	0	1	0.000000	0.000000	0.000100	0	1	0.000000	0.000000	0.000141	0	0	0.000000	0.000000	0.000000	0	0	0.000000	0.000000	0.000000	0	0	0.000000	0.000000	0.000000	0	1	0.000000	0.000000	0.000100