#Taxa	detected	Number_of_reads	proportion_estimate	85%_confidence_interval_lower_bound	85%_confidence_interval_higher_bound	95%_confidence_interval_lower_bound	95%_confidence_interval_higher_bound
Bovidae	yes	7936	0.494941	0.464872	0.525342	0.44709	0.543522	
Carnivora	yes	2370	0.147528	0.132161	0.163724	0.124553	0.174235	
Felidae	yes	229	0.0142518	0.0126256	0.0160225	0.0117906	0.0171263	
Homininae	yes	251	0.0155948	0.0138398	0.0175063	0.0128959	0.0187752	
Proboscidea	yes	1234	0.0768771	0.0686759	0.085891	0.0639229	0.0920663	
Suina	yes	3998	0.248914	0.226342	0.272884	0.212879	0.288418
