#Taxa	bin0	entropy	bin1	entropy	bin2	entropy	bin3	entropy	bin4	entropy	bin5	entropy	bin6	entropy	bin7	entropy	bin8	entropy	bin9	entropy	bin10	entropy	bin11	entropy	bin12	entropy	bin13	entropy	bin14	entropy	bin15	entropy	bin16	entropy	bin17	entropy	bin18	entropy	bin19	entropy	bin20	entropy
Bovidae	56402.31652	1.35745	50506.09859	1.34525	60713.62953	1.29369	66721.38314	1.32285	71030.74587	1.32622	65772.62704	1.34440	70969.47381	1.33147	69147.62406	1.36123	69643.99680	1.31896	66360.27919	1.34425	58760.80545	1.33564
Carnivora	16224.99797	1.34258	30091.57403	1.33491	16620.22196	1.35743	13173.14834	1.34382	11085.46551	1.30558	20057.95326	1.32892	14948.67824	1.32941	27922.99129	1.34791	13200.87971	1.32753	35719.22376	1.36862	42201.82238	1.32077
Felidae	1504.00000	1.27400	1114.00000	1.34178	1071.00000	1.35124	1155.00000	1.33640	2042.00000	1.32758	656.00000	1.33234	639.89090	1.32781	1856.00000	1.34501	1194.48329	1.34701	1509.90872	1.36553	6157.92769	1.30404
Homininae	3503.35133	1.38552	3767.73400	1.34999	3571.95295	1.35645	4097.84345	1.33289	3757.10057	1.29232	3841.62966	1.32787	3600.83821	1.31969	3744.15561	1.33739	5867.74546	1.33205	5675.83494	1.36290	3300.25035	1.33228
Proboscidea	13866.60887	1.34945	12817.72860	1.33882	14257.60104	1.32252	13757.81546	1.30921	14400.84983	1.32484	15010.82828	1.33937	14519.84654	1.34145	14714.76214	1.34432	15325.32270	1.35525	14838.09738	1.35491	12650.66326	1.34111
Suina	30720.70240	1.31255	41854.01946	1.33396	38436.99360	1.33050	43148.19457	1.32075	41387.62111	1.31886	42451.50143	1.31759	44263.85329	1.32545	44588.66332	1.34071	39600.04231	1.34267	36071.09549	1.31813	44373.08759	1.34197
