#Taxa	detected	Number_of_reads	proportion_estimate	85%_confidence_interval_lower_bound	85%_confidence_interval_higher_bound	95%_confidence_interval_lower_bound	95%_confidence_interval_higher_bound
Bovidae	yes	104517	0.470604	0.4405	0.500897	0.423867	0.518225	
Carnivora	yes	37394	0.168157	0.151938	0.186537	0.14237	0.19736	
Felidae	yes	3564	0.016037	0.0142283	0.0179743	0.0132821	0.0192783	
Homininae	yes	4008	0.0180392	0.0159794	0.0202488	0.0149089	0.0217091	
Proboscidea	yes	16798	0.0754157	0.067327	0.0844796	0.0631087	0.0900297	
Suina	yes	55459	0.249659	0.226941	0.273635	0.214085	0.288084
