#Taxa	bin0	entropy	bin1	entropy	bin2	entropy	bin3	entropy	bin4	entropy	bin5	entropy	bin6	entropy	bin7	entropy	bin8	entropy	bin9	entropy	bin10	entropy	bin11	entropy	bin12	entropy	bin13	entropy	bin14	entropy	bin15	entropy	bin16	entropy	bin17	entropy	bin18	entropy	bin19	entropy	bin20	entropy
Bovidae	8438.00000	1.35745	7664.89137	1.34525	9350.39528	1.29369	10387.51513	1.32285	11088.25169	1.32622	10209.02776	1.34440	10772.06862	1.33147	10513.45828	1.36123	10573.42430	1.31896	10161.96116	1.34425	8978.17686	1.33564
Carnivora	2695.10957	1.34258	5036.16332	1.33491	2755.70213	1.35743	2255.24896	1.34382	1968.21672	1.30558	3500.08533	1.32892	2494.13139	1.32941	5063.37249	1.34791	2467.89132	1.32753	6195.85489	1.36862	7152.22777	1.32077
Felidae	228.00000	1.27400	239.00000	1.34178	191.00000	1.35124	225.00000	1.33640	394.00000	1.32758	157.00000	1.33234	146.06167	1.32781	401.00000	1.34501	228.23881	1.34701	297.75540	1.36553	1054.34158	1.30404
Homininae	334.81440	1.38552	372.39245	1.34999	374.20060	1.35645	411.45282	1.33289	403.87733	1.29232	374.78390	1.32787	387.36752	1.31969	389.61368	1.33739	586.39020	1.33205	559.43800	1.36290	332.17904	1.33228
Proboscidea	1489.39264	1.34945	1419.31619	1.33882	1508.24941	1.32252	1421.54944	1.30921	1578.87250	1.32484	1644.35878	1.33937	1525.00709	1.34145	1572.16291	1.34432	1677.45609	1.35525	1677.75200	1.35491	1367.50526	1.34111
Suina	3947.08132	1.31255	5369.59958	1.33396	4812.39030	1.33050	5480.23940	1.32075	5171.45560	1.31886	5490.24687	1.31759	5642.44388	1.32545	5596.52110	1.34071	4843.42466	1.34267	4623.85626	1.31813	5670.85506	1.34197
