RG	RawReads	ReadsL35	FinalNoPCRDups	AvrgTimesSeen	Family	Species	ReadsMapped	ReadsDeduped	Ancientness	ReadsDeam1Term	ReadsDeam3Term	Deam5_95CI	Deam3_95CI	Deam5Cond_95CI	Deam3Cond_95CI	MeanFragmentLength	MeanFragmentLength_Deam
simadna_100.fq	499924	499924	463144	 1.1	Bovidae	Addax_nasomaculatus	4909	2391	-	50	141	4.6 (2.9,6.9)	5.9 (3.9,8.4)	0.0 (0.0,52.2)	0.0 (0.0,52.2)	48.0	48.7
simadna_100.fq	499924	499924	463144	 1.1	Bovidae	Aepyceros_melampus	4988	2343	-	42	137	3.9 (2.3,6.1)	5.1 (3.3,7.5)	0.0 (0.0,52.2)	0.0 (0.0,60.2)	50.2	50.7
simadna_100.fq	499924	499924	463144	 1.1	Bovidae	Alcelaphus_buselaphus	5473	2559	-	43	151	3.9 (2.4,5.9)	4.1 (2.6,6.1)	25.0 (0.6,80.6)	100.0 (2.5,100.0)	48.6	48.6
simadna_100.fq	499924	499924	463144	 1.1	Bovidae	Ammotragus_lervia	4816	2268	-	48	136	3.6 (2.1,5.7)	6.0 (4.1,8.4)	0.0 (0.0,60.2)	0.0 (0.0,60.2)	48.3	49.0
simadna_100.fq	499924	499924	463144	 1.1	Bovidae	Antidorcas_marsupialis	3678	1839	-	28	91	2.9 (1.4,5.3)	4.9 (2.9,7.6)	0.0 (0.0,45.9)	0.0 (0.0,97.5)	47.8	49.7
simadna_100.fq	499924	499924	463144	 1.1	Bovidae	Antilope_cervicapra	4582	2199	-	40	107	4.5 (2.8,6.9)	4.4 (2.7,6.7)	0.0 (0.0,70.8)	0.0 (0.0,60.2)	49.0	48.7
simadna_100.fq	499924	499924	463144	 1.1	Bovidae	Arabitragus_jayakari	4863	2228	-	42	119	2.5 (1.2,4.4)	6.3 (4.3,8.9)	0.0 (0.0,52.2)	0.0 (0.0,70.8)	48.4	50.4
simadna_100.fq	499924	499924	463144	 1.1	Bovidae	Beatragus_hunteri	5036	2399	-	56	169	5.0 (3.2,7.3)	6.1 (4.2,8.6)	0.0 (0.0,41.0)	0.0 (0.0,52.2)	48.5	49.5
simadna_100.fq	499924	499924	463144	 1.1	Bovidae	Bison_bison	56994	17830	-	333	963	3.4 (2.8,4.1)	6.1 (5.3,6.9)	0.0 (0.0,7.0)	0.0 (0.0,11.6)	60.1	58.0
simadna_100.fq	499924	499924	463144	 1.1	Bovidae	Bison_bonasus	66233	19888	-	351	1037	3.7 (3.1,4.3)	5.3 (4.7,6.1)	3.3 (0.4,11.3)	5.7 (0.7,19.2)	60.8	58.1
simadna_100.fq	499924	499924	463144	 1.1	Bovidae	Bison_priscus	57789	17945	-	330	975	3.4 (2.8,4.1)	6.0 (5.2,6.8)	2.0 (0.0,10.4)	3.8 (0.1,19.6)	60.1	57.9
simadna_100.fq	499924	499924	463144	 1.1	Bovidae	Bos_gaurus	51128	16592	-	335	984	4.8 (4.1,5.6)	5.5 (4.7,6.3)	2.6 (0.1,13.5)	3.1 (0.1,16.2)	58.8	56.7
simadna_100.fq	499924	499924	463144	 1.1	Bovidae	Bos_grunniens	53040	16984	-	312	926	3.8 (3.2,4.5)	5.8 (5.0,6.7)	6.8 (1.9,16.5)	11.4 (3.2,26.7)	59.3	58.3
simadna_100.fq	499924	499924	463144	 1.1	Bovidae	Bos_indicus	105315	27510	-	198	582	1.6 (1.3,2.0)	2.0 (1.6,2.4)	0.0 (0.0,13.7)	0.0 (0.0,15.4)	65.4	65.3
simadna_100.fq	499924	499924	463144	 1.1	Bovidae	Bos_javanicus	109673	28249	-	21	62	0.1 (0.1,0.3)	0.2 (0.1,0.4)	0.0 (0.0,84.2)	0.0 (0.0,70.8)	65.7	70.0
simadna_100.fq	499924	499924	463144	 1.1	Bovidae	Bos_mutus	55444	17411	-	296	889	3.7 (3.1,4.4)	5.1 (4.4,5.9)	5.5 (1.1,15.1)	8.3 (1.8,22.5)	59.8	58.3
simadna_100.fq	499924	499924	463144	 1.1	Bovidae	Bos_primigenius	109169	28176	-	67	183	0.5 (0.3,0.7)	0.7 (0.5,0.9)	0.0 (0.0,41.0)	0.0 (0.0,41.0)	65.7	66.1
simadna_100.fq	499924	499924	463144	 1.1	Bovidae	Bos_taurus	109669	28249	-	24	79	0.2 (0.1,0.3)	0.3 (0.1,0.4)	0.0 (0.0,84.2)	0.0 (0.0,60.2)	65.7	69.0
simadna_100.fq	499924	499924	463144	 1.1	Bovidae	Boselaphus_tragocamelus	7341	3332	-	70	211	3.2 (1.9,4.9)	7.2 (5.4,9.3)	0.0 (0.0,28.5)	0.0 (0.0,60.2)	50.9	49.7
simadna_100.fq	499924	499924	463144	 1.1	Bovidae	Bubalus_depressicornis	9501	4195	-	95	268	3.7 (2.5,5.2)	7.7 (5.9,9.7)	0.0 (0.0,23.2)	0.0 (0.0,70.8)	51.3	49.7
simadna_100.fq	499924	499924	463144	 1.1	Bovidae	Bubalus_kerabau	8876	3879	-	98	266	5.4 (4.0,7.2)	6.8 (5.1,8.7)	0.0 (0.0,28.5)	0.0 (0.0,41.0)	51.2	49.2
simadna_100.fq	499924	499924	463144	 1.1	Bovidae	Budorcas_taxicolor	4399	2121	-	37	119	3.2 (1.7,5.3)	5.4 (3.5,7.9)	0.0 (0.0,70.8)	0.0 (0.0,97.5)	48.1	48.7
simadna_100.fq	499924	499924	463144	 1.1	Bovidae	Capra_aegagrus	5044	2397	-	29	102	1.3 (0.5,2.7)	4.4 (2.8,6.6)	0.0 (0.0,52.2)	0.0 (0.0,84.2)	49.0	50.6
simadna_100.fq	499924	499924	463144	 1.1	Bovidae	Capra_caucasica	4549	2232	-	42	125	2.8 (1.4,4.8)	6.1 (4.2,8.6)	0.0 (0.0,45.9)	0.0 (0.0,52.2)	47.1	46.5
simadna_100.fq	499924	499924	463144	 1.1	Bovidae	Capra_falconeri	4866	2307	-	32	111	2.8 (1.5,4.8)	3.8 (2.3,5.8)	0.0 (0.0,52.2)	0.0 (0.0,52.2)	48.5	48.4
simadna_100.fq	499924	499924	463144	 1.1	Bovidae	Capra_hircus	4896	2364	-	34	115	1.9 (0.9,3.6)	5.0 (3.3,7.3)	0.0 (0.0,45.9)	0.0 (0.0,84.2)	48.1	51.8
simadna_100.fq	499924	499924	463144	 1.1	Bovidae	Capra_ibex	4832	2305	-	31	112	1.3 (0.5,2.8)	5.4 (3.5,7.9)	0.0 (0.0,45.9)	N/A (N/A,N/A)	48.0	49.7
simadna_100.fq	499924	499924	463144	 1.1	Bovidae	Capra_nubiana	5317	2433	-	34	113	1.6 (0.7,3.1)	5.0 (3.3,7.3)	0.0 (0.0,41.0)	0.0 (0.0,84.2)	48.2	51.6
simadna_100.fq	499924	499924	463144	 1.1	Bovidae	Capra_pyrenaica	5546	2563	-	45	143	2.0 (0.9,3.6)	6.8 (4.8,9.3)	0.0 (0.0,28.5)	N/A (N/A,N/A)	48.7	48.8
simadna_100.fq	499924	499924	463144	 1.1	Bovidae	Capra_sibirica	5925	2722	-	46	163	2.8 (1.5,4.5)	5.7 (3.9,8.0)	0.0 (0.0,84.2)	0.0 (0.0,45.9)	48.8	50.8
simadna_100.fq	499924	499924	463144	 1.1	Bovidae	Capricornis_crispus	4579	2061	-	38	143	1.8 (0.8,3.6)	7.0 (4.8,9.9)	0.0 (0.0,36.9)	N/A (N/A,N/A)	48.9	51.2
simadna_100.fq	499924	499924	463144	 1.1	Bovidae	Capricornis_milneedwardsii	4213	1996	-	41	129	3.4 (1.8,5.7)	6.9 (4.6,9.8)	0.0 (0.0,41.0)	0.0 (0.0,97.5)	47.9	48.5
simadna_100.fq	499924	499924	463144	 1.1	Bovidae	Capricornis_sumatraensis	3750	1801	-	34	109	2.5 (1.2,4.8)	6.8 (4.4,9.8)	0.0 (0.0,60.2)	0.0 (0.0,84.2)	47.8	50.0
simadna_100.fq	499924	499924	463144	 1.1	Bovidae	Capricornis_swinhoei	3487	1727	-	35	113	2.8 (1.3,5.2)	6.8 (4.5,9.8)	0.0 (0.0,41.0)	0.0 (0.0,97.5)	46.9	46.3
simadna_100.fq	499924	499924	463144	 1.1	Bovidae	Cephalophorus_callipygus	5193	2383	-	55	150	4.2 (2.6,6.5)	7.0 (5.0,9.6)	0.0 (0.0,45.9)	0.0 (0.0,60.2)	49.8	49.7
simadna_100.fq	499924	499924	463144	 1.1	Bovidae	Cephalophorus_leucogaster	5491	2543	-	54	163	3.5 (2.1,5.4)	6.9 (4.9,9.5)	0.0 (0.0,60.2)	0.0 (0.0,70.8)	48.2	48.1
simadna_100.fq	499924	499924	463144	 1.1	Bovidae	Cephalophorus_natalensis	4975	2384	-	48	145	3.3 (1.9,5.3)	6.5 (4.5,9.0)	20.0 (0.5,71.6)	20.0 (0.5,71.6)	48.5	48.3
simadna_100.fq	499924	499924	463144	 1.1	Bovidae	Cephalophorus_nigrifrons	4786	2285	-	41	128	3.6 (2.1,5.6)	5.1 (3.3,7.5)	0.0 (0.0,45.9)	0.0 (0.0,84.2)	48.5	48.8
simadna_100.fq	499924	499924	463144	 1.1	Bovidae	Cephalophorus_ogilbyi	4652	2201	-	45	140	4.8 (2.9,7.3)	5.4 (3.6,7.9)	0.0 (0.0,70.8)	0.0 (0.0,45.9)	49.1	47.9
simadna_100.fq	499924	499924	463144	 1.1	Bovidae	Cephalophorus_rufilatus	4962	2340	-	35	119	2.5 (1.3,4.2)	5.0 (3.2,7.4)	0.0 (0.0,45.9)	0.0 (0.0,84.2)	48.6	50.1
simadna_100.fq	499924	499924	463144	 1.1	Bovidae	Cephalophus_dorsalis	4668	2247	-	46	136	1.9 (0.9,3.7)	7.4 (5.2,10.0)	0.0 (0.0,36.9)	0.0 (0.0,70.8)	47.7	47.5
simadna_100.fq	499924	499924	463144	 1.1	Bovidae	Cephalophus_jentinki	4390	2129	-	44	141	4.6 (2.9,7.1)	5.4 (3.5,7.8)	25.0 (0.6,80.6)	33.3 (0.8,90.6)	47.0	47.4
simadna_100.fq	499924	499924	463144	 1.1	Bovidae	Cephalophus_silvicultor	5003	2448	-	40	131	3.4 (1.9,5.4)	4.6 (2.9,6.7)	0.0 (0.0,70.8)	0.0 (0.0,52.2)	47.5	48.4
simadna_100.fq	499924	499924	463144	 1.1	Bovidae	Cephalophus_spadix	4954	2355	-	49	142	4.3 (2.6,6.5)	5.6 (3.8,8.0)	0.0 (0.0,45.9)	0.0 (0.0,45.9)	48.3	49.0
simadna_100.fq	499924	499924	463144	 1.1	Bovidae	Connochaetes_gnou	5222	2517	-	46	155	2.7 (1.5,4.5)	5.9 (4.1,8.2)	0.0 (0.0,33.6)	0.0 (0.0,97.5)	47.5	47.0
simadna_100.fq	499924	499924	463144	 1.1	Bovidae	Connochaetes_taurinus	5174	2570	-	53	198	2.9 (1.7,4.8)	7.2 (5.1,9.7)	9.1 (0.2,41.3)	20.0 (0.5,71.6)	47.6	46.4
simadna_100.fq	499924	499924	463144	 1.1	Bovidae	Damaliscus_lunatus	4117	2078	-	48	144	5.0 (3.1,7.6)	6.1 (4.1,8.8)	0.0 (0.0,45.9)	0.0 (0.0,70.8)	47.2	47.7
simadna_100.fq	499924	499924	463144	 1.1	Bovidae	Damaliscus_pygargus	4255	2066	-	43	137	2.9 (1.5,5.1)	7.0 (4.8,9.7)	0.0 (0.0,60.2)	N/A (N/A,N/A)	48.1	48.2
simadna_100.fq	499924	499924	463144	 1.1	Bovidae	Dorcatragus_megalotis	5420	2404	-	36	115	3.5 (2.0,5.6)	4.4 (2.7,6.7)	25.0 (0.6,80.6)	33.3 (0.8,90.6)	48.9	49.2
simadna_100.fq	499924	499924	463144	 1.1	Bovidae	Eudorcas_rufifrons	4186	2014	-	27	85	3.0 (1.5,5.3)	3.8 (2.2,6.0)	0.0 (0.0,84.2)	N/A (N/A,N/A)	48.6	50.9
simadna_100.fq	499924	499924	463144	 1.1	Bovidae	Gazella_bennettii	5164	2384	-	38	143	3.5 (2.0,5.6)	4.4 (2.8,6.7)	0.0 (0.0,52.2)	0.0 (0.0,52.2)	49.9	51.2
simadna_100.fq	499924	499924	463144	 1.1	Bovidae	Gazella_cuvieri	3948	2019	-	26	102	3.5 (1.9,5.8)	3.1 (1.6,5.2)	0.0 (0.0,97.5)	0.0 (0.0,84.2)	48.0	48.5
simadna_100.fq	499924	499924	463144	 1.1	Bovidae	Gazella_dorcas	5020	2415	-	50	152	5.4 (3.6,7.9)	4.9 (3.2,7.2)	0.0 (0.0,60.2)	0.0 (0.0,70.8)	49.2	50.7
simadna_100.fq	499924	499924	463144	 1.1	Bovidae	Gazella_erlangeri	4962	2355	-	40	124	4.9 (3.1,7.2)	3.4 (2.0,5.3)	0.0 (0.0,84.2)	0.0 (0.0,70.8)	49.4	50.5
simadna_100.fq	499924	499924	463144	 1.1	Bovidae	Gazella_gazella	5189	2485	-	42	124	4.1 (2.5,6.3)	4.1 (2.6,6.2)	0.0 (0.0,97.5)	0.0 (0.0,84.2)	49.4	49.7
simadna_100.fq	499924	499924	463144	 1.1	Bovidae	Gazella_leptoceros	4039	2088	-	30	108	3.7 (2.1,6.1)	3.4 (1.9,5.5)	0.0 (0.0,97.5)	0.0 (0.0,97.5)	48.2	49.0
simadna_100.fq	499924	499924	463144	 1.1	Bovidae	Gazella_spekei	5020	2322	-	38	117	3.2 (1.8,5.3)	4.6 (2.9,6.8)	0.0 (0.0,52.2)	0.0 (0.0,97.5)	49.9	51.5
simadna_100.fq	499924	499924	463144	 1.1	Bovidae	Gazella_subgutturosa	5313	2525	-	37	127	3.3 (1.9,5.2)	3.9 (2.5,6.0)	0.0 (0.0,60.2)	0.0 (0.0,84.2)	49.6	50.0
simadna_100.fq	499924	499924	463144	 1.1	Bovidae	Hemitragus_jemlahicus	5741	2655	-	57	162	3.2 (1.8,5.2)	7.0 (5.1,9.4)	0.0 (0.0,36.9)	0.0 (0.0,60.2)	48.0	47.6
simadna_100.fq	499924	499924	463144	 1.1	Bovidae	Hippotragus_equinus	5670	2674	-	38	125	3.1 (1.8,5.1)	3.8 (2.4,5.8)	0.0 (0.0,45.9)	0.0 (0.0,84.2)	50.0	51.7
simadna_100.fq	499924	499924	463144	 1.1	Bovidae	Hippotragus_niger	5974	2592	-	59	179	3.7 (2.3,5.8)	7.4 (5.3,9.9)	0.0 (0.0,30.8)	0.0 (0.0,45.9)	49.6	49.6
simadna_100.fq	499924	499924	463144	 1.1	Bovidae	Kobus_ellipsiprymnus	4577	2233	-	46	140	5.8 (3.8,8.4)	4.3 (2.7,6.5)	12.5 (0.3,52.7)	20.0 (0.5,71.6)	48.5	48.5
simadna_100.fq	499924	499924	463144	 1.1	Bovidae	Kobus_leche	5890	2810	-	57	172	5.5 (3.8,7.7)	4.5 (2.9,6.5)	16.7 (0.4,64.1)	25.0 (0.6,80.6)	48.3	48.2
simadna_100.fq	499924	499924	463144	 1.1	Bovidae	Leucocephalophus_adersi	5757	2657	-	45	143	4.5 (2.9,6.6)	3.6 (2.2,5.6)	0.0 (0.0,33.6)	0.0 (0.0,52.2)	50.0	51.1
simadna_100.fq	499924	499924	463144	 1.1	Bovidae	Litocranius_walleri	5409	2425	-	45	120	4.7 (2.9,7.0)	4.8 (3.1,7.1)	0.0 (0.0,60.2)	N/A (N/A,N/A)	48.8	48.9
simadna_100.fq	499924	499924	463144	 1.1	Bovidae	Madoqua_kirkii	3281	1652	-	32	104	5.4 (3.1,8.6)	4.6 (2.7,7.3)	33.3 (0.8,90.6)	25.0 (0.6,80.6)	46.9	48.4
simadna_100.fq	499924	499924	463144	 1.1	Bovidae	Madoqua_saltiana	3725	1844	-	36	117	3.2 (1.6,5.7)	6.6 (4.3,9.6)	0.0 (0.0,45.9)	0.0 (0.0,84.2)	48.0	50.9
simadna_100.fq	499924	499924	463144	 1.1	Bovidae	Naemorhedus_baileyi	4763	2153	-	36	134	3.4 (1.9,5.6)	5.1 (3.2,7.6)	0.0 (0.0,52.2)	0.0 (0.0,97.5)	48.6	48.6
simadna_100.fq	499924	499924	463144	 1.1	Bovidae	Naemorhedus_caudatus	4014	1946	-	20	89	1.6 (0.6,3.5)	3.7 (2.0,6.1)	0.0 (0.0,97.5)	0.0 (0.0,97.5)	47.2	50.2
simadna_100.fq	499924	499924	463144	 1.1	Bovidae	Naemorhedus_goral	3464	1746	-	19	95	1.1 (0.3,2.8)	4.1 (2.3,6.7)	0.0 (0.0,84.2)	N/A (N/A,N/A)	47.2	49.7
simadna_100.fq	499924	499924	463144	 1.1	Bovidae	Naemorhedus_griseus	4233	1918	-	38	133	3.4 (1.8,5.7)	6.8 (4.5,9.8)	14.3 (0.4,57.9)	25.0 (0.6,80.6)	48.9	49.1
simadna_100.fq	499924	499924	463144	 1.1	Bovidae	Nanger_dama	5154	2304	-	32	134	3.6 (2.1,5.8)	3.4 (1.9,5.4)	0.0 (0.0,52.2)	0.0 (0.0,60.2)	50.1	50.4
simadna_100.fq	499924	499924	463144	 1.1	Bovidae	Nanger_granti	4471	2035	-	22	113	2.6 (1.2,4.7)	3.0 (1.6,5.2)	0.0 (0.0,70.8)	0.0 (0.0,70.8)	49.8	50.5
simadna_100.fq	499924	499924	463144	 1.1	Bovidae	Nanger_soemmerringii	5198	2296	-	33	125	3.7 (2.1,5.9)	3.5 (2.0,5.5)	0.0 (0.0,52.2)	0.0 (0.0,97.5)	50.4	51.3
simadna_100.fq	499924	499924	463144	 1.1	Bovidae	Neotragus_batesi	4315	2131	-	37	113	2.7 (1.3,4.7)	6.5 (4.3,9.3)	0.0 (0.0,52.2)	0.0 (0.0,84.2)	48.1	47.6
simadna_100.fq	499924	499924	463144	 1.1	Bovidae	Neotragus_moschatus	4646	2304	-	46	149	4.2 (2.5,6.4)	5.6 (3.7,8.1)	0.0 (0.0,36.9)	0.0 (0.0,70.8)	48.5	47.5
simadna_100.fq	499924	499924	463144	 1.1	Bovidae	Oreamnos_americanus	5060	2412	-	24	91	3.2 (1.8,5.2)	1.9 (0.9,3.5)	0.0 (0.0,60.2)	0.0 (0.0,84.2)	48.1	49.1
simadna_100.fq	499924	499924	463144	 1.1	Bovidae	Oreotragus_oreotragus	4927	2239	-	37	103	3.5 (2.0,5.7)	4.8 (3.1,7.2)	0.0 (0.0,45.9)	0.0 (0.0,97.5)	49.5	50.2
simadna_100.fq	499924	499924	463144	 1.1	Bovidae	Oryx_beisa	4667	2230	-	33	122	3.6 (2.1,5.7)	3.7 (2.1,5.9)	0.0 (0.0,60.2)	0.0 (0.0,52.2)	48.9	48.3
simadna_100.fq	499924	499924	463144	 1.1	Bovidae	Oryx_gazella	4499	2116	-	39	121	4.4 (2.7,6.8)	4.4 (2.7,6.8)	0.0 (0.0,52.2)	0.0 (0.0,84.2)	48.4	47.1
simadna_100.fq	499924	499924	463144	 1.1	Bovidae	Oryx_leucoryx	4675	2263	-	41	124	4.6 (2.8,6.9)	4.3 (2.7,6.6)	0.0 (0.0,60.2)	0.0 (0.0,84.2)	48.6	46.5
simadna_100.fq	499924	499924	463144	 1.1	Bovidae	Ourebia_ourebi	4501	2103	-	40	137	4.1 (2.4,6.5)	5.4 (3.4,8.0)	0.0 (0.0,70.8)	0.0 (0.0,52.2)	48.8	48.2
simadna_100.fq	499924	499924	463144	 1.1	Bovidae	Ovibos_moschatus	4044	1904	-	39	117	3.1 (1.6,5.4)	6.1 (4.0,8.7)	0.0 (0.0,33.6)	0.0 (0.0,97.5)	48.1	46.9
simadna_100.fq	499924	499924	463144	 1.1	Bovidae	Ovis_ammon	4495	2177	-	37	121	3.6 (2.0,5.9)	5.0 (3.2,7.3)	20.0 (0.5,71.6)	25.0 (0.6,80.6)	48.0	45.6
simadna_100.fq	499924	499924	463144	 1.1	Bovidae	Ovis_aries	5142	2362	-	48	144	6.4 (4.4,9.0)	3.8 (2.3,5.9)	0.0 (0.0,52.2)	0.0 (0.0,60.2)	47.9	47.2
simadna_100.fq	499924	499924	463144	 1.1	Bovidae	Ovis_canadensis	5156	2274	-	47	126	4.7 (2.9,7.1)	5.8 (3.8,8.3)	9.1 (0.2,41.3)	16.7 (0.4,64.1)	48.8	50.2
simadna_100.fq	499924	499924	463144	 1.1	Bovidae	Ovis_orientalis	5106	2347	-	44	136	5.9 (3.9,8.4)	3.6 (2.1,5.7)	0.0 (0.0,52.2)	0.0 (0.0,52.2)	47.7	46.9
simadna_100.fq	499924	499924	463144	 1.1	Bovidae	Ovis_vignei	4493	2155	-	37	109	4.5 (2.7,7.0)	4.4 (2.7,6.8)	0.0 (0.0,45.9)	0.0 (0.0,60.2)	47.6	46.7
simadna_100.fq	499924	499924	463144	 1.1	Bovidae	Pantholops_hodgsonii	5189	2443	-	49	151	4.8 (3.1,7.2)	5.2 (3.5,7.5)	0.0 (0.0,36.9)	0.0 (0.0,52.2)	47.2	47.7
simadna_100.fq	499924	499924	463144	 1.1	Bovidae	Pelea_capreolus	4334	2145	-	43	114	4.1 (2.4,6.5)	5.6 (3.7,8.1)	0.0 (0.0,45.9)	0.0 (0.0,97.5)	47.7	47.1
simadna_100.fq	499924	499924	463144	 1.1	Bovidae	Philantomba_maxwellii	7475	3119	-	44	151	3.1 (1.9,4.9)	4.0 (2.6,5.8)	0.0 (0.0,52.2)	0.0 (0.0,52.2)	50.5	52.6
simadna_100.fq	499924	499924	463144	 1.1	Bovidae	Philantomba_monticola	6283	2825	-	45	157	2.7 (1.5,4.5)	5.8 (4.0,8.0)	14.3 (0.4,57.9)	50.0 (1.3,98.7)	49.1	50.0
simadna_100.fq	499924	499924	463144	 1.1	Bovidae	Procapra_gutturosa	4927	2221	-	50	127	5.1 (3.2,7.6)	6.0 (4.0,8.6)	0.0 (0.0,41.0)	0.0 (0.0,70.8)	49.7	48.0
simadna_100.fq	499924	499924	463144	 1.1	Bovidae	Procapra_przewalskii	5292	2352	-	49	129	5.1 (3.2,7.5)	5.5 (3.6,7.9)	0.0 (0.0,52.2)	0.0 (0.0,70.8)	50.1	47.4
simadna_100.fq	499924	499924	463144	 1.1	Bovidae	Pseudois_nayaur	5178	2470	-	43	125	2.9 (1.6,4.8)	5.7 (3.8,8.0)	0.0 (0.0,45.9)	0.0 (0.0,70.8)	47.7	45.9
simadna_100.fq	499924	499924	463144	 1.1	Bovidae	Pseudois_schaeferi	5011	2406	-	50	135	2.5 (1.3,4.3)	7.6 (5.5,10.3)	0.0 (0.0,36.9)	0.0 (0.0,60.2)	48.0	46.9
simadna_100.fq	499924	499924	463144	 1.1	Bovidae	Pseudoryx_nghetinhensis	9084	3900	-	95	267	4.4 (3.0,6.2)	7.8 (6.1,9.8)	5.6 (0.1,27.3)	14.3 (0.4,57.9)	51.5	51.8
simadna_100.fq	499924	499924	463144	 1.1	Bovidae	Raphicerus_campestris	3027	1597	-	22	66	4.0 (2.1,6.9)	3.5 (1.8,6.1)	25.0 (0.6,80.6)	33.3 (0.8,90.6)	47.8	50.4
simadna_100.fq	499924	499924	463144	 1.1	Bovidae	Redunca_arundinum	4711	2231	-	41	130	3.1 (1.6,5.2)	5.7 (3.8,8.2)	0.0 (0.0,70.8)	0.0 (0.0,70.8)	48.6	47.9
simadna_100.fq	499924	499924	463144	 1.1	Bovidae	Redunca_fulvorufula	3851	1955	-	37	115	3.8 (2.2,6.1)	5.0 (3.1,7.5)	0.0 (0.0,60.2)	0.0 (0.0,60.2)	48.3	47.9
simadna_100.fq	499924	499924	463144	 1.1	Bovidae	Rupicapra_pyrenaica	4754	2288	-	45	151	3.2 (1.8,5.2)	5.9 (4.0,8.3)	0.0 (0.0,45.9)	0.0 (0.0,52.2)	47.4	46.9
simadna_100.fq	499924	499924	463144	 1.1	Bovidae	Rupicapra_rupicapra	4383	2213	-	42	133	3.1 (1.7,5.1)	6.0 (4.0,8.6)	0.0 (0.0,52.2)	0.0 (0.0,41.0)	47.6	46.9
simadna_100.fq	499924	499924	463144	 1.1	Bovidae	Saiga_tatarica	4954	2240	-	29	95	3.3 (1.9,5.4)	3.3 (1.9,5.4)	14.3 (0.4,57.9)	25.0 (0.6,80.6)	49.6	52.4
simadna_100.fq	499924	499924	463144	 1.1	Bovidae	Sylvicapra_grimmia	5635	2653	-	48	139	3.6 (2.1,5.6)	5.4 (3.7,7.6)	0.0 (0.0,28.5)	0.0 (0.0,45.9)	47.8	48.6
simadna_100.fq	499924	499924	463144	 1.1	Bovidae	Syncerus_caffer	10414	4426	-	84	258	4.4 (3.1,6.0)	5.4 (4.0,7.1)	7.7 (0.2,36.0)	11.1 (0.3,48.2)	51.6	50.7
simadna_100.fq	499924	499924	463144	 1.1	Bovidae	Taurotragus_derbianus	7050	3159	-	63	214	3.9 (2.5,5.8)	6.3 (4.6,8.5)	0.0 (0.0,33.6)	0.0 (0.0,60.2)	50.2	48.7
simadna_100.fq	499924	499924	463144	 1.1	Bovidae	Tetracerus_quadricornis	7594	3337	-	56	180	3.4 (2.1,5.2)	5.3 (3.7,7.4)	0.0 (0.0,33.6)	0.0 (0.0,70.8)	52.2	51.9
simadna_100.fq	499924	499924	463144	 1.1	Bovidae	Tragelaphus_angasii	5254	2490	-	46	140	3.5 (2.0,5.7)	5.9 (4.0,8.3)	0.0 (0.0,52.2)	0.0 (0.0,84.2)	50.9	51.6
simadna_100.fq	499924	499924	463144	 1.1	Bovidae	Tragelaphus_eurycerus	6494	3005	-	64	215	5.0 (3.3,7.1)	5.5 (3.9,7.6)	0.0 (0.0,30.8)	0.0 (0.0,52.2)	50.8	49.7
simadna_100.fq	499924	499924	463144	 1.1	Bovidae	Tragelaphus_imberbis	5734	2552	-	39	131	2.8 (1.5,4.6)	5.6 (3.7,8.1)	12.5 (0.3,52.7)	25.0 (0.6,80.6)	51.5	50.5
simadna_100.fq	499924	499924	463144	 1.1	Bovidae	Tragelaphus_oryx	6544	3034	-	64	202	4.0 (2.6,5.9)	6.9 (5.0,9.3)	7.7 (0.2,36.0)	33.3 (0.8,90.6)	49.7	48.9
simadna_100.fq	499924	499924	463144	 1.1	Bovidae	Tragelaphus_scriptus	5496	2645	-	51	164	3.7 (2.2,5.7)	6.3 (4.4,8.7)	0.0 (0.0,60.2)	0.0 (0.0,84.2)	49.3	49.0
simadna_100.fq	499924	499924	463144	 1.1	Bovidae	Tragelaphus_spekii	6776	2985	-	57	180	4.4 (2.8,6.5)	5.7 (4.0,7.9)	0.0 (0.0,45.9)	0.0 (0.0,70.8)	50.6	51.0
simadna_100.fq	499924	499924	463144	 1.1	Bovidae	Tragelaphus_strepsiceros	4857	2285	-	48	141	3.4 (1.9,5.6)	6.6 (4.6,9.1)	0.0 (0.0,33.6)	0.0 (0.0,97.5)	50.5	50.2
simadna_100.fq	499924	499924	463144	 1.1	Canidae	Canis_latrans	1	1	-	1	1	100.0 (2.5,100.0)	N/A (N/A,N/A)	N/A (N/A,N/A)	N/A (N/A,N/A)	47.0	47.0
simadna_100.fq	499924	499924	463144	 1.1	Canidae	Canis_lupaster	1	1	-	1	1	100.0 (2.5,100.0)	N/A (N/A,N/A)	N/A (N/A,N/A)	N/A (N/A,N/A)	47.0	47.0
simadna_100.fq	499924	499924	463144	 1.1	Canidae	Chrysocyon_brachyurus	10	6	-	2	2	100.0 (15.8,100.0)	0.0 (0.0,97.5)	N/A (N/A,N/A)	N/A (N/A,N/A)	40.0	43.0
simadna_100.fq	499924	499924	463144	 1.1	Canidae	Cuon_alpinus	39	20	-	0	1	0.0 (0.0,41.0)	0.0 (0.0,97.5)	N/A (N/A,N/A)	N/A (N/A,N/A)	40.6	39.0
simadna_100.fq	499924	499924	463144	 1.1	Canidae	Lycaon_pictus	26	14	-	0	0	0.0 (0.0,70.8)	0.0 (0.0,60.2)	N/A (N/A,N/A)	N/A (N/A,N/A)	40.4	N/A
simadna_100.fq	499924	499924	463144	 1.1	Canidae	Nyctereutes_procyonoides	6	3	-	0	0	0.0 (0.0,97.5)	N/A (N/A,N/A)	N/A (N/A,N/A)	N/A (N/A,N/A)	39.0	N/A
simadna_100.fq	499924	499924	463144	 1.1	Canidae	Vulpes_corsac	59	22	-	0	0	0.0 (0.0,36.9)	0.0 (0.0,97.5)	N/A (N/A,N/A)	N/A (N/A,N/A)	41.4	N/A
simadna_100.fq	499924	499924	463144	 1.1	Canidae	Vulpes_ferrilata	81	31	-	2	2	20.0 (2.5,55.6)	0.0 (0.0,84.2)	N/A (N/A,N/A)	N/A (N/A,N/A)	41.5	44.0
simadna_100.fq	499924	499924	463144	 1.1	Canidae	Vulpes_vulpes	13	7	-	2	2	100.0 (15.8,100.0)	0.0 (0.0,70.8)	N/A (N/A,N/A)	N/A (N/A,N/A)	40.7	37.0
simadna_100.fq	499924	499924	463144	 1.1	Canidae	Vulpes_zerda	12	6	-	2	2	100.0 (15.8,100.0)	0.0 (0.0,70.8)	N/A (N/A,N/A)	N/A (N/A,N/A)	39.7	37.0
simadna_100.fq	499924	499924	463144	 1.1	Cercopithecidae	Lophocebus_aterrimus	1	1	-	0	0	N/A (N/A,N/A)	N/A (N/A,N/A)	N/A (N/A,N/A)	N/A (N/A,N/A)	37.0	N/A
simadna_100.fq	499924	499924	463144	 1.1	Cercopithecidae	Nasalis_larvatus	1	1	-	0	0	N/A (N/A,N/A)	N/A (N/A,N/A)	N/A (N/A,N/A)	N/A (N/A,N/A)	47.0	N/A
simadna_100.fq	499924	499924	463144	 1.1	Cercopithecidae	Papio_anubis	2	2	-	0	0	N/A (N/A,N/A)	0.0 (0.0,97.5)	N/A (N/A,N/A)	N/A (N/A,N/A)	35.0	N/A
simadna_100.fq	499924	499924	463144	 1.1	Cercopithecidae	Papio_cynocephalus	2	2	-	0	0	N/A (N/A,N/A)	0.0 (0.0,97.5)	N/A (N/A,N/A)	N/A (N/A,N/A)	35.0	N/A
simadna_100.fq	499924	499924	463144	 1.1	Cercopithecidae	Papio_hamadryas	2	2	-	0	0	N/A (N/A,N/A)	0.0 (0.0,97.5)	N/A (N/A,N/A)	N/A (N/A,N/A)	35.0	N/A
simadna_100.fq	499924	499924	463144	 1.1	Cercopithecidae	Papio_kindae	2	2	-	0	0	N/A (N/A,N/A)	0.0 (0.0,97.5)	N/A (N/A,N/A)	N/A (N/A,N/A)	35.0	N/A
simadna_100.fq	499924	499924	463144	 1.1	Cercopithecidae	Papio_papio	2	2	-	0	0	N/A (N/A,N/A)	0.0 (0.0,97.5)	N/A (N/A,N/A)	N/A (N/A,N/A)	35.0	N/A
simadna_100.fq	499924	499924	463144	 1.1	Cercopithecidae	Papio_ursinus	2	2	-	0	0	N/A (N/A,N/A)	0.0 (0.0,97.5)	N/A (N/A,N/A)	N/A (N/A,N/A)	35.0	N/A
simadna_100.fq	499924	499924	463144	 1.1	Cercopithecidae	Pygathrix_cinerea_1_RL-2012	1	1	-	0	0	N/A (N/A,N/A)	N/A (N/A,N/A)	N/A (N/A,N/A)	N/A (N/A,N/A)	47.0	N/A
simadna_100.fq	499924	499924	463144	 1.1	Cercopithecidae	Pygathrix_cinerea_2_RL-2012	1	1	-	0	0	N/A (N/A,N/A)	N/A (N/A,N/A)	N/A (N/A,N/A)	N/A (N/A,N/A)	47.0	N/A
simadna_100.fq	499924	499924	463144	 1.1	Cercopithecidae	Pygathrix_nemaeus	1	1	-	0	0	N/A (N/A,N/A)	N/A (N/A,N/A)	N/A (N/A,N/A)	N/A (N/A,N/A)	47.0	N/A
simadna_100.fq	499924	499924	463144	 1.1	Cercopithecidae	Rhinopithecus_avunculus	1	1	-	0	0	N/A (N/A,N/A)	N/A (N/A,N/A)	N/A (N/A,N/A)	N/A (N/A,N/A)	47.0	N/A
simadna_100.fq	499924	499924	463144	 1.1	Cercopithecidae	Rhinopithecus_bieti	1	1	-	0	0	N/A (N/A,N/A)	N/A (N/A,N/A)	N/A (N/A,N/A)	N/A (N/A,N/A)	47.0	N/A
simadna_100.fq	499924	499924	463144	 1.1	Cercopithecidae	Rhinopithecus_bieti_1_RL-2012	1	1	-	0	0	N/A (N/A,N/A)	N/A (N/A,N/A)	N/A (N/A,N/A)	N/A (N/A,N/A)	47.0	N/A
simadna_100.fq	499924	499924	463144	 1.1	Cercopithecidae	Rhinopithecus_bieti_2_RL-2012	1	1	-	0	0	N/A (N/A,N/A)	N/A (N/A,N/A)	N/A (N/A,N/A)	N/A (N/A,N/A)	47.0	N/A
simadna_100.fq	499924	499924	463144	 1.1	Cercopithecidae	Rhinopithecus_brelichi	1	1	-	0	0	N/A (N/A,N/A)	N/A (N/A,N/A)	N/A (N/A,N/A)	N/A (N/A,N/A)	47.0	N/A
simadna_100.fq	499924	499924	463144	 1.1	Cercopithecidae	Rhinopithecus_roxellana	1	1	-	0	0	N/A (N/A,N/A)	N/A (N/A,N/A)	N/A (N/A,N/A)	N/A (N/A,N/A)	47.0	N/A
simadna_100.fq	499924	499924	463144	 1.1	Cercopithecidae	Rhinopithecus_strykeri	1	1	-	0	0	N/A (N/A,N/A)	N/A (N/A,N/A)	N/A (N/A,N/A)	N/A (N/A,N/A)	47.0	N/A
simadna_100.fq	499924	499924	463144	 1.1	Cercopithecidae	Simias_concolor	1	1	-	0	0	N/A (N/A,N/A)	N/A (N/A,N/A)	N/A (N/A,N/A)	N/A (N/A,N/A)	47.0	N/A
simadna_100.fq	499924	499924	463144	 1.1	Cercopithecidae	Trachypithecus_germaini	1	1	-	0	0	N/A (N/A,N/A)	N/A (N/A,N/A)	N/A (N/A,N/A)	N/A (N/A,N/A)	47.0	N/A
simadna_100.fq	499924	499924	463144	 1.1	Cercopithecidae	Trachypithecus_hatinhensis	1	1	-	0	0	N/A (N/A,N/A)	N/A (N/A,N/A)	N/A (N/A,N/A)	N/A (N/A,N/A)	47.0	N/A
simadna_100.fq	499924	499924	463144	 1.1	Cercopithecidae	Trachypithecus_johnii	1	1	-	0	0	N/A (N/A,N/A)	N/A (N/A,N/A)	N/A (N/A,N/A)	N/A (N/A,N/A)	47.0	N/A
simadna_100.fq	499924	499924	463144	 1.1	Cercopithecidae	Trachypithecus_obscurus	1	1	-	0	0	N/A (N/A,N/A)	N/A (N/A,N/A)	N/A (N/A,N/A)	N/A (N/A,N/A)	47.0	N/A
simadna_100.fq	499924	499924	463144	 1.1	Cervidae	Axis_axis	1	1	-	0	0	N/A (N/A,N/A)	N/A (N/A,N/A)	N/A (N/A,N/A)	N/A (N/A,N/A)	45.0	N/A
simadna_100.fq	499924	499924	463144	 1.1	Cervidae	Axis_porcinus	1	1	-	0	0	N/A (N/A,N/A)	N/A (N/A,N/A)	N/A (N/A,N/A)	N/A (N/A,N/A)	45.0	N/A
simadna_100.fq	499924	499924	463144	 1.1	Cervidae	Capreolus_capreolus	1	1	-	0	0	N/A (N/A,N/A)	N/A (N/A,N/A)	N/A (N/A,N/A)	N/A (N/A,N/A)	45.0	N/A
simadna_100.fq	499924	499924	463144	 1.1	Cervidae	Capreolus_pygargus	1	1	-	0	0	N/A (N/A,N/A)	N/A (N/A,N/A)	N/A (N/A,N/A)	N/A (N/A,N/A)	45.0	N/A
simadna_100.fq	499924	499924	463144	 1.1	Cervidae	Cervus_albirostris	1	1	-	0	0	N/A (N/A,N/A)	N/A (N/A,N/A)	N/A (N/A,N/A)	N/A (N/A,N/A)	45.0	N/A
simadna_100.fq	499924	499924	463144	 1.1	Cervidae	Cervus_elaphus	1	1	-	0	0	N/A (N/A,N/A)	N/A (N/A,N/A)	N/A (N/A,N/A)	N/A (N/A,N/A)	45.0	N/A
simadna_100.fq	499924	499924	463144	 1.1	Cervidae	Cervus_hanglu_yarkandensis	1	1	-	0	0	N/A (N/A,N/A)	N/A (N/A,N/A)	N/A (N/A,N/A)	N/A (N/A,N/A)	45.0	N/A
simadna_100.fq	499924	499924	463144	 1.1	Cervidae	Cervus_nippon_centralis	1	1	-	0	0	N/A (N/A,N/A)	N/A (N/A,N/A)	N/A (N/A,N/A)	N/A (N/A,N/A)	45.0	N/A
simadna_100.fq	499924	499924	463144	 1.1	Cervidae	Cervus_nippon_hortulorum	1	1	-	0	0	N/A (N/A,N/A)	N/A (N/A,N/A)	N/A (N/A,N/A)	N/A (N/A,N/A)	45.0	N/A
simadna_100.fq	499924	499924	463144	 1.1	Cervidae	Cervus_nippon_kopschi	1	1	-	0	0	N/A (N/A,N/A)	N/A (N/A,N/A)	N/A (N/A,N/A)	N/A (N/A,N/A)	45.0	N/A
simadna_100.fq	499924	499924	463144	 1.1	Cervidae	Cervus_nippon_sichuanicus	1	1	-	0	0	N/A (N/A,N/A)	N/A (N/A,N/A)	N/A (N/A,N/A)	N/A (N/A,N/A)	45.0	N/A
simadna_100.fq	499924	499924	463144	 1.1	Cervidae	Cervus_nippon_taiouanus	1	1	-	0	0	N/A (N/A,N/A)	N/A (N/A,N/A)	N/A (N/A,N/A)	N/A (N/A,N/A)	45.0	N/A
simadna_100.fq	499924	499924	463144	 1.1	Cervidae	Cervus_nippon_yesoensis	1	1	-	0	0	N/A (N/A,N/A)	N/A (N/A,N/A)	N/A (N/A,N/A)	N/A (N/A,N/A)	45.0	N/A
simadna_100.fq	499924	499924	463144	 1.1	Cervidae	Dama_mesopotamica	1	1	-	0	0	N/A (N/A,N/A)	N/A (N/A,N/A)	N/A (N/A,N/A)	N/A (N/A,N/A)	45.0	N/A
simadna_100.fq	499924	499924	463144	 1.1	Cervidae	Elaphodus_cephalophus	2	2	-	0	0	N/A (N/A,N/A)	N/A (N/A,N/A)	N/A (N/A,N/A)	N/A (N/A,N/A)	45.5	N/A
simadna_100.fq	499924	499924	463144	 1.1	Cervidae	Elaphurus_davidianus	1	1	-	0	0	N/A (N/A,N/A)	N/A (N/A,N/A)	N/A (N/A,N/A)	N/A (N/A,N/A)	45.0	N/A
simadna_100.fq	499924	499924	463144	 1.1	Cervidae	Mazama_americana	1	1	-	0	0	N/A (N/A,N/A)	N/A (N/A,N/A)	N/A (N/A,N/A)	N/A (N/A,N/A)	48.0	N/A
simadna_100.fq	499924	499924	463144	 1.1	Cervidae	Mazama_rufina	1	1	-	0	0	N/A (N/A,N/A)	N/A (N/A,N/A)	N/A (N/A,N/A)	N/A (N/A,N/A)	45.0	N/A
simadna_100.fq	499924	499924	463144	 1.1	Cervidae	Odocoileus_hemionus	1	1	-	0	0	N/A (N/A,N/A)	N/A (N/A,N/A)	N/A (N/A,N/A)	N/A (N/A,N/A)	45.0	N/A
simadna_100.fq	499924	499924	463144	 1.1	Cervidae	Odocoileus_virginianus	1	1	-	0	0	N/A (N/A,N/A)	N/A (N/A,N/A)	N/A (N/A,N/A)	N/A (N/A,N/A)	45.0	N/A
simadna_100.fq	499924	499924	463144	 1.1	Cervidae	Pudu_mephistophiles	1	1	-	0	0	N/A (N/A,N/A)	N/A (N/A,N/A)	N/A (N/A,N/A)	N/A (N/A,N/A)	45.0	N/A
simadna_100.fq	499924	499924	463144	 1.1	Cervidae	Rucervus_duvaucelii	1	1	-	0	0	N/A (N/A,N/A)	N/A (N/A,N/A)	N/A (N/A,N/A)	N/A (N/A,N/A)	45.0	N/A
simadna_100.fq	499924	499924	463144	 1.1	Cervidae	Rucervus_eldii	1	1	-	0	0	N/A (N/A,N/A)	N/A (N/A,N/A)	N/A (N/A,N/A)	N/A (N/A,N/A)	45.0	N/A
simadna_100.fq	499924	499924	463144	 1.1	Cervidae	Rusa_unicolor_swinhoei	1	1	-	0	0	N/A (N/A,N/A)	N/A (N/A,N/A)	N/A (N/A,N/A)	N/A (N/A,N/A)	45.0	N/A
simadna_100.fq	499924	499924	463144	 1.1	Chlamyphoridae	Cabassous_tatouay	14	5	-	0	0	0.0 (0.0,84.2)	0.0 (0.0,84.2)	N/A (N/A,N/A)	N/A (N/A,N/A)	44.4	N/A
simadna_100.fq	499924	499924	463144	 1.1	Chlamyphoridae	Calyptophractus_retusus	37	9	-	1	1	0.0 (0.0,84.2)	33.3 (0.8,90.6)	N/A (N/A,N/A)	N/A (N/A,N/A)	48.0	51.0
simadna_100.fq	499924	499924	463144	 1.1	Chlamyphoridae	Chaetophractus_vellerosus	15	5	-	0	0	0.0 (0.0,70.8)	N/A (N/A,N/A)	N/A (N/A,N/A)	N/A (N/A,N/A)	41.0	N/A
simadna_100.fq	499924	499924	463144	 1.1	Chlamyphoridae	Chaetophractus_villosus	16	7	-	0	0	0.0 (0.0,70.8)	N/A (N/A,N/A)	N/A (N/A,N/A)	N/A (N/A,N/A)	42.6	N/A
simadna_100.fq	499924	499924	463144	 1.1	Chlamyphoridae	Euphractus_sexcinctus	1	1	-	0	0	N/A (N/A,N/A)	N/A (N/A,N/A)	N/A (N/A,N/A)	N/A (N/A,N/A)	38.0	N/A
simadna_100.fq	499924	499924	463144	 1.1	Chlamyphoridae	Priodontes_maximus	1	1	-	0	0	N/A (N/A,N/A)	N/A (N/A,N/A)	N/A (N/A,N/A)	N/A (N/A,N/A)	50.0	N/A
simadna_100.fq	499924	499924	463144	 1.1	Elephantidae	Elephas_maximus	13622	10562	-	179	502	3.8 (3.0,4.7)	5.1 (4.2,6.2)	8.0 (1.0,26.0)	15.4 (1.9,45.4)	51.9	50.9
simadna_100.fq	499924	499924	463144	 1.1	Elephantidae	Loxodonta_africana	12899	10039	-	168	486	3.9 (3.1,4.9)	4.9 (4.0,6.0)	0.0 (0.0,16.1)	0.0 (0.0,17.6)	51.9	50.3
simadna_100.fq	499924	499924	463144	 1.1	Elephantidae	Loxodonta_cyclotis	13751	10616	-	151	450	3.8 (3.0,4.7)	3.6 (2.8,4.5)	0.0 (0.0,24.7)	0.0 (0.0,17.6)	52.1	50.6
simadna_100.fq	499924	499924	463144	 1.1	Elephantidae	Mammuthus_columbi	18708	14157	-	37	105	0.8 (0.5,1.2)	0.6 (0.3,0.9)	0.0 (0.0,70.8)	0.0 (0.0,52.2)	53.1	53.6
simadna_100.fq	499924	499924	463144	 1.1	Elephantidae	Mammuthus_primigenius	18751	14183	-	14	47	0.2 (0.1,0.5)	0.3 (0.1,0.6)	0.0 (0.0,70.8)	0.0 (0.0,84.2)	53.1	52.9
simadna_100.fq	499924	499924	463144	 1.1	Equidae	Equus_hemionus	11	10	-	0	0	0.0 (0.0,97.5)	0.0 (0.0,84.2)	N/A (N/A,N/A)	N/A (N/A,N/A)	38.9	N/A
simadna_100.fq	499924	499924	463144	 1.1	Equidae	Equus_hemionus_kulan	24	16	-	0	0	0.0 (0.0,84.2)	0.0 (0.0,60.2)	N/A (N/A,N/A)	N/A (N/A,N/A)	38.9	N/A
simadna_100.fq	499924	499924	463144	 1.1	Equidae	Equus_kiang	11	10	-	0	0	0.0 (0.0,97.5)	0.0 (0.0,84.2)	N/A (N/A,N/A)	N/A (N/A,N/A)	38.9	N/A
simadna_100.fq	499924	499924	463144	 1.1	Equidae	Equus_przewalskii	20	14	-	0	0	0.0 (0.0,84.2)	0.0 (0.0,97.5)	N/A (N/A,N/A)	N/A (N/A,N/A)	38.9	N/A
simadna_100.fq	499924	499924	463144	 1.1	Equidae	Equus_quagga_chapmani	10	9	-	0	0	0.0 (0.0,97.5)	0.0 (0.0,84.2)	N/A (N/A,N/A)	N/A (N/A,N/A)	38.6	N/A
simadna_100.fq	499924	499924	463144	 1.1	Eupleridae	Mungotictis_decemlineata	81	24	-	0	0	0.0 (0.0,36.9)	0.0 (0.0,52.2)	N/A (N/A,N/A)	N/A (N/A,N/A)	43.9	N/A
simadna_100.fq	499924	499924	463144	 1.1	Felidae	Acinonyx_jubatus	17	5	-	0	0	0.0 (0.0,97.5)	0.0 (0.0,97.5)	N/A (N/A,N/A)	N/A (N/A,N/A)	40.2	N/A
simadna_100.fq	499924	499924	463144	 1.1	Felidae	Caracal_caracal	6	3	-	0	0	N/A (N/A,N/A)	N/A (N/A,N/A)	N/A (N/A,N/A)	N/A (N/A,N/A)	42.7	N/A
simadna_100.fq	499924	499924	463144	 1.1	Felidae	Catopuma_badia	7	5	-	1	4	0.0 (0.0,97.5)	50.0 (1.3,98.7)	N/A (N/A,N/A)	N/A (N/A,N/A)	40.2	40.0
simadna_100.fq	499924	499924	463144	 1.1	Felidae	Catopuma_temminckii	51	22	-	0	2	0.0 (0.0,52.2)	0.0 (0.0,70.8)	N/A (N/A,N/A)	N/A (N/A,N/A)	38.5	38.0
simadna_100.fq	499924	499924	463144	 1.1	Felidae	Felis_catus	13	8	-	0	2	N/A (N/A,N/A)	0.0 (0.0,70.8)	N/A (N/A,N/A)	N/A (N/A,N/A)	39.6	40.0
simadna_100.fq	499924	499924	463144	 1.1	Felidae	Felis_chaus	10	2	-	0	0	0.0 (0.0,97.5)	N/A (N/A,N/A)	N/A (N/A,N/A)	N/A (N/A,N/A)	50.5	N/A
simadna_100.fq	499924	499924	463144	 1.1	Felidae	Felis_margarita	5	2	-	0	0	N/A (N/A,N/A)	0.0 (0.0,97.5)	N/A (N/A,N/A)	N/A (N/A,N/A)	43.0	N/A
simadna_100.fq	499924	499924	463144	 1.1	Felidae	Felis_nigripes	4	1	-	0	0	N/A (N/A,N/A)	N/A (N/A,N/A)	N/A (N/A,N/A)	N/A (N/A,N/A)	51.0	N/A
simadna_100.fq	499924	499924	463144	 1.1	Felidae	Felis_silvestris	31	13	-	0	0	0.0 (0.0,97.5)	0.0 (0.0,84.2)	N/A (N/A,N/A)	N/A (N/A,N/A)	41.7	N/A
simadna_100.fq	499924	499924	463144	 1.1	Felidae	Herpailurus_yagouaroundi	28	15	-	1	1	0.0 (0.0,70.8)	33.3 (0.8,90.6)	N/A (N/A,N/A)	N/A (N/A,N/A)	38.9	42.0
simadna_100.fq	499924	499924	463144	 1.1	Felidae	Leopardus_colocola	71	26	-	0	0	0.0 (0.0,84.2)	0.0 (0.0,70.8)	N/A (N/A,N/A)	N/A (N/A,N/A)	41.2	N/A
simadna_100.fq	499924	499924	463144	 1.1	Felidae	Leopardus_geoffroyi	75	39	-	1	3	0.0 (0.0,41.0)	16.7 (0.4,64.1)	N/A (N/A,N/A)	N/A (N/A,N/A)	39.8	37.7
simadna_100.fq	499924	499924	463144	 1.1	Felidae	Leopardus_guigna	82	39	-	1	1	0.0 (0.0,52.2)	16.7 (0.4,64.1)	N/A (N/A,N/A)	N/A (N/A,N/A)	41.1	35.0
simadna_100.fq	499924	499924	463144	 1.1	Felidae	Leopardus_jacobita	5	2	-	0	0	N/A (N/A,N/A)	N/A (N/A,N/A)	N/A (N/A,N/A)	N/A (N/A,N/A)	44.5	N/A
simadna_100.fq	499924	499924	463144	 1.1	Felidae	Leopardus_pardalis	56	23	-	1	3	0.0 (0.0,45.9)	25.0 (0.6,80.6)	N/A (N/A,N/A)	N/A (N/A,N/A)	40.3	40.7
simadna_100.fq	499924	499924	463144	 1.1	Felidae	Leopardus_tigrinus	82	37	-	1	2	0.0 (0.0,41.0)	14.3 (0.4,57.9)	N/A (N/A,N/A)	N/A (N/A,N/A)	40.1	41.5
simadna_100.fq	499924	499924	463144	 1.1	Felidae	Leopardus_wiedii	75	38	-	1	2	0.0 (0.0,36.9)	14.3 (0.4,57.9)	N/A (N/A,N/A)	N/A (N/A,N/A)	39.7	37.0
simadna_100.fq	499924	499924	463144	 1.1	Felidae	Leptailurus_serval	16	11	-	0	0	N/A (N/A,N/A)	0.0 (0.0,70.8)	N/A (N/A,N/A)	N/A (N/A,N/A)	38.9	N/A
simadna_100.fq	499924	499924	463144	 1.1	Felidae	Lynx_canadensis	90	37	-	1	3	0.0 (0.0,36.9)	10.0 (0.3,44.5)	N/A (N/A,N/A)	N/A (N/A,N/A)	42.1	40.3
simadna_100.fq	499924	499924	463144	 1.1	Felidae	Lynx_lynx	118	49	-	0	2	0.0 (0.0,24.7)	0.0 (0.0,30.8)	N/A (N/A,N/A)	N/A (N/A,N/A)	40.9	38.0
simadna_100.fq	499924	499924	463144	 1.1	Felidae	Lynx_pardinus	62	28	-	1	3	0.0 (0.0,52.2)	14.3 (0.4,57.9)	N/A (N/A,N/A)	N/A (N/A,N/A)	40.8	40.3
simadna_100.fq	499924	499924	463144	 1.1	Felidae	Lynx_rufus	6	4	-	1	3	0.0 (0.0,84.2)	50.0 (1.3,98.7)	N/A (N/A,N/A)	N/A (N/A,N/A)	39.8	40.3
simadna_100.fq	499924	499924	463144	 1.1	Felidae	Neofelis_nebulosa	32	16	-	0	0	0.0 (0.0,97.5)	0.0 (0.0,84.2)	N/A (N/A,N/A)	N/A (N/A,N/A)	41.2	N/A
simadna_100.fq	499924	499924	463144	 1.1	Felidae	Otocolobus_manul	4	1	-	0	0	N/A (N/A,N/A)	N/A (N/A,N/A)	N/A (N/A,N/A)	N/A (N/A,N/A)	51.0	N/A
simadna_100.fq	499924	499924	463144	 1.1	Felidae	Panthera_leo	40	18	-	0	1	0.0 (0.0,70.8)	0.0 (0.0,52.2)	N/A (N/A,N/A)	N/A (N/A,N/A)	38.7	35.0
simadna_100.fq	499924	499924	463144	 1.1	Felidae	Panthera_leo_persica	40	18	-	0	1	0.0 (0.0,70.8)	0.0 (0.0,52.2)	N/A (N/A,N/A)	N/A (N/A,N/A)	38.7	35.0
simadna_100.fq	499924	499924	463144	 1.1	Felidae	Panthera_onca	16	8	-	0	1	0.0 (0.0,97.5)	0.0 (0.0,97.5)	N/A (N/A,N/A)	N/A (N/A,N/A)	38.6	41.0
simadna_100.fq	499924	499924	463144	 1.1	Felidae	Panthera_pardus	17	8	-	0	1	0.0 (0.0,97.5)	0.0 (0.0,97.5)	N/A (N/A,N/A)	N/A (N/A,N/A)	38.6	41.0
simadna_100.fq	499924	499924	463144	 1.1	Felidae	Panthera_tigris	26	10	-	0	0	0.0 (0.0,84.2)	N/A (N/A,N/A)	N/A (N/A,N/A)	N/A (N/A,N/A)	40.6	N/A
simadna_100.fq	499924	499924	463144	 1.1	Felidae	Panthera_tigris_amoyensis	32	14	-	0	0	0.0 (0.0,84.2)	N/A (N/A,N/A)	N/A (N/A,N/A)	N/A (N/A,N/A)	39.7	N/A
simadna_100.fq	499924	499924	463144	 1.1	Felidae	Panthera_uncia	38	18	-	2	4	0.0 (0.0,84.2)	40.0 (5.3,85.3)	N/A (N/A,N/A)	N/A (N/A,N/A)	39.4	40.5
simadna_100.fq	499924	499924	463144	 1.1	Felidae	Pardofelis_marmorata	46	23	-	1	5	0.0 (0.0,41.0)	25.0 (0.6,80.6)	N/A (N/A,N/A)	N/A (N/A,N/A)	38.4	39.4
simadna_100.fq	499924	499924	463144	 1.1	Felidae	Prionailurus_bengalensis	38	18	-	0	2	0.0 (0.0,60.2)	0.0 (0.0,84.2)	N/A (N/A,N/A)	N/A (N/A,N/A)	38.6	38.0
simadna_100.fq	499924	499924	463144	 1.1	Felidae	Prionailurus_bengalensis_euptilurus	22	12	-	0	2	N/A (N/A,N/A)	0.0 (0.0,84.2)	N/A (N/A,N/A)	N/A (N/A,N/A)	39.9	40.0
simadna_100.fq	499924	499924	463144	 1.1	Felidae	Prionailurus_planiceps	24	16	-	0	1	0.0 (0.0,70.8)	0.0 (0.0,97.5)	N/A (N/A,N/A)	N/A (N/A,N/A)	37.4	39.0
simadna_100.fq	499924	499924	463144	 1.1	Felidae	Prionailurus_rubiginosus	34	17	-	0	2	0.0 (0.0,84.2)	0.0 (0.0,60.2)	N/A (N/A,N/A)	N/A (N/A,N/A)	38.5	40.0
simadna_100.fq	499924	499924	463144	 1.1	Felidae	Prionailurus_viverrinus	65	24	-	0	0	0.0 (0.0,84.2)	0.0 (0.0,84.2)	N/A (N/A,N/A)	N/A (N/A,N/A)	41.7	N/A
simadna_100.fq	499924	499924	463144	 1.1	Felidae	Profelis_aurata	26	11	-	0	0	0.0 (0.0,97.5)	0.0 (0.0,97.5)	N/A (N/A,N/A)	N/A (N/A,N/A)	40.3	N/A
simadna_100.fq	499924	499924	463144	 1.1	Felidae	Puma_concolor	16	10	-	0	1	0.0 (0.0,84.2)	0.0 (0.0,97.5)	N/A (N/A,N/A)	N/A (N/A,N/A)	37.3	35.0
simadna_100.fq	499924	499924	463144	 1.1	Hominidae	Gorilla_gorilla	833	789	-	6	49	2.6 (0.9,6.0)	0.6 (0.0,3.2)	N/A (N/A,N/A)	0.0 (0.0,97.5)	48.6	47.9
simadna_100.fq	499924	499924	463144	 1.1	Hominidae	Gorilla_gorilla_gorilla	839	798	-	6	46	3.1 (1.1,6.6)	0.0 (0.0,2.1)	N/A (N/A,N/A)	0.0 (0.0,97.5)	48.6	48.2
simadna_100.fq	499924	499924	463144	 1.1	Hominidae	Homo_heidelbergensis	3986	3735	-	24	74	1.7 (0.9,2.8)	1.2 (0.6,2.2)	0.0 (0.0,70.8)	0.0 (0.0,70.8)	51.4	52.1
simadna_100.fq	499924	499924	463144	 1.1	Hominidae	Homo_sapiens	4251	3978	-	23	67	1.5 (0.8,2.5)	1.1 (0.5,2.0)	0.0 (0.0,70.8)	0.0 (0.0,84.2)	51.6	52.1
simadna_100.fq	499924	499924	463144	 1.1	Hominidae	Homo_sapiens_neanderthalensis	4314	4036	-	6	21	0.5 (0.1,1.2)	0.2 (0.0,0.8)	N/A (N/A,N/A)	0.0 (0.0,97.5)	51.6	52.5
simadna_100.fq	499924	499924	463144	 1.1	Hominidae	Homo_sapiens_subsp._'Denisova'	4059	3809	-	43	122	2.4 (1.5,3.6)	2.6 (1.7,3.9)	0.0 (0.0,52.2)	0.0 (0.0,52.2)	51.5	50.5
simadna_100.fq	499924	499924	463144	 1.1	Hominidae	Pan_paniscus	1478	1402	-	28	92	4.2 (2.2,7.0)	4.7 (2.7,7.7)	0.0 (0.0,60.2)	0.0 (0.0,97.5)	48.8	47.8
simadna_100.fq	499924	499924	463144	 1.1	Hominidae	Pan_troglodytes	1378	1303	-	20	68	3.0 (1.4,5.7)	3.9 (1.9,6.8)	0.0 (0.0,60.2)	0.0 (0.0,84.2)	48.3	46.2
simadna_100.fq	499924	499924	463144	 1.1	Hominidae	Pongo_abelii	353	339	-	9	28	6.4 (2.1,14.3)	5.2 (1.4,12.8)	0.0 (0.0,97.5)	N/A (N/A,N/A)	47.2	43.9
simadna_100.fq	499924	499924	463144	 1.1	Hominidae	Pongo_pygmaeus	282	268	-	8	21	3.3 (0.4,11.3)	10.3 (3.9,21.2)	N/A (N/A,N/A)	N/A (N/A,N/A)	46.5	46.1
simadna_100.fq	499924	499924	463144	 1.1	Hyaenidae	Crocuta_crocuta	165012	29611	-	107	301	0.8 (0.6,1.0)	0.9 (0.7,1.2)	0.0 (0.0,36.9)	0.0 (0.0,24.7)	70.5	69.6
simadna_100.fq	499924	499924	463144	 1.1	Hyaenidae	Hyaena_hyaena	35082	9557	-	223	607	4.5 (3.6,5.5)	6.8 (5.8,8.0)	0.0 (0.0,14.2)	0.0 (0.0,17.6)	56.3	55.3
simadna_100.fq	499924	499924	463144	 1.1	Mephitidae	Spilogale_putorius	1	1	-	0	0	N/A (N/A,N/A)	N/A (N/A,N/A)	N/A (N/A,N/A)	N/A (N/A,N/A)	35.0	N/A
simadna_100.fq	499924	499924	463144	 1.1	Muridae	Leggadina_lakedownensis	2	2	-	0	0	0.0 (0.0,97.5)	0.0 (0.0,84.2)	N/A (N/A,N/A)	N/A (N/A,N/A)	39.5	N/A
simadna_100.fq	499924	499924	463144	 1.1	Muridae	Leopoldamys_edwardsi	10	7	-	0	0	0.0 (0.0,97.5)	N/A (N/A,N/A)	N/A (N/A,N/A)	N/A (N/A,N/A)	42.9	N/A
simadna_100.fq	499924	499924	463144	 1.1	Muridae	Meriones_meridianus	19	14	-	0	0	N/A (N/A,N/A)	0.0 (0.0,84.2)	N/A (N/A,N/A)	N/A (N/A,N/A)	37.6	N/A
simadna_100.fq	499924	499924	463144	 1.1	Muridae	Meriones_unguiculatus	102	37	-	1	3	16.7 (0.4,64.1)	0.0 (0.0,52.2)	N/A (N/A,N/A)	0.0 (0.0,97.5)	42.1	44.7
simadna_100.fq	499924	499924	463144	 1.1	Muridae	Rattus_exulans	13	5	-	1	1	N/A (N/A,N/A)	50.0 (1.3,98.7)	N/A (N/A,N/A)	N/A (N/A,N/A)	39.8	41.0
simadna_100.fq	499924	499924	463144	 1.1	Muridae	Rattus_norvegicus	6	3	-	0	0	0.0 (0.0,97.5)	N/A (N/A,N/A)	N/A (N/A,N/A)	N/A (N/A,N/A)	43.3	N/A
simadna_100.fq	499924	499924	463144	 1.1	Muridae	Rattus_sordidus	2	2	-	0	0	0.0 (0.0,97.5)	0.0 (0.0,84.2)	N/A (N/A,N/A)	N/A (N/A,N/A)	39.5	N/A
simadna_100.fq	499924	499924	463144	 1.1	Muridae	Rattus_tunneyi	2	2	-	0	0	0.0 (0.0,97.5)	0.0 (0.0,84.2)	N/A (N/A,N/A)	N/A (N/A,N/A)	39.5	N/A
simadna_100.fq	499924	499924	463144	 1.1	Muridae	Rattus_villosissimus	2	2	-	0	0	0.0 (0.0,97.5)	0.0 (0.0,84.2)	N/A (N/A,N/A)	N/A (N/A,N/A)	39.5	N/A
simadna_100.fq	499924	499924	463144	 1.1	Mustelidae	Arctonyx_collaris	49	22	-	0	1	0.0 (0.0,60.2)	0.0 (0.0,45.9)	N/A (N/A,N/A)	N/A (N/A,N/A)	42.5	46.0
simadna_100.fq	499924	499924	463144	 1.1	Mustelidae	Enhydra_lutris	26	14	-	0	1	0.0 (0.0,84.2)	0.0 (0.0,60.2)	N/A (N/A,N/A)	N/A (N/A,N/A)	40.9	37.0
simadna_100.fq	499924	499924	463144	 1.1	Mustelidae	Gulo_gulo	1	1	-	0	0	N/A (N/A,N/A)	N/A (N/A,N/A)	N/A (N/A,N/A)	N/A (N/A,N/A)	38.0	N/A
simadna_100.fq	499924	499924	463144	 1.1	Mustelidae	Martes_americana	39	18	-	1	5	33.3 (0.8,90.6)	0.0 (0.0,70.8)	N/A (N/A,N/A)	N/A (N/A,N/A)	38.4	39.0
simadna_100.fq	499924	499924	463144	 1.1	Mustelidae	Martes_flavigula	15	8	-	0	4	0.0 (0.0,97.5)	0.0 (0.0,97.5)	N/A (N/A,N/A)	N/A (N/A,N/A)	38.6	38.8
simadna_100.fq	499924	499924	463144	 1.1	Mustelidae	Martes_foina	15	8	-	0	4	0.0 (0.0,97.5)	0.0 (0.0,97.5)	N/A (N/A,N/A)	N/A (N/A,N/A)	38.6	38.8
simadna_100.fq	499924	499924	463144	 1.1	Mustelidae	Martes_martes	25	11	-	1	2	50.0 (1.3,98.7)	0.0 (0.0,84.2)	N/A (N/A,N/A)	N/A (N/A,N/A)	38.2	38.5
simadna_100.fq	499924	499924	463144	 1.1	Mustelidae	Martes_zibellina	45	19	-	1	5	33.3 (0.8,90.6)	0.0 (0.0,52.2)	N/A (N/A,N/A)	0.0 (0.0,97.5)	39.2	39.0
simadna_100.fq	499924	499924	463144	 1.1	Mustelidae	Melogale_moschata	2	2	-	0	0	N/A (N/A,N/A)	N/A (N/A,N/A)	N/A (N/A,N/A)	N/A (N/A,N/A)	38.0	N/A
simadna_100.fq	499924	499924	463144	 1.1	Mustelidae	Mustela_altaica	1	1	-	0	1	N/A (N/A,N/A)	N/A (N/A,N/A)	N/A (N/A,N/A)	N/A (N/A,N/A)	37.0	37.0
simadna_100.fq	499924	499924	463144	 1.1	Mustelidae	Mustela_erminea	19	12	-	0	1	0.0 (0.0,70.8)	0.0 (0.0,84.2)	N/A (N/A,N/A)	N/A (N/A,N/A)	37.8	37.0
simadna_100.fq	499924	499924	463144	 1.1	Mustelidae	Mustela_eversmannii	5	5	-	0	1	N/A (N/A,N/A)	0.0 (0.0,84.2)	N/A (N/A,N/A)	N/A (N/A,N/A)	37.8	37.0
simadna_100.fq	499924	499924	463144	 1.1	Mustelidae	Mustela_kathiah	50	23	-	0	2	0.0 (0.0,60.2)	0.0 (0.0,60.2)	N/A (N/A,N/A)	N/A (N/A,N/A)	42.3	41.5
simadna_100.fq	499924	499924	463144	 1.1	Mustelidae	Mustela_nigripes	5	5	-	0	1	N/A (N/A,N/A)	0.0 (0.0,84.2)	N/A (N/A,N/A)	N/A (N/A,N/A)	37.8	37.0
simadna_100.fq	499924	499924	463144	 1.1	Mustelidae	Mustela_nivalis	16	10	-	0	1	0.0 (0.0,70.8)	0.0 (0.0,70.8)	N/A (N/A,N/A)	N/A (N/A,N/A)	37.2	37.0
simadna_100.fq	499924	499924	463144	 1.1	Mustelidae	Mustela_putorius	2	2	-	0	1	N/A (N/A,N/A)	0.0 (0.0,97.5)	N/A (N/A,N/A)	N/A (N/A,N/A)	36.0	37.0
simadna_100.fq	499924	499924	463144	 1.1	Mustelidae	Mustela_sibirica	19	13	-	0	2	N/A (N/A,N/A)	0.0 (0.0,70.8)	N/A (N/A,N/A)	N/A (N/A,N/A)	39.0	37.0
simadna_100.fq	499924	499924	463144	 1.1	Mustelidae	Neogale_frenata	1	1	-	0	1	N/A (N/A,N/A)	N/A (N/A,N/A)	N/A (N/A,N/A)	N/A (N/A,N/A)	37.0	37.0
simadna_100.fq	499924	499924	463144	 1.1	Mustelidae	Neogale_vison	28	19	-	0	1	0.0 (0.0,70.8)	0.0 (0.0,52.2)	N/A (N/A,N/A)	N/A (N/A,N/A)	40.2	37.0
simadna_100.fq	499924	499924	463144	 1.1	Mustelidae	Pekania_pennanti	1	1	-	0	0	N/A (N/A,N/A)	N/A (N/A,N/A)	N/A (N/A,N/A)	N/A (N/A,N/A)	38.0	N/A
simadna_100.fq	499924	499924	463144	 1.1	Mustelidae	Taxidea_taxus	1	1	-	0	0	N/A (N/A,N/A)	N/A (N/A,N/A)	N/A (N/A,N/A)	N/A (N/A,N/A)	38.0	N/A
simadna_100.fq	499924	499924	463144	 1.1	Otariidae	Callorhinus_ursinus	10	9	-	0	1	0.0 (0.0,70.8)	0.0 (0.0,84.2)	N/A (N/A,N/A)	N/A (N/A,N/A)	39.2	40.0
simadna_100.fq	499924	499924	463144	 1.1	Phyllostomidae	Anoura_caudifer	14	8	-	0	0	0.0 (0.0,84.2)	N/A (N/A,N/A)	N/A (N/A,N/A)	N/A (N/A,N/A)	37.9	N/A
simadna_100.fq	499924	499924	463144	 1.1	Phyllostomidae	Artibeus_lituratus	46	21	-	0	0	0.0 (0.0,97.5)	0.0 (0.0,60.2)	N/A (N/A,N/A)	N/A (N/A,N/A)	40.0	N/A
simadna_100.fq	499924	499924	463144	 1.1	Phyllostomidae	Rhinophylla_pumilio	28	19	-	0	0	0.0 (0.0,84.2)	N/A (N/A,N/A)	N/A (N/A,N/A)	N/A (N/A,N/A)	40.1	N/A
simadna_100.fq	499924	499924	463144	 1.1	Procaviidae	Procavia_capensis	39	20	-	0	1	0.0 (0.0,45.9)	0.0 (0.0,84.2)	N/A (N/A,N/A)	N/A (N/A,N/A)	40.5	49.0
simadna_100.fq	499924	499924	463144	 1.1	Rhinocerotidae	Coelodonta_antiquitatis	9	5	-	0	0	0.0 (0.0,97.5)	N/A (N/A,N/A)	N/A (N/A,N/A)	N/A (N/A,N/A)	38.4	N/A
simadna_100.fq	499924	499924	463144	 1.1	Rhinocerotidae	Dicerorhinus_sumatrensis	27	13	-	0	0	0.0 (0.0,60.2)	0.0 (0.0,97.5)	N/A (N/A,N/A)	N/A (N/A,N/A)	38.4	N/A
simadna_100.fq	499924	499924	463144	 1.1	Rhinocerotidae	Diceros_bicornis	9	5	-	0	0	0.0 (0.0,97.5)	N/A (N/A,N/A)	N/A (N/A,N/A)	N/A (N/A,N/A)	38.4	N/A
simadna_100.fq	499924	499924	463144	 1.1	Rhinocerotidae	Rhinoceros_sondaicus	1	1	-	0	0	0.0 (0.0,97.5)	N/A (N/A,N/A)	N/A (N/A,N/A)	N/A (N/A,N/A)	35.0	N/A
simadna_100.fq	499924	499924	463144	 1.1	Rhinocerotidae	Rhinoceros_unicornis	9	5	-	0	0	0.0 (0.0,97.5)	N/A (N/A,N/A)	N/A (N/A,N/A)	N/A (N/A,N/A)	38.4	N/A
simadna_100.fq	499924	499924	463144	 1.1	Soricidae	Pseudosoriculus_fumidus	12	8	-	0	0	0.0 (0.0,97.5)	N/A (N/A,N/A)	N/A (N/A,N/A)	N/A (N/A,N/A)	37.4	N/A
simadna_100.fq	499924	499924	463144	 1.1	Suidae	Phacochoerus_africanus	14228	7756	-	167	466	4.4 (3.4,5.6)	6.8 (5.6,8.2)	5.9 (0.1,28.7)	11.1 (0.3,48.2)	52.1	50.1
simadna_100.fq	499924	499924	463144	 1.1	Suidae	Potamochoerus_porcus	11712	6413	-	139	422	5.9 (4.6,7.4)	5.5 (4.3,6.9)	0.0 (0.0,24.7)	0.0 (0.0,26.5)	52.5	50.8
simadna_100.fq	499924	499924	463144	 1.1	Suidae	Sus_barbatus	54653	24121	-	239	686	2.4 (2.0,2.9)	2.7 (2.3,3.2)	0.0 (0.0,15.4)	0.0 (0.0,23.2)	58.8	57.2
simadna_100.fq	499924	499924	463144	 1.1	Suidae	Sus_cebifrons	50537	22712	-	293	851	2.8 (2.4,3.4)	3.8 (3.2,4.4)	2.9 (0.1,14.9)	4.5 (0.1,22.8)	58.2	57.5
simadna_100.fq	499924	499924	463144	 1.1	Suidae	Sus_celebensis	53224	23667	-	269	805	2.8 (2.3,3.3)	3.1 (2.6,3.6)	0.0 (0.0,12.3)	0.0 (0.0,24.7)	58.5	58.1
simadna_100.fq	499924	499924	463144	 1.1	Suidae	Sus_scrofa	58483	25456	-	137	434	1.3 (1.0,1.7)	1.4 (1.1,1.8)	0.0 (0.0,24.7)	0.0 (0.0,19.5)	59.2	58.8
simadna_100.fq	499924	499924	463144	 1.1	Suidae	Sus_scrofa_domesticus	58843	25571	-	136	442	1.3 (1.0,1.7)	1.4 (1.1,1.7)	0.0 (0.0,28.5)	0.0 (0.0,18.5)	59.2	59.1
simadna_100.fq	499924	499924	463144	 1.1	Suidae	Sus_scrofa_taivanus	59355	25746	-	40	105	0.3 (0.2,0.5)	0.5 (0.3,0.7)	0.0 (0.0,52.2)	0.0 (0.0,70.8)	59.2	62.6
simadna_100.fq	499924	499924	463144	 1.1	Suidae	Sus_verrucosus	54070	23909	-	220	641	2.2 (1.8,2.6)	2.6 (2.1,3.1)	0.0 (0.0,16.1)	0.0 (0.0,23.2)	58.7	57.5
simadna_100.fq	499924	499924	463144	 1.1	Ursidae	Tremarctos_ornatus	16	13	-	1	3	33.3 (0.8,90.6)	0.0 (0.0,70.8)	N/A (N/A,N/A)	0.0 (0.0,97.5)	38.0	36.7
simadna_100.fq	499924	499924	463144	 1.1	Vespertilionidae	Murina_ussuriensis	28	15	-	0	0	0.0 (0.0,70.8)	0.0 (0.0,97.5)	N/A (N/A,N/A)	N/A (N/A,N/A)	38.5	N/A
simadna_100.fq	499924	499924	463144	 1.1	Viverridae	Genetta_servalina	12	6	-	0	0	0.0 (0.0,60.2)	0.0 (0.0,70.8)	N/A (N/A,N/A)	N/A (N/A,N/A)	45.2	N/A
simadna_100.fq	499924	499924	463144	 1.1	Viverridae	Prionodon_pardicolor	1	1	-	0	0	0.0 (0.0,97.5)	N/A (N/A,N/A)	N/A (N/A,N/A)	N/A (N/A,N/A)	54.0	N/A
simadna_100.fq	499924	499924	463144	 1.1	Viverridae	Viverricula_indica	2	2	-	0	0	0.0 (0.0,97.5)	N/A (N/A,N/A)	N/A (N/A,N/A)	N/A (N/A,N/A)	40.0	N/A
simadna_hd_100.fq	499905	499905	494859	 1.0	Ailuridae	Ailurus_fulgens	17	16	-	2	4	100.0 (2.5,100.0)	33.3 (0.8,90.6)	N/A (N/A,N/A)	N/A (N/A,N/A)	44.3	43.5
simadna_hd_100.fq	499905	499905	494859	 1.0	Ailuridae	Ailurus_styani	19	18	-	2	4	100.0 (2.5,100.0)	33.3 (0.8,90.6)	N/A (N/A,N/A)	N/A (N/A,N/A)	43.8	43.5
simadna_hd_100.fq	499905	499905	494859	 1.0	Anomaluridae	Anomalurus_sp._GP-2005	6	6	-	2	2	100.0 (2.5,100.0)	100.0 (2.5,100.0)	N/A (N/A,N/A)	N/A (N/A,N/A)	45.2	40.0
simadna_hd_100.fq	499905	499905	494859	 1.0	Antilocapridae	Antilocapra_americana	5	5	-	1	1	0.0 (0.0,97.5)	33.3 (0.8,90.6)	N/A (N/A,N/A)	N/A (N/A,N/A)	41.2	40.0
simadna_hd_100.fq	499905	499905	494859	 1.0	Atelidae	Alouatta_seniculus	4	4	-	0	0	0.0 (0.0,97.5)	0.0 (0.0,97.5)	N/A (N/A,N/A)	N/A (N/A,N/A)	41.8	N/A
simadna_hd_100.fq	499905	499905	494859	 1.0	Atelidae	Ateles_belzebuth	4	4	-	1	1	N/A (N/A,N/A)	50.0 (1.3,98.7)	N/A (N/A,N/A)	N/A (N/A,N/A)	41.2	38.0
simadna_hd_100.fq	499905	499905	494859	 1.0	Atelidae	Lagothrix_lagotricha	2	2	-	0	0	N/A (N/A,N/A)	0.0 (0.0,97.5)	N/A (N/A,N/A)	N/A (N/A,N/A)	42.5	N/A
simadna_hd_100.fq	499905	499905	494859	 1.0	Balaenidae	Balaena_mysticetus	4	4	-	0	1	N/A (N/A,N/A)	N/A (N/A,N/A)	N/A (N/A,N/A)	N/A (N/A,N/A)	42.8	45.0
simadna_hd_100.fq	499905	499905	494859	 1.0	Balaenidae	Eubalaena_australis	1	1	-	0	0	N/A (N/A,N/A)	N/A (N/A,N/A)	N/A (N/A,N/A)	N/A (N/A,N/A)	44.0	N/A
simadna_hd_100.fq	499905	499905	494859	 1.0	Balaenidae	Eubalaena_japonica	3	3	-	0	1	N/A (N/A,N/A)	N/A (N/A,N/A)	N/A (N/A,N/A)	N/A (N/A,N/A)	43.0	45.0
simadna_hd_100.fq	499905	499905	494859	 1.0	Balaenopteridae	Balaenoptera_acutorostrata	5	5	-	0	1	0.0 (0.0,84.2)	N/A (N/A,N/A)	N/A (N/A,N/A)	N/A (N/A,N/A)	52.4	74.0
simadna_hd_100.fq	499905	499905	494859	 1.0	Balaenopteridae	Balaenoptera_bonaerensis	6	6	-	0	1	0.0 (0.0,84.2)	N/A (N/A,N/A)	N/A (N/A,N/A)	N/A (N/A,N/A)	51.0	74.0
simadna_hd_100.fq	499905	499905	494859	 1.0	Balaenopteridae	Balaenoptera_borealis	6	6	-	0	1	0.0 (0.0,84.2)	0.0 (0.0,97.5)	N/A (N/A,N/A)	N/A (N/A,N/A)	44.2	74.0
simadna_hd_100.fq	499905	499905	494859	 1.0	Balaenopteridae	Balaenoptera_brydei	5	5	-	0	1	0.0 (0.0,84.2)	0.0 (0.0,97.5)	N/A (N/A,N/A)	N/A (N/A,N/A)	46.0	74.0
simadna_hd_100.fq	499905	499905	494859	 1.0	Balaenopteridae	Balaenoptera_edeni	6	6	-	0	1	0.0 (0.0,70.8)	0.0 (0.0,97.5)	N/A (N/A,N/A)	N/A (N/A,N/A)	45.0	74.0
simadna_hd_100.fq	499905	499905	494859	 1.0	Balaenopteridae	Balaenoptera_musculus	3	3	-	0	0	0.0 (0.0,97.5)	N/A (N/A,N/A)	N/A (N/A,N/A)	N/A (N/A,N/A)	39.3	N/A
simadna_hd_100.fq	499905	499905	494859	 1.0	Balaenopteridae	Balaenoptera_omurai	6	6	-	0	1	0.0 (0.0,70.8)	N/A (N/A,N/A)	N/A (N/A,N/A)	N/A (N/A,N/A)	46.0	74.0
simadna_hd_100.fq	499905	499905	494859	 1.0	Balaenopteridae	Balaenoptera_physalus	4	4	-	0	1	0.0 (0.0,70.8)	0.0 (0.0,97.5)	N/A (N/A,N/A)	N/A (N/A,N/A)	46.8	74.0
simadna_hd_100.fq	499905	499905	494859	 1.0	Balaenopteridae	Megaptera_novaeangliae	4	4	-	0	0	0.0 (0.0,84.2)	N/A (N/A,N/A)	N/A (N/A,N/A)	N/A (N/A,N/A)	38.0	N/A
simadna_hd_100.fq	499905	499905	494859	 1.0	Bathyergidae	Fukomys_damarensis	2	2	-	0	1	0.0 (0.0,97.5)	0.0 (0.0,97.5)	N/A (N/A,N/A)	N/A (N/A,N/A)	43.5	48.0
simadna_hd_100.fq	499905	499905	494859	 1.0	Bathyergidae	Heterocephalus_glaber	2	2	-	0	1	0.0 (0.0,97.5)	0.0 (0.0,97.5)	N/A (N/A,N/A)	N/A (N/A,N/A)	43.5	48.0
simadna_hd_100.fq	499905	499905	494859	 1.0	Bovidae	Addax_nasomaculatus	2286	1516	++	87	188	16.4 (11.7,22.1)	21.3 (16.4,26.8)	22.2 (2.8,60.0)	22.2 (2.8,60.0)	46.1	45.0
simadna_hd_100.fq	499905	499905	494859	 1.0	Bovidae	Aepyceros_melampus	2483	1605	+	80	197	10.4 (6.7,15.4)	20.7 (16.1,25.9)	14.3 (0.4,57.9)	16.7 (0.4,64.1)	47.2	48.2
simadna_hd_100.fq	499905	499905	494859	 1.0	Bovidae	Alcelaphus_buselaphus	2218	1494	+	79	183	11.2 (7.6,15.8)	21.7 (16.7,27.4)	22.2 (2.8,60.0)	22.2 (2.8,60.0)	45.7	45.5
simadna_hd_100.fq	499905	499905	494859	 1.0	Bovidae	Ammotragus_lervia	2131	1467	+	76	191	10.7 (7.0,15.5)	20.7 (15.9,26.2)	11.1 (0.3,48.2)	25.0 (0.6,80.6)	45.8	45.2
simadna_hd_100.fq	499905	499905	494859	 1.0	Bovidae	Antidorcas_marsupialis	1775	1257	+	55	134	9.8 (6.0,14.9)	17.5 (12.6,23.4)	0.0 (0.0,60.2)	0.0 (0.0,84.2)	45.5	45.1
simadna_hd_100.fq	499905	499905	494859	 1.0	Bovidae	Antilope_cervicapra	1950	1382	+	59	143	12.0 (7.7,17.4)	16.8 (12.1,22.4)	20.0 (0.5,71.6)	50.0 (1.3,98.7)	46.0	45.9
simadna_hd_100.fq	499905	499905	494859	 1.0	Bovidae	Arabitragus_jayakari	2288	1459	+	56	155	8.8 (5.4,13.4)	15.9 (11.6,21.1)	66.7 (9.4,99.2)	28.6 (3.7,71.0)	46.4	46.7
simadna_hd_100.fq	499905	499905	494859	 1.0	Bovidae	Beatragus_hunteri	2331	1537	+	85	203	12.6 (8.7,17.4)	20.0 (15.4,25.2)	12.5 (0.3,52.7)	16.7 (0.4,64.1)	46.3	46.2
simadna_hd_100.fq	499905	499905	494859	 1.0	Bovidae	Bison_bison	29021	13808	++	972	2178	16.1 (14.6,17.6)	25.3 (23.6,27.1)	13.3 (7.6,20.9)	21.4 (12.5,32.9)	54.0	53.6
simadna_hd_100.fq	499905	499905	494859	 1.0	Bovidae	Bison_bonasus	34873	15661	++	1129	2535	18.6 (17.2,20.1)	23.9 (22.4,25.6)	20.6 (14.1,28.4)	28.3 (19.7,38.2)	54.9	54.4
simadna_hd_100.fq	499905	499905	494859	 1.0	Bovidae	Bison_priscus	29770	14020	++	1006	2257	16.6 (15.1,18.1)	25.6 (23.9,27.4)	12.7 (7.3,20.1)	20.8 (12.2,32.0)	54.1	53.6
simadna_hd_100.fq	499905	499905	494859	 1.0	Bovidae	Bos_gaurus	25948	12601	++	878	1924	17.1 (15.6,18.8)	25.2 (23.4,27.1)	16.5 (9.7,25.4)	28.6 (17.3,42.2)	53.3	52.4
simadna_hd_100.fq	499905	499905	494859	 1.0	Bovidae	Bos_grunniens	26946	12920	++	939	2051	18.4 (16.8,20.1)	25.2 (23.4,27.1)	16.5 (9.9,25.1)	23.3 (14.2,34.6)	53.7	53.5
simadna_hd_100.fq	499905	499905	494859	 1.0	Bovidae	Bos_indicus	69896	24955	++	2312	4866	23.3 (22.1,24.6)	27.9 (26.6,29.2)	19.2 (14.7,24.4)	25.4 (19.6,31.8)	60.8	60.2
simadna_hd_100.fq	499905	499905	494859	 1.0	Bovidae	Bos_javanicus	79699	26701	++	2703	5510	25.2 (24.0,26.4)	29.0 (27.8,30.3)	20.8 (16.5,25.7)	24.2 (19.2,29.7)	62.3	62.1
simadna_hd_100.fq	499905	499905	494859	 1.0	Bovidae	Bos_mutus	29290	13506	++	1029	2223	19.6 (18.0,21.2)	25.8 (24.0,27.6)	17.2 (10.9,25.4)	23.5 (15.0,34.0)	54.6	54.8
simadna_hd_100.fq	499905	499905	494859	 1.0	Bovidae	Bos_primigenius	77480	26401	++	2631	5386	24.8 (23.6,26.0)	29.0 (27.7,30.2)	20.1 (15.8,24.9)	23.8 (18.8,29.4)	61.9	61.6
simadna_hd_100.fq	499905	499905	494859	 1.0	Bovidae	Bos_taurus	79347	26669	++	2703	5498	25.3 (24.1,26.5)	29.1 (27.8,30.4)	20.2 (16.0,25.1)	23.8 (18.9,29.3)	62.3	62.0
simadna_hd_100.fq	499905	499905	494859	 1.0	Bovidae	Boselaphus_tragocamelus	3604	2278	+	128	300	10.7 (7.6,14.6)	22.2 (18.4,26.4)	21.4 (4.7,50.8)	33.3 (7.5,70.1)	48.3	48.9
simadna_hd_100.fq	499905	499905	494859	 1.0	Bovidae	Bubalus_depressicornis	4663	2854	++	175	387	12.8 (9.8,16.3)	23.6 (20.0,27.4)	19.0 (5.4,41.9)	36.4 (10.9,69.2)	49.0	49.1
simadna_hd_100.fq	499905	499905	494859	 1.0	Bovidae	Bubalus_kerabau	4586	2735	++	181	391	14.9 (11.7,18.6)	24.1 (20.4,28.1)	18.8 (4.0,45.6)	30.0 (6.7,65.2)	49.0	49.3
simadna_hd_100.fq	499905	499905	494859	 1.0	Bovidae	Budorcas_taxicolor	2046	1307	+	57	144	10.4 (6.4,15.8)	17.9 (13.0,23.6)	16.7 (0.4,64.1)	11.1 (0.3,48.2)	46.5	45.8
simadna_hd_100.fq	499905	499905	494859	 1.0	Bovidae	Capra_aegagrus	2168	1506	+	73	160	10.5 (6.9,15.1)	18.8 (14.2,24.0)	10.0 (0.3,44.5)	33.3 (0.8,90.6)	46.5	47.0
simadna_hd_100.fq	499905	499905	494859	 1.0	Bovidae	Capra_caucasica	2009	1448	+	69	144	12.1 (8.3,17.0)	16.1 (11.7,21.2)	0.0 (0.0,52.2)	0.0 (0.0,60.2)	45.4	45.3
simadna_hd_100.fq	499905	499905	494859	 1.0	Bovidae	Capra_falconeri	2173	1495	+	68	162	9.5 (6.1,14.0)	17.3 (12.9,22.5)	0.0 (0.0,60.2)	0.0 (0.0,60.2)	46.2	45.7
simadna_hd_100.fq	499905	499905	494859	 1.0	Bovidae	Capra_hircus	2192	1524	+	74	164	11.3 (7.6,16.0)	18.0 (13.6,23.1)	10.0 (0.3,44.5)	25.0 (0.6,80.6)	46.1	46.5
simadna_hd_100.fq	499905	499905	494859	 1.0	Bovidae	Capra_ibex	2314	1542	+	70	171	9.1 (5.9,13.4)	17.8 (13.5,23.0)	9.1 (0.2,41.3)	25.0 (0.6,80.6)	46.0	46.1
simadna_hd_100.fq	499905	499905	494859	 1.0	Bovidae	Capra_nubiana	2447	1627	+	67	175	8.4 (5.3,12.4)	18.1 (13.6,23.3)	20.0 (2.5,55.6)	40.0 (5.3,85.3)	46.3	47.4
simadna_hd_100.fq	499905	499905	494859	 1.0	Bovidae	Capra_pyrenaica	2577	1700	+	80	185	9.5 (6.3,13.8)	19.2 (14.9,24.3)	14.3 (0.4,57.9)	25.0 (0.6,80.6)	46.3	45.9
simadna_hd_100.fq	499905	499905	494859	 1.0	Bovidae	Capra_sibirica	2676	1744	+	74	202	11.6 (8.1,16.0)	15.2 (11.3,20.0)	25.0 (0.6,80.6)	20.0 (0.5,71.6)	46.6	48.5
simadna_hd_100.fq	499905	499905	494859	 1.0	Bovidae	Capricornis_crispus	1895	1300	++	77	174	15.6 (10.8,21.5)	24.0 (18.3,30.5)	20.0 (2.5,55.6)	40.0 (5.3,85.3)	45.2	44.4
simadna_hd_100.fq	499905	499905	494859	 1.0	Bovidae	Capricornis_milneedwardsii	1799	1274	+	60	158	10.2 (6.3,15.3)	18.7 (13.8,24.5)	20.0 (0.5,71.6)	20.0 (0.5,71.6)	44.7	44.2
simadna_hd_100.fq	499905	499905	494859	 1.0	Bovidae	Capricornis_sumatraensis	1655	1173	+	57	143	11.3 (6.9,17.1)	19.2 (14.0,25.3)	33.3 (0.8,90.6)	33.3 (0.8,90.6)	44.8	44.2
simadna_hd_100.fq	499905	499905	494859	 1.0	Bovidae	Capricornis_swinhoei	1580	1146	+	56	149	9.7 (5.7,15.0)	20.9 (15.3,27.4)	0.0 (0.0,60.2)	0.0 (0.0,84.2)	43.6	43.3
simadna_hd_100.fq	499905	499905	494859	 1.0	Bovidae	Cephalophorus_callipygus	2624	1661	++	91	215	13.7 (9.9,18.3)	19.3 (14.9,24.4)	22.2 (2.8,60.0)	33.3 (4.3,77.7)	47.3	46.6
simadna_hd_100.fq	499905	499905	494859	 1.0	Bovidae	Cephalophorus_leucogaster	2520	1656	+	76	193	11.5 (7.8,16.1)	18.9 (14.3,24.2)	20.0 (2.5,55.6)	33.3 (4.3,77.7)	45.9	45.0
simadna_hd_100.fq	499905	499905	494859	 1.0	Bovidae	Cephalophorus_natalensis	2137	1502	+	77	183	11.3 (7.6,16.0)	20.2 (15.4,25.6)	20.0 (2.5,55.6)	33.3 (4.3,77.7)	45.7	46.7
simadna_hd_100.fq	499905	499905	494859	 1.0	Bovidae	Cephalophorus_nigrifrons	2034	1441	+	73	164	12.6 (8.7,17.5)	19.4 (14.5,25.1)	20.0 (2.5,55.6)	25.0 (3.2,65.1)	45.6	46.1
simadna_hd_100.fq	499905	499905	494859	 1.0	Bovidae	Cephalophorus_ogilbyi	2231	1472	+	79	200	13.0 (9.0,18.0)	19.5 (14.9,24.9)	25.0 (3.2,65.1)	50.0 (6.8,93.2)	46.5	45.8
simadna_hd_100.fq	499905	499905	494859	 1.0	Bovidae	Cephalophorus_rufilatus	2178	1515	+	67	166	10.6 (7.1,15.0)	18.5 (13.7,24.2)	22.2 (2.8,60.0)	33.3 (4.3,77.7)	45.7	45.7
simadna_hd_100.fq	499905	499905	494859	 1.0	Bovidae	Cephalophus_dorsalis	2150	1511	+	83	177	10.7 (7.1,15.3)	21.2 (16.5,26.5)	9.1 (0.2,41.3)	12.5 (0.3,52.7)	45.2	45.7
simadna_hd_100.fq	499905	499905	494859	 1.0	Bovidae	Cephalophus_jentinki	2014	1373	+	66	156	9.8 (6.2,14.6)	20.3 (15.3,26.1)	40.0 (5.3,85.3)	40.0 (5.3,85.3)	45.1	45.2
simadna_hd_100.fq	499905	499905	494859	 1.0	Bovidae	Cephalophus_silvicultor	2248	1551	+	72	167	9.0 (5.7,13.3)	18.7 (14.3,23.8)	20.0 (2.5,55.6)	28.6 (3.7,71.0)	45.1	45.7
simadna_hd_100.fq	499905	499905	494859	 1.0	Bovidae	Cephalophus_spadix	2339	1558	++	94	199	15.7 (11.4,20.7)	21.3 (16.5,26.7)	20.0 (2.5,55.6)	20.0 (2.5,55.6)	45.5	45.0
simadna_hd_100.fq	499905	499905	494859	 1.0	Bovidae	Connochaetes_gnou	2294	1582	+	72	181	10.0 (6.7,14.2)	18.2 (13.6,23.5)	12.5 (0.3,52.7)	16.7 (0.4,64.1)	45.2	45.0
simadna_hd_100.fq	499905	499905	494859	 1.0	Bovidae	Connochaetes_taurinus	2267	1568	+	68	183	9.1 (5.9,13.3)	16.9 (12.6,22.0)	14.3 (0.4,57.9)	16.7 (0.4,64.1)	45.5	44.1
simadna_hd_100.fq	499905	499905	494859	 1.0	Bovidae	Damaliscus_lunatus	2004	1374	+	87	201	13.3 (9.1,18.5)	22.6 (17.7,28.1)	20.0 (2.5,55.6)	22.2 (2.8,60.0)	45.5	46.0
simadna_hd_100.fq	499905	499905	494859	 1.0	Bovidae	Damaliscus_pygargus	1903	1281	+	65	161	11.4 (7.5,16.3)	17.9 (13.3,23.5)	22.2 (2.8,60.0)	40.0 (5.3,85.3)	46.3	46.3
simadna_hd_100.fq	499905	499905	494859	 1.0	Bovidae	Dorcatragus_megalotis	2516	1654	+	79	170	10.2 (6.7,14.5)	18.9 (14.5,24.0)	0.0 (0.0,41.0)	0.0 (0.0,52.2)	46.3	47.1
simadna_hd_100.fq	499905	499905	494859	 1.0	Bovidae	Eudorcas_rufifrons	2005	1383	+	65	168	10.6 (6.8,15.6)	17.0 (12.6,22.2)	0.0 (0.0,52.2)	0.0 (0.0,70.8)	45.6	45.2
simadna_hd_100.fq	499905	499905	494859	 1.0	Bovidae	Gazella_bennettii	2389	1593	+	80	197	13.0 (9.0,18.0)	16.8 (12.7,21.5)	11.1 (0.3,48.2)	12.5 (0.3,52.7)	47.2	46.9
simadna_hd_100.fq	499905	499905	494859	 1.0	Bovidae	Gazella_cuvieri	1877	1311	+	50	132	10.6 (6.6,16.0)	13.7 (9.6,18.8)	28.6 (3.7,71.0)	40.0 (5.3,85.3)	45.8	47.3
simadna_hd_100.fq	499905	499905	494859	 1.0	Bovidae	Gazella_dorcas	2217	1541	+	85	192	12.5 (8.7,17.3)	18.5 (14.2,23.3)	14.3 (0.4,57.9)	20.0 (0.5,71.6)	46.6	46.8
simadna_hd_100.fq	499905	499905	494859	 1.0	Bovidae	Gazella_erlangeri	2294	1535	+	82	189	11.7 (8.0,16.4)	18.3 (14.1,23.2)	20.0 (2.5,55.6)	28.6 (3.7,71.0)	46.9	46.6
simadna_hd_100.fq	499905	499905	494859	 1.0	Bovidae	Gazella_gazella	2358	1574	+	83	181	11.1 (7.5,15.6)	18.7 (14.4,23.5)	12.5 (0.3,52.7)	20.0 (0.5,71.6)	47.0	46.9
simadna_hd_100.fq	499905	499905	494859	 1.0	Bovidae	Gazella_leptoceros	1910	1338	+	55	144	10.2 (6.3,15.2)	15.2 (10.9,20.3)	28.6 (3.7,71.0)	40.0 (5.3,85.3)	46.1	47.7
simadna_hd_100.fq	499905	499905	494859	 1.0	Bovidae	Gazella_spekei	2185	1494	+	75	172	9.8 (6.3,14.4)	18.0 (13.8,22.8)	20.0 (0.5,71.6)	20.0 (0.5,71.6)	47.1	46.6
simadna_hd_100.fq	499905	499905	494859	 1.0	Bovidae	Gazella_subgutturosa	2416	1643	+	79	204	11.8 (8.0,16.5)	17.8 (13.6,22.8)	14.3 (0.4,57.9)	14.3 (0.4,57.9)	46.8	46.4
simadna_hd_100.fq	499905	499905	494859	 1.0	Bovidae	Hemitragus_jemlahicus	2658	1751	+	83	194	9.3 (6.1,13.5)	19.5 (15.2,24.5)	12.5 (0.3,52.7)	14.3 (0.4,57.9)	45.9	45.3
simadna_hd_100.fq	499905	499905	494859	 1.0	Bovidae	Hippotragus_equinus	2553	1703	+	74	190	7.4 (4.5,11.3)	19.0 (14.7,23.9)	20.0 (2.5,55.6)	22.2 (2.8,60.0)	46.5	45.8
simadna_hd_100.fq	499905	499905	494859	 1.0	Bovidae	Hippotragus_niger	2565	1646	+	93	201	9.8 (6.4,14.2)	23.5 (18.7,28.7)	0.0 (0.0,23.2)	0.0 (0.0,60.2)	46.6	45.8
simadna_hd_100.fq	499905	499905	494859	 1.0	Bovidae	Kobus_ellipsiprymnus	1972	1372	+	69	165	9.8 (6.3,14.5)	20.2 (15.3,25.8)	12.5 (0.3,52.7)	33.3 (0.8,90.6)	45.4	45.0
simadna_hd_100.fq	499905	499905	494859	 1.0	Bovidae	Kobus_leche	2608	1775	+	77	190	10.1 (6.8,14.2)	16.8 (12.7,21.5)	25.0 (0.6,80.6)	33.3 (0.8,90.6)	45.7	45.1
simadna_hd_100.fq	499905	499905	494859	 1.0	Bovidae	Leucocephalophus_adersi	2663	1749	++	102	229	13.3 (9.6,17.8)	21.3 (16.9,26.3)	6.7 (0.2,31.9)	16.7 (0.4,64.1)	46.8	47.5
simadna_hd_100.fq	499905	499905	494859	 1.0	Bovidae	Litocranius_walleri	2656	1745	+	93	196	10.9 (7.3,15.3)	22.7 (18.0,27.9)	10.0 (0.3,44.5)	33.3 (0.8,90.6)	46.8	46.3
simadna_hd_100.fq	499905	499905	494859	 1.0	Bovidae	Madoqua_kirkii	1598	1119	+	47	138	7.2 (3.8,12.2)	17.2 (12.3,23.0)	0.0 (0.0,84.2)	0.0 (0.0,70.8)	45.2	43.9
simadna_hd_100.fq	499905	499905	494859	 1.0	Bovidae	Madoqua_saltiana	1888	1254	+	72	163	14.2 (9.5,20.1)	19.8 (15.0,25.5)	12.5 (0.3,52.7)	12.5 (0.3,52.7)	45.8	45.5
simadna_hd_100.fq	499905	499905	494859	 1.0	Bovidae	Naemorhedus_baileyi	2203	1425	+	78	177	12.9 (9.1,17.7)	18.9 (14.1,24.3)	9.1 (0.2,41.3)	12.5 (0.3,52.7)	45.9	46.8
simadna_hd_100.fq	499905	499905	494859	 1.0	Bovidae	Naemorhedus_caudatus	1931	1291	+	55	134	9.8 (5.9,15.1)	17.8 (13.0,23.5)	28.6 (3.7,71.0)	33.3 (4.3,77.7)	44.7	44.5
simadna_hd_100.fq	499905	499905	494859	 1.0	Bovidae	Naemorhedus_goral	1562	1116	+	46	114	7.6 (4.1,12.6)	20.0 (14.3,26.7)	40.0 (5.3,85.3)	40.0 (5.3,85.3)	44.6	44.7
simadna_hd_100.fq	499905	499905	494859	 1.0	Bovidae	Naemorhedus_griseus	1926	1256	+	58	163	10.0 (6.4,14.8)	17.8 (12.9,23.7)	20.0 (2.5,55.6)	40.0 (5.3,85.3)	45.8	44.9
simadna_hd_100.fq	499905	499905	494859	 1.0	Bovidae	Nanger_dama	2496	1548	+	85	189	12.3 (8.3,17.4)	20.8 (16.3,26.1)	14.3 (0.4,57.9)	14.3 (0.4,57.9)	47.3	47.0
simadna_hd_100.fq	499905	499905	494859	 1.0	Bovidae	Nanger_granti	2120	1383	+	53	139	6.8 (3.7,11.3)	17.8 (13.0,23.4)	0.0 (0.0,52.2)	0.0 (0.0,84.2)	46.8	46.9
simadna_hd_100.fq	499905	499905	494859	 1.0	Bovidae	Nanger_soemmerringii	2497	1574	+	75	188	8.8 (5.4,13.2)	21.5 (16.6,26.9)	11.1 (0.3,48.2)	25.0 (0.6,80.6)	47.4	47.1
simadna_hd_100.fq	499905	499905	494859	 1.0	Bovidae	Neotragus_batesi	2107	1393	+	68	144	10.1 (6.4,15.1)	20.8 (15.8,26.5)	33.3 (4.3,77.7)	28.6 (3.7,71.0)	45.8	45.6
simadna_hd_100.fq	499905	499905	494859	 1.0	Bovidae	Neotragus_moschatus	1981	1401	+	57	152	9.0 (5.5,13.6)	16.2 (11.8,21.6)	0.0 (0.0,84.2)	0.0 (0.0,36.9)	45.5	45.3
simadna_hd_100.fq	499905	499905	494859	 1.0	Bovidae	Oreamnos_americanus	2372	1593	+	78	179	10.6 (7.0,15.1)	19.3 (14.8,24.5)	8.3 (0.2,38.5)	14.3 (0.4,57.9)	45.8	46.2
simadna_hd_100.fq	499905	499905	494859	 1.0	Bovidae	Oreotragus_oreotragus	2368	1494	+	77	170	10.5 (6.8,15.2)	19.9 (15.3,25.2)	0.0 (0.0,70.8)	0.0 (0.0,52.2)	47.2	45.9
simadna_hd_100.fq	499905	499905	494859	 1.0	Bovidae	Oryx_beisa	2230	1509	++	73	178	16.1 (11.7,21.4)	15.9 (11.5,21.3)	28.6 (3.7,71.0)	28.6 (3.7,71.0)	46.1	44.7
simadna_hd_100.fq	499905	499905	494859	 1.0	Bovidae	Oryx_gazella	2114	1399	++	74	178	16.1 (11.7,21.4)	16.1 (11.6,21.5)	20.0 (0.5,71.6)	14.3 (0.4,57.9)	46.1	46.7
simadna_hd_100.fq	499905	499905	494859	 1.0	Bovidae	Oryx_leucoryx	2084	1423	+	55	153	9.9 (6.4,14.4)	13.7 (9.6,18.8)	0.0 (0.0,84.2)	0.0 (0.0,70.8)	46.0	44.4
simadna_hd_100.fq	499905	499905	494859	 1.0	Bovidae	Ourebia_ourebi	1952	1358	+	56	151	7.1 (3.9,11.9)	17.5 (12.9,22.8)	0.0 (0.0,60.2)	0.0 (0.0,52.2)	46.1	46.0
simadna_hd_100.fq	499905	499905	494859	 1.0	Bovidae	Ovibos_moschatus	1737	1197	+	46	138	9.1 (5.4,14.2)	14.9 (10.2,20.5)	25.0 (0.6,80.6)	33.3 (0.8,90.6)	45.5	44.8
simadna_hd_100.fq	499905	499905	494859	 1.0	Bovidae	Ovis_ammon	2061	1398	+	68	162	9.8 (6.1,14.7)	20.0 (15.1,25.6)	0.0 (0.0,52.2)	0.0 (0.0,60.2)	45.9	44.9
simadna_hd_100.fq	499905	499905	494859	 1.0	Bovidae	Ovis_aries	2387	1584	+	78	193	12.2 (8.4,16.8)	18.5 (13.9,23.8)	0.0 (0.0,60.2)	0.0 (0.0,52.2)	45.9	45.6
simadna_hd_100.fq	499905	499905	494859	 1.0	Bovidae	Ovis_canadensis	2508	1575	+	72	182	10.5 (6.9,15.1)	17.9 (13.4,23.0)	0.0 (0.0,60.2)	0.0 (0.0,52.2)	46.6	46.9
simadna_hd_100.fq	499905	499905	494859	 1.0	Bovidae	Ovis_orientalis	2381	1579	+	77	188	12.4 (8.6,17.1)	18.5 (13.9,24.0)	0.0 (0.0,60.2)	0.0 (0.0,52.2)	46.0	45.8
simadna_hd_100.fq	499905	499905	494859	 1.0	Bovidae	Ovis_vignei	2084	1409	+	66	169	10.0 (6.3,14.8)	18.6 (13.9,24.1)	0.0 (0.0,45.9)	0.0 (0.0,84.2)	45.8	45.1
simadna_hd_100.fq	499905	499905	494859	 1.0	Bovidae	Pantholops_hodgsonii	2522	1652	+	91	215	13.1 (9.0,18.2)	19.9 (15.6,24.9)	0.0 (0.0,30.8)	0.0 (0.0,36.9)	45.2	44.8
simadna_hd_100.fq	499905	499905	494859	 1.0	Bovidae	Pelea_capreolus	1950	1402	+	59	159	11.3 (7.3,16.4)	16.3 (11.7,21.8)	33.3 (0.8,90.6)	20.0 (0.5,71.6)	45.1	44.1
simadna_hd_100.fq	499905	499905	494859	 1.0	Bovidae	Philantomba_maxwellii	3531	2190	+	120	274	12.1 (8.8,16.1)	22.9 (18.7,27.6)	11.1 (1.4,34.7)	20.0 (2.5,55.6)	47.4	47.2
simadna_hd_100.fq	499905	499905	494859	 1.0	Bovidae	Philantomba_monticola	2957	1937	+	89	199	10.3 (7.0,14.5)	19.6 (15.3,24.4)	25.0 (3.2,65.1)	20.0 (2.5,55.6)	46.7	46.7
simadna_hd_100.fq	499905	499905	494859	 1.0	Bovidae	Procapra_gutturosa	2248	1473	+	67	150	12.1 (8.1,17.3)	16.9 (12.5,22.2)	10.0 (0.3,44.5)	25.0 (0.6,80.6)	47.1	46.6
simadna_hd_100.fq	499905	499905	494859	 1.0	Bovidae	Procapra_przewalskii	2365	1549	+	73	160	11.4 (7.6,16.3)	18.8 (14.2,24.1)	10.0 (0.3,44.5)	20.0 (0.5,71.6)	47.4	46.4
simadna_hd_100.fq	499905	499905	494859	 1.0	Bovidae	Pseudois_nayaur	2245	1518	+	59	150	8.4 (5.1,12.8)	18.3 (13.4,24.0)	0.0 (0.0,33.6)	0.0 (0.0,70.8)	45.4	44.0
simadna_hd_100.fq	499905	499905	494859	 1.0	Bovidae	Pseudois_schaeferi	2199	1504	+	69	171	11.0 (7.2,15.8)	18.6 (13.8,24.1)	0.0 (0.0,36.9)	0.0 (0.0,84.2)	45.5	44.3
simadna_hd_100.fq	499905	499905	494859	 1.0	Bovidae	Pseudoryx_nghetinhensis	4399	2710	+	159	377	12.3 (9.2,16.0)	22.8 (19.2,26.7)	10.5 (1.3,33.1)	22.2 (2.8,60.0)	47.8	47.1
simadna_hd_100.fq	499905	499905	494859	 1.0	Bovidae	Raphicerus_campestris	1390	1002	+	51	116	12.0 (7.1,18.5)	21.7 (15.5,28.9)	0.0 (0.0,45.9)	0.0 (0.0,84.2)	45.6	45.1
simadna_hd_100.fq	499905	499905	494859	 1.0	Bovidae	Redunca_arundinum	2145	1448	+	68	157	6.9 (4.0,11.0)	21.3 (16.4,26.9)	8.3 (0.2,38.5)	33.3 (0.8,90.6)	46.1	44.0
simadna_hd_100.fq	499905	499905	494859	 1.0	Bovidae	Redunca_fulvorufula	1720	1245	+	55	136	11.1 (7.1,16.3)	16.5 (11.7,22.3)	33.3 (0.8,90.6)	50.0 (1.3,98.7)	45.5	45.4
simadna_hd_100.fq	499905	499905	494859	 1.0	Bovidae	Rupicapra_pyrenaica	2165	1476	+	73	191	12.5 (8.4,17.7)	17.9 (13.5,23.1)	10.0 (0.3,44.5)	25.0 (0.6,80.6)	45.2	45.1
simadna_hd_100.fq	499905	499905	494859	 1.0	Bovidae	Rupicapra_rupicapra	1879	1349	+	64	161	12.1 (8.2,17.0)	16.0 (11.5,21.4)	20.0 (0.5,71.6)	16.7 (0.4,64.1)	45.0	45.1
simadna_hd_100.fq	499905	499905	494859	 1.0	Bovidae	Saiga_tatarica	2334	1528	+	64	165	11.2 (7.5,15.8)	15.6 (11.3,20.8)	14.3 (0.4,57.9)	16.7 (0.4,64.1)	46.5	46.1
simadna_hd_100.fq	499905	499905	494859	 1.0	Bovidae	Sylvicapra_grimmia	2535	1719	+	86	204	11.8 (8.2,16.3)	18.0 (13.9,22.7)	15.4 (1.9,45.4)	28.6 (3.7,71.0)	45.5	44.9
simadna_hd_100.fq	499905	499905	494859	 1.0	Bovidae	Syncerus_caffer	4877	3007	++	159	374	12.4 (9.6,15.7)	19.6 (16.2,23.3)	5.9 (0.1,28.7)	10.0 (0.3,44.5)	48.4	48.7
simadna_hd_100.fq	499905	499905	494859	 1.0	Bovidae	Taurotragus_derbianus	3452	2095	++	121	289	14.7 (10.9,19.2)	21.8 (17.7,26.5)	6.7 (0.2,31.9)	16.7 (0.4,64.1)	47.9	48.3
simadna_hd_100.fq	499905	499905	494859	 1.0	Bovidae	Tetracerus_quadricornis	3722	2247	+	117	291	12.5 (9.3,16.5)	19.8 (15.9,24.2)	16.7 (2.1,48.4)	25.0 (3.2,65.1)	48.9	49.7
simadna_hd_100.fq	499905	499905	494859	 1.0	Bovidae	Tragelaphus_angasii	2714	1723	+	99	239	11.2 (7.6,15.7)	23.3 (18.7,28.4)	6.7 (0.2,31.9)	50.0 (1.3,98.7)	48.1	48.5
simadna_hd_100.fq	499905	499905	494859	 1.0	Bovidae	Tragelaphus_eurycerus	3080	2001	++	119	273	14.7 (10.8,19.4)	22.8 (18.4,27.6)	0.0 (0.0,28.5)	0.0 (0.0,41.0)	48.0	48.7
simadna_hd_100.fq	499905	499905	494859	 1.0	Bovidae	Tragelaphus_imberbis	3135	1845	+	103	244	9.6 (6.4,13.7)	23.1 (18.7,28.0)	0.0 (0.0,28.5)	0.0 (0.0,70.8)	48.6	48.8
simadna_hd_100.fq	499905	499905	494859	 1.0	Bovidae	Tragelaphus_oryx	3099	1988	+	105	240	12.9 (9.3,17.2)	19.2 (15.2,23.7)	0.0 (0.0,60.2)	0.0 (0.0,45.9)	47.0	47.8
simadna_hd_100.fq	499905	499905	494859	 1.0	Bovidae	Tragelaphus_scriptus	2657	1771	+	88	236	13.4 (9.5,18.1)	17.6 (13.5,22.4)	0.0 (0.0,33.6)	0.0 (0.0,52.2)	47.1	47.4
simadna_hd_100.fq	499905	499905	494859	 1.0	Bovidae	Tragelaphus_spekii	3256	2051	++	128	288	15.6 (11.6,20.3)	22.5 (18.4,27.1)	13.3 (1.7,40.5)	25.0 (3.2,65.1)	48.0	48.7
simadna_hd_100.fq	499905	499905	494859	 1.0	Bovidae	Tragelaphus_strepsiceros	2297	1494	+	87	189	13.3 (9.3,18.2)	19.4 (15.0,24.5)	0.0 (0.0,36.9)	0.0 (0.0,36.9)	47.7	48.2
simadna_hd_100.fq	499905	499905	494859	 1.0	Bradypodidae	Bradypus_pygmaeus	2	2	-	0	0	N/A (N/A,N/A)	N/A (N/A,N/A)	N/A (N/A,N/A)	N/A (N/A,N/A)	41.0	N/A
simadna_hd_100.fq	499905	499905	494859	 1.0	Bradypodidae	Bradypus_torquatus	2	2	-	0	0	N/A (N/A,N/A)	0.0 (0.0,97.5)	N/A (N/A,N/A)	N/A (N/A,N/A)	41.0	N/A
simadna_hd_100.fq	499905	499905	494859	 1.0	Bradypodidae	Bradypus_variegatus	3	3	-	0	0	0.0 (0.0,97.5)	N/A (N/A,N/A)	N/A (N/A,N/A)	N/A (N/A,N/A)	42.0	N/A
simadna_hd_100.fq	499905	499905	494859	 1.0	Camelidae	Camelus_bactrianus	5	5	-	1	1	0.0 (0.0,97.5)	100.0 (2.5,100.0)	N/A (N/A,N/A)	N/A (N/A,N/A)	42.2	40.0
simadna_hd_100.fq	499905	499905	494859	 1.0	Camelidae	Camelus_dromedarius	8	8	-	1	1	0.0 (0.0,97.5)	50.0 (1.3,98.7)	N/A (N/A,N/A)	N/A (N/A,N/A)	42.6	40.0
simadna_hd_100.fq	499905	499905	494859	 1.0	Camelidae	Camelus_ferus	6	6	-	1	1	0.0 (0.0,97.5)	50.0 (1.3,98.7)	N/A (N/A,N/A)	N/A (N/A,N/A)	41.5	40.0
simadna_hd_100.fq	499905	499905	494859	 1.0	Camelidae	Lama_glama	16	14	-	2	8	25.0 (0.6,80.6)	50.0 (1.3,98.7)	N/A (N/A,N/A)	N/A (N/A,N/A)	44.0	41.5
simadna_hd_100.fq	499905	499905	494859	 1.0	Camelidae	Lama_guanicoe	14	14	-	2	8	25.0 (0.6,80.6)	50.0 (1.3,98.7)	N/A (N/A,N/A)	N/A (N/A,N/A)	42.6	41.5
simadna_hd_100.fq	499905	499905	494859	 1.0	Camelidae	Vicugna_pacos	16	16	-	3	10	40.0 (5.3,85.3)	50.0 (1.3,98.7)	N/A (N/A,N/A)	N/A (N/A,N/A)	41.8	40.4
simadna_hd_100.fq	499905	499905	494859	 1.0	Camelidae	Vicugna_vicugna	15	15	-	2	8	25.0 (0.6,80.6)	50.0 (1.3,98.7)	N/A (N/A,N/A)	N/A (N/A,N/A)	42.1	41.5
simadna_hd_100.fq	499905	499905	494859	 1.0	Canidae	Canis_latrans	7	6	-	0	0	N/A (N/A,N/A)	N/A (N/A,N/A)	N/A (N/A,N/A)	N/A (N/A,N/A)	41.2	N/A
simadna_hd_100.fq	499905	499905	494859	 1.0	Canidae	Canis_lupaster	8	7	-	0	0	0.0 (0.0,97.5)	N/A (N/A,N/A)	N/A (N/A,N/A)	N/A (N/A,N/A)	42.6	N/A
simadna_hd_100.fq	499905	499905	494859	 1.0	Canidae	Canis_lupus	9	8	-	0	0	N/A (N/A,N/A)	0.0 (0.0,97.5)	N/A (N/A,N/A)	N/A (N/A,N/A)	44.0	N/A
simadna_hd_100.fq	499905	499905	494859	 1.0	Canidae	Canis_lupus_chanco	10	9	-	1	2	N/A (N/A,N/A)	100.0 (2.5,100.0)	N/A (N/A,N/A)	N/A (N/A,N/A)	43.9	42.0
simadna_hd_100.fq	499905	499905	494859	 1.0	Canidae	Canis_lupus_familiaris	7	6	-	0	0	N/A (N/A,N/A)	0.0 (0.0,97.5)	N/A (N/A,N/A)	N/A (N/A,N/A)	44.0	N/A
simadna_hd_100.fq	499905	499905	494859	 1.0	Canidae	Canis_lupus_lupus	7	6	-	0	0	N/A (N/A,N/A)	0.0 (0.0,97.5)	N/A (N/A,N/A)	N/A (N/A,N/A)	44.0	N/A
simadna_hd_100.fq	499905	499905	494859	 1.0	Canidae	Chrysocyon_brachyurus	18	15	-	1	1	100.0 (2.5,100.0)	N/A (N/A,N/A)	N/A (N/A,N/A)	N/A (N/A,N/A)	43.0	39.0
simadna_hd_100.fq	499905	499905	494859	 1.0	Canidae	Cuon_alpinus	28	23	-	1	1	100.0 (2.5,100.0)	0.0 (0.0,97.5)	N/A (N/A,N/A)	N/A (N/A,N/A)	41.1	38.0
simadna_hd_100.fq	499905	499905	494859	 1.0	Canidae	Lycaon_pictus	28	22	-	1	4	50.0 (1.3,98.7)	0.0 (0.0,70.8)	N/A (N/A,N/A)	N/A (N/A,N/A)	42.1	42.2
simadna_hd_100.fq	499905	499905	494859	 1.0	Canidae	Nyctereutes_procyonoides	20	17	-	1	2	33.3 (0.8,90.6)	0.0 (0.0,97.5)	N/A (N/A,N/A)	0.0 (0.0,97.5)	41.8	47.0
simadna_hd_100.fq	499905	499905	494859	 1.0	Canidae	Urocyon_cinereoargenteus	17	14	-	2	5	50.0 (1.3,98.7)	50.0 (1.3,98.7)	N/A (N/A,N/A)	N/A (N/A,N/A)	45.1	47.8
simadna_hd_100.fq	499905	499905	494859	 1.0	Canidae	Vulpes_corsac	21	15	-	0	3	0.0 (0.0,60.2)	0.0 (0.0,97.5)	N/A (N/A,N/A)	N/A (N/A,N/A)	42.1	46.3
simadna_hd_100.fq	499905	499905	494859	 1.0	Canidae	Vulpes_ferrilata	43	29	-	2	3	14.3 (0.4,57.9)	50.0 (1.3,98.7)	N/A (N/A,N/A)	N/A (N/A,N/A)	41.7	48.7
simadna_hd_100.fq	499905	499905	494859	 1.0	Canidae	Vulpes_lagopus	7	6	-	0	1	0.0 (0.0,97.5)	N/A (N/A,N/A)	N/A (N/A,N/A)	N/A (N/A,N/A)	44.7	42.0
simadna_hd_100.fq	499905	499905	494859	 1.0	Canidae	Vulpes_vulpes	18	16	-	1	3	0.0 (0.0,84.2)	100.0 (2.5,100.0)	N/A (N/A,N/A)	N/A (N/A,N/A)	42.4	40.7
simadna_hd_100.fq	499905	499905	494859	 1.0	Canidae	Vulpes_zerda	16	13	-	1	1	0.0 (0.0,97.5)	100.0 (2.5,100.0)	N/A (N/A,N/A)	N/A (N/A,N/A)	42.5	45.0
simadna_hd_100.fq	499905	499905	494859	 1.0	Castoridae	Castor_fiber	2	2	-	0	0	0.0 (0.0,97.5)	N/A (N/A,N/A)	N/A (N/A,N/A)	N/A (N/A,N/A)	41.0	N/A
simadna_hd_100.fq	499905	499905	494859	 1.0	Caviidae	Cavia_porcellus	7	6	-	0	0	N/A (N/A,N/A)	0.0 (0.0,97.5)	N/A (N/A,N/A)	N/A (N/A,N/A)	41.3	N/A
simadna_hd_100.fq	499905	499905	494859	 1.0	Cebidae	Callimico_goeldii	7	6	-	0	2	0.0 (0.0,97.5)	N/A (N/A,N/A)	N/A (N/A,N/A)	N/A (N/A,N/A)	41.7	38.0
simadna_hd_100.fq	499905	499905	494859	 1.0	Cebidae	Callithrix_geoffroyi	5	5	-	0	1	N/A (N/A,N/A)	0.0 (0.0,97.5)	N/A (N/A,N/A)	N/A (N/A,N/A)	38.8	40.0
simadna_hd_100.fq	499905	499905	494859	 1.0	Cebidae	Callithrix_jacchus	5	5	-	0	1	N/A (N/A,N/A)	0.0 (0.0,97.5)	N/A (N/A,N/A)	N/A (N/A,N/A)	38.8	40.0
simadna_hd_100.fq	499905	499905	494859	 1.0	Cebidae	Callithrix_kuhlii	5	5	-	0	1	N/A (N/A,N/A)	0.0 (0.0,97.5)	N/A (N/A,N/A)	N/A (N/A,N/A)	38.8	40.0
simadna_hd_100.fq	499905	499905	494859	 1.0	Cebidae	Cebuella_pygmaea	5	5	-	0	2	0.0 (0.0,97.5)	N/A (N/A,N/A)	N/A (N/A,N/A)	N/A (N/A,N/A)	38.8	37.5
simadna_hd_100.fq	499905	499905	494859	 1.0	Cebidae	Cebus_albifrons	4	4	-	0	2	N/A (N/A,N/A)	N/A (N/A,N/A)	N/A (N/A,N/A)	N/A (N/A,N/A)	40.5	40.5
simadna_hd_100.fq	499905	499905	494859	 1.0	Cebidae	Leontopithecus_rosalia	12	11	-	1	2	50.0 (1.3,98.7)	0.0 (0.0,70.8)	N/A (N/A,N/A)	0.0 (0.0,97.5)	40.2	38.0
simadna_hd_100.fq	499905	499905	494859	 1.0	Cebidae	Saguinus_oedipus	6	5	-	0	1	0.0 (0.0,97.5)	0.0 (0.0,97.5)	N/A (N/A,N/A)	N/A (N/A,N/A)	41.0	35.0
simadna_hd_100.fq	499905	499905	494859	 1.0	Cebidae	Saimiri_boliviensis	8	8	-	0	2	N/A (N/A,N/A)	0.0 (0.0,84.2)	N/A (N/A,N/A)	N/A (N/A,N/A)	39.2	40.5
simadna_hd_100.fq	499905	499905	494859	 1.0	Cebidae	Saimiri_boliviensis_boliviensis	8	8	-	0	2	N/A (N/A,N/A)	0.0 (0.0,84.2)	N/A (N/A,N/A)	N/A (N/A,N/A)	39.2	40.5
simadna_hd_100.fq	499905	499905	494859	 1.0	Cebidae	Saimiri_oerstedii_citrinellus	8	8	-	0	2	N/A (N/A,N/A)	0.0 (0.0,97.5)	N/A (N/A,N/A)	N/A (N/A,N/A)	39.2	40.5
simadna_hd_100.fq	499905	499905	494859	 1.0	Cebidae	Saimiri_sciureus	8	8	-	0	2	N/A (N/A,N/A)	0.0 (0.0,84.2)	N/A (N/A,N/A)	N/A (N/A,N/A)	39.2	40.5
simadna_hd_100.fq	499905	499905	494859	 1.0	Cebidae	Sapajus_xanthosternos	10	9	-	2	4	33.3 (0.8,90.6)	100.0 (2.5,100.0)	N/A (N/A,N/A)	N/A (N/A,N/A)	40.8	39.5
simadna_hd_100.fq	499905	499905	494859	 1.0	Cercopithecidae	Allenopithecus_nigroviridis	7	7	-	0	0	0.0 (0.0,70.8)	0.0 (0.0,97.5)	N/A (N/A,N/A)	N/A (N/A,N/A)	45.7	N/A
simadna_hd_100.fq	499905	499905	494859	 1.0	Cercopithecidae	Allochrocebus_lhoesti	12	11	-	1	3	0.0 (0.0,60.2)	33.3 (0.8,90.6)	N/A (N/A,N/A)	N/A (N/A,N/A)	45.3	39.7
simadna_hd_100.fq	499905	499905	494859	 1.0	Cercopithecidae	Cercocebus_atys	9	7	-	0	0	0.0 (0.0,70.8)	0.0 (0.0,84.2)	N/A (N/A,N/A)	N/A (N/A,N/A)	47.3	N/A
simadna_hd_100.fq	499905	499905	494859	 1.0	Cercopithecidae	Cercocebus_chrysogaster	14	13	-	1	1	0.0 (0.0,60.2)	100.0 (2.5,100.0)	0.0 (0.0,97.5)	N/A (N/A,N/A)	41.0	36.0
simadna_hd_100.fq	499905	499905	494859	 1.0	Cercopithecidae	Cercocebus_torquatus	9	7	-	0	1	0.0 (0.0,84.2)	0.0 (0.0,97.5)	N/A (N/A,N/A)	N/A (N/A,N/A)	46.4	49.0
simadna_hd_100.fq	499905	499905	494859	 1.0	Cercopithecidae	Cercopithecus_albogularis	8	8	-	1	2	0.0 (0.0,70.8)	33.3 (0.8,90.6)	0.0 (0.0,97.5)	N/A (N/A,N/A)	43.4	36.0
simadna_hd_100.fq	499905	499905	494859	 1.0	Cercopithecidae	Cercopithecus_diana	10	9	-	2	2	0.0 (0.0,60.2)	50.0 (6.8,93.2)	0.0 (0.0,97.5)	N/A (N/A,N/A)	44.0	37.5
simadna_hd_100.fq	499905	499905	494859	 1.0	Cercopithecidae	Cercopithecus_mitis	6	6	-	0	2	0.0 (0.0,84.2)	0.0 (0.0,97.5)	N/A (N/A,N/A)	N/A (N/A,N/A)	45.7	38.5
simadna_hd_100.fq	499905	499905	494859	 1.0	Cercopithecidae	Chlorocebus_aethiops	12	11	-	1	3	0.0 (0.0,60.2)	25.0 (0.6,80.6)	N/A (N/A,N/A)	N/A (N/A,N/A)	44.0	39.7
simadna_hd_100.fq	499905	499905	494859	 1.0	Cercopithecidae	Chlorocebus_cynosuros	12	11	-	2	4	25.0 (0.6,80.6)	25.0 (0.6,80.6)	N/A (N/A,N/A)	0.0 (0.0,97.5)	43.5	39.0
simadna_hd_100.fq	499905	499905	494859	 1.0	Cercopithecidae	Chlorocebus_pygerythrus	12	11	-	2	4	25.0 (0.6,80.6)	25.0 (0.6,80.6)	N/A (N/A,N/A)	0.0 (0.0,97.5)	43.5	39.0
simadna_hd_100.fq	499905	499905	494859	 1.0	Cercopithecidae	Chlorocebus_sabaeus	16	15	-	1	4	0.0 (0.0,60.2)	33.3 (0.8,90.6)	N/A (N/A,N/A)	N/A (N/A,N/A)	43.7	39.8
simadna_hd_100.fq	499905	499905	494859	 1.0	Cercopithecidae	Chlorocebus_tantalus	15	14	-	2	3	25.0 (0.6,80.6)	25.0 (0.6,80.6)	N/A (N/A,N/A)	0.0 (0.0,97.5)	42.2	39.0
simadna_hd_100.fq	499905	499905	494859	 1.0	Cercopithecidae	Colobus_guereza	7	7	-	1	1	0.0 (0.0,70.8)	33.3 (0.8,90.6)	N/A (N/A,N/A)	N/A (N/A,N/A)	42.1	39.0
simadna_hd_100.fq	499905	499905	494859	 1.0	Cercopithecidae	Erythrocebus_patas	16	15	-	3	6	0.0 (0.0,60.2)	42.9 (9.9,81.6)	0.0 (0.0,97.5)	N/A (N/A,N/A)	42.3	38.7
simadna_hd_100.fq	499905	499905	494859	 1.0	Cercopithecidae	Lophocebus_aterrimus	6	5	-	0	0	0.0 (0.0,84.2)	0.0 (0.0,97.5)	N/A (N/A,N/A)	N/A (N/A,N/A)	48.0	N/A
simadna_hd_100.fq	499905	499905	494859	 1.0	Cercopithecidae	Macaca_arctoides	8	7	-	1	2	25.0 (0.6,80.6)	0.0 (0.0,97.5)	N/A (N/A,N/A)	N/A (N/A,N/A)	46.3	45.0
simadna_hd_100.fq	499905	499905	494859	 1.0	Cercopithecidae	Macaca_assamensis	6	6	-	0	1	0.0 (0.0,70.8)	0.0 (0.0,97.5)	N/A (N/A,N/A)	N/A (N/A,N/A)	45.7	40.0
simadna_hd_100.fq	499905	499905	494859	 1.0	Cercopithecidae	Macaca_cyclopis	9	9	-	0	1	0.0 (0.0,70.8)	0.0 (0.0,84.2)	N/A (N/A,N/A)	N/A (N/A,N/A)	43.6	40.0
simadna_hd_100.fq	499905	499905	494859	 1.0	Cercopithecidae	Macaca_fascicularis	9	8	-	2	3	20.0 (0.5,71.6)	50.0 (1.3,98.7)	0.0 (0.0,97.5)	N/A (N/A,N/A)	46.9	43.3
simadna_hd_100.fq	499905	499905	494859	 1.0	Cercopithecidae	Macaca_fuscata	8	8	-	0	1	0.0 (0.0,70.8)	0.0 (0.0,84.2)	N/A (N/A,N/A)	N/A (N/A,N/A)	45.1	40.0
simadna_hd_100.fq	499905	499905	494859	 1.0	Cercopithecidae	Macaca_leonina	6	6	-	0	0	0.0 (0.0,70.8)	0.0 (0.0,97.5)	N/A (N/A,N/A)	N/A (N/A,N/A)	45.3	N/A
simadna_hd_100.fq	499905	499905	494859	 1.0	Cercopithecidae	Macaca_mulatta	5	5	-	0	0	0.0 (0.0,70.8)	0.0 (0.0,84.2)	N/A (N/A,N/A)	N/A (N/A,N/A)	46.8	N/A
simadna_hd_100.fq	499905	499905	494859	 1.0	Cercopithecidae	Macaca_nemestrina	11	10	-	2	3	16.7 (0.4,64.1)	25.0 (0.6,80.6)	0.0 (0.0,97.5)	N/A (N/A,N/A)	44.4	43.3
simadna_hd_100.fq	499905	499905	494859	 1.0	Cercopithecidae	Macaca_nigra	12	11	-	1	2	0.0 (0.0,60.2)	33.3 (0.8,90.6)	0.0 (0.0,97.5)	N/A (N/A,N/A)	44.0	38.0
simadna_hd_100.fq	499905	499905	494859	 1.0	Cercopithecidae	Macaca_silenus	7	7	-	0	0	0.0 (0.0,70.8)	0.0 (0.0,97.5)	N/A (N/A,N/A)	N/A (N/A,N/A)	45.1	N/A
simadna_hd_100.fq	499905	499905	494859	 1.0	Cercopithecidae	Macaca_sylvanus	9	8	-	1	2	0.0 (0.0,70.8)	100.0 (2.5,100.0)	0.0 (0.0,97.5)	N/A (N/A,N/A)	42.5	38.0
simadna_hd_100.fq	499905	499905	494859	 1.0	Cercopithecidae	Macaca_thibetana	7	7	-	1	2	0.0 (0.0,60.2)	50.0 (1.3,98.7)	0.0 (0.0,97.5)	N/A (N/A,N/A)	44.9	40.0
simadna_hd_100.fq	499905	499905	494859	 1.0	Cercopithecidae	Macaca_tonkeana	12	11	-	1	2	0.0 (0.0,60.2)	50.0 (1.3,98.7)	0.0 (0.0,97.5)	N/A (N/A,N/A)	43.8	38.0
simadna_hd_100.fq	499905	499905	494859	 1.0	Cercopithecidae	Mandrillus_leucophaeus	11	10	-	1	1	0.0 (0.0,60.2)	50.0 (1.3,98.7)	0.0 (0.0,97.5)	N/A (N/A,N/A)	43.8	36.0
simadna_hd_100.fq	499905	499905	494859	 1.0	Cercopithecidae	Mandrillus_sphinx	9	8	-	2	2	20.0 (0.5,71.6)	100.0 (2.5,100.0)	0.0 (0.0,97.5)	N/A (N/A,N/A)	42.6	38.0
simadna_hd_100.fq	499905	499905	494859	 1.0	Cercopithecidae	Nasalis_larvatus	13	12	-	3	3	25.0 (0.6,80.6)	40.0 (5.3,85.3)	0.0 (0.0,97.5)	N/A (N/A,N/A)	41.6	38.7
simadna_hd_100.fq	499905	499905	494859	 1.0	Cercopithecidae	Papio_anubis	11	9	-	0	0	0.0 (0.0,84.2)	0.0 (0.0,97.5)	N/A (N/A,N/A)	N/A (N/A,N/A)	41.8	N/A
simadna_hd_100.fq	499905	499905	494859	 1.0	Cercopithecidae	Papio_cynocephalus	12	10	-	0	0	0.0 (0.0,84.2)	0.0 (0.0,97.5)	N/A (N/A,N/A)	N/A (N/A,N/A)	41.6	N/A
simadna_hd_100.fq	499905	499905	494859	 1.0	Cercopithecidae	Papio_hamadryas	13	11	-	0	0	0.0 (0.0,70.8)	0.0 (0.0,84.2)	N/A (N/A,N/A)	N/A (N/A,N/A)	43.6	N/A
simadna_hd_100.fq	499905	499905	494859	 1.0	Cercopithecidae	Papio_kindae	12	10	-	0	0	0.0 (0.0,70.8)	0.0 (0.0,84.2)	N/A (N/A,N/A)	N/A (N/A,N/A)	43.6	N/A
simadna_hd_100.fq	499905	499905	494859	 1.0	Cercopithecidae	Papio_papio	10	8	-	0	0	0.0 (0.0,84.2)	0.0 (0.0,97.5)	N/A (N/A,N/A)	N/A (N/A,N/A)	42.2	N/A
simadna_hd_100.fq	499905	499905	494859	 1.0	Cercopithecidae	Papio_ursinus	11	9	-	0	0	0.0 (0.0,70.8)	0.0 (0.0,84.2)	N/A (N/A,N/A)	N/A (N/A,N/A)	44.3	N/A
simadna_hd_100.fq	499905	499905	494859	 1.0	Cercopithecidae	Piliocolobus_badius	7	7	-	0	0	0.0 (0.0,97.5)	N/A (N/A,N/A)	N/A (N/A,N/A)	N/A (N/A,N/A)	40.9	N/A
simadna_hd_100.fq	499905	499905	494859	 1.0	Cercopithecidae	Presbytis_melalophos	9	8	-	2	3	0.0 (0.0,70.8)	40.0 (5.3,85.3)	0.0 (0.0,97.5)	N/A (N/A,N/A)	44.2	39.3
simadna_hd_100.fq	499905	499905	494859	 1.0	Cercopithecidae	Procolobus_verus	7	7	-	0	0	0.0 (0.0,84.2)	0.0 (0.0,97.5)	N/A (N/A,N/A)	N/A (N/A,N/A)	43.9	N/A
simadna_hd_100.fq	499905	499905	494859	 1.0	Cercopithecidae	Pygathrix_cinerea_1_RL-2012	21	20	-	3	6	0.0 (0.0,36.9)	33.3 (7.5,70.1)	0.0 (0.0,97.5)	N/A (N/A,N/A)	42.0	38.3
simadna_hd_100.fq	499905	499905	494859	 1.0	Cercopithecidae	Pygathrix_cinerea_2_RL-2012	18	17	-	3	5	0.0 (0.0,41.0)	33.3 (7.5,70.1)	0.0 (0.0,97.5)	N/A (N/A,N/A)	42.7	39.0
simadna_hd_100.fq	499905	499905	494859	 1.0	Cercopithecidae	Pygathrix_nemaeus	19	18	-	3	5	0.0 (0.0,41.0)	33.3 (7.5,70.1)	0.0 (0.0,97.5)	N/A (N/A,N/A)	42.3	39.0
simadna_hd_100.fq	499905	499905	494859	 1.0	Cercopithecidae	Pygathrix_nigripes	14	13	-	3	4	0.0 (0.0,52.2)	37.5 (8.5,75.5)	0.0 (0.0,97.5)	N/A (N/A,N/A)	41.9	38.5
simadna_hd_100.fq	499905	499905	494859	 1.0	Cercopithecidae	Rhinopithecus_avunculus	21	20	-	3	5	0.0 (0.0,60.2)	50.0 (11.8,88.2)	0.0 (0.0,97.5)	N/A (N/A,N/A)	43.0	39.0
simadna_hd_100.fq	499905	499905	494859	 1.0	Cercopithecidae	Rhinopithecus_bieti	12	11	-	0	1	0.0 (0.0,84.2)	0.0 (0.0,84.2)	N/A (N/A,N/A)	N/A (N/A,N/A)	42.8	41.0
simadna_hd_100.fq	499905	499905	494859	 1.0	Cercopithecidae	Rhinopithecus_bieti_1_RL-2012	12	11	-	0	1	0.0 (0.0,84.2)	0.0 (0.0,84.2)	N/A (N/A,N/A)	N/A (N/A,N/A)	42.8	41.0
simadna_hd_100.fq	499905	499905	494859	 1.0	Cercopithecidae	Rhinopithecus_bieti_2_RL-2012	8	8	-	0	1	0.0 (0.0,84.2)	N/A (N/A,N/A)	N/A (N/A,N/A)	N/A (N/A,N/A)	42.4	41.0
simadna_hd_100.fq	499905	499905	494859	 1.0	Cercopithecidae	Rhinopithecus_brelichi	15	14	-	2	4	0.0 (0.0,45.9)	40.0 (5.3,85.3)	0.0 (0.0,97.5)	N/A (N/A,N/A)	41.7	39.8
simadna_hd_100.fq	499905	499905	494859	 1.0	Cercopithecidae	Rhinopithecus_roxellana	17	16	-	2	4	0.0 (0.0,41.0)	33.3 (4.3,77.7)	0.0 (0.0,97.5)	N/A (N/A,N/A)	40.8	39.8
simadna_hd_100.fq	499905	499905	494859	 1.0	Cercopithecidae	Rhinopithecus_strykeri	7	7	-	0	1	0.0 (0.0,84.2)	N/A (N/A,N/A)	N/A (N/A,N/A)	N/A (N/A,N/A)	43.0	41.0
simadna_hd_100.fq	499905	499905	494859	 1.0	Cercopithecidae	Semnopithecus_entellus	8	8	-	0	1	0.0 (0.0,84.2)	0.0 (0.0,97.5)	N/A (N/A,N/A)	N/A (N/A,N/A)	42.0	41.0
simadna_hd_100.fq	499905	499905	494859	 1.0	Cercopithecidae	Simias_concolor	15	14	-	2	2	0.0 (0.0,60.2)	50.0 (6.8,93.2)	0.0 (0.0,97.5)	N/A (N/A,N/A)	42.0	40.0
simadna_hd_100.fq	499905	499905	494859	 1.0	Cercopithecidae	Theropithecus_gelada	8	7	-	1	2	0.0 (0.0,70.8)	50.0 (1.3,98.7)	0.0 (0.0,97.5)	N/A (N/A,N/A)	45.9	40.0
simadna_hd_100.fq	499905	499905	494859	 1.0	Cercopithecidae	Trachypithecus_cristatus	18	17	-	0	1	0.0 (0.0,84.2)	0.0 (0.0,84.2)	N/A (N/A,N/A)	N/A (N/A,N/A)	42.5	59.0
simadna_hd_100.fq	499905	499905	494859	 1.0	Cercopithecidae	Trachypithecus_francoisi	8	8	-	0	1	0.0 (0.0,84.2)	0.0 (0.0,97.5)	N/A (N/A,N/A)	N/A (N/A,N/A)	43.6	37.0
simadna_hd_100.fq	499905	499905	494859	 1.0	Cercopithecidae	Trachypithecus_germaini	8	8	-	1	1	50.0 (1.3,98.7)	N/A (N/A,N/A)	N/A (N/A,N/A)	N/A (N/A,N/A)	42.6	40.0
simadna_hd_100.fq	499905	499905	494859	 1.0	Cercopithecidae	Trachypithecus_hatinhensis	11	11	-	1	3	0.0 (0.0,70.8)	50.0 (1.3,98.7)	N/A (N/A,N/A)	N/A (N/A,N/A)	42.3	36.7
simadna_hd_100.fq	499905	499905	494859	 1.0	Cercopithecidae	Trachypithecus_johnii	4	4	-	0	0	0.0 (0.0,97.5)	0.0 (0.0,97.5)	N/A (N/A,N/A)	N/A (N/A,N/A)	46.0	N/A
simadna_hd_100.fq	499905	499905	494859	 1.0	Cercopithecidae	Trachypithecus_obscurus	11	11	-	1	2	0.0 (0.0,97.5)	100.0 (2.5,100.0)	N/A (N/A,N/A)	N/A (N/A,N/A)	42.5	48.5
simadna_hd_100.fq	499905	499905	494859	 1.0	Cercopithecidae	Trachypithecus_pileatus	7	6	-	1	1	33.3 (0.8,90.6)	N/A (N/A,N/A)	N/A (N/A,N/A)	N/A (N/A,N/A)	40.5	35.0
simadna_hd_100.fq	499905	499905	494859	 1.0	Cercopithecidae	Trachypithecus_shortridgei	8	7	-	1	1	33.3 (0.8,90.6)	N/A (N/A,N/A)	N/A (N/A,N/A)	N/A (N/A,N/A)	40.9	35.0
simadna_hd_100.fq	499905	499905	494859	 1.0	Cercopithecidae	Trachypithecus_vetulus	10	10	-	3	4	0.0 (0.0,84.2)	50.0 (11.8,88.2)	0.0 (0.0,97.5)	N/A (N/A,N/A)	41.9	38.5
simadna_hd_100.fq	499905	499905	494859	 1.0	Cervidae	Alces_alces	40	38	-	2	7	20.0 (0.5,71.6)	14.3 (0.4,57.9)	N/A (N/A,N/A)	N/A (N/A,N/A)	43.7	45.0
simadna_hd_100.fq	499905	499905	494859	 1.0	Cervidae	Axis_axis	47	46	-	2	9	9.1 (0.2,41.3)	9.1 (0.2,41.3)	0.0 (0.0,97.5)	N/A (N/A,N/A)	41.3	39.7
simadna_hd_100.fq	499905	499905	494859	 1.0	Cervidae	Axis_porcinus	33	33	-	3	6	16.7 (0.4,64.1)	25.0 (3.2,65.1)	N/A (N/A,N/A)	N/A (N/A,N/A)	42.9	40.2
simadna_hd_100.fq	499905	499905	494859	 1.0	Cervidae	Blastocerus_dichotomus	48	48	-	3	7	9.1 (0.2,41.3)	28.6 (3.7,71.0)	N/A (N/A,N/A)	N/A (N/A,N/A)	40.5	39.4
simadna_hd_100.fq	499905	499905	494859	 1.0	Cervidae	Capreolus_capreolus	39	38	-	0	6	0.0 (0.0,70.8)	0.0 (0.0,52.2)	N/A (N/A,N/A)	N/A (N/A,N/A)	41.1	39.2
simadna_hd_100.fq	499905	499905	494859	 1.0	Cervidae	Capreolus_pygargus	35	34	-	0	5	0.0 (0.0,84.2)	0.0 (0.0,45.9)	N/A (N/A,N/A)	N/A (N/A,N/A)	41.4	39.4
simadna_hd_100.fq	499905	499905	494859	 1.0	Cervidae	Cervus_albirostris	43	42	-	3	11	14.3 (0.4,57.9)	25.0 (3.2,65.1)	0.0 (0.0,97.5)	N/A (N/A,N/A)	41.6	41.6
simadna_hd_100.fq	499905	499905	494859	 1.0	Cervidae	Cervus_canadensis_songaricus	51	50	-	1	9	10.0 (0.3,44.5)	0.0 (0.0,60.2)	N/A (N/A,N/A)	N/A (N/A,N/A)	41.7	40.8
simadna_hd_100.fq	499905	499905	494859	 1.0	Cervidae	Cervus_elaphus	47	45	-	2	9	14.3 (0.4,57.9)	25.0 (0.6,80.6)	N/A (N/A,N/A)	N/A (N/A,N/A)	41.8	41.7
simadna_hd_100.fq	499905	499905	494859	 1.0	Cervidae	Cervus_elaphus_xanthopygus	48	45	-	1	9	11.1 (0.3,48.2)	0.0 (0.0,60.2)	N/A (N/A,N/A)	N/A (N/A,N/A)	43.3	45.3
simadna_hd_100.fq	499905	499905	494859	 1.0	Cervidae	Cervus_hanglu_yarkandensis	50	48	-	2	8	14.3 (0.4,57.9)	25.0 (0.6,80.6)	N/A (N/A,N/A)	N/A (N/A,N/A)	41.4	42.8
simadna_hd_100.fq	499905	499905	494859	 1.0	Cervidae	Cervus_nippon_centralis	47	45	-	2	9	22.2 (2.8,60.0)	14.3 (0.4,57.9)	100.0 (2.5,100.0)	50.0 (1.3,98.7)	42.0	43.7
simadna_hd_100.fq	499905	499905	494859	 1.0	Cervidae	Cervus_nippon_hortulorum	40	39	-	1	5	12.5 (0.3,52.7)	16.7 (0.4,64.1)	100.0 (2.5,100.0)	100.0 (2.5,100.0)	41.0	40.4
simadna_hd_100.fq	499905	499905	494859	 1.0	Cervidae	Cervus_nippon_kopschi	34	32	-	1	7	16.7 (0.4,64.1)	0.0 (0.0,52.2)	N/A (N/A,N/A)	N/A (N/A,N/A)	40.9	46.1
simadna_hd_100.fq	499905	499905	494859	 1.0	Cervidae	Cervus_nippon_sichuanicus	34	32	-	1	7	16.7 (0.4,64.1)	0.0 (0.0,52.2)	N/A (N/A,N/A)	N/A (N/A,N/A)	40.9	46.1
simadna_hd_100.fq	499905	499905	494859	 1.0	Cervidae	Cervus_nippon_taiouanus	39	37	-	1	6	14.3 (0.4,57.9)	0.0 (0.0,84.2)	N/A (N/A,N/A)	N/A (N/A,N/A)	42.2	47.3
simadna_hd_100.fq	499905	499905	494859	 1.0	Cervidae	Cervus_nippon_yakushimae	43	41	-	1	6	0.0 (0.0,33.6)	25.0 (0.6,80.6)	N/A (N/A,N/A)	N/A (N/A,N/A)	41.6	39.7
simadna_hd_100.fq	499905	499905	494859	 1.0	Cervidae	Cervus_nippon_yesoensis	41	39	-	2	8	28.6 (3.7,71.0)	16.7 (0.4,64.1)	100.0 (2.5,100.0)	50.0 (1.3,98.7)	42.3	43.9
simadna_hd_100.fq	499905	499905	494859	 1.0	Cervidae	Dama_dama	49	48	-	4	11	16.7 (0.4,64.1)	25.0 (5.5,57.2)	N/A (N/A,N/A)	0.0 (0.0,97.5)	41.1	38.4
simadna_hd_100.fq	499905	499905	494859	 1.0	Cervidae	Dama_mesopotamica	38	38	-	0	4	0.0 (0.0,45.9)	0.0 (0.0,41.0)	N/A (N/A,N/A)	N/A (N/A,N/A)	41.1	40.0
simadna_hd_100.fq	499905	499905	494859	 1.0	Cervidae	Elaphodus_cephalophus	36	36	-	3	7	22.2 (2.8,60.0)	14.3 (0.4,57.9)	0.0 (0.0,97.5)	0.0 (0.0,97.5)	40.9	40.3
simadna_hd_100.fq	499905	499905	494859	 1.0	Cervidae	Elaphurus_davidianus	30	30	-	2	4	12.5 (0.3,52.7)	25.0 (0.6,80.6)	N/A (N/A,N/A)	N/A (N/A,N/A)	40.4	41.2
simadna_hd_100.fq	499905	499905	494859	 1.0	Cervidae	Hippocamelus_antisensis	36	35	-	2	6	11.1 (0.3,48.2)	20.0 (0.5,71.6)	N/A (N/A,N/A)	N/A (N/A,N/A)	42.1	38.7
simadna_hd_100.fq	499905	499905	494859	 1.0	Cervidae	Hydropotes_inermis	32	31	-	2	6	16.7 (0.4,64.1)	25.0 (0.6,80.6)	0.0 (0.0,97.5)	N/A (N/A,N/A)	41.9	42.0
simadna_hd_100.fq	499905	499905	494859	 1.0	Cervidae	Hydropotes_inermis_argyropus	27	26	-	1	5	25.0 (0.6,80.6)	0.0 (0.0,84.2)	N/A (N/A,N/A)	N/A (N/A,N/A)	42.3	43.0
simadna_hd_100.fq	499905	499905	494859	 1.0	Cervidae	Mazama_americana	43	43	-	3	6	15.4 (1.9,45.4)	11.1 (0.3,48.2)	N/A (N/A,N/A)	N/A (N/A,N/A)	39.9	39.2
simadna_hd_100.fq	499905	499905	494859	 1.0	Cervidae	Mazama_rufina	55	54	-	3	12	16.7 (2.1,48.4)	11.1 (0.3,48.2)	N/A (N/A,N/A)	N/A (N/A,N/A)	41.9	42.0
simadna_hd_100.fq	499905	499905	494859	 1.0	Cervidae	Muntiacus_crinifrons	36	35	-	3	8	12.5 (0.3,52.7)	28.6 (3.7,71.0)	0.0 (0.0,97.5)	N/A (N/A,N/A)	41.4	43.4
simadna_hd_100.fq	499905	499905	494859	 1.0	Cervidae	Muntiacus_muntjak	37	36	-	0	2	0.0 (0.0,45.9)	0.0 (0.0,41.0)	N/A (N/A,N/A)	N/A (N/A,N/A)	40.8	43.0
simadna_hd_100.fq	499905	499905	494859	 1.0	Cervidae	Muntiacus_reevesi	43	40	-	1	4	0.0 (0.0,45.9)	10.0 (0.3,44.5)	N/A (N/A,N/A)	N/A (N/A,N/A)	41.8	42.8
simadna_hd_100.fq	499905	499905	494859	 1.0	Cervidae	Muntiacus_reevesi_micrurus	46	43	-	3	8	11.1 (0.3,48.2)	18.2 (2.3,51.8)	0.0 (0.0,97.5)	N/A (N/A,N/A)	42.6	43.1
simadna_hd_100.fq	499905	499905	494859	 1.0	Cervidae	Muntiacus_vuquangensis	42	41	-	4	10	10.0 (0.3,44.5)	37.5 (8.5,75.5)	N/A (N/A,N/A)	N/A (N/A,N/A)	41.7	42.0
simadna_hd_100.fq	499905	499905	494859	 1.0	Cervidae	Odocoileus_hemionus	39	37	-	1	4	0.0 (0.0,33.6)	14.3 (0.4,57.9)	N/A (N/A,N/A)	N/A (N/A,N/A)	41.2	42.2
simadna_hd_100.fq	499905	499905	494859	 1.0	Cervidae	Odocoileus_virginianus	45	42	-	1	5	0.0 (0.0,26.5)	20.0 (0.5,71.6)	N/A (N/A,N/A)	N/A (N/A,N/A)	41.8	43.6
simadna_hd_100.fq	499905	499905	494859	 1.0	Cervidae	Ozotoceros_bezoarticus	47	45	-	2	5	16.7 (2.1,48.4)	0.0 (0.0,41.0)	N/A (N/A,N/A)	N/A (N/A,N/A)	39.9	39.8
simadna_hd_100.fq	499905	499905	494859	 1.0	Cervidae	Passalites_nemorivagus	45	45	-	2	7	0.0 (0.0,30.8)	20.0 (2.5,55.6)	N/A (N/A,N/A)	N/A (N/A,N/A)	41.5	44.4
simadna_hd_100.fq	499905	499905	494859	 1.0	Cervidae	Pudu_mephistophiles	51	51	-	4	13	16.7 (2.1,48.4)	25.0 (3.2,65.1)	N/A (N/A,N/A)	N/A (N/A,N/A)	42.0	42.3
simadna_hd_100.fq	499905	499905	494859	 1.0	Cervidae	Pudu_puda	49	48	-	2	7	22.2 (2.8,60.0)	0.0 (0.0,30.8)	N/A (N/A,N/A)	N/A (N/A,N/A)	40.9	39.6
simadna_hd_100.fq	499905	499905	494859	 1.0	Cervidae	Rangifer_tarandus	55	51	-	3	8	20.0 (2.5,55.6)	16.7 (0.4,64.1)	N/A (N/A,N/A)	N/A (N/A,N/A)	44.5	42.5
simadna_hd_100.fq	499905	499905	494859	 1.0	Cervidae	Rucervus_duvaucelii	47	45	-	0	6	0.0 (0.0,36.9)	0.0 (0.0,36.9)	N/A (N/A,N/A)	N/A (N/A,N/A)	41.2	40.3
simadna_hd_100.fq	499905	499905	494859	 1.0	Cervidae	Rucervus_eldii	28	28	-	0	2	0.0 (0.0,60.2)	0.0 (0.0,45.9)	N/A (N/A,N/A)	N/A (N/A,N/A)	42.1	39.5
simadna_hd_100.fq	499905	499905	494859	 1.0	Cervidae	Rusa_alfredi	33	33	-	0	3	0.0 (0.0,70.8)	0.0 (0.0,84.2)	N/A (N/A,N/A)	N/A (N/A,N/A)	41.1	39.7
simadna_hd_100.fq	499905	499905	494859	 1.0	Cervidae	Rusa_timorensis	45	43	-	1	3	14.3 (0.4,57.9)	0.0 (0.0,52.2)	N/A (N/A,N/A)	N/A (N/A,N/A)	41.5	42.0
simadna_hd_100.fq	499905	499905	494859	 1.0	Cervidae	Rusa_unicolor_swinhoei	36	35	-	2	9	0.0 (0.0,60.2)	25.0 (3.2,65.1)	0.0 (0.0,97.5)	N/A (N/A,N/A)	41.5	41.6
simadna_hd_100.fq	499905	499905	494859	 1.0	Cervidae	Subulo_gouazoubira	49	48	-	1	6	10.0 (0.3,44.5)	0.0 (0.0,36.9)	N/A (N/A,N/A)	N/A (N/A,N/A)	41.2	40.7
simadna_hd_100.fq	499905	499905	494859	 1.0	Cheirogaleidae	Microcebus_murinus	3	3	-	1	2	0.0 (0.0,84.2)	100.0 (2.5,100.0)	0.0 (0.0,97.5)	N/A (N/A,N/A)	37.0	38.0
simadna_hd_100.fq	499905	499905	494859	 1.0	Chinchillidae	Chinchilla_lanigera	5	4	-	1	1	0.0 (0.0,97.5)	50.0 (1.3,98.7)	N/A (N/A,N/A)	N/A (N/A,N/A)	40.0	40.0
simadna_hd_100.fq	499905	499905	494859	 1.0	Chlamyphoridae	Cabassous_centralis	2	2	-	0	0	N/A (N/A,N/A)	N/A (N/A,N/A)	N/A (N/A,N/A)	N/A (N/A,N/A)	38.5	N/A
simadna_hd_100.fq	499905	499905	494859	 1.0	Chlamyphoridae	Cabassous_chacoensis	5	5	-	1	2	0.0 (0.0,97.5)	100.0 (2.5,100.0)	0.0 (0.0,97.5)	N/A (N/A,N/A)	38.8	39.0
simadna_hd_100.fq	499905	499905	494859	 1.0	Chlamyphoridae	Cabassous_tatouay	2	2	-	0	0	N/A (N/A,N/A)	N/A (N/A,N/A)	N/A (N/A,N/A)	N/A (N/A,N/A)	39.0	N/A
simadna_hd_100.fq	499905	499905	494859	 1.0	Chlamyphoridae	Cabassous_unicinctus	2	2	-	0	0	N/A (N/A,N/A)	N/A (N/A,N/A)	N/A (N/A,N/A)	N/A (N/A,N/A)	39.0	N/A
simadna_hd_100.fq	499905	499905	494859	 1.0	Chlamyphoridae	Calyptophractus_retusus	12	11	-	3	4	40.0 (5.3,85.3)	25.0 (0.6,80.6)	0.0 (0.0,97.5)	0.0 (0.0,97.5)	43.4	43.0
simadna_hd_100.fq	499905	499905	494859	 1.0	Chlamyphoridae	Chaetophractus_vellerosus	8	6	-	0	0	N/A (N/A,N/A)	0.0 (0.0,97.5)	N/A (N/A,N/A)	N/A (N/A,N/A)	43.7	N/A
simadna_hd_100.fq	499905	499905	494859	 1.0	Chlamyphoridae	Chaetophractus_villosus	5	4	-	0	0	N/A (N/A,N/A)	N/A (N/A,N/A)	N/A (N/A,N/A)	N/A (N/A,N/A)	42.8	N/A
simadna_hd_100.fq	499905	499905	494859	 1.0	Chlamyphoridae	Chlamyphorus_truncatus	4	4	-	1	1	0.0 (0.0,97.5)	50.0 (1.3,98.7)	0.0 (0.0,97.5)	N/A (N/A,N/A)	40.0	38.0
simadna_hd_100.fq	499905	499905	494859	 1.0	Chlamyphoridae	Euphractus_sexcinctus	5	4	-	0	0	N/A (N/A,N/A)	N/A (N/A,N/A)	N/A (N/A,N/A)	N/A (N/A,N/A)	43.8	N/A
simadna_hd_100.fq	499905	499905	494859	 1.0	Chlamyphoridae	Priodontes_maximus	2	2	-	0	1	0.0 (0.0,97.5)	N/A (N/A,N/A)	N/A (N/A,N/A)	N/A (N/A,N/A)	39.0	40.0
simadna_hd_100.fq	499905	499905	494859	 1.0	Chlamyphoridae	Tolypeutes_matacus	2	2	-	0	1	N/A (N/A,N/A)	N/A (N/A,N/A)	N/A (N/A,N/A)	N/A (N/A,N/A)	43.0	38.0
simadna_hd_100.fq	499905	499905	494859	 1.0	Chlamyphoridae	Tolypeutes_tricinctus	4	4	-	0	1	0.0 (0.0,97.5)	0.0 (0.0,97.5)	N/A (N/A,N/A)	N/A (N/A,N/A)	40.8	38.0
simadna_hd_100.fq	499905	499905	494859	 1.0	Chlamyphoridae	Zaedyus_pichiy	3	2	-	0	0	N/A (N/A,N/A)	N/A (N/A,N/A)	N/A (N/A,N/A)	N/A (N/A,N/A)	47.5	N/A
simadna_hd_100.fq	499905	499905	494859	 1.0	Chrysochloridae	Chrysochloris_asiatica	15	13	-	1	3	0.0 (0.0,84.2)	100.0 (2.5,100.0)	0.0 (0.0,97.5)	N/A (N/A,N/A)	40.9	38.3
simadna_hd_100.fq	499905	499905	494859	 1.0	Chrysochloridae	Eremitalpa_granti	13	9	-	0	2	N/A (N/A,N/A)	N/A (N/A,N/A)	N/A (N/A,N/A)	N/A (N/A,N/A)	45.3	41.5
simadna_hd_100.fq	499905	499905	494859	 1.0	Cricetidae	Akodon_montensis	1	1	-	0	0	N/A (N/A,N/A)	N/A (N/A,N/A)	N/A (N/A,N/A)	N/A (N/A,N/A)	37.0	N/A
simadna_hd_100.fq	499905	499905	494859	 1.0	Cricetidae	Alexandromys_fortis_calamorum	3	3	-	0	0	0.0 (0.0,97.5)	N/A (N/A,N/A)	N/A (N/A,N/A)	N/A (N/A,N/A)	37.7	N/A
simadna_hd_100.fq	499905	499905	494859	 1.0	Cricetidae	Alexandromys_fortis_fortis	3	3	-	0	0	0.0 (0.0,97.5)	N/A (N/A,N/A)	N/A (N/A,N/A)	N/A (N/A,N/A)	37.7	N/A
simadna_hd_100.fq	499905	499905	494859	 1.0	Cricetidae	Alexandromys_kikuchii	1	1	-	0	0	N/A (N/A,N/A)	N/A (N/A,N/A)	N/A (N/A,N/A)	N/A (N/A,N/A)	37.0	N/A
simadna_hd_100.fq	499905	499905	494859	 1.0	Cricetidae	Cricetulus_griseus	7	7	-	0	0	0.0 (0.0,84.2)	N/A (N/A,N/A)	N/A (N/A,N/A)	N/A (N/A,N/A)	39.9	N/A
simadna_hd_100.fq	499905	499905	494859	 1.0	Cricetidae	Cricetulus_longicaudatus	7	7	-	0	0	0.0 (0.0,84.2)	N/A (N/A,N/A)	N/A (N/A,N/A)	N/A (N/A,N/A)	38.9	N/A
simadna_hd_100.fq	499905	499905	494859	 1.0	Cricetidae	Mesocricetus_auratus	8	8	-	0	2	0.0 (0.0,70.8)	0.0 (0.0,97.5)	N/A (N/A,N/A)	N/A (N/A,N/A)	39.9	40.0
simadna_hd_100.fq	499905	499905	494859	 1.0	Cricetidae	Microtus_rossiaemeridionalis	2	2	-	0	0	N/A (N/A,N/A)	N/A (N/A,N/A)	N/A (N/A,N/A)	N/A (N/A,N/A)	39.0	N/A
simadna_hd_100.fq	499905	499905	494859	 1.0	Cricetidae	Mictomicrotus_liangshanensis	3	3	-	0	1	N/A (N/A,N/A)	N/A (N/A,N/A)	N/A (N/A,N/A)	N/A (N/A,N/A)	44.3	47.0
simadna_hd_100.fq	499905	499905	494859	 1.0	Cricetidae	Myodes_glareolus	4	4	-	0	0	N/A (N/A,N/A)	0.0 (0.0,97.5)	N/A (N/A,N/A)	N/A (N/A,N/A)	40.2	N/A
simadna_hd_100.fq	499905	499905	494859	 1.0	Cricetidae	Myodes_regulus	2	2	-	0	0	N/A (N/A,N/A)	N/A (N/A,N/A)	N/A (N/A,N/A)	N/A (N/A,N/A)	41.0	N/A
simadna_hd_100.fq	499905	499905	494859	 1.0	Cricetidae	Tscherskia_triton	4	4	-	0	0	0.0 (0.0,97.5)	N/A (N/A,N/A)	N/A (N/A,N/A)	N/A (N/A,N/A)	43.2	N/A
simadna_hd_100.fq	499905	499905	494859	 1.0	Cricetidae	Urocricetus_kamensis	1	1	-	0	0	N/A (N/A,N/A)	N/A (N/A,N/A)	N/A (N/A,N/A)	N/A (N/A,N/A)	38.0	N/A
simadna_hd_100.fq	499905	499905	494859	 1.0	Cricetidae	Wiedomys_cerradensis	9	9	-	1	1	33.3 (0.8,90.6)	0.0 (0.0,97.5)	N/A (N/A,N/A)	0.0 (0.0,97.5)	39.6	38.0
simadna_hd_100.fq	499905	499905	494859	 1.0	Ctenomyidae	Ctenomys_leucodon	1	1	-	0	0	N/A (N/A,N/A)	N/A (N/A,N/A)	N/A (N/A,N/A)	N/A (N/A,N/A)	40.0	N/A
simadna_hd_100.fq	499905	499905	494859	 1.0	Cyclopedidae	Cyclopes_didactylus	4	3	-	0	0	N/A (N/A,N/A)	N/A (N/A,N/A)	N/A (N/A,N/A)	N/A (N/A,N/A)	39.0	N/A
simadna_hd_100.fq	499905	499905	494859	 1.0	Cynocephalidae	Galeopterus_variegatus	6	5	-	0	2	0.0 (0.0,97.5)	0.0 (0.0,97.5)	N/A (N/A,N/A)	N/A (N/A,N/A)	42.8	37.0
simadna_hd_100.fq	499905	499905	494859	 1.0	Dasypodidae	Dasypus_hybridus	9	9	-	3	3	66.7 (9.4,99.2)	66.7 (9.4,99.2)	100.0 (2.5,100.0)	100.0 (2.5,100.0)	44.3	43.7
simadna_hd_100.fq	499905	499905	494859	 1.0	Dasypodidae	Dasypus_kappleri	1	1	-	1	1	N/A (N/A,N/A)	100.0 (2.5,100.0)	N/A (N/A,N/A)	N/A (N/A,N/A)	50.0	50.0
simadna_hd_100.fq	499905	499905	494859	 1.0	Dasypodidae	Dasypus_novemcinctus	8	8	-	0	0	N/A (N/A,N/A)	0.0 (0.0,97.5)	N/A (N/A,N/A)	N/A (N/A,N/A)	43.1	N/A
simadna_hd_100.fq	499905	499905	494859	 1.0	Dasypodidae	Dasypus_pilosus	8	8	-	0	0	N/A (N/A,N/A)	0.0 (0.0,97.5)	N/A (N/A,N/A)	N/A (N/A,N/A)	42.5	N/A
simadna_hd_100.fq	499905	499905	494859	 1.0	Dasypodidae	Dasypus_sabanicola	7	7	-	0	0	N/A (N/A,N/A)	0.0 (0.0,97.5)	N/A (N/A,N/A)	N/A (N/A,N/A)	39.7	N/A
simadna_hd_100.fq	499905	499905	494859	 1.0	Dasypodidae	Dasypus_septemcinctus	9	9	-	3	3	66.7 (9.4,99.2)	66.7 (9.4,99.2)	100.0 (2.5,100.0)	100.0 (2.5,100.0)	44.3	43.7
simadna_hd_100.fq	499905	499905	494859	 1.0	Dasypodidae	Dasypus_yepesi	4	4	-	0	0	N/A (N/A,N/A)	N/A (N/A,N/A)	N/A (N/A,N/A)	N/A (N/A,N/A)	36.8	N/A
simadna_hd_100.fq	499905	499905	494859	 1.0	Daubentoniidae	Daubentonia_madagascariensis	3	3	-	0	0	N/A (N/A,N/A)	0.0 (0.0,97.5)	N/A (N/A,N/A)	N/A (N/A,N/A)	39.7	N/A
simadna_hd_100.fq	499905	499905	494859	 1.0	Delphinidae	Cephalorhynchus_heavisidii	7	6	-	1	1	0.0 (0.0,97.5)	50.0 (1.3,98.7)	N/A (N/A,N/A)	N/A (N/A,N/A)	39.3	37.0
simadna_hd_100.fq	499905	499905	494859	 1.0	Delphinidae	Delphinus_capensis	2	2	-	0	0	0.0 (0.0,97.5)	N/A (N/A,N/A)	N/A (N/A,N/A)	N/A (N/A,N/A)	40.5	N/A
simadna_hd_100.fq	499905	499905	494859	 1.0	Delphinidae	Feresa_attenuata	8	8	-	0	0	0.0 (0.0,97.5)	0.0 (0.0,97.5)	N/A (N/A,N/A)	N/A (N/A,N/A)	41.0	N/A
simadna_hd_100.fq	499905	499905	494859	 1.0	Delphinidae	Globicephala_macrorhynchus	7	7	-	1	1	0.0 (0.0,97.5)	50.0 (1.3,98.7)	N/A (N/A,N/A)	N/A (N/A,N/A)	40.3	38.0
simadna_hd_100.fq	499905	499905	494859	 1.0	Delphinidae	Grampus_griseus	5	5	-	0	0	0.0 (0.0,97.5)	0.0 (0.0,84.2)	N/A (N/A,N/A)	N/A (N/A,N/A)	39.0	N/A
simadna_hd_100.fq	499905	499905	494859	 1.0	Delphinidae	Orcaella_brevirostris	5	5	-	0	0	0.0 (0.0,97.5)	N/A (N/A,N/A)	N/A (N/A,N/A)	N/A (N/A,N/A)	41.0	N/A
simadna_hd_100.fq	499905	499905	494859	 1.0	Delphinidae	Orcaella_heinsohni	4	4	-	2	2	33.3 (0.8,90.6)	100.0 (2.5,100.0)	0.0 (0.0,97.5)	N/A (N/A,N/A)	42.5	45.0
simadna_hd_100.fq	499905	499905	494859	 1.0	Delphinidae	Peponocephala_electra	8	8	-	0	0	0.0 (0.0,97.5)	0.0 (0.0,97.5)	N/A (N/A,N/A)	N/A (N/A,N/A)	41.0	N/A
simadna_hd_100.fq	499905	499905	494859	 1.0	Delphinidae	Pseudorca_crassidens	9	9	-	0	1	0.0 (0.0,97.5)	0.0 (0.0,70.8)	N/A (N/A,N/A)	N/A (N/A,N/A)	39.3	39.0
simadna_hd_100.fq	499905	499905	494859	 1.0	Delphinidae	Sousa_chinensis	2	2	-	0	1	N/A (N/A,N/A)	N/A (N/A,N/A)	N/A (N/A,N/A)	N/A (N/A,N/A)	39.0	37.0
simadna_hd_100.fq	499905	499905	494859	 1.0	Delphinidae	Stenella_attenuata	1	1	-	0	0	N/A (N/A,N/A)	N/A (N/A,N/A)	N/A (N/A,N/A)	N/A (N/A,N/A)	41.0	N/A
simadna_hd_100.fq	499905	499905	494859	 1.0	Delphinidae	Tursiops_aduncus	1	1	-	0	0	N/A (N/A,N/A)	N/A (N/A,N/A)	N/A (N/A,N/A)	N/A (N/A,N/A)	41.0	N/A
simadna_hd_100.fq	499905	499905	494859	 1.0	Delphinidae	Tursiops_truncatus	1	1	-	0	0	N/A (N/A,N/A)	N/A (N/A,N/A)	N/A (N/A,N/A)	N/A (N/A,N/A)	41.0	N/A
simadna_hd_100.fq	499905	499905	494859	 1.0	Dipodidae	Dipus_sagitta	2	2	-	1	1	50.0 (1.3,98.7)	N/A (N/A,N/A)	N/A (N/A,N/A)	N/A (N/A,N/A)	39.0	37.0
simadna_hd_100.fq	499905	499905	494859	 1.0	Dipodidae	Euchoreutes_naso	6	6	-	1	1	33.3 (0.8,90.6)	N/A (N/A,N/A)	N/A (N/A,N/A)	N/A (N/A,N/A)	42.3	37.0
simadna_hd_100.fq	499905	499905	494859	 1.0	Dipodidae	Jaculus_jaculus	2	2	-	1	1	50.0 (1.3,98.7)	N/A (N/A,N/A)	N/A (N/A,N/A)	N/A (N/A,N/A)	39.0	37.0
simadna_hd_100.fq	499905	499905	494859	 1.0	Dipodidae	Stylodipus_telum	2	2	-	1	1	50.0 (1.3,98.7)	N/A (N/A,N/A)	N/A (N/A,N/A)	N/A (N/A,N/A)	39.0	37.0
simadna_hd_100.fq	499905	499905	494859	 1.0	Dugongidae	Dugong_dugon	2	2	-	0	1	0.0 (0.0,97.5)	0.0 (0.0,97.5)	N/A (N/A,N/A)	N/A (N/A,N/A)	40.5	42.0
simadna_hd_100.fq	499905	499905	494859	 1.0	Echimyidae	Proechimys_longicaudatus	2	2	-	0	0	N/A (N/A,N/A)	0.0 (0.0,97.5)	N/A (N/A,N/A)	N/A (N/A,N/A)	37.0	N/A
simadna_hd_100.fq	499905	499905	494859	 1.0	Elephantidae	Elephas_maximus	7413	6282	++	520	1134	24.7 (22.0,27.5)	27.7 (25.0,30.6)	21.1 (9.6,37.3)	21.6 (9.8,38.2)	51.0	50.5
simadna_hd_100.fq	499905	499905	494859	 1.0	Elephantidae	Loxodonta_africana	6839	5815	++	459	1028	23.1 (20.4,25.9)	27.0 (24.1,29.9)	20.0 (9.6,34.6)	27.3 (13.3,45.5)	50.6	49.9
simadna_hd_100.fq	499905	499905	494859	 1.0	Elephantidae	Loxodonta_cyclotis	7287	6184	++	505	1103	23.9 (21.3,26.6)	27.3 (24.6,30.2)	10.0 (2.8,23.7)	12.1 (3.4,28.2)	50.7	49.9
simadna_hd_100.fq	499905	499905	494859	 1.0	Elephantidae	Mammuthus_columbi	12589	10269	++	1061	2155	29.4 (27.3,31.5)	30.7 (28.5,32.9)	26.9 (18.7,36.5)	30.8 (21.5,41.3)	53.6	53.1
simadna_hd_100.fq	499905	499905	494859	 1.0	Elephantidae	Mammuthus_primigenius	12843	10440	++	1071	2204	29.1 (27.0,31.2)	30.3 (28.2,32.5)	27.1 (19.0,36.6)	30.2 (21.3,40.4)	53.8	53.4
simadna_hd_100.fq	499905	499905	494859	 1.0	Equidae	Equus_asinus	11	11	-	1	2	33.3 (0.8,90.6)	0.0 (0.0,97.5)	N/A (N/A,N/A)	N/A (N/A,N/A)	40.5	39.5
simadna_hd_100.fq	499905	499905	494859	 1.0	Equidae	Equus_grevyi	9	9	-	1	2	33.3 (0.8,90.6)	0.0 (0.0,97.5)	N/A (N/A,N/A)	N/A (N/A,N/A)	40.1	39.5
simadna_hd_100.fq	499905	499905	494859	 1.0	Equidae	Equus_hemionus	17	16	-	1	2	25.0 (0.6,80.6)	0.0 (0.0,97.5)	N/A (N/A,N/A)	N/A (N/A,N/A)	40.9	39.5
simadna_hd_100.fq	499905	499905	494859	 1.0	Equidae	Equus_hemionus_kulan	28	23	-	1	2	25.0 (0.6,80.6)	0.0 (0.0,84.2)	N/A (N/A,N/A)	N/A (N/A,N/A)	41.4	39.5
simadna_hd_100.fq	499905	499905	494859	 1.0	Equidae	Equus_kiang	17	16	-	1	2	25.0 (0.6,80.6)	0.0 (0.0,97.5)	N/A (N/A,N/A)	N/A (N/A,N/A)	40.9	39.5
simadna_hd_100.fq	499905	499905	494859	 1.0	Equidae	Equus_ovodovi	10	10	-	1	3	20.0 (0.5,71.6)	0.0 (0.0,97.5)	N/A (N/A,N/A)	N/A (N/A,N/A)	39.5	38.0
simadna_hd_100.fq	499905	499905	494859	 1.0	Equidae	Equus_przewalskii	25	22	-	2	4	33.3 (4.3,77.7)	0.0 (0.0,97.5)	N/A (N/A,N/A)	N/A (N/A,N/A)	40.0	39.5
simadna_hd_100.fq	499905	499905	494859	 1.0	Equidae	Equus_quagga_chapmani	14	13	-	1	2	33.3 (0.8,90.6)	0.0 (0.0,97.5)	N/A (N/A,N/A)	N/A (N/A,N/A)	39.2	39.5
simadna_hd_100.fq	499905	499905	494859	 1.0	Equidae	Equus_zebra	7	7	-	1	2	33.3 (0.8,90.6)	N/A (N/A,N/A)	N/A (N/A,N/A)	N/A (N/A,N/A)	40.0	39.5
simadna_hd_100.fq	499905	499905	494859	 1.0	Equidae	Equus_zebra_hartmannae	8	8	-	1	2	33.3 (0.8,90.6)	N/A (N/A,N/A)	N/A (N/A,N/A)	N/A (N/A,N/A)	39.8	39.5
simadna_hd_100.fq	499905	499905	494859	 1.0	Erethizontidae	Coendou_insidiosus	1	1	-	0	0	N/A (N/A,N/A)	N/A (N/A,N/A)	N/A (N/A,N/A)	N/A (N/A,N/A)	35.0	N/A
simadna_hd_100.fq	499905	499905	494859	 1.0	Erinaceidae	Echinosorex_gymnura	6	6	-	1	1	0.0 (0.0,97.5)	100.0 (2.5,100.0)	N/A (N/A,N/A)	N/A (N/A,N/A)	39.8	36.0
simadna_hd_100.fq	499905	499905	494859	 1.0	Erinaceidae	Erinaceus_europaeus	1	1	-	0	0	N/A (N/A,N/A)	N/A (N/A,N/A)	N/A (N/A,N/A)	N/A (N/A,N/A)	36.0	N/A
simadna_hd_100.fq	499905	499905	494859	 1.0	Erinaceidae	Hemiechinus_auritus	3	3	-	0	0	N/A (N/A,N/A)	0.0 (0.0,97.5)	N/A (N/A,N/A)	N/A (N/A,N/A)	38.0	N/A
simadna_hd_100.fq	499905	499905	494859	 1.0	Eupleridae	Mungotictis_decemlineata	85	47	-	3	5	14.3 (0.4,57.9)	22.2 (2.8,60.0)	N/A (N/A,N/A)	N/A (N/A,N/A)	43.4	42.0
simadna_hd_100.fq	499905	499905	494859	 1.0	Felidae	Acinonyx_jubatus	95	88	+	8	16	31.2 (11.0,58.7)	13.0 (2.8,33.6)	N/A (N/A,N/A)	N/A (N/A,N/A)	43.0	41.6
simadna_hd_100.fq	499905	499905	494859	 1.0	Felidae	Caracal_caracal	47	44	-	3	7	28.6 (3.7,71.0)	12.5 (0.3,52.7)	N/A (N/A,N/A)	N/A (N/A,N/A)	44.1	42.4
simadna_hd_100.fq	499905	499905	494859	 1.0	Felidae	Catopuma_badia	83	77	+	8	15	33.3 (11.8,61.6)	23.1 (5.0,53.8)	N/A (N/A,N/A)	N/A (N/A,N/A)	43.1	43.6
simadna_hd_100.fq	499905	499905	494859	 1.0	Felidae	Catopuma_temminckii	107	94	-	7	15	17.6 (3.8,43.4)	28.6 (8.4,58.1)	0.0 (0.0,97.5)	N/A (N/A,N/A)	42.9	43.2
simadna_hd_100.fq	499905	499905	494859	 1.0	Felidae	Felis_catus	99	94	-	5	14	13.6 (2.9,34.9)	12.5 (1.6,38.3)	N/A (N/A,N/A)	N/A (N/A,N/A)	44.2	42.7
simadna_hd_100.fq	499905	499905	494859	 1.0	Felidae	Felis_chaus	84	78	-	6	14	25.0 (7.3,52.4)	13.3 (1.7,40.5)	N/A (N/A,N/A)	N/A (N/A,N/A)	44.9	43.1
simadna_hd_100.fq	499905	499905	494859	 1.0	Felidae	Felis_margarita	90	87	-	5	12	17.6 (3.8,43.4)	13.3 (1.7,40.5)	N/A (N/A,N/A)	N/A (N/A,N/A)	44.4	43.4
simadna_hd_100.fq	499905	499905	494859	 1.0	Felidae	Felis_nigripes	97	92	+	9	19	25.0 (9.8,46.7)	15.0 (3.2,37.9)	0.0 (0.0,97.5)	N/A (N/A,N/A)	44.7	43.2
simadna_hd_100.fq	499905	499905	494859	 1.0	Felidae	Felis_silvestris	93	89	-	5	11	15.0 (3.2,37.9)	13.3 (1.7,40.5)	N/A (N/A,N/A)	N/A (N/A,N/A)	43.9	44.5
simadna_hd_100.fq	499905	499905	494859	 1.0	Felidae	Herpailurus_yagouaroundi	101	91	-	9	18	26.7 (7.8,55.1)	26.3 (9.1,51.2)	N/A (N/A,N/A)	N/A (N/A,N/A)	43.5	43.2
simadna_hd_100.fq	499905	499905	494859	 1.0	Felidae	Leopardus_colocola	114	103	+	11	16	38.9 (17.3,64.3)	19.0 (5.4,41.9)	0.0 (0.0,97.5)	N/A (N/A,N/A)	43.3	42.8
simadna_hd_100.fq	499905	499905	494859	 1.0	Felidae	Leopardus_geoffroyi	122	108	+	9	19	13.6 (2.9,34.9)	28.6 (11.3,52.2)	N/A (N/A,N/A)	N/A (N/A,N/A)	43.3	44.2
simadna_hd_100.fq	499905	499905	494859	 1.0	Felidae	Leopardus_guigna	115	104	-	10	17	26.3 (9.1,51.2)	26.3 (9.1,51.2)	0.0 (0.0,97.5)	N/A (N/A,N/A)	43.0	43.1
simadna_hd_100.fq	499905	499905	494859	 1.0	Felidae	Leopardus_jacobita	83	78	++	13	16	42.1 (20.3,66.5)	27.8 (9.7,53.5)	N/A (N/A,N/A)	N/A (N/A,N/A)	44.2	43.6
simadna_hd_100.fq	499905	499905	494859	 1.0	Felidae	Leopardus_pardalis	118	106	-	8	18	19.0 (5.4,41.9)	16.7 (4.7,37.4)	N/A (N/A,N/A)	N/A (N/A,N/A)	43.2	42.1
simadna_hd_100.fq	499905	499905	494859	 1.0	Felidae	Leopardus_tigrinus	129	109	-	9	20	17.6 (3.8,43.4)	24.0 (9.4,45.1)	0.0 (0.0,97.5)	N/A (N/A,N/A)	43.3	43.2
simadna_hd_100.fq	499905	499905	494859	 1.0	Felidae	Leopardus_wiedii	119	107	-	7	12	18.2 (5.2,40.3)	16.7 (3.6,41.4)	N/A (N/A,N/A)	N/A (N/A,N/A)	42.9	42.8
simadna_hd_100.fq	499905	499905	494859	 1.0	Felidae	Leptailurus_serval	102	97	-	7	13	16.7 (4.7,37.4)	18.8 (4.0,45.6)	N/A (N/A,N/A)	N/A (N/A,N/A)	43.4	44.6
simadna_hd_100.fq	499905	499905	494859	 1.0	Felidae	Lynx_canadensis	126	104	+	10	19	36.0 (18.0,57.5)	4.5 (0.1,22.8)	N/A (N/A,N/A)	0.0 (0.0,84.2)	44.3	43.2
simadna_hd_100.fq	499905	499905	494859	 1.0	Felidae	Lynx_lynx	146	118	-	8	17	22.2 (8.6,42.3)	9.1 (1.1,29.2)	N/A (N/A,N/A)	0.0 (0.0,97.5)	43.3	43.1
simadna_hd_100.fq	499905	499905	494859	 1.0	Felidae	Lynx_pardinus	119	99	+	8	15	26.9 (11.6,47.8)	6.2 (0.2,30.2)	N/A (N/A,N/A)	0.0 (0.0,84.2)	44.1	43.5
simadna_hd_100.fq	499905	499905	494859	 1.0	Felidae	Lynx_rufus	83	79	+	11	16	36.0 (18.0,57.5)	16.7 (2.1,48.4)	0.0 (0.0,97.5)	0.0 (0.0,97.5)	43.6	42.5
simadna_hd_100.fq	499905	499905	494859	 1.0	Felidae	Neofelis_nebulosa	69	66	-	5	9	27.3 (6.0,61.0)	14.3 (1.8,42.8)	N/A (N/A,N/A)	N/A (N/A,N/A)	43.4	43.8
simadna_hd_100.fq	499905	499905	494859	 1.0	Felidae	Otocolobus_manul	80	73	-	4	10	11.8 (1.5,36.4)	14.3 (1.8,42.8)	0.0 (0.0,97.5)	N/A (N/A,N/A)	43.4	43.0
simadna_hd_100.fq	499905	499905	494859	 1.0	Felidae	Panthera_leo	101	89	+	7	13	29.4 (10.3,56.0)	18.2 (2.3,51.8)	N/A (N/A,N/A)	0.0 (0.0,97.5)	42.2	44.3
simadna_hd_100.fq	499905	499905	494859	 1.0	Felidae	Panthera_leo_persica	96	84	+	9	14	38.9 (17.3,64.3)	20.0 (2.5,55.6)	N/A (N/A,N/A)	0.0 (0.0,97.5)	42.3	44.7
simadna_hd_100.fq	499905	499905	494859	 1.0	Felidae	Panthera_onca	87	79	-	6	10	21.4 (4.7,50.8)	30.0 (6.7,65.2)	N/A (N/A,N/A)	N/A (N/A,N/A)	43.0	44.2
simadna_hd_100.fq	499905	499905	494859	 1.0	Felidae	Panthera_pardus	83	75	+	11	13	44.4 (21.5,69.2)	33.3 (7.5,70.1)	N/A (N/A,N/A)	N/A (N/A,N/A)	41.9	41.6
simadna_hd_100.fq	499905	499905	494859	 1.0	Felidae	Panthera_tigris	89	78	-	5	7	27.3 (6.0,61.0)	14.3 (1.8,42.8)	N/A (N/A,N/A)	N/A (N/A,N/A)	43.7	48.9
simadna_hd_100.fq	499905	499905	494859	 1.0	Felidae	Panthera_tigris_amoyensis	86	76	-	6	8	23.1 (5.0,53.8)	20.0 (4.3,48.1)	N/A (N/A,N/A)	N/A (N/A,N/A)	43.8	49.0
simadna_hd_100.fq	499905	499905	494859	 1.0	Felidae	Panthera_uncia	74	69	++	10	11	37.5 (15.2,64.6)	40.0 (12.2,73.8)	N/A (N/A,N/A)	N/A (N/A,N/A)	41.8	42.8
simadna_hd_100.fq	499905	499905	494859	 1.0	Felidae	Pardofelis_marmorata	98	86	-	6	13	28.6 (8.4,58.1)	16.7 (2.1,48.4)	N/A (N/A,N/A)	N/A (N/A,N/A)	42.0	42.1
simadna_hd_100.fq	499905	499905	494859	 1.0	Felidae	Prionailurus_bengalensis	110	98	++	12	22	28.6 (11.3,52.2)	37.5 (15.2,64.6)	N/A (N/A,N/A)	N/A (N/A,N/A)	43.3	43.4
simadna_hd_100.fq	499905	499905	494859	 1.0	Felidae	Prionailurus_bengalensis_euptilurus	88	81	+	10	19	26.7 (7.8,55.1)	31.6 (12.6,56.6)	N/A (N/A,N/A)	0.0 (0.0,97.5)	43.2	43.8
simadna_hd_100.fq	499905	499905	494859	 1.0	Felidae	Prionailurus_planiceps	79	72	++	9	14	45.5 (16.7,76.6)	33.3 (11.8,61.6)	100.0 (2.5,100.0)	100.0 (2.5,100.0)	41.4	44.1
simadna_hd_100.fq	499905	499905	494859	 1.0	Felidae	Prionailurus_rubiginosus	86	76	-	7	16	21.4 (4.7,50.8)	25.0 (7.3,52.4)	N/A (N/A,N/A)	N/A (N/A,N/A)	43.7	44.6
simadna_hd_100.fq	499905	499905	494859	 1.0	Felidae	Prionailurus_viverrinus	103	90	-	8	16	26.7 (7.8,55.1)	21.1 (6.1,45.6)	N/A (N/A,N/A)	N/A (N/A,N/A)	43.3	43.9
simadna_hd_100.fq	499905	499905	494859	 1.0	Felidae	Profelis_aurata	86	77	-	3	9	15.4 (1.9,45.4)	6.7 (0.2,31.9)	N/A (N/A,N/A)	N/A (N/A,N/A)	44.0	42.8
simadna_hd_100.fq	499905	499905	494859	 1.0	Felidae	Puma_concolor	80	76	+	9	14	46.7 (21.3,73.4)	13.3 (1.7,40.5)	N/A (N/A,N/A)	0.0 (0.0,97.5)	42.9	41.6
simadna_hd_100.fq	499905	499905	494859	 1.0	Galagidae	Galago_moholi	1	1	-	0	0	N/A (N/A,N/A)	N/A (N/A,N/A)	N/A (N/A,N/A)	N/A (N/A,N/A)	37.0	N/A
simadna_hd_100.fq	499905	499905	494859	 1.0	Galagidae	Galago_senegalensis	3	3	-	0	0	N/A (N/A,N/A)	0.0 (0.0,97.5)	N/A (N/A,N/A)	N/A (N/A,N/A)	43.0	N/A
simadna_hd_100.fq	499905	499905	494859	 1.0	Galagidae	Otolemur_crassicaudatus	2	2	-	0	1	N/A (N/A,N/A)	0.0 (0.0,97.5)	N/A (N/A,N/A)	N/A (N/A,N/A)	39.5	39.0
simadna_hd_100.fq	499905	499905	494859	 1.0	Giraffidae	Giraffa_camelopardalis	12	11	-	1	5	N/A (N/A,N/A)	50.0 (1.3,98.7)	N/A (N/A,N/A)	N/A (N/A,N/A)	42.6	44.6
simadna_hd_100.fq	499905	499905	494859	 1.0	Giraffidae	Giraffa_giraffa_angolensis	11	11	-	1	3	50.0 (1.3,98.7)	0.0 (0.0,84.2)	N/A (N/A,N/A)	N/A (N/A,N/A)	43.7	45.0
simadna_hd_100.fq	499905	499905	494859	 1.0	Giraffidae	Okapia_johnstoni	4	4	-	0	0	N/A (N/A,N/A)	0.0 (0.0,97.5)	N/A (N/A,N/A)	N/A (N/A,N/A)	41.2	N/A
simadna_hd_100.fq	499905	499905	494859	 1.0	Gliridae	Glis_glis	1	1	-	0	0	0.0 (0.0,97.5)	N/A (N/A,N/A)	N/A (N/A,N/A)	N/A (N/A,N/A)	41.0	N/A
simadna_hd_100.fq	499905	499905	494859	 1.0	Herpestidae	Urva_javanica	14	14	-	1	2	0.0 (0.0,41.0)	33.3 (0.8,90.6)	N/A (N/A,N/A)	N/A (N/A,N/A)	42.7	38.5
simadna_hd_100.fq	499905	499905	494859	 1.0	Hippopotamidae	Hexaprotodon_liberiensis	8	8	-	0	1	N/A (N/A,N/A)	0.0 (0.0,84.2)	N/A (N/A,N/A)	N/A (N/A,N/A)	42.4	36.0
simadna_hd_100.fq	499905	499905	494859	 1.0	Hippopotamidae	Hippopotamus_amphibius	7	7	-	0	2	N/A (N/A,N/A)	0.0 (0.0,84.2)	N/A (N/A,N/A)	N/A (N/A,N/A)	42.9	42.0
simadna_hd_100.fq	499905	499905	494859	 1.0	Hipposideridae	Hipposideros_armiger	2	1	-	0	0	N/A (N/A,N/A)	N/A (N/A,N/A)	N/A (N/A,N/A)	N/A (N/A,N/A)	49.0	N/A
simadna_hd_100.fq	499905	499905	494859	 1.0	Hominidae	Gorilla_gorilla	361	355	+	20	57	19.6 (10.2,32.4)	17.0 (8.1,29.8)	0.0 (0.0,97.5)	0.0 (0.0,97.5)	47.0	46.8
simadna_hd_100.fq	499905	499905	494859	 1.0	Hominidae	Gorilla_gorilla_gorilla	364	356	-	19	52	16.4 (8.2,28.1)	18.2 (9.1,30.9)	50.0 (1.3,98.7)	50.0 (1.3,98.7)	46.7	47.4
simadna_hd_100.fq	499905	499905	494859	 1.0	Hominidae	Homo_heidelbergensis	2277	2173	++	184	440	18.8 (15.1,23.1)	27.8 (23.4,32.4)	4.0 (0.1,20.4)	10.0 (0.3,44.5)	51.5	51.2
simadna_hd_100.fq	499905	499905	494859	 1.0	Hominidae	Homo_sapiens	2621	2495	++	236	534	21.2 (17.6,25.2)	30.1 (26.0,34.5)	11.8 (3.3,27.5)	22.2 (6.4,47.6)	52.0	51.2
simadna_hd_100.fq	499905	499905	494859	 1.0	Hominidae	Homo_sapiens_neanderthalensis	2805	2671	++	274	605	23.9 (20.3,27.9)	29.9 (26.0,34.0)	15.8 (6.0,31.3)	25.0 (9.8,46.7)	52.5	51.9
simadna_hd_100.fq	499905	499905	494859	 1.0	Hominidae	Homo_sapiens_subsp._'Denisova'	2308	2200	++	200	449	21.5 (17.5,25.9)	29.5 (25.1,34.3)	4.3 (0.1,21.9)	7.1 (0.2,33.9)	51.4	50.6
simadna_hd_100.fq	499905	499905	494859	 1.0	Hominidae	Pan_paniscus	671	643	+	34	98	13.4 (7.3,21.8)	20.2 (13.1,28.9)	12.5 (0.3,52.7)	25.0 (0.6,80.6)	47.6	47.4
simadna_hd_100.fq	499905	499905	494859	 1.0	Hominidae	Pan_troglodytes	607	587	+	30	88	11.6 (5.7,20.3)	19.6 (12.4,28.6)	0.0 (0.0,60.2)	0.0 (0.0,70.8)	47.1	49.3
simadna_hd_100.fq	499905	499905	494859	 1.0	Hominidae	Pongo_abelii	131	128	+	11	25	25.0 (9.8,46.7)	26.3 (9.1,51.2)	0.0 (0.0,97.5)	0.0 (0.0,84.2)	45.1	48.3
simadna_hd_100.fq	499905	499905	494859	 1.0	Hominidae	Pongo_pygmaeus	103	101	-	5	11	21.4 (4.7,50.8)	16.7 (2.1,48.4)	N/A (N/A,N/A)	N/A (N/A,N/A)	45.2	50.2
simadna_hd_100.fq	499905	499905	494859	 1.0	Hyaenidae	Crocuta_crocuta	108956	27862	++	2834	5788	24.2 (23.1,25.3)	26.3 (25.1,27.4)	23.0 (18.5,27.9)	24.2 (19.6,29.3)	63.9	64.2
simadna_hd_100.fq	499905	499905	494859	 1.0	Hyaenidae	Hyaena_hyaena	16981	7296	++	460	1063	14.7 (12.7,16.8)	22.8 (20.5,25.2)	20.7 (11.2,33.4)	30.8 (17.0,47.6)	51.2	50.9
simadna_hd_100.fq	499905	499905	494859	 1.0	Hylobatidae	Hylobates_agilis	2	2	-	0	0	0.0 (0.0,97.5)	0.0 (0.0,97.5)	N/A (N/A,N/A)	N/A (N/A,N/A)	40.0	N/A
simadna_hd_100.fq	499905	499905	494859	 1.0	Hylobatidae	Hylobates_lar	2	2	-	0	0	0.0 (0.0,97.5)	0.0 (0.0,97.5)	N/A (N/A,N/A)	N/A (N/A,N/A)	40.0	N/A
simadna_hd_100.fq	499905	499905	494859	 1.0	Hylobatidae	Hylobates_pileatus	1	1	-	0	0	N/A (N/A,N/A)	N/A (N/A,N/A)	N/A (N/A,N/A)	N/A (N/A,N/A)	39.0	N/A
simadna_hd_100.fq	499905	499905	494859	 1.0	Hylobatidae	Nomascus_gabriellae	2	2	-	0	0	0.0 (0.0,97.5)	0.0 (0.0,97.5)	N/A (N/A,N/A)	N/A (N/A,N/A)	40.0	N/A
simadna_hd_100.fq	499905	499905	494859	 1.0	Hylobatidae	Nomascus_leucogenys	2	2	-	0	0	0.0 (0.0,97.5)	0.0 (0.0,97.5)	N/A (N/A,N/A)	N/A (N/A,N/A)	40.0	N/A
simadna_hd_100.fq	499905	499905	494859	 1.0	Hylobatidae	Nomascus_siki	3	3	-	0	0	0.0 (0.0,97.5)	0.0 (0.0,97.5)	N/A (N/A,N/A)	N/A (N/A,N/A)	39.7	N/A
simadna_hd_100.fq	499905	499905	494859	 1.0	Hylobatidae	Symphalangus_syndactylus	2	2	-	0	0	0.0 (0.0,97.5)	0.0 (0.0,97.5)	N/A (N/A,N/A)	N/A (N/A,N/A)	40.0	N/A
simadna_hd_100.fq	499905	499905	494859	 1.0	Indriidae	Avahi_laniger	4	4	-	0	1	N/A (N/A,N/A)	0.0 (0.0,97.5)	N/A (N/A,N/A)	N/A (N/A,N/A)	37.8	45.0
simadna_hd_100.fq	499905	499905	494859	 1.0	Indriidae	Indri_indri	2	2	-	1	2	N/A (N/A,N/A)	100.0 (2.5,100.0)	N/A (N/A,N/A)	N/A (N/A,N/A)	42.0	42.0
simadna_hd_100.fq	499905	499905	494859	 1.0	Indriidae	Propithecus_coquereli	5	4	-	0	0	N/A (N/A,N/A)	0.0 (0.0,84.2)	N/A (N/A,N/A)	N/A (N/A,N/A)	38.8	N/A
simadna_hd_100.fq	499905	499905	494859	 1.0	Indriidae	Propithecus_diadema	3	3	-	0	0	N/A (N/A,N/A)	0.0 (0.0,97.5)	N/A (N/A,N/A)	N/A (N/A,N/A)	36.7	N/A
simadna_hd_100.fq	499905	499905	494859	 1.0	Indriidae	Propithecus_edwardsi	3	3	-	0	0	N/A (N/A,N/A)	0.0 (0.0,97.5)	N/A (N/A,N/A)	N/A (N/A,N/A)	36.7	N/A
simadna_hd_100.fq	499905	499905	494859	 1.0	Indriidae	Propithecus_tattersalli	5	4	-	0	0	N/A (N/A,N/A)	0.0 (0.0,84.2)	N/A (N/A,N/A)	N/A (N/A,N/A)	38.8	N/A
simadna_hd_100.fq	499905	499905	494859	 1.0	Indriidae	Propithecus_verreauxi	8	7	-	0	0	N/A (N/A,N/A)	0.0 (0.0,84.2)	N/A (N/A,N/A)	N/A (N/A,N/A)	41.6	N/A
simadna_hd_100.fq	499905	499905	494859	 1.0	Lemuridae	Eulemur_fulvus_fulvus	20	16	-	0	2	0.0 (0.0,70.8)	0.0 (0.0,60.2)	N/A (N/A,N/A)	N/A (N/A,N/A)	41.5	40.0
simadna_hd_100.fq	499905	499905	494859	 1.0	Lemuridae	Eulemur_fulvus_mayottensis	20	16	-	0	2	0.0 (0.0,70.8)	0.0 (0.0,60.2)	N/A (N/A,N/A)	N/A (N/A,N/A)	41.5	40.0
simadna_hd_100.fq	499905	499905	494859	 1.0	Lemuridae	Eulemur_macaco_macaco	20	16	-	0	2	0.0 (0.0,70.8)	0.0 (0.0,60.2)	N/A (N/A,N/A)	N/A (N/A,N/A)	41.5	40.0
simadna_hd_100.fq	499905	499905	494859	 1.0	Lemuridae	Eulemur_mongoz	20	16	-	0	3	0.0 (0.0,70.8)	0.0 (0.0,60.2)	N/A (N/A,N/A)	N/A (N/A,N/A)	42.7	41.3
simadna_hd_100.fq	499905	499905	494859	 1.0	Lemuridae	Eulemur_rubriventer	18	16	-	0	2	0.0 (0.0,70.8)	0.0 (0.0,84.2)	N/A (N/A,N/A)	N/A (N/A,N/A)	40.6	41.5
simadna_hd_100.fq	499905	499905	494859	 1.0	Lemuridae	Eulemur_rufus	23	18	-	1	3	25.0 (0.6,80.6)	0.0 (0.0,60.2)	N/A (N/A,N/A)	0.0 (0.0,97.5)	41.9	40.7
simadna_hd_100.fq	499905	499905	494859	 1.0	Lemuridae	Hapalemur_griseus	12	11	-	1	1	0.0 (0.0,60.2)	33.3 (0.8,90.6)	N/A (N/A,N/A)	N/A (N/A,N/A)	38.6	37.0
simadna_hd_100.fq	499905	499905	494859	 1.0	Lemuridae	Prolemur_simus	11	8	-	1	2	0.0 (0.0,70.8)	25.0 (0.6,80.6)	N/A (N/A,N/A)	N/A (N/A,N/A)	42.5	39.0
simadna_hd_100.fq	499905	499905	494859	 1.0	Lemuridae	Varecia_variegata	18	15	-	1	2	25.0 (0.6,80.6)	0.0 (0.0,70.8)	N/A (N/A,N/A)	N/A (N/A,N/A)	40.0	40.5
simadna_hd_100.fq	499905	499905	494859	 1.0	Lemuridae	Varecia_variegata_variegata	18	15	-	0	1	0.0 (0.0,70.8)	0.0 (0.0,70.8)	N/A (N/A,N/A)	N/A (N/A,N/A)	39.8	41.0
simadna_hd_100.fq	499905	499905	494859	 1.0	Lepilemuridae	Lepilemur_hubbardi	1	1	-	0	0	N/A (N/A,N/A)	N/A (N/A,N/A)	N/A (N/A,N/A)	N/A (N/A,N/A)	47.0	N/A
simadna_hd_100.fq	499905	499905	494859	 1.0	Lepilemuridae	Lepilemur_ruficaudatus	1	1	-	0	0	N/A (N/A,N/A)	N/A (N/A,N/A)	N/A (N/A,N/A)	N/A (N/A,N/A)	47.0	N/A
simadna_hd_100.fq	499905	499905	494859	 1.0	Lepilemuridae	Megaladapis_edwardsi	3	3	-	0	0	0.0 (0.0,97.5)	N/A (N/A,N/A)	N/A (N/A,N/A)	N/A (N/A,N/A)	45.0	N/A
simadna_hd_100.fq	499905	499905	494859	 1.0	Leporidae	Lepus_americanus	4	4	-	1	1	N/A (N/A,N/A)	100.0 (2.5,100.0)	N/A (N/A,N/A)	N/A (N/A,N/A)	42.0	36.0
simadna_hd_100.fq	499905	499905	494859	 1.0	Leporidae	Lepus_capensis	6	6	-	0	0	N/A (N/A,N/A)	N/A (N/A,N/A)	N/A (N/A,N/A)	N/A (N/A,N/A)	42.5	N/A
simadna_hd_100.fq	499905	499905	494859	 1.0	Leporidae	Lepus_coreanus	11	11	-	0	1	0.0 (0.0,97.5)	0.0 (0.0,84.2)	N/A (N/A,N/A)	N/A (N/A,N/A)	41.9	35.0
simadna_hd_100.fq	499905	499905	494859	 1.0	Leporidae	Lepus_europaeus	1	1	-	0	0	N/A (N/A,N/A)	N/A (N/A,N/A)	N/A (N/A,N/A)	N/A (N/A,N/A)	43.0	N/A
simadna_hd_100.fq	499905	499905	494859	 1.0	Leporidae	Lepus_granatensis	11	11	-	0	1	0.0 (0.0,97.5)	0.0 (0.0,84.2)	N/A (N/A,N/A)	N/A (N/A,N/A)	41.9	35.0
simadna_hd_100.fq	499905	499905	494859	 1.0	Leporidae	Lepus_hainanus	3	3	-	0	1	0.0 (0.0,97.5)	0.0 (0.0,97.5)	N/A (N/A,N/A)	N/A (N/A,N/A)	39.7	37.0
simadna_hd_100.fq	499905	499905	494859	 1.0	Leporidae	Lepus_sinensis	4	4	-	1	2	100.0 (2.5,100.0)	N/A (N/A,N/A)	N/A (N/A,N/A)	N/A (N/A,N/A)	40.8	38.0
simadna_hd_100.fq	499905	499905	494859	 1.0	Leporidae	Lepus_timidus	11	11	-	0	1	0.0 (0.0,97.5)	0.0 (0.0,84.2)	N/A (N/A,N/A)	N/A (N/A,N/A)	41.9	35.0
simadna_hd_100.fq	499905	499905	494859	 1.0	Leporidae	Lepus_tolai	6	6	-	0	0	N/A (N/A,N/A)	N/A (N/A,N/A)	N/A (N/A,N/A)	N/A (N/A,N/A)	42.5	N/A
simadna_hd_100.fq	499905	499905	494859	 1.0	Leporidae	Lepus_townsendii	11	11	-	2	2	0.0 (0.0,84.2)	50.0 (6.8,93.2)	N/A (N/A,N/A)	N/A (N/A,N/A)	40.3	40.5
simadna_hd_100.fq	499905	499905	494859	 1.0	Leporidae	Oryctolagus_cuniculus	4	4	-	0	1	0.0 (0.0,97.5)	N/A (N/A,N/A)	N/A (N/A,N/A)	N/A (N/A,N/A)	43.5	45.0
simadna_hd_100.fq	499905	499905	494859	 1.0	Lipotidae	Lipotes_vexillifer	4	3	-	0	1	0.0 (0.0,97.5)	0.0 (0.0,84.2)	N/A (N/A,N/A)	N/A (N/A,N/A)	38.0	39.0
simadna_hd_100.fq	499905	499905	494859	 1.0	Lorisidae	Loris_lydekkerianus	5	5	-	0	0	0.0 (0.0,97.5)	0.0 (0.0,97.5)	N/A (N/A,N/A)	N/A (N/A,N/A)	37.6	N/A
simadna_hd_100.fq	499905	499905	494859	 1.0	Lorisidae	Loris_tardigradus	2	2	-	0	0	N/A (N/A,N/A)	0.0 (0.0,97.5)	N/A (N/A,N/A)	N/A (N/A,N/A)	40.0	N/A
simadna_hd_100.fq	499905	499905	494859	 1.0	Lorisidae	Nycticebus_bengalensis	5	4	-	0	0	N/A (N/A,N/A)	N/A (N/A,N/A)	N/A (N/A,N/A)	N/A (N/A,N/A)	44.8	N/A
simadna_hd_100.fq	499905	499905	494859	 1.0	Lorisidae	Nycticebus_coucang	5	4	-	0	0	N/A (N/A,N/A)	N/A (N/A,N/A)	N/A (N/A,N/A)	N/A (N/A,N/A)	44.8	N/A
simadna_hd_100.fq	499905	499905	494859	 1.0	Lorisidae	Perodicticus_potto	3	3	-	0	0	0.0 (0.0,97.5)	N/A (N/A,N/A)	N/A (N/A,N/A)	N/A (N/A,N/A)	42.3	N/A
simadna_hd_100.fq	499905	499905	494859	 1.0	Manidae	Manis_javanica	2	2	-	0	0	N/A (N/A,N/A)	0.0 (0.0,97.5)	N/A (N/A,N/A)	N/A (N/A,N/A)	36.0	N/A
simadna_hd_100.fq	499905	499905	494859	 1.0	Manidae	Manis_pentadactyla	2	2	-	0	0	N/A (N/A,N/A)	0.0 (0.0,97.5)	N/A (N/A,N/A)	N/A (N/A,N/A)	36.0	N/A
simadna_hd_100.fq	499905	499905	494859	 1.0	Manidae	Phataginus_tetradactyla	1	1	-	0	0	N/A (N/A,N/A)	N/A (N/A,N/A)	N/A (N/A,N/A)	N/A (N/A,N/A)	36.0	N/A
simadna_hd_100.fq	499905	499905	494859	 1.0	Manidae	Phataginus_tricuspis	2	2	-	1	1	N/A (N/A,N/A)	100.0 (2.5,100.0)	N/A (N/A,N/A)	N/A (N/A,N/A)	36.5	37.0
simadna_hd_100.fq	499905	499905	494859	 1.0	Manidae	Smutsia_temminckii	2	2	-	0	0	N/A (N/A,N/A)	0.0 (0.0,97.5)	N/A (N/A,N/A)	N/A (N/A,N/A)	39.0	N/A
simadna_hd_100.fq	499905	499905	494859	 1.0	Megalonychidae	Choloepus_didactylus	2	2	-	0	0	N/A (N/A,N/A)	0.0 (0.0,84.2)	N/A (N/A,N/A)	N/A (N/A,N/A)	41.0	N/A
simadna_hd_100.fq	499905	499905	494859	 1.0	Megalonychidae	Choloepus_hoffmanni	3	3	-	1	1	100.0 (2.5,100.0)	0.0 (0.0,97.5)	N/A (N/A,N/A)	N/A (N/A,N/A)	40.0	35.0
simadna_hd_100.fq	499905	499905	494859	 1.0	Mephitidae	Mephitis_mephitis	6	6	-	0	0	0.0 (0.0,97.5)	0.0 (0.0,84.2)	N/A (N/A,N/A)	N/A (N/A,N/A)	43.8	N/A
simadna_hd_100.fq	499905	499905	494859	 1.0	Mephitidae	Spilogale_putorius	6	6	-	0	0	N/A (N/A,N/A)	0.0 (0.0,97.5)	N/A (N/A,N/A)	N/A (N/A,N/A)	42.7	N/A
simadna_hd_100.fq	499905	499905	494859	 1.0	Monodontidae	Monodon_monoceros	4	4	-	0	0	N/A (N/A,N/A)	0.0 (0.0,97.5)	N/A (N/A,N/A)	N/A (N/A,N/A)	43.2	N/A
simadna_hd_100.fq	499905	499905	494859	 1.0	Mormoopidae	Pteronotus_rubiginosus	5	5	-	0	0	0.0 (0.0,97.5)	N/A (N/A,N/A)	N/A (N/A,N/A)	N/A (N/A,N/A)	43.6	N/A
simadna_hd_100.fq	499905	499905	494859	 1.0	Moschidae	Moschus_anhuiensis	18	18	-	2	4	50.0 (1.3,98.7)	16.7 (0.4,64.1)	N/A (N/A,N/A)	N/A (N/A,N/A)	44.6	41.0
simadna_hd_100.fq	499905	499905	494859	 1.0	Moschidae	Moschus_berezovskii	21	21	-	3	5	50.0 (1.3,98.7)	25.0 (3.2,65.1)	N/A (N/A,N/A)	N/A (N/A,N/A)	44.4	42.6
simadna_hd_100.fq	499905	499905	494859	 1.0	Moschidae	Moschus_chrysogaster	21	21	-	3	6	33.3 (0.8,90.6)	33.3 (4.3,77.7)	N/A (N/A,N/A)	N/A (N/A,N/A)	44.2	42.2
simadna_hd_100.fq	499905	499905	494859	 1.0	Moschidae	Moschus_moschiferus	22	22	-	2	4	33.3 (0.8,90.6)	16.7 (0.4,64.1)	N/A (N/A,N/A)	0.0 (0.0,97.5)	45.4	38.0
simadna_hd_100.fq	499905	499905	494859	 1.0	Muridae	Acomys_cahirinus	4	4	-	0	1	0.0 (0.0,97.5)	N/A (N/A,N/A)	N/A (N/A,N/A)	N/A (N/A,N/A)	38.5	41.0
simadna_hd_100.fq	499905	499905	494859	 1.0	Muridae	Apodemus_agrarius	7	7	-	1	2	0.0 (0.0,97.5)	50.0 (1.3,98.7)	N/A (N/A,N/A)	N/A (N/A,N/A)	43.1	40.5
simadna_hd_100.fq	499905	499905	494859	 1.0	Muridae	Apodemus_chejuensis	9	9	-	1	2	0.0 (0.0,97.5)	50.0 (1.3,98.7)	N/A (N/A,N/A)	N/A (N/A,N/A)	42.1	40.5
simadna_hd_100.fq	499905	499905	494859	 1.0	Muridae	Apodemus_chevrieri	7	7	-	0	2	0.0 (0.0,97.5)	0.0 (0.0,97.5)	N/A (N/A,N/A)	N/A (N/A,N/A)	41.0	39.0
simadna_hd_100.fq	499905	499905	494859	 1.0	Muridae	Apodemus_draco	4	4	-	0	1	N/A (N/A,N/A)	0.0 (0.0,97.5)	N/A (N/A,N/A)	N/A (N/A,N/A)	42.5	41.0
simadna_hd_100.fq	499905	499905	494859	 1.0	Muridae	Apodemus_latronum	5	5	-	0	1	0.0 (0.0,97.5)	0.0 (0.0,97.5)	N/A (N/A,N/A)	N/A (N/A,N/A)	39.0	41.0
simadna_hd_100.fq	499905	499905	494859	 1.0	Muridae	Apodemus_peninsulae	4	4	-	0	1	0.0 (0.0,97.5)	0.0 (0.0,97.5)	N/A (N/A,N/A)	N/A (N/A,N/A)	39.8	41.0
simadna_hd_100.fq	499905	499905	494859	 1.0	Muridae	Bandicota_indica	8	8	-	0	2	0.0 (0.0,97.5)	0.0 (0.0,97.5)	N/A (N/A,N/A)	N/A (N/A,N/A)	42.4	42.0
simadna_hd_100.fq	499905	499905	494859	 1.0	Muridae	Leggadina_lakedownensis	5	5	-	0	2	0.0 (0.0,97.5)	0.0 (0.0,97.5)	N/A (N/A,N/A)	N/A (N/A,N/A)	40.4	40.0
simadna_hd_100.fq	499905	499905	494859	 1.0	Muridae	Leopoldamys_edwardsi	8	8	-	0	1	0.0 (0.0,60.2)	0.0 (0.0,97.5)	N/A (N/A,N/A)	N/A (N/A,N/A)	39.6	41.0
simadna_hd_100.fq	499905	499905	494859	 1.0	Muridae	Meriones_libycus	6	5	-	0	0	0.0 (0.0,84.2)	0.0 (0.0,60.2)	N/A (N/A,N/A)	N/A (N/A,N/A)	42.4	N/A
simadna_hd_100.fq	499905	499905	494859	 1.0	Muridae	Meriones_meridianus	15	14	-	1	1	0.0 (0.0,84.2)	50.0 (1.3,98.7)	N/A (N/A,N/A)	N/A (N/A,N/A)	38.5	38.0
simadna_hd_100.fq	499905	499905	494859	 1.0	Muridae	Meriones_unguiculatus	56	29	-	3	4	40.0 (5.3,85.3)	33.3 (0.8,90.6)	N/A (N/A,N/A)	N/A (N/A,N/A)	42.0	41.8
simadna_hd_100.fq	499905	499905	494859	 1.0	Muridae	Micromys_minutus	2	2	-	0	1	0.0 (0.0,97.5)	N/A (N/A,N/A)	N/A (N/A,N/A)	N/A (N/A,N/A)	38.5	41.0
simadna_hd_100.fq	499905	499905	494859	 1.0	Muridae	Mus_caroli	9	8	-	1	2	0.0 (0.0,97.5)	50.0 (1.3,98.7)	N/A (N/A,N/A)	N/A (N/A,N/A)	41.4	40.5
simadna_hd_100.fq	499905	499905	494859	 1.0	Muridae	Mus_cervicolor	6	6	-	1	3	0.0 (0.0,97.5)	33.3 (0.8,90.6)	N/A (N/A,N/A)	N/A (N/A,N/A)	44.2	48.7
simadna_hd_100.fq	499905	499905	494859	 1.0	Muridae	Mus_cookii	4	4	-	0	1	0.0 (0.0,84.2)	0.0 (0.0,97.5)	N/A (N/A,N/A)	N/A (N/A,N/A)	39.0	41.0
simadna_hd_100.fq	499905	499905	494859	 1.0	Muridae	Mus_fragilicauda	7	7	-	0	1	0.0 (0.0,84.2)	0.0 (0.0,97.5)	N/A (N/A,N/A)	N/A (N/A,N/A)	41.0	41.0
simadna_hd_100.fq	499905	499905	494859	 1.0	Muridae	Mus_musculus	5	5	-	0	1	0.0 (0.0,97.5)	N/A (N/A,N/A)	N/A (N/A,N/A)	N/A (N/A,N/A)	42.6	41.0
simadna_hd_100.fq	499905	499905	494859	 1.0	Muridae	Mus_musculus_castaneus	5	5	-	0	1	0.0 (0.0,84.2)	0.0 (0.0,97.5)	N/A (N/A,N/A)	N/A (N/A,N/A)	40.2	41.0
simadna_hd_100.fq	499905	499905	494859	 1.0	Muridae	Mus_musculus_domesticus	5	5	-	0	1	0.0 (0.0,97.5)	N/A (N/A,N/A)	N/A (N/A,N/A)	N/A (N/A,N/A)	42.6	41.0
simadna_hd_100.fq	499905	499905	494859	 1.0	Muridae	Mus_musculus_molossinus	4	4	-	0	1	0.0 (0.0,97.5)	0.0 (0.0,97.5)	N/A (N/A,N/A)	N/A (N/A,N/A)	41.0	41.0
simadna_hd_100.fq	499905	499905	494859	 1.0	Muridae	Mus_musculus_musculus	4	4	-	0	1	0.0 (0.0,97.5)	0.0 (0.0,97.5)	N/A (N/A,N/A)	N/A (N/A,N/A)	41.0	41.0
simadna_hd_100.fq	499905	499905	494859	 1.0	Muridae	Mus_spretus	3	3	-	0	1	0.0 (0.0,97.5)	N/A (N/A,N/A)	N/A (N/A,N/A)	N/A (N/A,N/A)	41.0	41.0
simadna_hd_100.fq	499905	499905	494859	 1.0	Muridae	Mus_terricolor	4	4	-	0	1	0.0 (0.0,97.5)	0.0 (0.0,97.5)	N/A (N/A,N/A)	N/A (N/A,N/A)	38.2	41.0
simadna_hd_100.fq	499905	499905	494859	 1.0	Muridae	Niviventer_confucianus	4	4	-	0	1	0.0 (0.0,97.5)	N/A (N/A,N/A)	N/A (N/A,N/A)	N/A (N/A,N/A)	42.5	41.0
simadna_hd_100.fq	499905	499905	494859	 1.0	Muridae	Niviventer_excelsior	2	2	-	0	1	0.0 (0.0,97.5)	N/A (N/A,N/A)	N/A (N/A,N/A)	N/A (N/A,N/A)	38.5	41.0
simadna_hd_100.fq	499905	499905	494859	 1.0	Muridae	Pseudomys_chapmani	7	7	-	0	1	0.0 (0.0,84.2)	0.0 (0.0,97.5)	N/A (N/A,N/A)	N/A (N/A,N/A)	39.1	41.0
simadna_hd_100.fq	499905	499905	494859	 1.0	Muridae	Rattus_exulans	12	10	-	0	1	0.0 (0.0,97.5)	0.0 (0.0,84.2)	N/A (N/A,N/A)	N/A (N/A,N/A)	40.9	41.0
simadna_hd_100.fq	499905	499905	494859	 1.0	Muridae	Rattus_fuscipes	6	6	-	0	1	0.0 (0.0,97.5)	0.0 (0.0,84.2)	N/A (N/A,N/A)	N/A (N/A,N/A)	38.8	41.0
simadna_hd_100.fq	499905	499905	494859	 1.0	Muridae	Rattus_leucopus	9	8	-	0	1	0.0 (0.0,84.2)	0.0 (0.0,70.8)	N/A (N/A,N/A)	N/A (N/A,N/A)	39.8	41.0
simadna_hd_100.fq	499905	499905	494859	 1.0	Muridae	Rattus_lutreolus	6	6	-	0	1	0.0 (0.0,97.5)	0.0 (0.0,84.2)	N/A (N/A,N/A)	N/A (N/A,N/A)	38.8	41.0
simadna_hd_100.fq	499905	499905	494859	 1.0	Muridae	Rattus_niobe	7	7	-	0	2	0.0 (0.0,84.2)	0.0 (0.0,84.2)	N/A (N/A,N/A)	N/A (N/A,N/A)	39.1	38.0
simadna_hd_100.fq	499905	499905	494859	 1.0	Muridae	Rattus_norvegicus	7	7	-	0	1	0.0 (0.0,84.2)	0.0 (0.0,84.2)	N/A (N/A,N/A)	N/A (N/A,N/A)	39.1	41.0
simadna_hd_100.fq	499905	499905	494859	 1.0	Muridae	Rattus_praetor	5	5	-	0	1	0.0 (0.0,97.5)	0.0 (0.0,97.5)	N/A (N/A,N/A)	N/A (N/A,N/A)	41.6	41.0
simadna_hd_100.fq	499905	499905	494859	 1.0	Muridae	Rattus_rattus	4	4	-	0	1	0.0 (0.0,97.5)	0.0 (0.0,97.5)	N/A (N/A,N/A)	N/A (N/A,N/A)	38.2	41.0
simadna_hd_100.fq	499905	499905	494859	 1.0	Muridae	Rattus_sordidus	7	7	-	0	1	0.0 (0.0,97.5)	0.0 (0.0,84.2)	N/A (N/A,N/A)	N/A (N/A,N/A)	39.9	41.0
simadna_hd_100.fq	499905	499905	494859	 1.0	Muridae	Rattus_tanezumi	7	7	-	0	2	0.0 (0.0,97.5)	0.0 (0.0,97.5)	N/A (N/A,N/A)	N/A (N/A,N/A)	40.9	38.0
simadna_hd_100.fq	499905	499905	494859	 1.0	Muridae	Rattus_tunneyi	6	6	-	0	1	0.0 (0.0,97.5)	0.0 (0.0,84.2)	N/A (N/A,N/A)	N/A (N/A,N/A)	38.8	41.0
simadna_hd_100.fq	499905	499905	494859	 1.0	Muridae	Rattus_villosissimus	8	8	-	0	1	0.0 (0.0,84.2)	0.0 (0.0,97.5)	N/A (N/A,N/A)	N/A (N/A,N/A)	38.6	41.0
simadna_hd_100.fq	499905	499905	494859	 1.0	Mustelidae	Arctonyx_collaris	80	53	+	7	8	50.0 (6.8,93.2)	38.5 (13.9,68.4)	0.0 (0.0,97.5)	0.0 (0.0,97.5)	42.8	39.8
simadna_hd_100.fq	499905	499905	494859	 1.0	Mustelidae	Enhydra_lutris	35	28	+	4	4	100.0 (2.5,100.0)	60.0 (14.7,94.7)	N/A (N/A,N/A)	N/A (N/A,N/A)	43.0	40.5
simadna_hd_100.fq	499905	499905	494859	 1.0	Mustelidae	Gulo_gulo	21	20	-	3	4	0.0 (0.0,97.5)	100.0 (29.2,100.0)	N/A (N/A,N/A)	N/A (N/A,N/A)	42.0	46.5
simadna_hd_100.fq	499905	499905	494859	 1.0	Mustelidae	Martes_americana	29	24	-	2	2	0.0 (0.0,97.5)	33.3 (4.3,77.7)	N/A (N/A,N/A)	N/A (N/A,N/A)	40.4	42.0
simadna_hd_100.fq	499905	499905	494859	 1.0	Mustelidae	Martes_flavigula	30	25	-	2	3	N/A (N/A,N/A)	50.0 (6.8,93.2)	N/A (N/A,N/A)	N/A (N/A,N/A)	43.2	41.7
simadna_hd_100.fq	499905	499905	494859	 1.0	Mustelidae	Martes_foina	14	12	-	2	3	0.0 (0.0,97.5)	50.0 (6.8,93.2)	N/A (N/A,N/A)	N/A (N/A,N/A)	41.9	40.7
simadna_hd_100.fq	499905	499905	494859	 1.0	Mustelidae	Martes_martes	28	25	-	2	2	0.0 (0.0,84.2)	40.0 (5.3,85.3)	N/A (N/A,N/A)	N/A (N/A,N/A)	41.0	42.0
simadna_hd_100.fq	499905	499905	494859	 1.0	Mustelidae	Martes_zibellina	35	29	-	3	4	33.3 (0.8,90.6)	20.0 (2.5,55.6)	N/A (N/A,N/A)	0.0 (0.0,97.5)	40.9	41.8
simadna_hd_100.fq	499905	499905	494859	 1.0	Mustelidae	Meles_meles	9	8	-	2	2	N/A (N/A,N/A)	100.0 (15.8,100.0)	N/A (N/A,N/A)	N/A (N/A,N/A)	42.1	42.0
simadna_hd_100.fq	499905	499905	494859	 1.0	Mustelidae	Melogale_moschata	12	12	-	2	2	N/A (N/A,N/A)	100.0 (15.8,100.0)	N/A (N/A,N/A)	N/A (N/A,N/A)	41.8	42.0
simadna_hd_100.fq	499905	499905	494859	 1.0	Mustelidae	Mustela_altaica	14	14	-	2	3	100.0 (2.5,100.0)	25.0 (0.6,80.6)	N/A (N/A,N/A)	0.0 (0.0,97.5)	45.2	40.3
simadna_hd_100.fq	499905	499905	494859	 1.0	Mustelidae	Mustela_erminea	21	19	-	2	3	0.0 (0.0,60.2)	40.0 (5.3,85.3)	0.0 (0.0,97.5)	N/A (N/A,N/A)	40.7	42.3
simadna_hd_100.fq	499905	499905	494859	 1.0	Mustelidae	Mustela_eversmannii	14	12	-	1	1	0.0 (0.0,97.5)	33.3 (0.8,90.6)	N/A (N/A,N/A)	N/A (N/A,N/A)	38.9	40.0
simadna_hd_100.fq	499905	499905	494859	 1.0	Mustelidae	Mustela_kathiah	61	37	+	6	7	33.3 (4.3,77.7)	36.4 (10.9,69.2)	0.0 (0.0,97.5)	0.0 (0.0,84.2)	41.8	38.6
simadna_hd_100.fq	499905	499905	494859	 1.0	Mustelidae	Mustela_nigripes	12	10	-	1	1	N/A (N/A,N/A)	33.3 (0.8,90.6)	N/A (N/A,N/A)	N/A (N/A,N/A)	39.4	40.0
simadna_hd_100.fq	499905	499905	494859	 1.0	Mustelidae	Mustela_nivalis	17	15	-	1	2	0.0 (0.0,84.2)	50.0 (1.3,98.7)	N/A (N/A,N/A)	N/A (N/A,N/A)	42.0	43.0
simadna_hd_100.fq	499905	499905	494859	 1.0	Mustelidae	Mustela_putorius	11	10	-	1	1	0.0 (0.0,97.5)	100.0 (2.5,100.0)	N/A (N/A,N/A)	N/A (N/A,N/A)	38.5	40.0
simadna_hd_100.fq	499905	499905	494859	 1.0	Mustelidae	Mustela_sibirica	33	28	-	2	4	0.0 (0.0,97.5)	33.3 (4.3,77.7)	N/A (N/A,N/A)	N/A (N/A,N/A)	39.4	38.0
simadna_hd_100.fq	499905	499905	494859	 1.0	Mustelidae	Neogale_frenata	17	16	-	3	4	0.0 (0.0,97.5)	100.0 (29.2,100.0)	N/A (N/A,N/A)	N/A (N/A,N/A)	42.2	44.0
simadna_hd_100.fq	499905	499905	494859	 1.0	Mustelidae	Neogale_vison	34	29	+	4	6	100.0 (2.5,100.0)	50.0 (11.8,88.2)	N/A (N/A,N/A)	N/A (N/A,N/A)	41.9	41.0
simadna_hd_100.fq	499905	499905	494859	 1.0	Mustelidae	Pekania_pennanti	7	7	-	1	1	0.0 (0.0,84.2)	50.0 (1.3,98.7)	N/A (N/A,N/A)	N/A (N/A,N/A)	39.6	40.0
simadna_hd_100.fq	499905	499905	494859	 1.0	Mustelidae	Taxidea_taxus	16	16	-	2	2	0.0 (0.0,70.8)	66.7 (9.4,99.2)	N/A (N/A,N/A)	N/A (N/A,N/A)	42.1	42.0
simadna_hd_100.fq	499905	499905	494859	 1.0	Myrmecophagidae	Myrmecophaga_tridactyla	3	3	-	1	2	100.0 (2.5,100.0)	0.0 (0.0,84.2)	N/A (N/A,N/A)	0.0 (0.0,97.5)	39.7	40.5
simadna_hd_100.fq	499905	499905	494859	 1.0	Mystacinidae	Mystacina_tuberculata	1	1	-	0	0	N/A (N/A,N/A)	N/A (N/A,N/A)	N/A (N/A,N/A)	N/A (N/A,N/A)	46.0	N/A
simadna_hd_100.fq	499905	499905	494859	 1.0	Nandiniidae	Nandinia_binotata	13	13	-	1	3	33.3 (0.8,90.6)	0.0 (0.0,97.5)	N/A (N/A,N/A)	N/A (N/A,N/A)	44.1	43.3
simadna_hd_100.fq	499905	499905	494859	 1.0	Neobalaenidae	Caperea_marginata	3	3	-	1	1	100.0 (2.5,100.0)	0.0 (0.0,97.5)	N/A (N/A,N/A)	N/A (N/A,N/A)	43.3	43.0
simadna_hd_100.fq	499905	499905	494859	 1.0	Ochotonidae	Ochotona_collaris	2	2	-	1	1	N/A (N/A,N/A)	100.0 (2.5,100.0)	N/A (N/A,N/A)	N/A (N/A,N/A)	37.5	37.0
simadna_hd_100.fq	499905	499905	494859	 1.0	Octodontidae	Octodon_degus	4	3	-	0	0	0.0 (0.0,84.2)	0.0 (0.0,97.5)	N/A (N/A,N/A)	N/A (N/A,N/A)	45.0	N/A
simadna_hd_100.fq	499905	499905	494859	 1.0	Octodontidae	Spalacopus_cyanus	5	4	-	0	0	0.0 (0.0,97.5)	N/A (N/A,N/A)	N/A (N/A,N/A)	N/A (N/A,N/A)	42.5	N/A
simadna_hd_100.fq	499905	499905	494859	 1.0	Octodontidae	Tympanoctomys_barrerae	5	4	-	1	1	50.0 (1.3,98.7)	0.0 (0.0,97.5)	N/A (N/A,N/A)	0.0 (0.0,97.5)	42.8	43.0
simadna_hd_100.fq	499905	499905	494859	 1.0	Odobenidae	Odobenus_rosmarus_rosmarus	1	1	-	0	1	N/A (N/A,N/A)	0.0 (0.0,97.5)	N/A (N/A,N/A)	N/A (N/A,N/A)	38.0	38.0
simadna_hd_100.fq	499905	499905	494859	 1.0	Orycteropodidae	Orycteropus_afer	1	1	-	0	0	N/A (N/A,N/A)	N/A (N/A,N/A)	N/A (N/A,N/A)	N/A (N/A,N/A)	41.0	N/A
simadna_hd_100.fq	499905	499905	494859	 1.0	Otariidae	Arctocephalus_forsteri	13	13	-	1	2	0.0 (0.0,84.2)	33.3 (0.8,90.6)	N/A (N/A,N/A)	N/A (N/A,N/A)	43.5	50.0
simadna_hd_100.fq	499905	499905	494859	 1.0	Otariidae	Arctocephalus_pusillus	12	12	-	0	1	0.0 (0.0,97.5)	0.0 (0.0,70.8)	N/A (N/A,N/A)	N/A (N/A,N/A)	40.2	36.0
simadna_hd_100.fq	499905	499905	494859	 1.0	Otariidae	Arctocephalus_townsendi	18	16	-	1	2	0.0 (0.0,97.5)	25.0 (0.6,80.6)	N/A (N/A,N/A)	N/A (N/A,N/A)	42.0	45.0
simadna_hd_100.fq	499905	499905	494859	 1.0	Otariidae	Callorhinus_ursinus	11	11	-	1	1	33.3 (0.8,90.6)	0.0 (0.0,84.2)	N/A (N/A,N/A)	N/A (N/A,N/A)	40.3	42.0
simadna_hd_100.fq	499905	499905	494859	 1.0	Otariidae	Eumetopias_jubatus	11	11	-	0	0	0.0 (0.0,84.2)	0.0 (0.0,84.2)	N/A (N/A,N/A)	N/A (N/A,N/A)	40.9	N/A
simadna_hd_100.fq	499905	499905	494859	 1.0	Otariidae	Neophoca_cinerea	11	11	-	0	1	0.0 (0.0,84.2)	0.0 (0.0,84.2)	N/A (N/A,N/A)	N/A (N/A,N/A)	40.7	48.0
simadna_hd_100.fq	499905	499905	494859	 1.0	Otariidae	Phocarctos_hookeri	17	17	-	1	5	0.0 (0.0,97.5)	33.3 (0.8,90.6)	N/A (N/A,N/A)	N/A (N/A,N/A)	41.9	41.2
simadna_hd_100.fq	499905	499905	494859	 1.0	Otariidae	Zalophus_californianus	9	9	-	0	0	0.0 (0.0,84.2)	0.0 (0.0,84.2)	N/A (N/A,N/A)	N/A (N/A,N/A)	39.9	N/A
simadna_hd_100.fq	499905	499905	494859	 1.0	Paleopropithecidae	Palaeopropithecus_ingens	4	4	-	0	2	0.0 (0.0,97.5)	0.0 (0.0,97.5)	N/A (N/A,N/A)	N/A (N/A,N/A)	41.2	41.0
simadna_hd_100.fq	499905	499905	494859	 1.0	Phocidae	Cystophora_cristata	12	10	-	1	1	N/A (N/A,N/A)	33.3 (0.8,90.6)	N/A (N/A,N/A)	N/A (N/A,N/A)	41.9	40.0
simadna_hd_100.fq	499905	499905	494859	 1.0	Phocidae	Erignathus_barbatus	13	11	-	4	4	0.0 (0.0,97.5)	100.0 (39.8,100.0)	N/A (N/A,N/A)	N/A (N/A,N/A)	43.2	42.0
simadna_hd_100.fq	499905	499905	494859	 1.0	Phocidae	Halichoerus_grypus	13	11	-	1	1	0.0 (0.0,84.2)	100.0 (2.5,100.0)	0.0 (0.0,97.5)	N/A (N/A,N/A)	44.3	47.0
simadna_hd_100.fq	499905	499905	494859	 1.0	Phocidae	Hydrurga_leptonyx	11	9	-	1	3	N/A (N/A,N/A)	33.3 (0.8,90.6)	N/A (N/A,N/A)	N/A (N/A,N/A)	39.4	40.7
simadna_hd_100.fq	499905	499905	494859	 1.0	Phocidae	Leptonychotes_weddellii	11	9	-	1	2	0.0 (0.0,97.5)	50.0 (1.3,98.7)	N/A (N/A,N/A)	N/A (N/A,N/A)	41.2	41.0
simadna_hd_100.fq	499905	499905	494859	 1.0	Phocidae	Lobodon_carcinophaga	7	6	-	1	2	0.0 (0.0,97.5)	33.3 (0.8,90.6)	N/A (N/A,N/A)	N/A (N/A,N/A)	42.5	39.0
simadna_hd_100.fq	499905	499905	494859	 1.0	Phocidae	Mirounga_leonina	13	12	-	2	2	50.0 (1.3,98.7)	33.3 (0.8,90.6)	N/A (N/A,N/A)	N/A (N/A,N/A)	41.7	43.0
simadna_hd_100.fq	499905	499905	494859	 1.0	Phocidae	Neomonachus_schauinslandi	15	13	-	2	3	100.0 (2.5,100.0)	33.3 (0.8,90.6)	N/A (N/A,N/A)	0.0 (0.0,97.5)	40.3	39.0
simadna_hd_100.fq	499905	499905	494859	 1.0	Phocidae	Phoca_fasciata	10	8	-	1	1	0.0 (0.0,84.2)	50.0 (1.3,98.7)	N/A (N/A,N/A)	N/A (N/A,N/A)	40.6	40.0
simadna_hd_100.fq	499905	499905	494859	 1.0	Phocidae	Phoca_groenlandica	3	2	-	1	1	N/A (N/A,N/A)	100.0 (2.5,100.0)	N/A (N/A,N/A)	N/A (N/A,N/A)	39.5	40.0
simadna_hd_100.fq	499905	499905	494859	 1.0	Phocidae	Phoca_largha	11	10	-	3	3	0.0 (0.0,84.2)	100.0 (29.2,100.0)	0.0 (0.0,97.5)	N/A (N/A,N/A)	40.0	41.0
simadna_hd_100.fq	499905	499905	494859	 1.0	Phocidae	Phoca_vitulina	10	9	-	2	2	0.0 (0.0,84.2)	100.0 (15.8,100.0)	0.0 (0.0,97.5)	N/A (N/A,N/A)	40.4	43.5
simadna_hd_100.fq	499905	499905	494859	 1.0	Phocidae	Pusa_caspica	12	10	-	2	3	0.0 (0.0,84.2)	100.0 (15.8,100.0)	0.0 (0.0,97.5)	N/A (N/A,N/A)	40.2	42.0
simadna_hd_100.fq	499905	499905	494859	 1.0	Phocidae	Pusa_hispida	14	13	-	2	3	0.0 (0.0,84.2)	100.0 (15.8,100.0)	0.0 (0.0,97.5)	N/A (N/A,N/A)	40.7	42.0
simadna_hd_100.fq	499905	499905	494859	 1.0	Phocidae	Pusa_sibirica	18	15	-	2	3	0.0 (0.0,84.2)	100.0 (15.8,100.0)	0.0 (0.0,97.5)	N/A (N/A,N/A)	41.1	42.0
simadna_hd_100.fq	499905	499905	494859	 1.0	Phocoenidae	Neophocaena_phocaenoides	2	2	-	0	0	N/A (N/A,N/A)	N/A (N/A,N/A)	N/A (N/A,N/A)	N/A (N/A,N/A)	43.5	N/A
simadna_hd_100.fq	499905	499905	494859	 1.0	Phocoenidae	Phocoena_phocoena	7	7	-	1	1	50.0 (1.3,98.7)	0.0 (0.0,84.2)	N/A (N/A,N/A)	N/A (N/A,N/A)	48.9	35.0
simadna_hd_100.fq	499905	499905	494859	 1.0	Phyllostomidae	Anoura_caudifer	14	11	-	2	2	50.0 (6.8,93.2)	0.0 (0.0,84.2)	N/A (N/A,N/A)	N/A (N/A,N/A)	38.1	39.5
simadna_hd_100.fq	499905	499905	494859	 1.0	Phyllostomidae	Artibeus_jamaicensis	4	4	-	0	0	N/A (N/A,N/A)	N/A (N/A,N/A)	N/A (N/A,N/A)	N/A (N/A,N/A)	39.2	N/A
simadna_hd_100.fq	499905	499905	494859	 1.0	Phyllostomidae	Artibeus_lituratus	46	32	-	1	2	50.0 (1.3,98.7)	0.0 (0.0,70.8)	N/A (N/A,N/A)	N/A (N/A,N/A)	39.6	39.0
simadna_hd_100.fq	499905	499905	494859	 1.0	Phyllostomidae	Brachyphylla_cavernarum	2	2	-	0	1	0.0 (0.0,97.5)	0.0 (0.0,97.5)	N/A (N/A,N/A)	N/A (N/A,N/A)	40.5	36.0
simadna_hd_100.fq	499905	499905	494859	 1.0	Phyllostomidae	Carollia_perspicillata	2	2	-	0	0	N/A (N/A,N/A)	N/A (N/A,N/A)	N/A (N/A,N/A)	N/A (N/A,N/A)	42.5	N/A
simadna_hd_100.fq	499905	499905	494859	 1.0	Phyllostomidae	Lophostoma_silvicola	3	3	-	0	1	0.0 (0.0,84.2)	0.0 (0.0,97.5)	N/A (N/A,N/A)	N/A (N/A,N/A)	45.3	36.0
simadna_hd_100.fq	499905	499905	494859	 1.0	Phyllostomidae	Micronycteris_megalotis	7	7	-	0	1	0.0 (0.0,70.8)	0.0 (0.0,84.2)	N/A (N/A,N/A)	N/A (N/A,N/A)	38.6	38.0
simadna_hd_100.fq	499905	499905	494859	 1.0	Phyllostomidae	Rhinophylla_pumilio	32	19	+	4	4	100.0 (2.5,100.0)	60.0 (14.7,94.7)	N/A (N/A,N/A)	N/A (N/A,N/A)	39.5	38.2
simadna_hd_100.fq	499905	499905	494859	 1.0	Phyllostomidae	Sturnira_tildae	1	1	-	0	0	N/A (N/A,N/A)	N/A (N/A,N/A)	N/A (N/A,N/A)	N/A (N/A,N/A)	36.0	N/A
simadna_hd_100.fq	499905	499905	494859	 1.0	Phyllostomidae	Tonatia_saurophila	2	2	-	0	0	N/A (N/A,N/A)	N/A (N/A,N/A)	N/A (N/A,N/A)	N/A (N/A,N/A)	40.0	N/A
simadna_hd_100.fq	499905	499905	494859	 1.0	Phyllostomidae	Vampyrum_spectrum	5	5	-	1	2	N/A (N/A,N/A)	50.0 (1.3,98.7)	N/A (N/A,N/A)	N/A (N/A,N/A)	39.2	39.0
simadna_hd_100.fq	499905	499905	494859	 1.0	Physeteridae	Kogia_breviceps	5	5	-	0	1	N/A (N/A,N/A)	0.0 (0.0,97.5)	N/A (N/A,N/A)	N/A (N/A,N/A)	40.4	40.0
simadna_hd_100.fq	499905	499905	494859	 1.0	Physeteridae	Physeter_macrocephalus	6	6	-	0	0	N/A (N/A,N/A)	0.0 (0.0,97.5)	N/A (N/A,N/A)	N/A (N/A,N/A)	39.7	N/A
simadna_hd_100.fq	499905	499905	494859	 1.0	Pitheciidae	Cacajao_calvus	1	1	-	0	0	N/A (N/A,N/A)	N/A (N/A,N/A)	N/A (N/A,N/A)	N/A (N/A,N/A)	53.0	N/A
simadna_hd_100.fq	499905	499905	494859	 1.0	Pitheciidae	Cheracebus_lugens	1	1	-	0	0	N/A (N/A,N/A)	N/A (N/A,N/A)	N/A (N/A,N/A)	N/A (N/A,N/A)	35.0	N/A
simadna_hd_100.fq	499905	499905	494859	 1.0	Pitheciidae	Plecturocebus_donacophilus	2	2	-	0	0	N/A (N/A,N/A)	N/A (N/A,N/A)	N/A (N/A,N/A)	N/A (N/A,N/A)	38.0	N/A
simadna_hd_100.fq	499905	499905	494859	 1.0	Platanistidae	Platanista_minor	5	5	-	1	1	100.0 (2.5,100.0)	0.0 (0.0,97.5)	N/A (N/A,N/A)	0.0 (0.0,97.5)	40.6	36.0
simadna_hd_100.fq	499905	499905	494859	 1.0	Pontoporiidae	Pontoporia_blainvillei	9	8	-	2	4	N/A (N/A,N/A)	40.0 (5.3,85.3)	N/A (N/A,N/A)	N/A (N/A,N/A)	41.4	41.2
simadna_hd_100.fq	499905	499905	494859	 1.0	Procaviidae	Procavia_capensis	34	23	-	3	4	14.3 (0.4,57.9)	66.7 (9.4,99.2)	0.0 (0.0,97.5)	N/A (N/A,N/A)	41.0	39.2
simadna_hd_100.fq	499905	499905	494859	 1.0	Procyonidae	Nasua_nasua	4	4	-	1	1	0.0 (0.0,97.5)	50.0 (1.3,98.7)	0.0 (0.0,97.5)	N/A (N/A,N/A)	45.8	49.0
simadna_hd_100.fq	499905	499905	494859	 1.0	Procyonidae	Procyon_lotor	5	5	-	0	0	N/A (N/A,N/A)	0.0 (0.0,97.5)	N/A (N/A,N/A)	N/A (N/A,N/A)	40.6	N/A
simadna_hd_100.fq	499905	499905	494859	 1.0	Pteropodidae	Cynopterus_brachyotis	4	4	-	0	0	N/A (N/A,N/A)	0.0 (0.0,84.2)	N/A (N/A,N/A)	N/A (N/A,N/A)	41.5	N/A
simadna_hd_100.fq	499905	499905	494859	 1.0	Pteropodidae	Pteropus_alecto	1	1	-	0	0	N/A (N/A,N/A)	N/A (N/A,N/A)	N/A (N/A,N/A)	N/A (N/A,N/A)	43.0	N/A
simadna_hd_100.fq	499905	499905	494859	 1.0	Pteropodidae	Pteropus_dasymallus	4	4	-	1	1	100.0 (2.5,100.0)	N/A (N/A,N/A)	N/A (N/A,N/A)	N/A (N/A,N/A)	40.0	37.0
simadna_hd_100.fq	499905	499905	494859	 1.0	Pteropodidae	Pteropus_scapulatus	3	3	-	1	1	N/A (N/A,N/A)	100.0 (2.5,100.0)	N/A (N/A,N/A)	N/A (N/A,N/A)	40.3	41.0
simadna_hd_100.fq	499905	499905	494859	 1.0	Pteropodidae	Pteropus_vampyrus	1	1	-	0	0	N/A (N/A,N/A)	N/A (N/A,N/A)	N/A (N/A,N/A)	N/A (N/A,N/A)	38.0	N/A
simadna_hd_100.fq	499905	499905	494859	 1.0	Pteropodidae	Rousettus_aegyptiacus	5	5	-	0	1	N/A (N/A,N/A)	0.0 (0.0,84.2)	N/A (N/A,N/A)	N/A (N/A,N/A)	41.0	38.0
simadna_hd_100.fq	499905	499905	494859	 1.0	Rhinocerotidae	Ceratotherium_simum	17	17	-	0	0	0.0 (0.0,97.5)	0.0 (0.0,84.2)	N/A (N/A,N/A)	N/A (N/A,N/A)	39.5	N/A
simadna_hd_100.fq	499905	499905	494859	 1.0	Rhinocerotidae	Coelodonta_antiquitatis	28	27	-	3	3	33.3 (0.8,90.6)	66.7 (9.4,99.2)	N/A (N/A,N/A)	N/A (N/A,N/A)	42.1	43.0
simadna_hd_100.fq	499905	499905	494859	 1.0	Rhinocerotidae	Dicerorhinus_sumatrensis	39	34	-	4	5	40.0 (5.3,85.3)	66.7 (9.4,99.2)	N/A (N/A,N/A)	N/A (N/A,N/A)	41.7	41.2
simadna_hd_100.fq	499905	499905	494859	 1.0	Rhinocerotidae	Diceros_bicornis	30	29	-	3	3	25.0 (0.6,80.6)	66.7 (9.4,99.2)	N/A (N/A,N/A)	N/A (N/A,N/A)	42.3	39.7
simadna_hd_100.fq	499905	499905	494859	 1.0	Rhinocerotidae	Rhinoceros_sondaicus	18	17	-	4	4	50.0 (6.8,93.2)	66.7 (9.4,99.2)	0.0 (0.0,97.5)	N/A (N/A,N/A)	42.0	38.0
simadna_hd_100.fq	499905	499905	494859	 1.0	Rhinocerotidae	Rhinoceros_unicornis	24	23	-	3	4	50.0 (6.8,93.2)	33.3 (0.8,90.6)	N/A (N/A,N/A)	N/A (N/A,N/A)	43.2	43.0
simadna_hd_100.fq	499905	499905	494859	 1.0	Rhinolophidae	Rhinolophus_ferrumequinum_korai	17	13	-	1	3	0.0 (0.0,97.5)	50.0 (1.3,98.7)	N/A (N/A,N/A)	N/A (N/A,N/A)	41.8	43.0
simadna_hd_100.fq	499905	499905	494859	 1.0	Rhinolophidae	Rhinolophus_ferrumequinum_quelpartis	17	13	-	1	3	0.0 (0.0,97.5)	50.0 (1.3,98.7)	N/A (N/A,N/A)	N/A (N/A,N/A)	41.8	43.0
simadna_hd_100.fq	499905	499905	494859	 1.0	Rhinolophidae	Rhinolophus_formosae	25	21	-	2	5	0.0 (0.0,60.2)	40.0 (5.3,85.3)	N/A (N/A,N/A)	N/A (N/A,N/A)	41.4	42.4
simadna_hd_100.fq	499905	499905	494859	 1.0	Rhinolophidae	Rhinolophus_luctus	28	23	-	2	7	0.0 (0.0,70.8)	40.0 (5.3,85.3)	N/A (N/A,N/A)	N/A (N/A,N/A)	41.9	41.7
simadna_hd_100.fq	499905	499905	494859	 1.0	Rhinolophidae	Rhinolophus_macrotis	25	21	-	3	7	0.0 (0.0,84.2)	60.0 (14.7,94.7)	0.0 (0.0,97.5)	N/A (N/A,N/A)	41.3	40.9
simadna_hd_100.fq	499905	499905	494859	 1.0	Rhinolophidae	Rhinolophus_monoceros	19	15	-	1	4	0.0 (0.0,97.5)	33.3 (0.8,90.6)	N/A (N/A,N/A)	N/A (N/A,N/A)	41.4	41.5
simadna_hd_100.fq	499905	499905	494859	 1.0	Rhinolophidae	Rhinolophus_pumilus	21	17	-	1	4	0.0 (0.0,97.5)	33.3 (0.8,90.6)	N/A (N/A,N/A)	N/A (N/A,N/A)	41.5	41.5
simadna_hd_100.fq	499905	499905	494859	 1.0	Rhinolophidae	Rhinolophus_rex	18	14	-	1	3	0.0 (0.0,97.5)	50.0 (1.3,98.7)	N/A (N/A,N/A)	N/A (N/A,N/A)	41.9	43.0
simadna_hd_100.fq	499905	499905	494859	 1.0	Sciuridae	Callosciurus_erythraeus	4	4	-	1	1	0.0 (0.0,97.5)	100.0 (2.5,100.0)	0.0 (0.0,97.5)	N/A (N/A,N/A)	39.0	39.0
simadna_hd_100.fq	499905	499905	494859	 1.0	Sciuridae	Cynomys_leucurus	8	7	-	0	0	0.0 (0.0,97.5)	N/A (N/A,N/A)	N/A (N/A,N/A)	N/A (N/A,N/A)	38.3	N/A
simadna_hd_100.fq	499905	499905	494859	 1.0	Sciuridae	Cynomys_ludovicianus	7	6	-	0	0	0.0 (0.0,97.5)	N/A (N/A,N/A)	N/A (N/A,N/A)	N/A (N/A,N/A)	38.3	N/A
simadna_hd_100.fq	499905	499905	494859	 1.0	Sciuridae	Dremomys_rufigenis	5	5	-	0	0	0.0 (0.0,97.5)	N/A (N/A,N/A)	N/A (N/A,N/A)	N/A (N/A,N/A)	38.6	N/A
simadna_hd_100.fq	499905	499905	494859	 1.0	Sciuridae	Hylopetes_phayrei	7	6	-	0	0	0.0 (0.0,97.5)	N/A (N/A,N/A)	N/A (N/A,N/A)	N/A (N/A,N/A)	39.3	N/A
simadna_hd_100.fq	499905	499905	494859	 1.0	Sciuridae	Ictidomys_tridecemlineatus	3	3	-	0	0	N/A (N/A,N/A)	N/A (N/A,N/A)	N/A (N/A,N/A)	N/A (N/A,N/A)	39.3	N/A
simadna_hd_100.fq	499905	499905	494859	 1.0	Sciuridae	Marmota_himalayana	4	4	-	0	0	N/A (N/A,N/A)	N/A (N/A,N/A)	N/A (N/A,N/A)	N/A (N/A,N/A)	39.2	N/A
simadna_hd_100.fq	499905	499905	494859	 1.0	Sciuridae	Petaurista_alborufus	5	5	-	0	0	N/A (N/A,N/A)	N/A (N/A,N/A)	N/A (N/A,N/A)	N/A (N/A,N/A)	38.6	N/A
simadna_hd_100.fq	499905	499905	494859	 1.0	Sciuridae	Petaurista_hainana	5	5	-	0	0	0.0 (0.0,97.5)	N/A (N/A,N/A)	N/A (N/A,N/A)	N/A (N/A,N/A)	39.8	N/A
simadna_hd_100.fq	499905	499905	494859	 1.0	Sciuridae	Pteromys_volans	8	8	-	0	0	N/A (N/A,N/A)	0.0 (0.0,97.5)	N/A (N/A,N/A)	N/A (N/A,N/A)	39.4	N/A
simadna_hd_100.fq	499905	499905	494859	 1.0	Sciuridae	Ratufa_bicolor	2	2	-	0	0	N/A (N/A,N/A)	N/A (N/A,N/A)	N/A (N/A,N/A)	N/A (N/A,N/A)	39.0	N/A
simadna_hd_100.fq	499905	499905	494859	 1.0	Sciuridae	Sciurus_vulgaris	5	5	-	2	2	33.3 (0.8,90.6)	100.0 (2.5,100.0)	0.0 (0.0,97.5)	N/A (N/A,N/A)	40.2	39.5
simadna_hd_100.fq	499905	499905	494859	 1.0	Sciuridae	Spermophilus_dauricus	4	4	-	0	0	0.0 (0.0,97.5)	N/A (N/A,N/A)	N/A (N/A,N/A)	N/A (N/A,N/A)	40.5	N/A
simadna_hd_100.fq	499905	499905	494859	 1.0	Sciuridae	Tamias_sibiricus	5	5	-	0	0	0.0 (0.0,97.5)	N/A (N/A,N/A)	N/A (N/A,N/A)	N/A (N/A,N/A)	38.6	N/A
simadna_hd_100.fq	499905	499905	494859	 1.0	Sciuridae	Tamiops_swinhoei	5	5	-	0	0	0.0 (0.0,84.2)	N/A (N/A,N/A)	N/A (N/A,N/A)	N/A (N/A,N/A)	39.2	N/A
simadna_hd_100.fq	499905	499905	494859	 1.0	Soricidae	Anourosorex_squamipes	14	12	-	1	2	0.0 (0.0,84.2)	50.0 (1.3,98.7)	N/A (N/A,N/A)	N/A (N/A,N/A)	38.5	41.5
simadna_hd_100.fq	499905	499905	494859	 1.0	Soricidae	Blarinella_quadraticauda	17	15	-	1	5	0.0 (0.0,70.8)	33.3 (0.8,90.6)	N/A (N/A,N/A)	N/A (N/A,N/A)	39.4	40.8
simadna_hd_100.fq	499905	499905	494859	 1.0	Soricidae	Crocidura_attenuata	6	6	-	0	1	N/A (N/A,N/A)	0.0 (0.0,97.5)	N/A (N/A,N/A)	N/A (N/A,N/A)	41.0	38.0
simadna_hd_100.fq	499905	499905	494859	 1.0	Soricidae	Crocidura_beata	7	6	-	0	1	N/A (N/A,N/A)	N/A (N/A,N/A)	N/A (N/A,N/A)	N/A (N/A,N/A)	37.8	38.0
simadna_hd_100.fq	499905	499905	494859	 1.0	Soricidae	Crocidura_grayi	6	5	-	0	1	0.0 (0.0,97.5)	N/A (N/A,N/A)	N/A (N/A,N/A)	N/A (N/A,N/A)	39.0	41.0
simadna_hd_100.fq	499905	499905	494859	 1.0	Soricidae	Crocidura_mindorus	6	5	-	0	1	N/A (N/A,N/A)	N/A (N/A,N/A)	N/A (N/A,N/A)	N/A (N/A,N/A)	38.4	38.0
simadna_hd_100.fq	499905	499905	494859	 1.0	Soricidae	Crocidura_negrina	7	6	-	0	2	N/A (N/A,N/A)	0.0 (0.0,97.5)	N/A (N/A,N/A)	N/A (N/A,N/A)	40.0	39.5
simadna_hd_100.fq	499905	499905	494859	 1.0	Soricidae	Crocidura_ninoyi	9	8	-	1	2	0.0 (0.0,97.5)	50.0 (1.3,98.7)	N/A (N/A,N/A)	N/A (N/A,N/A)	40.2	42.5
simadna_hd_100.fq	499905	499905	494859	 1.0	Soricidae	Crocidura_orientalis	6	5	-	1	2	0.0 (0.0,97.5)	100.0 (2.5,100.0)	N/A (N/A,N/A)	N/A (N/A,N/A)	38.2	41.5
simadna_hd_100.fq	499905	499905	494859	 1.0	Soricidae	Crocidura_palawanensis	3	2	-	0	0	N/A (N/A,N/A)	N/A (N/A,N/A)	N/A (N/A,N/A)	N/A (N/A,N/A)	41.5	N/A
simadna_hd_100.fq	499905	499905	494859	 1.0	Soricidae	Crocidura_panayensis	6	5	-	0	2	N/A (N/A,N/A)	0.0 (0.0,97.5)	N/A (N/A,N/A)	N/A (N/A,N/A)	40.8	39.5
simadna_hd_100.fq	499905	499905	494859	 1.0	Soricidae	Crocidura_shantungensis	8	7	-	0	1	N/A (N/A,N/A)	N/A (N/A,N/A)	N/A (N/A,N/A)	N/A (N/A,N/A)	38.0	38.0
simadna_hd_100.fq	499905	499905	494859	 1.0	Soricidae	Episoriculus_caudatus	13	12	-	0	3	0.0 (0.0,97.5)	N/A (N/A,N/A)	N/A (N/A,N/A)	N/A (N/A,N/A)	39.8	36.0
simadna_hd_100.fq	499905	499905	494859	 1.0	Soricidae	Nectogale_elegans	17	15	-	2	3	25.0 (0.6,80.6)	50.0 (1.3,98.7)	N/A (N/A,N/A)	N/A (N/A,N/A)	38.4	40.3
simadna_hd_100.fq	499905	499905	494859	 1.0	Soricidae	Neomys_fodiens	15	12	-	0	2	0.0 (0.0,97.5)	0.0 (0.0,97.5)	N/A (N/A,N/A)	N/A (N/A,N/A)	40.5	38.0
simadna_hd_100.fq	499905	499905	494859	 1.0	Soricidae	Pseudosoriculus_fumidus	24	20	-	0	1	0.0 (0.0,97.5)	0.0 (0.0,97.5)	N/A (N/A,N/A)	N/A (N/A,N/A)	38.0	38.0
simadna_hd_100.fq	499905	499905	494859	 1.0	Soricidae	Sorex_araneus	12	9	-	1	2	0.0 (0.0,97.5)	50.0 (1.3,98.7)	N/A (N/A,N/A)	N/A (N/A,N/A)	40.7	41.5
simadna_hd_100.fq	499905	499905	494859	 1.0	Soricidae	Sorex_cylindricauda	15	13	-	0	0	0.0 (0.0,97.5)	0.0 (0.0,70.8)	N/A (N/A,N/A)	N/A (N/A,N/A)	40.1	N/A
simadna_hd_100.fq	499905	499905	494859	 1.0	Soricidae	Sorex_tundrensis	19	16	-	3	3	40.0 (5.3,85.3)	25.0 (0.6,80.6)	N/A (N/A,N/A)	0.0 (0.0,97.5)	39.8	40.3
simadna_hd_100.fq	499905	499905	494859	 1.0	Soricidae	Sorex_unguiculatus	11	10	-	1	2	0.0 (0.0,84.2)	50.0 (1.3,98.7)	N/A (N/A,N/A)	N/A (N/A,N/A)	40.6	41.5
simadna_hd_100.fq	499905	499905	494859	 1.0	Soricidae	Suncus_murinus	5	4	-	0	2	N/A (N/A,N/A)	N/A (N/A,N/A)	N/A (N/A,N/A)	N/A (N/A,N/A)	39.5	37.5
simadna_hd_100.fq	499905	499905	494859	 1.0	Spalacidae	Eospalax_fontanierii_baileyi	1	1	-	0	1	N/A (N/A,N/A)	N/A (N/A,N/A)	N/A (N/A,N/A)	N/A (N/A,N/A)	42.0	42.0
simadna_hd_100.fq	499905	499905	494859	 1.0	Spalacidae	Eospalax_fontanierii_cansus	2	2	-	0	1	N/A (N/A,N/A)	N/A (N/A,N/A)	N/A (N/A,N/A)	N/A (N/A,N/A)	40.0	42.0
simadna_hd_100.fq	499905	499905	494859	 1.0	Spalacidae	Eospalax_rothschildi	1	1	-	0	0	N/A (N/A,N/A)	N/A (N/A,N/A)	N/A (N/A,N/A)	N/A (N/A,N/A)	39.0	N/A
simadna_hd_100.fq	499905	499905	494859	 1.0	Spalacidae	Myospalax_aspalax	1	1	-	0	1	0.0 (0.0,97.5)	0.0 (0.0,97.5)	N/A (N/A,N/A)	N/A (N/A,N/A)	35.0	35.0
simadna_hd_100.fq	499905	499905	494859	 1.0	Spalacidae	Myospalax_psilurus	1	1	-	0	1	0.0 (0.0,97.5)	0.0 (0.0,97.5)	N/A (N/A,N/A)	N/A (N/A,N/A)	35.0	35.0
simadna_hd_100.fq	499905	499905	494859	 1.0	Spalacidae	Nannospalax_ehrenbergi	5	5	-	1	2	0.0 (0.0,97.5)	50.0 (1.3,98.7)	N/A (N/A,N/A)	N/A (N/A,N/A)	39.0	36.5
simadna_hd_100.fq	499905	499905	494859	 1.0	Spalacidae	Nannospalax_galili	6	6	-	1	2	0.0 (0.0,97.5)	50.0 (1.3,98.7)	N/A (N/A,N/A)	N/A (N/A,N/A)	40.7	36.5
simadna_hd_100.fq	499905	499905	494859	 1.0	Spalacidae	Nannospalax_golani	6	6	-	1	2	0.0 (0.0,97.5)	50.0 (1.3,98.7)	N/A (N/A,N/A)	N/A (N/A,N/A)	40.7	36.5
simadna_hd_100.fq	499905	499905	494859	 1.0	Spalacidae	Nannospalax_judaei	5	5	-	1	2	0.0 (0.0,97.5)	50.0 (1.3,98.7)	N/A (N/A,N/A)	N/A (N/A,N/A)	39.0	36.5
simadna_hd_100.fq	499905	499905	494859	 1.0	Spalacidae	Rhizomys_sinensis	2	2	-	0	0	N/A (N/A,N/A)	N/A (N/A,N/A)	N/A (N/A,N/A)	N/A (N/A,N/A)	36.5	N/A
simadna_hd_100.fq	499905	499905	494859	 1.0	Spalacidae	Spalax_carmeli	5	5	-	2	2	100.0 (2.5,100.0)	100.0 (2.5,100.0)	N/A (N/A,N/A)	N/A (N/A,N/A)	39.2	37.0
simadna_hd_100.fq	499905	499905	494859	 1.0	Suidae	Phacochoerus_africanus	6934	4822	++	317	727	17.8 (15.1,20.7)	24.9 (21.9,28.1)	13.0 (2.8,33.6)	13.6 (2.9,34.9)	50.4	49.7
simadna_hd_100.fq	499905	499905	494859	 1.0	Suidae	Potamochoerus_porcus	5462	3880	++	256	566	19.6 (16.4,23.2)	23.2 (20.0,26.7)	25.0 (8.7,49.1)	31.2 (11.0,58.7)	50.2	49.3
simadna_hd_100.fq	499905	499905	494859	 1.0	Suidae	Sus_barbatus	32721	18463	++	1654	3476	23.9 (22.4,25.4)	28.1 (26.6,29.7)	19.3 (13.3,26.6)	21.5 (14.9,29.4)	56.4	55.3
simadna_hd_100.fq	499905	499905	494859	 1.0	Suidae	Sus_cebifrons	28503	16593	++	1443	2980	22.7 (21.2,24.3)	28.9 (27.2,30.5)	20.3 (14.1,27.7)	26.5 (18.7,35.7)	55.4	54.5
simadna_hd_100.fq	499905	499905	494859	 1.0	Suidae	Sus_celebensis	31439	17872	++	1542	3320	23.0 (21.5,24.6)	27.9 (26.3,29.5)	21.7 (15.4,29.1)	26.0 (18.6,34.5)	56.0	55.0
simadna_hd_100.fq	499905	499905	494859	 1.0	Suidae	Sus_scrofa	37938	20645	++	2007	4184	25.4 (24.0,26.8)	29.7 (28.3,31.2)	19.6 (14.6,25.5)	25.6 (19.2,32.9)	57.6	56.7
simadna_hd_100.fq	499905	499905	494859	 1.0	Suidae	Sus_scrofa_domesticus	38458	20876	++	2047	4256	25.5 (24.1,27.0)	30.0 (28.6,31.5)	21.1 (16.0,27.0)	28.4 (21.7,35.8)	57.7	56.8
simadna_hd_100.fq	499905	499905	494859	 1.0	Suidae	Sus_scrofa_taivanus	41019	21762	++	2235	4554	26.9 (25.5,28.3)	30.3 (28.8,31.7)	25.5 (20.2,31.4)	30.2 (24.1,36.9)	58.4	57.9
simadna_hd_100.fq	499905	499905	494859	 1.0	Suidae	Sus_verrucosus	32201	18249	++	1603	3386	23.9 (22.4,25.4)	27.7 (26.2,29.3)	21.4 (15.3,28.6)	25.4 (18.3,33.6)	56.2	55.2
simadna_hd_100.fq	499905	499905	494859	 1.0	Talpidae	Galemys_pyrenaicus	13	11	-	1	2	100.0 (2.5,100.0)	0.0 (0.0,84.2)	N/A (N/A,N/A)	N/A (N/A,N/A)	42.4	41.0
simadna_hd_100.fq	499905	499905	494859	 1.0	Talpidae	Mogera_wogura	4	4	-	0	1	0.0 (0.0,97.5)	0.0 (0.0,97.5)	N/A (N/A,N/A)	N/A (N/A,N/A)	41.8	46.0
simadna_hd_100.fq	499905	499905	494859	 1.0	Talpidae	Scapanulus_oweni	1	1	-	0	0	N/A (N/A,N/A)	N/A (N/A,N/A)	N/A (N/A,N/A)	N/A (N/A,N/A)	38.0	N/A
simadna_hd_100.fq	499905	499905	494859	 1.0	Talpidae	Talpa_europaea	3	3	-	0	1	0.0 (0.0,97.5)	0.0 (0.0,97.5)	N/A (N/A,N/A)	N/A (N/A,N/A)	44.0	46.0
simadna_hd_100.fq	499905	499905	494859	 1.0	Talpidae	Uropsilus_soricipes	8	8	-	1	3	100.0 (2.5,100.0)	0.0 (0.0,70.8)	N/A (N/A,N/A)	N/A (N/A,N/A)	43.8	44.3
simadna_hd_100.fq	499905	499905	494859	 1.0	Talpidae	Uropsilus_sp._1_FT-2014	7	7	-	1	1	50.0 (1.3,98.7)	N/A (N/A,N/A)	N/A (N/A,N/A)	N/A (N/A,N/A)	41.6	43.0
simadna_hd_100.fq	499905	499905	494859	 1.0	Talpidae	Uropsilus_sp._4_FT-2015	11	11	-	2	3	100.0 (2.5,100.0)	25.0 (0.6,80.6)	N/A (N/A,N/A)	N/A (N/A,N/A)	43.8	45.7
simadna_hd_100.fq	499905	499905	494859	 1.0	Talpidae	Urotrichus_talpoides	3	3	-	0	0	N/A (N/A,N/A)	N/A (N/A,N/A)	N/A (N/A,N/A)	N/A (N/A,N/A)	39.7	N/A
simadna_hd_100.fq	499905	499905	494859	 1.0	Tapiridae	Tapirus_indicus	5	5	-	0	1	0.0 (0.0,84.2)	N/A (N/A,N/A)	N/A (N/A,N/A)	N/A (N/A,N/A)	41.2	40.0
simadna_hd_100.fq	499905	499905	494859	 1.0	Tarsiidae	Carlito_syrichta	1	1	-	0	1	N/A (N/A,N/A)	N/A (N/A,N/A)	N/A (N/A,N/A)	N/A (N/A,N/A)	40.0	40.0
simadna_hd_100.fq	499905	499905	494859	 1.0	Tarsiidae	Cephalopachus_bancanus	8	6	-	0	0	0.0 (0.0,97.5)	N/A (N/A,N/A)	N/A (N/A,N/A)	N/A (N/A,N/A)	43.2	N/A
simadna_hd_100.fq	499905	499905	494859	 1.0	Tarsiidae	Tarsius_dentatus	3	3	-	0	1	N/A (N/A,N/A)	0.0 (0.0,84.2)	N/A (N/A,N/A)	N/A (N/A,N/A)	41.3	45.0
simadna_hd_100.fq	499905	499905	494859	 1.0	Tarsiidae	Tarsius_lariang	1	1	-	0	0	N/A (N/A,N/A)	0.0 (0.0,97.5)	N/A (N/A,N/A)	N/A (N/A,N/A)	36.0	N/A
simadna_hd_100.fq	499905	499905	494859	 1.0	Tarsiidae	Tarsius_wallacei	2	2	-	0	1	0.0 (0.0,97.5)	0.0 (0.0,84.2)	N/A (N/A,N/A)	N/A (N/A,N/A)	39.0	42.0
simadna_hd_100.fq	499905	499905	494859	 1.0	Tayassuidae	Dicotyles_tajacu	10	10	-	0	0	0.0 (0.0,97.5)	N/A (N/A,N/A)	N/A (N/A,N/A)	N/A (N/A,N/A)	43.4	N/A
simadna_hd_100.fq	499905	499905	494859	 1.0	Tenrecidae	Echinops_telfairi	2	2	-	0	0	N/A (N/A,N/A)	N/A (N/A,N/A)	N/A (N/A,N/A)	N/A (N/A,N/A)	40.5	N/A
simadna_hd_100.fq	499905	499905	494859	 1.0	Thryonomyidae	Thryonomys_swinderianus	8	8	-	1	3	33.3 (0.8,90.6)	0.0 (0.0,60.2)	N/A (N/A,N/A)	0.0 (0.0,97.5)	37.8	36.7
simadna_hd_100.fq	499905	499905	494859	 1.0	Tragulidae	Hyemoschus_aquaticus	2	2	-	0	0	N/A (N/A,N/A)	N/A (N/A,N/A)	N/A (N/A,N/A)	N/A (N/A,N/A)	42.5	N/A
simadna_hd_100.fq	499905	499905	494859	 1.0	Tragulidae	Tragulus_kanchil	5	5	-	0	1	0.0 (0.0,97.5)	0.0 (0.0,84.2)	N/A (N/A,N/A)	N/A (N/A,N/A)	41.0	40.0
simadna_hd_100.fq	499905	499905	494859	 1.0	Ursidae	Ailuropoda_melanoleuca	11	11	-	2	3	50.0 (1.3,98.7)	33.3 (0.8,90.6)	N/A (N/A,N/A)	N/A (N/A,N/A)	44.5	49.3
simadna_hd_100.fq	499905	499905	494859	 1.0	Ursidae	Helarctos_malayanus	16	16	-	2	4	25.0 (0.6,80.6)	50.0 (1.3,98.7)	N/A (N/A,N/A)	N/A (N/A,N/A)	40.3	43.5
simadna_hd_100.fq	499905	499905	494859	 1.0	Ursidae	Melursus_ursinus	10	10	-	0	2	0.0 (0.0,97.5)	0.0 (0.0,97.5)	N/A (N/A,N/A)	N/A (N/A,N/A)	39.7	38.0
simadna_hd_100.fq	499905	499905	494859	 1.0	Ursidae	Tremarctos_ornatus	16	15	-	1	3	0.0 (0.0,70.8)	50.0 (1.3,98.7)	N/A (N/A,N/A)	N/A (N/A,N/A)	38.7	39.3
simadna_hd_100.fq	499905	499905	494859	 1.0	Ursidae	Ursus_americanus	9	9	-	1	1	50.0 (1.3,98.7)	0.0 (0.0,84.2)	N/A (N/A,N/A)	N/A (N/A,N/A)	39.0	40.0
simadna_hd_100.fq	499905	499905	494859	 1.0	Ursidae	Ursus_arctos	9	9	-	0	1	0.0 (0.0,97.5)	0.0 (0.0,84.2)	N/A (N/A,N/A)	N/A (N/A,N/A)	41.8	35.0
simadna_hd_100.fq	499905	499905	494859	 1.0	Ursidae	Ursus_maritimus	11	11	-	0	1	0.0 (0.0,97.5)	0.0 (0.0,84.2)	N/A (N/A,N/A)	N/A (N/A,N/A)	46.7	35.0
simadna_hd_100.fq	499905	499905	494859	 1.0	Ursidae	Ursus_spelaeus	7	7	-	0	1	0.0 (0.0,97.5)	0.0 (0.0,84.2)	N/A (N/A,N/A)	N/A (N/A,N/A)	36.9	35.0
simadna_hd_100.fq	499905	499905	494859	 1.0	Ursidae	Ursus_thibetanus	16	16	-	0	1	0.0 (0.0,97.5)	0.0 (0.0,70.8)	N/A (N/A,N/A)	N/A (N/A,N/A)	40.4	36.0
simadna_hd_100.fq	499905	499905	494859	 1.0	Ursidae	Ursus_thibetanus_formosanus	11	11	-	0	1	0.0 (0.0,97.5)	0.0 (0.0,84.2)	N/A (N/A,N/A)	N/A (N/A,N/A)	38.8	36.0
simadna_hd_100.fq	499905	499905	494859	 1.0	Ursidae	Ursus_thibetanus_mupinensis	10	10	-	0	0	0.0 (0.0,97.5)	0.0 (0.0,84.2)	N/A (N/A,N/A)	N/A (N/A,N/A)	39.1	N/A
simadna_hd_100.fq	499905	499905	494859	 1.0	Ursidae	Ursus_thibetanus_thibetanus	12	12	-	0	1	0.0 (0.0,97.5)	0.0 (0.0,70.8)	N/A (N/A,N/A)	N/A (N/A,N/A)	38.1	36.0
simadna_hd_100.fq	499905	499905	494859	 1.0	Ursidae	Ursus_thibetanus_ussuricus	13	13	-	0	1	0.0 (0.0,97.5)	0.0 (0.0,70.8)	N/A (N/A,N/A)	N/A (N/A,N/A)	38.7	36.0
simadna_hd_100.fq	499905	499905	494859	 1.0	Vespertilionidae	Chalinolobus_tuberculatus	6	6	-	0	2	N/A (N/A,N/A)	0.0 (0.0,97.5)	N/A (N/A,N/A)	N/A (N/A,N/A)	39.2	43.5
simadna_hd_100.fq	499905	499905	494859	 1.0	Vespertilionidae	Corynorhinus_rafinesquii	7	7	-	0	1	N/A (N/A,N/A)	N/A (N/A,N/A)	N/A (N/A,N/A)	N/A (N/A,N/A)	39.7	38.0
simadna_hd_100.fq	499905	499905	494859	 1.0	Vespertilionidae	Lasiurus_borealis	5	5	-	0	0	0.0 (0.0,97.5)	0.0 (0.0,97.5)	N/A (N/A,N/A)	N/A (N/A,N/A)	37.8	N/A
simadna_hd_100.fq	499905	499905	494859	 1.0	Vespertilionidae	Murina_leucogaster	8	8	-	1	2	0.0 (0.0,70.8)	50.0 (1.3,98.7)	0.0 (0.0,97.5)	N/A (N/A,N/A)	39.2	42.0
simadna_hd_100.fq	499905	499905	494859	 1.0	Vespertilionidae	Murina_ussuriensis	23	16	-	0	1	0.0 (0.0,84.2)	0.0 (0.0,97.5)	N/A (N/A,N/A)	N/A (N/A,N/A)	38.9	36.0
simadna_hd_100.fq	499905	499905	494859	 1.0	Vespertilionidae	Myotis_brandtii	21	16	-	0	1	0.0 (0.0,60.2)	0.0 (0.0,97.5)	N/A (N/A,N/A)	N/A (N/A,N/A)	42.8	37.0
simadna_hd_100.fq	499905	499905	494859	 1.0	Vespertilionidae	Myotis_davidii	12	12	-	1	1	0.0 (0.0,70.8)	50.0 (1.3,98.7)	0.0 (0.0,97.5)	N/A (N/A,N/A)	41.2	38.0
simadna_hd_100.fq	499905	499905	494859	 1.0	Vespertilionidae	Myotis_formosus	16	15	-	0	0	0.0 (0.0,70.8)	0.0 (0.0,84.2)	N/A (N/A,N/A)	N/A (N/A,N/A)	41.9	N/A
simadna_hd_100.fq	499905	499905	494859	 1.0	Vespertilionidae	Myotis_ikonnikovi	15	14	-	0	3	0.0 (0.0,84.2)	0.0 (0.0,97.5)	N/A (N/A,N/A)	N/A (N/A,N/A)	42.0	40.3
simadna_hd_100.fq	499905	499905	494859	 1.0	Vespertilionidae	Myotis_macrodactylus	13	12	-	3	3	40.0 (5.3,85.3)	50.0 (1.3,98.7)	N/A (N/A,N/A)	0.0 (0.0,97.5)	44.1	40.3
simadna_hd_100.fq	499905	499905	494859	 1.0	Vespertilionidae	Nyctalus_noctula	4	4	-	0	1	0.0 (0.0,97.5)	0.0 (0.0,97.5)	N/A (N/A,N/A)	N/A (N/A,N/A)	39.0	47.0
simadna_hd_100.fq	499905	499905	494859	 1.0	Vespertilionidae	Pipistrellus_abramus	7	7	-	0	0	0.0 (0.0,97.5)	N/A (N/A,N/A)	N/A (N/A,N/A)	N/A (N/A,N/A)	39.4	N/A
simadna_hd_100.fq	499905	499905	494859	 1.0	Vespertilionidae	Plecotus_auritus	5	5	-	0	0	0.0 (0.0,97.5)	N/A (N/A,N/A)	N/A (N/A,N/A)	N/A (N/A,N/A)	38.8	N/A
simadna_hd_100.fq	499905	499905	494859	 1.0	Vespertilionidae	Plecotus_macrobullaris	6	6	-	0	0	0.0 (0.0,84.2)	N/A (N/A,N/A)	N/A (N/A,N/A)	N/A (N/A,N/A)	38.7	N/A
simadna_hd_100.fq	499905	499905	494859	 1.0	Vespertilionidae	Vespertilio_sinensis	2	2	-	0	0	N/A (N/A,N/A)	N/A (N/A,N/A)	N/A (N/A,N/A)	N/A (N/A,N/A)	36.5	N/A
simadna_hd_100.fq	499905	499905	494859	 1.0	Viverridae	Genetta_servalina	24	22	-	2	6	0.0 (0.0,97.5)	40.0 (5.3,85.3)	N/A (N/A,N/A)	N/A (N/A,N/A)	45.1	42.3
simadna_hd_100.fq	499905	499905	494859	 1.0	Viverridae	Prionodon_pardicolor	24	22	-	3	4	40.0 (5.3,85.3)	20.0 (0.5,71.6)	N/A (N/A,N/A)	N/A (N/A,N/A)	41.1	41.5
simadna_hd_100.fq	499905	499905	494859	 1.0	Viverridae	Viverricula_indica	40	36	-	3	6	28.6 (3.7,71.0)	28.6 (3.7,71.0)	100.0 (2.5,100.0)	100.0 (2.5,100.0)	43.2	41.0
simadna_hd_100.fq	499905	499905	494859	 1.0	Ziphiidae	Berardius_bairdii	6	6	-	0	0	0.0 (0.0,70.8)	N/A (N/A,N/A)	N/A (N/A,N/A)	N/A (N/A,N/A)	44.7	N/A
simadna_hd_100.fq	499905	499905	494859	 1.0	Ziphiidae	Hyperoodon_ampullatus	13	12	-	0	0	0.0 (0.0,52.2)	0.0 (0.0,70.8)	N/A (N/A,N/A)	N/A (N/A,N/A)	40.2	N/A
simadna_hd_100.fq	499905	499905	494859	 1.0	Ziphiidae	Mesoplodon_densirostris	4	4	-	0	0	0.0 (0.0,97.5)	0.0 (0.0,97.5)	N/A (N/A,N/A)	N/A (N/A,N/A)	44.5	N/A
simadna_hd_100.fq	499905	499905	494859	 1.0	Ziphiidae	Mesoplodon_europaeus	6	6	-	0	0	0.0 (0.0,84.2)	N/A (N/A,N/A)	N/A (N/A,N/A)	N/A (N/A,N/A)	41.2	N/A
simadna_hd_100.fq	499905	499905	494859	 1.0	Ziphiidae	Mesoplodon_ginkgodens	2	1	-	0	0	N/A (N/A,N/A)	N/A (N/A,N/A)	N/A (N/A,N/A)	N/A (N/A,N/A)	37.0	N/A
simadna_hd_100.fq	499905	499905	494859	 1.0	Ziphiidae	Mesoplodon_grayi	3	3	-	0	0	N/A (N/A,N/A)	0.0 (0.0,97.5)	N/A (N/A,N/A)	N/A (N/A,N/A)	43.0	N/A
simadna_hd_100.fq	499905	499905	494859	 1.0	Ziphiidae	Ziphius_cavirostris	5	5	+	3	3	50.0 (1.3,98.7)	100.0 (15.8,100.0)	N/A (N/A,N/A)	N/A (N/A,N/A)	41.6	40.3
simadna_md_100.fq	499930	499930	474847	 1.1	Ailuridae	Ailurus_fulgens	4	4	-	0	0	0.0 (0.0,97.5)	0.0 (0.0,84.2)	N/A (N/A,N/A)	N/A (N/A,N/A)	44.5	N/A
simadna_md_100.fq	499930	499930	474847	 1.1	Ailuridae	Ailurus_styani	4	4	-	0	0	0.0 (0.0,97.5)	0.0 (0.0,84.2)	N/A (N/A,N/A)	N/A (N/A,N/A)	44.5	N/A
simadna_md_100.fq	499930	499930	474847	 1.1	Antilocapridae	Antilocapra_americana	3	3	-	1	1	50.0 (1.3,98.7)	N/A (N/A,N/A)	N/A (N/A,N/A)	N/A (N/A,N/A)	39.3	39.0
simadna_md_100.fq	499930	499930	474847	 1.1	Balaenopteridae	Balaenoptera_acutorostrata	1	1	-	0	0	N/A (N/A,N/A)	N/A (N/A,N/A)	N/A (N/A,N/A)	N/A (N/A,N/A)	46.0	N/A
simadna_md_100.fq	499930	499930	474847	 1.1	Balaenopteridae	Balaenoptera_bonaerensis	2	2	-	0	1	N/A (N/A,N/A)	N/A (N/A,N/A)	N/A (N/A,N/A)	N/A (N/A,N/A)	47.5	49.0
simadna_md_100.fq	499930	499930	474847	 1.1	Balaenopteridae	Balaenoptera_omurai	2	2	-	0	1	N/A (N/A,N/A)	N/A (N/A,N/A)	N/A (N/A,N/A)	N/A (N/A,N/A)	47.5	49.0
simadna_md_100.fq	499930	499930	474847	 1.1	Balaenopteridae	Megaptera_novaeangliae	1	1	-	0	0	N/A (N/A,N/A)	N/A (N/A,N/A)	N/A (N/A,N/A)	N/A (N/A,N/A)	42.0	N/A
simadna_md_100.fq	499930	499930	474847	 1.1	Bovidae	Addax_nasomaculatus	4511	2311	-	74	189	7.7 (5.3,10.6)	9.4 (6.9,12.5)	0.0 (0.0,24.7)	0.0 (0.0,30.8)	47.8	49.3
simadna_md_100.fq	499930	499930	474847	 1.1	Bovidae	Aepyceros_melampus	4632	2285	-	79	183	8.5 (5.9,11.7)	10.6 (7.9,13.8)	20.0 (0.5,71.6)	11.1 (0.3,48.2)	50.0	49.4
simadna_md_100.fq	499930	499930	474847	 1.1	Bovidae	Alcelaphus_buselaphus	4782	2388	-	95	216	8.9 (6.4,11.9)	11.0 (8.4,14.1)	0.0 (0.0,45.9)	0.0 (0.0,33.6)	48.2	47.0
simadna_md_100.fq	499930	499930	474847	 1.1	Bovidae	Ammotragus_lervia	4343	2156	-	87	191	8.5 (5.9,11.6)	12.1 (9.2,15.4)	10.0 (0.3,44.5)	11.1 (0.3,48.2)	48.4	48.6
simadna_md_100.fq	499930	499930	474847	 1.1	Bovidae	Antidorcas_marsupialis	3422	1815	-	51	130	7.5 (4.9,10.9)	8.9 (6.0,12.7)	16.7 (0.4,64.1)	16.7 (0.4,64.1)	47.4	47.9
simadna_md_100.fq	499930	499930	474847	 1.1	Bovidae	Antilope_cervicapra	4142	2159	-	68	153	6.3 (4.2,9.1)	10.3 (7.5,13.6)	10.0 (0.3,44.5)	20.0 (0.5,71.6)	48.6	48.0
simadna_md_100.fq	499930	499930	474847	 1.1	Bovidae	Arabitragus_jayakari	4359	2109	-	56	153	6.0 (3.8,8.9)	8.2 (5.7,11.2)	0.0 (0.0,52.2)	0.0 (0.0,60.2)	48.3	47.4
simadna_md_100.fq	499930	499930	474847	 1.1	Bovidae	Beatragus_hunteri	4621	2317	+	96	221	8.2 (5.7,11.3)	13.9 (10.9,17.5)	5.9 (0.1,28.7)	14.3 (0.4,57.9)	48.6	48.6
simadna_md_100.fq	499930	499930	474847	 1.1	Bovidae	Bison_bison	53678	17783	++	802	1617	11.4 (10.4,12.6)	12.7 (11.6,13.8)	9.9 (4.4,18.5)	9.2 (4.1,17.3)	58.9	58.5
simadna_md_100.fq	499930	499930	474847	 1.1	Bovidae	Bison_bonasus	62063	19759	++	954	1880	12.6 (11.6,13.7)	13.1 (12.0,14.2)	21.2 (13.1,31.4)	14.8 (9.0,22.3)	59.7	59.2
simadna_md_100.fq	499930	499930	474847	 1.1	Bovidae	Bison_priscus	54329	17877	++	854	1691	11.9 (10.8,13.0)	13.4 (12.3,14.6)	9.1 (4.0,17.1)	9.0 (4.0,16.9)	58.9	58.5
simadna_md_100.fq	499930	499930	474847	 1.1	Bovidae	Bos_gaurus	47564	16448	++	721	1543	11.7 (10.6,12.9)	12.2 (11.0,13.3)	18.9 (10.7,29.7)	16.1 (9.1,25.5)	57.7	57.1
simadna_md_100.fq	499930	499930	474847	 1.1	Bovidae	Bos_grunniens	49383	16902	++	778	1597	11.9 (10.8,13.1)	12.8 (11.7,14.1)	10.5 (4.7,19.7)	9.3 (4.1,17.5)	58.3	58.7
simadna_md_100.fq	499930	499930	474847	 1.1	Bovidae	Bos_indicus	103474	27533	++	1532	2520	15.3 (14.4,16.3)	13.3 (12.4,14.2)	19.1 (12.9,26.7)	13.1 (8.8,18.6)	64.4	65.0
simadna_md_100.fq	499930	499930	474847	 1.1	Bovidae	Bos_javanicus	109035	28353	++	1568	2351	15.8 (14.8,16.7)	12.5 (11.7,13.4)	20.4 (14.2,27.8)	13.8 (9.5,19.1)	64.8	65.8
simadna_md_100.fq	499930	499930	474847	 1.1	Bovidae	Bos_mutus	51885	17324	++	822	1641	12.7 (11.6,13.9)	12.6 (11.5,13.8)	10.4 (4.6,19.4)	8.9 (3.9,16.8)	58.8	59.1
simadna_md_100.fq	499930	499930	474847	 1.1	Bovidae	Bos_primigenius	108270	28273	++	1574	2416	15.7 (14.8,16.7)	12.8 (11.9,13.7)	20.5 (14.3,28.0)	13.8 (9.5,19.1)	64.7	65.7
simadna_md_100.fq	499930	499930	474847	 1.1	Bovidae	Bos_taurus	108972	28353	++	1568	2357	15.8 (14.8,16.7)	12.5 (11.6,13.4)	19.4 (13.3,26.9)	12.8 (8.7,17.9)	64.8	65.7
simadna_md_100.fq	499930	499930	474847	 1.1	Bovidae	Boselaphus_tragocamelus	6794	3273	+	129	297	8.7 (6.5,11.4)	12.6 (10.1,15.3)	28.6 (8.4,58.1)	25.0 (7.3,52.4)	50.5	50.0
simadna_md_100.fq	499930	499930	474847	 1.1	Bovidae	Bubalus_depressicornis	8839	4116	+	147	358	6.8 (5.1,8.8)	12.2 (10.0,14.7)	20.0 (4.3,48.1)	25.0 (5.5,57.2)	51.1	51.3
simadna_md_100.fq	499930	499930	474847	 1.1	Bovidae	Bubalus_kerabau	8348	3783	+	157	366	9.5 (7.4,11.9)	12.4 (10.1,14.9)	25.0 (7.3,52.4)	30.8 (9.1,61.4)	50.7	50.0
simadna_md_100.fq	499930	499930	474847	 1.1	Bovidae	Budorcas_taxicolor	3903	1974	-	65	152	7.3 (4.8,10.5)	10.8 (7.8,14.4)	20.0 (0.5,71.6)	14.3 (0.4,57.9)	48.1	48.7
simadna_md_100.fq	499930	499930	474847	 1.1	Bovidae	Capra_aegagrus	4569	2314	-	69	162	6.0 (3.9,8.8)	10.3 (7.7,13.5)	11.8 (1.5,36.4)	40.0 (5.3,85.3)	48.5	48.5
simadna_md_100.fq	499930	499930	474847	 1.1	Bovidae	Capra_caucasica	4119	2135	-	67	149	7.0 (4.6,10.1)	10.9 (7.9,14.5)	0.0 (0.0,28.5)	0.0 (0.0,60.2)	46.8	45.8
simadna_md_100.fq	499930	499930	474847	 1.1	Bovidae	Capra_falconeri	4453	2203	-	68	155	6.4 (4.2,9.3)	10.0 (7.3,13.3)	0.0 (0.0,24.7)	0.0 (0.0,52.2)	47.9	46.7
simadna_md_100.fq	499930	499930	474847	 1.1	Bovidae	Capra_hircus	4426	2254	-	67	159	5.9 (3.8,8.7)	10.0 (7.4,13.2)	6.2 (0.2,30.2)	25.0 (0.6,80.6)	47.7	48.6
simadna_md_100.fq	499930	499930	474847	 1.1	Bovidae	Capra_ibex	4401	2187	-	71	165	6.0 (3.9,8.8)	11.6 (8.6,15.2)	0.0 (0.0,30.8)	0.0 (0.0,52.2)	47.4	46.8
simadna_md_100.fq	499930	499930	474847	 1.1	Bovidae	Capra_nubiana	4872	2327	-	77	169	7.4 (5.1,10.3)	10.3 (7.6,13.5)	0.0 (0.0,33.6)	0.0 (0.0,45.9)	47.8	49.4
simadna_md_100.fq	499930	499930	474847	 1.1	Bovidae	Capra_pyrenaica	5035	2432	+	78	182	5.5 (3.6,8.0)	12.6 (9.6,16.2)	0.0 (0.0,23.2)	0.0 (0.0,52.2)	48.1	46.6
simadna_md_100.fq	499930	499930	474847	 1.1	Bovidae	Capra_sibirica	5380	2590	-	87	197	7.3 (5.1,9.9)	10.8 (8.1,13.9)	0.0 (0.0,26.5)	0.0 (0.0,36.9)	49.1	50.1
simadna_md_100.fq	499930	499930	474847	 1.1	Bovidae	Capricornis_crispus	4050	1959	-	63	181	5.9 (3.7,8.7)	11.1 (8.1,14.8)	0.0 (0.0,36.9)	0.0 (0.0,60.2)	48.1	48.9
simadna_md_100.fq	499930	499930	474847	 1.1	Bovidae	Capricornis_milneedwardsii	3701	1894	+	67	164	6.4 (4.0,9.6)	13.2 (9.9,17.2)	8.3 (0.2,38.5)	16.7 (0.4,64.1)	47.7	48.6
simadna_md_100.fq	499930	499930	474847	 1.1	Bovidae	Capricornis_sumatraensis	3339	1728	-	53	138	5.1 (2.9,8.2)	12.0 (8.7,16.1)	0.0 (0.0,33.6)	0.0 (0.0,60.2)	47.5	48.4
simadna_md_100.fq	499930	499930	474847	 1.1	Bovidae	Capricornis_swinhoei	3115	1634	-	60	152	6.9 (4.3,10.5)	13.0 (9.5,17.2)	10.0 (0.3,44.5)	16.7 (0.4,64.1)	46.4	46.7
simadna_md_100.fq	499930	499930	474847	 1.1	Bovidae	Cephalophorus_callipygus	4760	2307	+	92	212	8.9 (6.3,12.1)	12.9 (9.9,16.5)	0.0 (0.0,28.5)	0.0 (0.0,41.0)	49.7	50.4
simadna_md_100.fq	499930	499930	474847	 1.1	Bovidae	Cephalophorus_leucogaster	4883	2407	+	89	214	6.9 (4.8,9.7)	12.8 (9.9,16.3)	0.0 (0.0,23.2)	0.0 (0.0,45.9)	47.9	46.4
simadna_md_100.fq	499930	499930	474847	 1.1	Bovidae	Cephalophorus_natalensis	4393	2314	-	82	195	7.0 (4.8,9.8)	11.5 (8.7,14.8)	0.0 (0.0,36.9)	0.0 (0.0,33.6)	48.2	48.0
simadna_md_100.fq	499930	499930	474847	 1.1	Bovidae	Cephalophorus_nigrifrons	4260	2218	-	64	167	6.0 (3.9,8.7)	9.1 (6.5,12.2)	0.0 (0.0,45.9)	0.0 (0.0,60.2)	48.2	47.6
simadna_md_100.fq	499930	499930	474847	 1.1	Bovidae	Cephalophorus_ogilbyi	4162	2117	-	81	187	9.6 (6.9,12.9)	10.7 (7.9,14.1)	8.3 (0.2,38.5)	14.3 (0.4,57.9)	48.9	48.2
simadna_md_100.fq	499930	499930	474847	 1.1	Bovidae	Cephalophorus_rufilatus	4448	2291	-	57	158	5.1 (3.2,7.6)	8.5 (6.0,11.6)	0.0 (0.0,70.8)	0.0 (0.0,84.2)	48.1	47.5
simadna_md_100.fq	499930	499930	474847	 1.1	Bovidae	Cephalophus_dorsalis	4250	2166	+	81	190	5.4 (3.3,8.1)	12.9 (10.0,16.3)	0.0 (0.0,36.9)	0.0 (0.0,45.9)	47.7	46.5
simadna_md_100.fq	499930	499930	474847	 1.1	Bovidae	Cephalophus_jentinki	3900	2043	-	72	175	7.9 (5.4,11.2)	10.6 (7.8,14.1)	0.0 (0.0,41.0)	0.0 (0.0,41.0)	46.4	45.7
simadna_md_100.fq	499930	499930	474847	 1.1	Bovidae	Cephalophus_silvicultor	4477	2358	+	81	204	5.7 (3.7,8.3)	12.4 (9.6,15.8)	8.3 (0.2,38.5)	16.7 (0.4,64.1)	47.5	46.9
simadna_md_100.fq	499930	499930	474847	 1.1	Bovidae	Cephalophus_spadix	4415	2231	-	84	194	7.9 (5.5,11.0)	11.3 (8.6,14.6)	0.0 (0.0,41.0)	0.0 (0.0,60.2)	47.8	46.5
simadna_md_100.fq	499930	499930	474847	 1.1	Bovidae	Connochaetes_gnou	4721	2406	-	69	189	5.6 (3.6,8.1)	9.6 (7.1,12.7)	0.0 (0.0,36.9)	0.0 (0.0,45.9)	47.4	46.7
simadna_md_100.fq	499930	499930	474847	 1.1	Bovidae	Connochaetes_taurinus	4698	2486	-	82	226	6.2 (4.2,8.8)	11.5 (8.7,14.8)	0.0 (0.0,41.0)	0.0 (0.0,45.9)	47.6	46.2
simadna_md_100.fq	499930	499930	474847	 1.1	Bovidae	Damaliscus_lunatus	3898	2053	-	76	189	8.0 (5.4,11.2)	11.6 (8.7,15.1)	7.7 (0.2,36.0)	12.5 (0.3,52.7)	47.3	47.3
simadna_md_100.fq	499930	499930	474847	 1.1	Bovidae	Damaliscus_pygargus	3812	1954	+	88	198	9.4 (6.6,12.7)	13.7 (10.5,17.5)	18.2 (2.3,51.8)	22.2 (2.8,60.0)	48.3	48.2
simadna_md_100.fq	499930	499930	474847	 1.1	Bovidae	Dorcatragus_megalotis	4902	2353	-	74	155	8.5 (6.0,11.7)	9.1 (6.5,12.2)	0.0 (0.0,45.9)	0.0 (0.0,41.0)	48.9	48.9
simadna_md_100.fq	499930	499930	474847	 1.1	Bovidae	Eudorcas_rufifrons	3891	1984	-	56	131	6.6 (4.2,9.8)	9.2 (6.5,12.5)	16.7 (0.4,64.1)	50.0 (1.3,98.7)	48.2	46.9
simadna_md_100.fq	499930	499930	474847	 1.1	Bovidae	Gazella_bennettii	4746	2322	-	74	181	6.2 (4.1,9.0)	11.5 (8.7,15.0)	6.7 (0.2,31.9)	10.0 (0.3,44.5)	49.9	49.3
simadna_md_100.fq	499930	499930	474847	 1.1	Bovidae	Gazella_cuvieri	3597	1949	-	67	149	6.7 (4.3,9.9)	12.7 (9.4,16.6)	7.1 (0.2,33.9)	20.0 (0.5,71.6)	48.4	49.1
simadna_md_100.fq	499930	499930	474847	 1.1	Bovidae	Gazella_dorcas	4500	2317	-	80	194	7.0 (4.8,9.8)	11.6 (8.7,15.0)	6.2 (0.2,30.2)	10.0 (0.3,44.5)	49.1	49.0
simadna_md_100.fq	499930	499930	474847	 1.1	Bovidae	Gazella_erlangeri	4492	2271	-	68	168	6.1 (4.0,8.8)	9.3 (6.8,12.4)	0.0 (0.0,28.5)	0.0 (0.0,52.2)	49.2	48.6
simadna_md_100.fq	499930	499930	474847	 1.1	Bovidae	Gazella_gazella	4683	2375	-	72	175	5.8 (3.8,8.4)	10.2 (7.6,13.3)	0.0 (0.0,30.8)	0.0 (0.0,70.8)	49.3	48.7
simadna_md_100.fq	499930	499930	474847	 1.1	Bovidae	Gazella_leptoceros	3683	2008	-	67	152	6.4 (4.1,9.4)	12.3 (9.1,16.1)	7.1 (0.2,33.9)	25.0 (0.6,80.6)	48.6	49.4
simadna_md_100.fq	499930	499930	474847	 1.1	Bovidae	Gazella_spekei	4536	2251	-	65	167	4.6 (2.8,7.1)	11.5 (8.5,15.0)	5.0 (0.1,24.9)	16.7 (0.4,64.1)	49.5	49.5
simadna_md_100.fq	499930	499930	474847	 1.1	Bovidae	Gazella_subgutturosa	4846	2424	-	79	190	6.4 (4.3,9.1)	11.5 (8.7,14.8)	6.7 (0.2,31.9)	12.5 (0.3,52.7)	49.5	48.7
simadna_md_100.fq	499930	499930	474847	 1.1	Bovidae	Hemitragus_jemlahicus	5218	2557	-	85	195	6.3 (4.2,9.0)	11.4 (8.7,14.5)	5.6 (0.1,27.3)	7.1 (0.2,33.9)	48.1	47.2
simadna_md_100.fq	499930	499930	474847	 1.1	Bovidae	Hippotragus_equinus	5119	2563	-	77	174	6.4 (4.3,9.1)	10.1 (7.5,13.2)	0.0 (0.0,30.8)	0.0 (0.0,41.0)	49.5	50.0
simadna_md_100.fq	499930	499930	474847	 1.1	Bovidae	Hippotragus_niger	5407	2510	+	85	209	5.8 (3.8,8.4)	13.1 (10.2,16.6)	25.0 (0.6,80.6)	10.0 (0.3,44.5)	49.5	48.2
simadna_md_100.fq	499930	499930	474847	 1.1	Bovidae	Kobus_ellipsiprymnus	4113	2154	-	73	167	7.0 (4.7,10.0)	9.8 (7.2,12.9)	0.0 (0.0,30.8)	0.0 (0.0,24.7)	48.0	47.4
simadna_md_100.fq	499930	499930	474847	 1.1	Bovidae	Kobus_leche	5300	2720	-	94	217	8.2 (6.0,10.9)	10.2 (7.7,13.2)	0.0 (0.0,26.5)	0.0 (0.0,36.9)	48.0	48.5
simadna_md_100.fq	499930	499930	474847	 1.1	Bovidae	Leucocephalophus_adersi	5278	2589	-	84	208	8.1 (5.9,10.8)	9.1 (6.6,12.1)	0.0 (0.0,33.6)	0.0 (0.0,41.0)	49.5	49.6
simadna_md_100.fq	499930	499930	474847	 1.1	Bovidae	Litocranius_walleri	5019	2384	-	83	165	7.8 (5.5,10.8)	11.0 (8.2,14.3)	0.0 (0.0,41.0)	0.0 (0.0,33.6)	48.7	48.7
simadna_md_100.fq	499930	499930	474847	 1.1	Bovidae	Madoqua_kirkii	3075	1602	-	62	133	8.1 (5.1,12.2)	12.9 (9.4,17.0)	0.0 (0.0,33.6)	0.0 (0.0,60.2)	47.0	47.6
simadna_md_100.fq	499930	499930	474847	 1.1	Bovidae	Madoqua_saltiana	3598	1819	-	51	133	6.4 (3.9,9.8)	9.8 (6.8,13.6)	0.0 (0.0,45.9)	0.0 (0.0,52.2)	47.9	49.9
simadna_md_100.fq	499930	499930	474847	 1.1	Bovidae	Naemorhedus_baileyi	4249	2029	-	63	164	5.9 (3.8,8.7)	10.6 (7.7,14.2)	0.0 (0.0,28.5)	0.0 (0.0,52.2)	48.3	47.6
simadna_md_100.fq	499930	499930	474847	 1.1	Bovidae	Naemorhedus_caudatus	3634	1868	-	49	120	7.0 (4.5,10.4)	7.8 (5.2,11.3)	0.0 (0.0,60.2)	0.0 (0.0,60.2)	46.8	48.0
simadna_md_100.fq	499930	499930	474847	 1.1	Bovidae	Naemorhedus_goral	3150	1645	-	43	115	6.3 (3.9,9.5)	7.5 (4.8,11.0)	0.0 (0.0,52.2)	0.0 (0.0,70.8)	46.8	48.1
simadna_md_100.fq	499930	499930	474847	 1.1	Bovidae	Naemorhedus_griseus	3897	1828	-	60	161	7.4 (4.9,10.6)	10.1 (7.1,13.8)	0.0 (0.0,45.9)	0.0 (0.0,41.0)	48.5	49.6
simadna_md_100.fq	499930	499930	474847	 1.1	Bovidae	Nanger_dama	4817	2265	-	78	177	7.8 (5.4,10.9)	10.3 (7.7,13.4)	11.1 (0.3,48.2)	11.1 (0.3,48.2)	49.9	50.5
simadna_md_100.fq	499930	499930	474847	 1.1	Bovidae	Nanger_granti	4098	2012	-	62	148	6.1 (3.8,9.2)	12.1 (8.9,16.0)	16.7 (0.4,64.1)	33.3 (0.8,90.6)	49.1	50.3
simadna_md_100.fq	499930	499930	474847	 1.1	Bovidae	Nanger_soemmerringii	4861	2279	-	79	176	7.6 (5.2,10.6)	12.1 (9.1,15.6)	28.6 (3.7,71.0)	16.7 (2.1,48.4)	49.9	50.3
simadna_md_100.fq	499930	499930	474847	 1.1	Bovidae	Neotragus_batesi	4003	2044	-	61	155	8.0 (5.3,11.4)	9.7 (6.8,13.2)	16.7 (0.4,64.1)	11.1 (0.3,48.2)	48.1	48.3
simadna_md_100.fq	499930	499930	474847	 1.1	Bovidae	Neotragus_moschatus	4067	2118	-	69	175	7.4 (5.0,10.5)	10.0 (7.2,13.3)	0.0 (0.0,60.2)	0.0 (0.0,84.2)	48.4	48.3
simadna_md_100.fq	499930	499930	474847	 1.1	Bovidae	Oreamnos_americanus	4634	2337	-	51	150	5.4 (3.4,8.1)	6.8 (4.6,9.7)	0.0 (0.0,41.0)	0.0 (0.0,97.5)	48.0	46.7
simadna_md_100.fq	499930	499930	474847	 1.1	Bovidae	Oreotragus_oreotragus	4438	2127	-	76	167	6.8 (4.4,9.8)	12.6 (9.5,16.2)	0.0 (0.0,70.8)	0.0 (0.0,45.9)	49.1	48.7
simadna_md_100.fq	499930	499930	474847	 1.1	Bovidae	Oryx_beisa	4209	2101	-	67	169	9.0 (6.3,12.3)	8.5 (5.9,11.8)	0.0 (0.0,52.2)	0.0 (0.0,45.9)	48.6	47.9
simadna_md_100.fq	499930	499930	474847	 1.1	Bovidae	Oryx_gazella	4163	2055	-	74	166	7.7 (5.2,10.8)	11.8 (8.8,15.4)	10.0 (0.3,44.5)	20.0 (0.5,71.6)	48.4	48.1
simadna_md_100.fq	499930	499930	474847	 1.1	Bovidae	Oryx_leucoryx	4242	2172	-	68	170	9.1 (6.5,12.3)	8.5 (5.9,11.7)	12.5 (0.3,52.7)	20.0 (0.5,71.6)	48.3	47.0
simadna_md_100.fq	499930	499930	474847	 1.1	Bovidae	Ourebia_ourebi	3978	2008	-	62	152	7.0 (4.7,10.0)	8.9 (6.3,12.1)	0.0 (0.0,41.0)	0.0 (0.0,52.2)	48.9	47.7
simadna_md_100.fq	499930	499930	474847	 1.1	Bovidae	Ovibos_moschatus	3589	1849	-	65	154	6.2 (3.9,9.3)	11.5 (8.4,15.2)	0.0 (0.0,30.8)	0.0 (0.0,45.9)	48.1	48.9
simadna_md_100.fq	499930	499930	474847	 1.1	Bovidae	Ovis_ammon	3996	2064	-	55	134	7.4 (4.9,10.7)	7.5 (5.0,10.5)	0.0 (0.0,41.0)	0.0 (0.0,60.2)	47.5	46.5
simadna_md_100.fq	499930	499930	474847	 1.1	Bovidae	Ovis_aries	4636	2285	-	79	184	9.5 (6.9,12.8)	9.8 (7.1,13.0)	0.0 (0.0,45.9)	0.0 (0.0,52.2)	47.4	46.0
simadna_md_100.fq	499930	499930	474847	 1.1	Bovidae	Ovis_canadensis	4683	2191	-	63	171	6.5 (4.2,9.5)	9.8 (7.1,13.2)	0.0 (0.0,45.9)	0.0 (0.0,41.0)	48.4	48.8
simadna_md_100.fq	499930	499930	474847	 1.1	Bovidae	Ovis_orientalis	4600	2275	-	79	178	9.4 (6.7,12.7)	10.3 (7.6,13.7)	0.0 (0.0,45.9)	0.0 (0.0,52.2)	47.3	45.8
simadna_md_100.fq	499930	499930	474847	 1.1	Bovidae	Ovis_vignei	4002	2065	-	55	145	6.3 (4.0,9.3)	8.6 (6.0,11.9)	0.0 (0.0,45.9)	0.0 (0.0,70.8)	47.2	45.8
simadna_md_100.fq	499930	499930	474847	 1.1	Bovidae	Pantholops_hodgsonii	4828	2364	-	93	205	9.2 (6.6,12.4)	12.1 (9.3,15.5)	0.0 (0.0,30.8)	0.0 (0.0,33.6)	47.0	46.6
simadna_md_100.fq	499930	499930	474847	 1.1	Bovidae	Pelea_capreolus	3844	2061	-	74	165	5.8 (3.6,8.7)	12.4 (9.5,16.0)	0.0 (0.0,20.6)	0.0 (0.0,52.2)	47.4	46.1
simadna_md_100.fq	499930	499930	474847	 1.1	Bovidae	Philantomba_maxwellii	6789	3075	-	101	235	8.8 (6.6,11.5)	9.1 (6.9,11.8)	0.0 (0.0,41.0)	0.0 (0.0,33.6)	50.1	49.2
simadna_md_100.fq	499930	499930	474847	 1.1	Bovidae	Philantomba_monticola	5683	2730	-	80	201	5.7 (3.8,8.2)	10.8 (8.2,13.9)	0.0 (0.0,41.0)	0.0 (0.0,60.2)	48.7	47.4
simadna_md_100.fq	499930	499930	474847	 1.1	Bovidae	Procapra_gutturosa	4449	2137	-	68	160	7.4 (5.0,10.6)	9.8 (7.1,13.1)	0.0 (0.0,30.8)	0.0 (0.0,41.0)	49.1	47.5
simadna_md_100.fq	499930	499930	474847	 1.1	Bovidae	Procapra_przewalskii	4832	2285	-	71	172	7.3 (5.0,10.3)	9.8 (7.1,13.0)	9.1 (0.2,41.3)	14.3 (0.4,57.9)	49.5	47.8
simadna_md_100.fq	499930	499930	474847	 1.1	Bovidae	Pseudois_nayaur	4566	2370	-	69	183	5.1 (3.2,7.7)	11.3 (8.4,14.7)	7.1 (0.2,33.9)	25.0 (0.6,80.6)	47.5	46.5
simadna_md_100.fq	499930	499930	474847	 1.1	Bovidae	Pseudois_schaeferi	4461	2284	-	72	194	5.5 (3.5,8.2)	12.0 (9.1,15.5)	7.1 (0.2,33.9)	25.0 (0.6,80.6)	47.7	47.0
simadna_md_100.fq	499930	499930	474847	 1.1	Bovidae	Pseudoryx_nghetinhensis	8354	3778	+	130	310	6.6 (4.9,8.8)	11.8 (9.6,14.4)	6.2 (0.2,30.2)	16.7 (0.4,64.1)	50.8	50.7
simadna_md_100.fq	499930	499930	474847	 1.1	Bovidae	Raphicerus_campestris	2746	1522	-	37	95	5.0 (2.7,8.2)	7.8 (5.0,11.5)	0.0 (0.0,60.2)	0.0 (0.0,97.5)	47.7	49.1
simadna_md_100.fq	499930	499930	474847	 1.1	Bovidae	Redunca_arundinum	4219	2163	+	85	186	5.1 (3.2,7.8)	16.0 (12.6,19.9)	0.0 (0.0,24.7)	0.0 (0.0,45.9)	48.3	47.5
simadna_md_100.fq	499930	499930	474847	 1.1	Bovidae	Redunca_fulvorufula	3430	1871	-	62	149	5.8 (3.6,8.7)	12.3 (9.0,16.3)	11.1 (0.3,48.2)	20.0 (0.5,71.6)	48.2	47.4
simadna_md_100.fq	499930	499930	474847	 1.1	Bovidae	Rupicapra_pyrenaica	4257	2175	+	86	217	7.2 (4.9,10.1)	13.0 (10.0,16.5)	7.7 (0.2,36.0)	9.1 (0.2,41.3)	47.3	47.5
simadna_md_100.fq	499930	499930	474847	 1.1	Bovidae	Rupicapra_rupicapra	3835	2095	+	77	191	5.9 (3.8,8.7)	13.3 (10.1,17.0)	8.3 (0.2,38.5)	10.0 (0.3,44.5)	47.3	47.8
simadna_md_100.fq	499930	499930	474847	 1.1	Bovidae	Saiga_tatarica	4575	2187	-	74	174	8.8 (6.2,12.1)	9.8 (7.1,13.0)	0.0 (0.0,33.6)	0.0 (0.0,36.9)	49.5	50.2
simadna_md_100.fq	499930	499930	474847	 1.1	Bovidae	Sylvicapra_grimmia	4984	2561	-	85	229	7.2 (5.1,10.0)	10.2 (7.7,13.2)	0.0 (0.0,24.7)	0.0 (0.0,36.9)	47.6	47.1
simadna_md_100.fq	499930	499930	474847	 1.1	Bovidae	Syncerus_caffer	9443	4264	-	146	369	8.7 (6.7,10.9)	10.5 (8.5,12.9)	12.5 (1.6,38.3)	13.3 (1.7,40.5)	50.8	50.1
simadna_md_100.fq	499930	499930	474847	 1.1	Bovidae	Taurotragus_derbianus	6505	3024	+	116	266	8.2 (6.0,10.9)	13.4 (10.7,16.5)	28.6 (8.4,58.1)	26.7 (7.8,55.1)	49.8	50.1
simadna_md_100.fq	499930	499930	474847	 1.1	Bovidae	Tetracerus_quadricornis	6954	3241	-	108	263	8.4 (6.3,11.0)	10.3 (8.0,13.0)	18.2 (2.3,51.8)	13.3 (1.7,40.5)	51.6	53.4
simadna_md_100.fq	499930	499930	474847	 1.1	Bovidae	Tragelaphus_angasii	5033	2502	+	112	235	10.1 (7.4,13.4)	14.6 (11.6,18.0)	18.2 (2.3,51.8)	20.0 (2.5,55.6)	50.5	52.0
simadna_md_100.fq	499930	499930	474847	 1.1	Bovidae	Tragelaphus_eurycerus	5842	2892	-	103	260	6.6 (4.6,9.1)	11.9 (9.4,14.8)	23.1 (5.0,53.8)	21.4 (4.7,50.8)	50.7	51.1
simadna_md_100.fq	499930	499930	474847	 1.1	Bovidae	Tragelaphus_imberbis	5422	2521	+	114	214	10.1 (7.4,13.3)	14.7 (11.7,18.2)	20.0 (2.5,55.6)	25.0 (3.2,65.1)	51.3	52.4
simadna_md_100.fq	499930	499930	474847	 1.1	Bovidae	Tragelaphus_oryx	5961	2898	+	114	246	7.9 (5.7,10.5)	13.2 (10.5,16.2)	15.4 (1.9,45.4)	12.5 (1.6,38.3)	49.6	50.0
simadna_md_100.fq	499930	499930	474847	 1.1	Bovidae	Tragelaphus_scriptus	5192	2594	-	90	233	7.4 (5.2,10.2)	11.7 (9.0,14.8)	12.5 (1.6,38.3)	15.4 (1.9,45.4)	49.5	50.6
simadna_md_100.fq	499930	499930	474847	 1.1	Bovidae	Tragelaphus_spekii	6193	2904	-	103	249	7.2 (5.1,9.9)	12.1 (9.5,15.0)	7.7 (0.2,36.0)	6.7 (0.2,31.9)	50.3	51.6
simadna_md_100.fq	499930	499930	474847	 1.1	Bovidae	Tragelaphus_strepsiceros	4437	2218	+	87	190	7.8 (5.3,10.8)	12.6 (9.6,16.0)	0.0 (0.0,28.5)	0.0 (0.0,33.6)	50.6	51.5
simadna_md_100.fq	499930	499930	474847	 1.1	Camelidae	Camelus_bactrianus	1	1	-	1	1	100.0 (2.5,100.0)	N/A (N/A,N/A)	N/A (N/A,N/A)	N/A (N/A,N/A)	41.0	41.0
simadna_md_100.fq	499930	499930	474847	 1.1	Camelidae	Camelus_dromedarius	2	2	-	1	1	100.0 (2.5,100.0)	N/A (N/A,N/A)	N/A (N/A,N/A)	N/A (N/A,N/A)	42.5	41.0
simadna_md_100.fq	499930	499930	474847	 1.1	Camelidae	Camelus_ferus	1	1	-	1	1	100.0 (2.5,100.0)	N/A (N/A,N/A)	N/A (N/A,N/A)	N/A (N/A,N/A)	41.0	41.0
simadna_md_100.fq	499930	499930	474847	 1.1	Camelidae	Lama_glama	1	1	-	1	1	100.0 (2.5,100.0)	N/A (N/A,N/A)	N/A (N/A,N/A)	N/A (N/A,N/A)	41.0	41.0
simadna_md_100.fq	499930	499930	474847	 1.1	Canidae	Canis_lupaster	2	2	-	0	0	0.0 (0.0,97.5)	N/A (N/A,N/A)	N/A (N/A,N/A)	N/A (N/A,N/A)	35.0	N/A
simadna_md_100.fq	499930	499930	474847	 1.1	Canidae	Canis_lupus	1	1	-	0	0	0.0 (0.0,97.5)	N/A (N/A,N/A)	N/A (N/A,N/A)	N/A (N/A,N/A)	35.0	N/A
simadna_md_100.fq	499930	499930	474847	 1.1	Canidae	Canis_lupus_chanco	1	1	-	0	0	0.0 (0.0,97.5)	N/A (N/A,N/A)	N/A (N/A,N/A)	N/A (N/A,N/A)	35.0	N/A
simadna_md_100.fq	499930	499930	474847	 1.1	Canidae	Canis_lupus_familiaris	1	1	-	0	0	0.0 (0.0,97.5)	N/A (N/A,N/A)	N/A (N/A,N/A)	N/A (N/A,N/A)	35.0	N/A
simadna_md_100.fq	499930	499930	474847	 1.1	Canidae	Canis_lupus_lupus	1	1	-	0	0	0.0 (0.0,97.5)	N/A (N/A,N/A)	N/A (N/A,N/A)	N/A (N/A,N/A)	35.0	N/A
simadna_md_100.fq	499930	499930	474847	 1.1	Canidae	Chrysocyon_brachyurus	5	3	-	1	1	50.0 (1.3,98.7)	0.0 (0.0,97.5)	N/A (N/A,N/A)	N/A (N/A,N/A)	38.7	39.0
simadna_md_100.fq	499930	499930	474847	 1.1	Canidae	Cuon_alpinus	34	20	-	1	2	12.5 (0.3,52.7)	0.0 (0.0,97.5)	N/A (N/A,N/A)	N/A (N/A,N/A)	40.5	38.5
simadna_md_100.fq	499930	499930	474847	 1.1	Canidae	Lycaon_pictus	23	16	-	1	2	25.0 (0.6,80.6)	0.0 (0.0,97.5)	N/A (N/A,N/A)	N/A (N/A,N/A)	42.1	43.5
simadna_md_100.fq	499930	499930	474847	 1.1	Canidae	Nyctereutes_procyonoides	5	2	-	0	0	N/A (N/A,N/A)	N/A (N/A,N/A)	N/A (N/A,N/A)	N/A (N/A,N/A)	41.0	N/A
simadna_md_100.fq	499930	499930	474847	 1.1	Canidae	Urocyon_cinereoargenteus	1	1	-	1	1	0.0 (0.0,97.5)	100.0 (2.5,100.0)	0.0 (0.0,97.5)	N/A (N/A,N/A)	41.0	41.0
simadna_md_100.fq	499930	499930	474847	 1.1	Canidae	Vulpes_corsac	47	21	-	1	1	12.5 (0.3,52.7)	N/A (N/A,N/A)	N/A (N/A,N/A)	N/A (N/A,N/A)	40.6	40.0
simadna_md_100.fq	499930	499930	474847	 1.1	Canidae	Vulpes_ferrilata	65	26	-	2	3	22.2 (2.8,60.0)	0.0 (0.0,97.5)	N/A (N/A,N/A)	N/A (N/A,N/A)	41.0	41.3
simadna_md_100.fq	499930	499930	474847	 1.1	Canidae	Vulpes_vulpes	9	6	-	1	1	33.3 (0.8,90.6)	0.0 (0.0,97.5)	N/A (N/A,N/A)	N/A (N/A,N/A)	41.5	39.0
simadna_md_100.fq	499930	499930	474847	 1.1	Canidae	Vulpes_zerda	8	5	-	1	1	50.0 (1.3,98.7)	0.0 (0.0,97.5)	N/A (N/A,N/A)	N/A (N/A,N/A)	41.6	39.0
simadna_md_100.fq	499930	499930	474847	 1.1	Caviidae	Cavia_porcellus	2	2	-	0	0	N/A (N/A,N/A)	N/A (N/A,N/A)	N/A (N/A,N/A)	N/A (N/A,N/A)	38.0	N/A
simadna_md_100.fq	499930	499930	474847	 1.1	Cebidae	Callimico_goeldii	2	2	-	1	1	N/A (N/A,N/A)	100.0 (2.5,100.0)	N/A (N/A,N/A)	N/A (N/A,N/A)	35.5	35.0
simadna_md_100.fq	499930	499930	474847	 1.1	Cebidae	Callithrix_geoffroyi	1	1	-	0	0	N/A (N/A,N/A)	0.0 (0.0,97.5)	N/A (N/A,N/A)	N/A (N/A,N/A)	42.0	N/A
simadna_md_100.fq	499930	499930	474847	 1.1	Cebidae	Callithrix_jacchus	1	1	-	0	0	N/A (N/A,N/A)	0.0 (0.0,97.5)	N/A (N/A,N/A)	N/A (N/A,N/A)	42.0	N/A
simadna_md_100.fq	499930	499930	474847	 1.1	Cebidae	Callithrix_kuhlii	1	1	-	0	0	N/A (N/A,N/A)	0.0 (0.0,97.5)	N/A (N/A,N/A)	N/A (N/A,N/A)	42.0	N/A
simadna_md_100.fq	499930	499930	474847	 1.1	Cebidae	Cebuella_pygmaea	1	1	-	0	0	N/A (N/A,N/A)	0.0 (0.0,97.5)	N/A (N/A,N/A)	N/A (N/A,N/A)	42.0	N/A
simadna_md_100.fq	499930	499930	474847	 1.1	Cebidae	Cebus_albifrons	2	2	-	1	1	N/A (N/A,N/A)	100.0 (2.5,100.0)	N/A (N/A,N/A)	N/A (N/A,N/A)	35.0	35.0
simadna_md_100.fq	499930	499930	474847	 1.1	Cebidae	Leontopithecus_rosalia	1	1	-	0	0	N/A (N/A,N/A)	0.0 (0.0,97.5)	N/A (N/A,N/A)	N/A (N/A,N/A)	42.0	N/A
simadna_md_100.fq	499930	499930	474847	 1.1	Cebidae	Saguinus_oedipus	1	1	-	0	0	N/A (N/A,N/A)	0.0 (0.0,97.5)	N/A (N/A,N/A)	N/A (N/A,N/A)	42.0	N/A
simadna_md_100.fq	499930	499930	474847	 1.1	Cebidae	Saimiri_boliviensis	3	3	-	1	1	N/A (N/A,N/A)	50.0 (1.3,98.7)	N/A (N/A,N/A)	N/A (N/A,N/A)	37.7	35.0
simadna_md_100.fq	499930	499930	474847	 1.1	Cebidae	Saimiri_boliviensis_boliviensis	3	3	-	1	1	N/A (N/A,N/A)	50.0 (1.3,98.7)	N/A (N/A,N/A)	N/A (N/A,N/A)	37.7	35.0
simadna_md_100.fq	499930	499930	474847	 1.1	Cebidae	Saimiri_oerstedii_citrinellus	3	3	-	1	1	N/A (N/A,N/A)	50.0 (1.3,98.7)	N/A (N/A,N/A)	N/A (N/A,N/A)	37.7	35.0
simadna_md_100.fq	499930	499930	474847	 1.1	Cebidae	Saimiri_sciureus	3	3	-	1	1	N/A (N/A,N/A)	50.0 (1.3,98.7)	N/A (N/A,N/A)	N/A (N/A,N/A)	37.7	35.0
simadna_md_100.fq	499930	499930	474847	 1.1	Cebidae	Sapajus_xanthosternos	2	2	-	1	1	N/A (N/A,N/A)	100.0 (2.5,100.0)	N/A (N/A,N/A)	N/A (N/A,N/A)	35.5	35.0
simadna_md_100.fq	499930	499930	474847	 1.1	Cercopithecidae	Allenopithecus_nigroviridis	1	1	-	0	0	N/A (N/A,N/A)	N/A (N/A,N/A)	N/A (N/A,N/A)	N/A (N/A,N/A)	40.0	N/A
simadna_md_100.fq	499930	499930	474847	 1.1	Cercopithecidae	Allochrocebus_lhoesti	3	3	-	0	1	0.0 (0.0,97.5)	N/A (N/A,N/A)	N/A (N/A,N/A)	N/A (N/A,N/A)	44.3	40.0
simadna_md_100.fq	499930	499930	474847	 1.1	Cercopithecidae	Cercocebus_atys	2	2	-	0	0	N/A (N/A,N/A)	N/A (N/A,N/A)	N/A (N/A,N/A)	N/A (N/A,N/A)	42.5	N/A
simadna_md_100.fq	499930	499930	474847	 1.1	Cercopithecidae	Cercocebus_chrysogaster	3	3	-	0	0	N/A (N/A,N/A)	N/A (N/A,N/A)	N/A (N/A,N/A)	N/A (N/A,N/A)	41.3	N/A
simadna_md_100.fq	499930	499930	474847	 1.1	Cercopithecidae	Cercopithecus_albogularis	1	1	-	0	0	N/A (N/A,N/A)	N/A (N/A,N/A)	N/A (N/A,N/A)	N/A (N/A,N/A)	40.0	N/A
simadna_md_100.fq	499930	499930	474847	 1.1	Cercopithecidae	Cercopithecus_diana	1	1	-	0	0	N/A (N/A,N/A)	0.0 (0.0,97.5)	N/A (N/A,N/A)	N/A (N/A,N/A)	38.0	N/A
simadna_md_100.fq	499930	499930	474847	 1.1	Cercopithecidae	Cercopithecus_mitis	2	2	-	0	1	N/A (N/A,N/A)	N/A (N/A,N/A)	N/A (N/A,N/A)	N/A (N/A,N/A)	40.0	40.0
simadna_md_100.fq	499930	499930	474847	 1.1	Cercopithecidae	Chlorocebus_aethiops	3	3	-	1	2	100.0 (2.5,100.0)	0.0 (0.0,97.5)	N/A (N/A,N/A)	N/A (N/A,N/A)	39.3	40.0
simadna_md_100.fq	499930	499930	474847	 1.1	Cercopithecidae	Chlorocebus_cynosuros	3	3	-	0	1	N/A (N/A,N/A)	0.0 (0.0,97.5)	N/A (N/A,N/A)	N/A (N/A,N/A)	39.3	40.0
simadna_md_100.fq	499930	499930	474847	 1.1	Cercopithecidae	Chlorocebus_pygerythrus	3	3	-	0	1	N/A (N/A,N/A)	0.0 (0.0,97.5)	N/A (N/A,N/A)	N/A (N/A,N/A)	39.3	40.0
simadna_md_100.fq	499930	499930	474847	 1.1	Cercopithecidae	Chlorocebus_sabaeus	2	2	-	0	1	N/A (N/A,N/A)	0.0 (0.0,97.5)	N/A (N/A,N/A)	N/A (N/A,N/A)	39.0	40.0
simadna_md_100.fq	499930	499930	474847	 1.1	Cercopithecidae	Chlorocebus_tantalus	2	2	-	0	1	N/A (N/A,N/A)	0.0 (0.0,97.5)	N/A (N/A,N/A)	N/A (N/A,N/A)	39.0	40.0
simadna_md_100.fq	499930	499930	474847	 1.1	Cercopithecidae	Colobus_guereza	1	1	-	0	0	N/A (N/A,N/A)	0.0 (0.0,97.5)	N/A (N/A,N/A)	N/A (N/A,N/A)	38.0	N/A
simadna_md_100.fq	499930	499930	474847	 1.1	Cercopithecidae	Erythrocebus_patas	4	4	-	0	1	N/A (N/A,N/A)	0.0 (0.0,84.2)	N/A (N/A,N/A)	N/A (N/A,N/A)	38.8	40.0
simadna_md_100.fq	499930	499930	474847	 1.1	Cercopithecidae	Lophocebus_aterrimus	1	1	-	0	0	N/A (N/A,N/A)	N/A (N/A,N/A)	N/A (N/A,N/A)	N/A (N/A,N/A)	40.0	N/A
simadna_md_100.fq	499930	499930	474847	 1.1	Cercopithecidae	Macaca_arctoides	1	1	-	0	0	N/A (N/A,N/A)	N/A (N/A,N/A)	N/A (N/A,N/A)	N/A (N/A,N/A)	40.0	N/A
simadna_md_100.fq	499930	499930	474847	 1.1	Cercopithecidae	Macaca_assamensis	2	2	-	0	0	N/A (N/A,N/A)	N/A (N/A,N/A)	N/A (N/A,N/A)	N/A (N/A,N/A)	40.0	N/A
simadna_md_100.fq	499930	499930	474847	 1.1	Cercopithecidae	Macaca_cyclopis	2	2	-	0	0	0.0 (0.0,97.5)	0.0 (0.0,97.5)	N/A (N/A,N/A)	N/A (N/A,N/A)	38.0	N/A
simadna_md_100.fq	499930	499930	474847	 1.1	Cercopithecidae	Macaca_fascicularis	1	1	-	0	0	N/A (N/A,N/A)	N/A (N/A,N/A)	N/A (N/A,N/A)	N/A (N/A,N/A)	40.0	N/A
simadna_md_100.fq	499930	499930	474847	 1.1	Cercopithecidae	Macaca_fuscata	1	1	-	0	0	N/A (N/A,N/A)	N/A (N/A,N/A)	N/A (N/A,N/A)	N/A (N/A,N/A)	40.0	N/A
simadna_md_100.fq	499930	499930	474847	 1.1	Cercopithecidae	Macaca_leonina	2	2	-	0	1	N/A (N/A,N/A)	N/A (N/A,N/A)	N/A (N/A,N/A)	N/A (N/A,N/A)	40.0	40.0
simadna_md_100.fq	499930	499930	474847	 1.1	Cercopithecidae	Macaca_mulatta	2	2	-	0	0	N/A (N/A,N/A)	N/A (N/A,N/A)	N/A (N/A,N/A)	N/A (N/A,N/A)	45.0	N/A
simadna_md_100.fq	499930	499930	474847	 1.1	Cercopithecidae	Macaca_nemestrina	2	2	-	0	0	N/A (N/A,N/A)	N/A (N/A,N/A)	N/A (N/A,N/A)	N/A (N/A,N/A)	45.0	N/A
simadna_md_100.fq	499930	499930	474847	 1.1	Cercopithecidae	Macaca_nigra	1	1	-	0	0	N/A (N/A,N/A)	N/A (N/A,N/A)	N/A (N/A,N/A)	N/A (N/A,N/A)	40.0	N/A
simadna_md_100.fq	499930	499930	474847	 1.1	Cercopithecidae	Macaca_silenus	1	1	-	0	0	N/A (N/A,N/A)	N/A (N/A,N/A)	N/A (N/A,N/A)	N/A (N/A,N/A)	40.0	N/A
simadna_md_100.fq	499930	499930	474847	 1.1	Cercopithecidae	Macaca_sylvanus	1	1	-	0	0	N/A (N/A,N/A)	N/A (N/A,N/A)	N/A (N/A,N/A)	N/A (N/A,N/A)	40.0	N/A
simadna_md_100.fq	499930	499930	474847	 1.1	Cercopithecidae	Macaca_thibetana	2	2	-	0	0	N/A (N/A,N/A)	N/A (N/A,N/A)	N/A (N/A,N/A)	N/A (N/A,N/A)	40.0	N/A
simadna_md_100.fq	499930	499930	474847	 1.1	Cercopithecidae	Macaca_tonkeana	3	3	-	1	1	100.0 (2.5,100.0)	N/A (N/A,N/A)	N/A (N/A,N/A)	N/A (N/A,N/A)	40.0	40.0
simadna_md_100.fq	499930	499930	474847	 1.1	Cercopithecidae	Mandrillus_leucophaeus	2	2	-	0	0	N/A (N/A,N/A)	N/A (N/A,N/A)	N/A (N/A,N/A)	N/A (N/A,N/A)	38.5	N/A
simadna_md_100.fq	499930	499930	474847	 1.1	Cercopithecidae	Mandrillus_sphinx	1	1	-	0	0	N/A (N/A,N/A)	N/A (N/A,N/A)	N/A (N/A,N/A)	N/A (N/A,N/A)	40.0	N/A
simadna_md_100.fq	499930	499930	474847	 1.1	Cercopithecidae	Nasalis_larvatus	2	2	-	0	0	N/A (N/A,N/A)	0.0 (0.0,84.2)	N/A (N/A,N/A)	N/A (N/A,N/A)	41.5	N/A
simadna_md_100.fq	499930	499930	474847	 1.1	Cercopithecidae	Papio_anubis	1	1	-	0	0	0.0 (0.0,97.5)	N/A (N/A,N/A)	N/A (N/A,N/A)	N/A (N/A,N/A)	35.0	N/A
simadna_md_100.fq	499930	499930	474847	 1.1	Cercopithecidae	Papio_cynocephalus	1	1	-	0	0	0.0 (0.0,97.5)	N/A (N/A,N/A)	N/A (N/A,N/A)	N/A (N/A,N/A)	35.0	N/A
simadna_md_100.fq	499930	499930	474847	 1.1	Cercopithecidae	Papio_hamadryas	1	1	-	0	0	0.0 (0.0,97.5)	N/A (N/A,N/A)	N/A (N/A,N/A)	N/A (N/A,N/A)	35.0	N/A
simadna_md_100.fq	499930	499930	474847	 1.1	Cercopithecidae	Papio_kindae	2	2	-	0	0	0.0 (0.0,97.5)	N/A (N/A,N/A)	N/A (N/A,N/A)	N/A (N/A,N/A)	42.5	N/A
simadna_md_100.fq	499930	499930	474847	 1.1	Cercopithecidae	Papio_papio	1	1	-	0	0	N/A (N/A,N/A)	N/A (N/A,N/A)	N/A (N/A,N/A)	N/A (N/A,N/A)	50.0	N/A
simadna_md_100.fq	499930	499930	474847	 1.1	Cercopithecidae	Papio_ursinus	1	1	-	0	0	0.0 (0.0,97.5)	N/A (N/A,N/A)	N/A (N/A,N/A)	N/A (N/A,N/A)	35.0	N/A
simadna_md_100.fq	499930	499930	474847	 1.1	Cercopithecidae	Piliocolobus_badius	1	1	-	0	0	N/A (N/A,N/A)	0.0 (0.0,97.5)	N/A (N/A,N/A)	N/A (N/A,N/A)	46.0	N/A
simadna_md_100.fq	499930	499930	474847	 1.1	Cercopithecidae	Presbytis_melalophos	2	2	-	0	0	N/A (N/A,N/A)	0.0 (0.0,97.5)	N/A (N/A,N/A)	N/A (N/A,N/A)	41.5	N/A
simadna_md_100.fq	499930	499930	474847	 1.1	Cercopithecidae	Procolobus_verus	1	1	-	0	0	N/A (N/A,N/A)	0.0 (0.0,97.5)	N/A (N/A,N/A)	N/A (N/A,N/A)	46.0	N/A
simadna_md_100.fq	499930	499930	474847	 1.1	Cercopithecidae	Pygathrix_cinerea_1_RL-2012	4	4	-	0	1	N/A (N/A,N/A)	0.0 (0.0,97.5)	N/A (N/A,N/A)	N/A (N/A,N/A)	40.8	40.0
simadna_md_100.fq	499930	499930	474847	 1.1	Cercopithecidae	Pygathrix_cinerea_2_RL-2012	4	4	-	0	1	N/A (N/A,N/A)	0.0 (0.0,97.5)	N/A (N/A,N/A)	N/A (N/A,N/A)	40.8	40.0
simadna_md_100.fq	499930	499930	474847	 1.1	Cercopithecidae	Pygathrix_nemaeus	4	4	-	0	1	N/A (N/A,N/A)	0.0 (0.0,97.5)	N/A (N/A,N/A)	N/A (N/A,N/A)	40.8	40.0
simadna_md_100.fq	499930	499930	474847	 1.1	Cercopithecidae	Pygathrix_nigripes	4	4	-	0	0	0.0 (0.0,97.5)	0.0 (0.0,97.5)	N/A (N/A,N/A)	N/A (N/A,N/A)	40.8	N/A
simadna_md_100.fq	499930	499930	474847	 1.1	Cercopithecidae	Rhinopithecus_avunculus	5	5	-	0	2	0.0 (0.0,97.5)	0.0 (0.0,70.8)	N/A (N/A,N/A)	N/A (N/A,N/A)	46.6	42.5
simadna_md_100.fq	499930	499930	474847	 1.1	Cercopithecidae	Rhinopithecus_bieti	1	1	-	0	1	N/A (N/A,N/A)	N/A (N/A,N/A)	N/A (N/A,N/A)	N/A (N/A,N/A)	40.0	40.0
simadna_md_100.fq	499930	499930	474847	 1.1	Cercopithecidae	Rhinopithecus_bieti_1_RL-2012	1	1	-	0	1	N/A (N/A,N/A)	N/A (N/A,N/A)	N/A (N/A,N/A)	N/A (N/A,N/A)	40.0	40.0
simadna_md_100.fq	499930	499930	474847	 1.1	Cercopithecidae	Rhinopithecus_bieti_2_RL-2012	1	1	-	0	1	N/A (N/A,N/A)	N/A (N/A,N/A)	N/A (N/A,N/A)	N/A (N/A,N/A)	40.0	40.0
simadna_md_100.fq	499930	499930	474847	 1.1	Cercopithecidae	Rhinopithecus_brelichi	4	4	-	0	2	N/A (N/A,N/A)	0.0 (0.0,84.2)	N/A (N/A,N/A)	N/A (N/A,N/A)	42.2	43.0
simadna_md_100.fq	499930	499930	474847	 1.1	Cercopithecidae	Rhinopithecus_roxellana	4	4	-	0	2	N/A (N/A,N/A)	0.0 (0.0,84.2)	N/A (N/A,N/A)	N/A (N/A,N/A)	42.2	43.0
simadna_md_100.fq	499930	499930	474847	 1.1	Cercopithecidae	Rhinopithecus_strykeri	1	1	-	0	1	N/A (N/A,N/A)	N/A (N/A,N/A)	N/A (N/A,N/A)	N/A (N/A,N/A)	40.0	40.0
simadna_md_100.fq	499930	499930	474847	 1.1	Cercopithecidae	Semnopithecus_entellus	1	1	-	0	1	N/A (N/A,N/A)	N/A (N/A,N/A)	N/A (N/A,N/A)	N/A (N/A,N/A)	40.0	40.0
simadna_md_100.fq	499930	499930	474847	 1.1	Cercopithecidae	Simias_concolor	2	2	-	0	0	N/A (N/A,N/A)	0.0 (0.0,97.5)	N/A (N/A,N/A)	N/A (N/A,N/A)	41.5	N/A
simadna_md_100.fq	499930	499930	474847	 1.1	Cercopithecidae	Trachypithecus_cristatus	2	2	-	0	0	N/A (N/A,N/A)	N/A (N/A,N/A)	N/A (N/A,N/A)	N/A (N/A,N/A)	42.5	N/A
simadna_md_100.fq	499930	499930	474847	 1.1	Cercopithecidae	Trachypithecus_francoisi	2	2	-	0	0	N/A (N/A,N/A)	0.0 (0.0,97.5)	N/A (N/A,N/A)	N/A (N/A,N/A)	41.0	N/A
simadna_md_100.fq	499930	499930	474847	 1.1	Cercopithecidae	Trachypithecus_germaini	1	1	-	0	0	N/A (N/A,N/A)	0.0 (0.0,97.5)	N/A (N/A,N/A)	N/A (N/A,N/A)	45.0	N/A
simadna_md_100.fq	499930	499930	474847	 1.1	Cercopithecidae	Trachypithecus_hatinhensis	2	2	-	0	0	N/A (N/A,N/A)	0.0 (0.0,97.5)	N/A (N/A,N/A)	N/A (N/A,N/A)	42.5	N/A
simadna_md_100.fq	499930	499930	474847	 1.1	Cercopithecidae	Trachypithecus_obscurus	2	2	-	0	0	N/A (N/A,N/A)	N/A (N/A,N/A)	N/A (N/A,N/A)	N/A (N/A,N/A)	41.0	N/A
simadna_md_100.fq	499930	499930	474847	 1.1	Cercopithecidae	Trachypithecus_pileatus	1	1	-	0	0	N/A (N/A,N/A)	0.0 (0.0,97.5)	N/A (N/A,N/A)	N/A (N/A,N/A)	45.0	N/A
simadna_md_100.fq	499930	499930	474847	 1.1	Cercopithecidae	Trachypithecus_shortridgei	1	1	-	0	0	N/A (N/A,N/A)	0.0 (0.0,97.5)	N/A (N/A,N/A)	N/A (N/A,N/A)	45.0	N/A
simadna_md_100.fq	499930	499930	474847	 1.1	Cercopithecidae	Trachypithecus_vetulus	2	2	-	0	0	N/A (N/A,N/A)	0.0 (0.0,97.5)	N/A (N/A,N/A)	N/A (N/A,N/A)	41.5	N/A
simadna_md_100.fq	499930	499930	474847	 1.1	Cervidae	Alces_alces	9	9	-	1	2	33.3 (0.8,90.6)	0.0 (0.0,70.8)	N/A (N/A,N/A)	N/A (N/A,N/A)	42.0	45.5
simadna_md_100.fq	499930	499930	474847	 1.1	Cervidae	Axis_axis	15	15	-	1	3	20.0 (0.5,71.6)	0.0 (0.0,60.2)	N/A (N/A,N/A)	N/A (N/A,N/A)	39.5	41.7
simadna_md_100.fq	499930	499930	474847	 1.1	Cervidae	Axis_porcinus	15	15	-	1	3	20.0 (0.5,71.6)	0.0 (0.0,60.2)	N/A (N/A,N/A)	N/A (N/A,N/A)	39.8	41.7
simadna_md_100.fq	499930	499930	474847	 1.1	Cervidae	Blastocerus_dichotomus	13	13	-	1	3	12.5 (0.3,52.7)	0.0 (0.0,70.8)	N/A (N/A,N/A)	N/A (N/A,N/A)	40.8	42.0
simadna_md_100.fq	499930	499930	474847	 1.1	Cervidae	Capreolus_capreolus	7	7	-	1	2	25.0 (0.6,80.6)	0.0 (0.0,84.2)	N/A (N/A,N/A)	N/A (N/A,N/A)	41.0	44.0
simadna_md_100.fq	499930	499930	474847	 1.1	Cervidae	Capreolus_pygargus	5	5	-	0	1	0.0 (0.0,70.8)	N/A (N/A,N/A)	N/A (N/A,N/A)	N/A (N/A,N/A)	39.2	38.0
simadna_md_100.fq	499930	499930	474847	 1.1	Cervidae	Cervus_albirostris	15	15	-	1	1	20.0 (0.5,71.6)	0.0 (0.0,60.2)	N/A (N/A,N/A)	N/A (N/A,N/A)	39.7	47.0
simadna_md_100.fq	499930	499930	474847	 1.1	Cervidae	Cervus_canadensis_songaricus	13	13	-	0	3	0.0 (0.0,84.2)	0.0 (0.0,60.2)	N/A (N/A,N/A)	N/A (N/A,N/A)	39.8	42.7
simadna_md_100.fq	499930	499930	474847	 1.1	Cervidae	Cervus_elaphus	14	14	-	1	4	25.0 (0.6,80.6)	0.0 (0.0,60.2)	N/A (N/A,N/A)	N/A (N/A,N/A)	41.1	42.2
simadna_md_100.fq	499930	499930	474847	 1.1	Cervidae	Cervus_elaphus_xanthopygus	12	12	-	1	4	50.0 (1.3,98.7)	0.0 (0.0,60.2)	N/A (N/A,N/A)	N/A (N/A,N/A)	40.1	43.8
simadna_md_100.fq	499930	499930	474847	 1.1	Cervidae	Cervus_hanglu_yarkandensis	13	13	-	1	2	25.0 (0.6,80.6)	0.0 (0.0,70.8)	N/A (N/A,N/A)	N/A (N/A,N/A)	40.2	43.5
simadna_md_100.fq	499930	499930	474847	 1.1	Cervidae	Cervus_nippon_centralis	13	13	-	0	1	0.0 (0.0,97.5)	0.0 (0.0,52.2)	N/A (N/A,N/A)	N/A (N/A,N/A)	38.9	40.0
simadna_md_100.fq	499930	499930	474847	 1.1	Cervidae	Cervus_nippon_hortulorum	14	14	-	1	3	25.0 (0.6,80.6)	0.0 (0.0,60.2)	N/A (N/A,N/A)	N/A (N/A,N/A)	40.7	41.7
simadna_md_100.fq	499930	499930	474847	 1.1	Cervidae	Cervus_nippon_kopschi	13	13	-	1	3	33.3 (0.8,90.6)	0.0 (0.0,60.2)	N/A (N/A,N/A)	N/A (N/A,N/A)	39.7	41.7
simadna_md_100.fq	499930	499930	474847	 1.1	Cervidae	Cervus_nippon_sichuanicus	13	13	-	1	3	33.3 (0.8,90.6)	0.0 (0.0,60.2)	N/A (N/A,N/A)	N/A (N/A,N/A)	39.7	41.7
simadna_md_100.fq	499930	499930	474847	 1.1	Cervidae	Cervus_nippon_taiouanus	14	14	-	1	3	33.3 (0.8,90.6)	0.0 (0.0,60.2)	N/A (N/A,N/A)	N/A (N/A,N/A)	39.5	41.7
simadna_md_100.fq	499930	499930	474847	 1.1	Cervidae	Cervus_nippon_yakushimae	15	15	-	1	4	50.0 (1.3,98.7)	0.0 (0.0,45.9)	N/A (N/A,N/A)	N/A (N/A,N/A)	40.1	42.2
simadna_md_100.fq	499930	499930	474847	 1.1	Cervidae	Cervus_nippon_yesoensis	15	15	-	1	2	50.0 (1.3,98.7)	0.0 (0.0,45.9)	N/A (N/A,N/A)	N/A (N/A,N/A)	39.6	43.5
simadna_md_100.fq	499930	499930	474847	 1.1	Cervidae	Dama_dama	10	10	-	1	2	20.0 (0.5,71.6)	0.0 (0.0,97.5)	N/A (N/A,N/A)	N/A (N/A,N/A)	42.5	42.5
simadna_md_100.fq	499930	499930	474847	 1.1	Cervidae	Dama_mesopotamica	11	11	-	1	3	20.0 (0.5,71.6)	0.0 (0.0,84.2)	N/A (N/A,N/A)	N/A (N/A,N/A)	42.9	43.0
simadna_md_100.fq	499930	499930	474847	 1.1	Cervidae	Elaphodus_cephalophus	8	8	-	1	2	33.3 (0.8,90.6)	0.0 (0.0,84.2)	N/A (N/A,N/A)	N/A (N/A,N/A)	42.1	45.5
simadna_md_100.fq	499930	499930	474847	 1.1	Cervidae	Elaphurus_davidianus	14	14	-	1	2	25.0 (0.6,80.6)	0.0 (0.0,52.2)	N/A (N/A,N/A)	N/A (N/A,N/A)	40.7	43.5
simadna_md_100.fq	499930	499930	474847	 1.1	Cervidae	Hippocamelus_antisensis	13	13	-	2	4	20.0 (0.5,71.6)	16.7 (0.4,64.1)	0.0 (0.0,97.5)	N/A (N/A,N/A)	40.5	42.0
simadna_md_100.fq	499930	499930	474847	 1.1	Cervidae	Hydropotes_inermis	6	6	-	1	1	33.3 (0.8,90.6)	0.0 (0.0,97.5)	N/A (N/A,N/A)	N/A (N/A,N/A)	40.8	47.0
simadna_md_100.fq	499930	499930	474847	 1.1	Cervidae	Hydropotes_inermis_argyropus	5	5	-	1	1	33.3 (0.8,90.6)	0.0 (0.0,97.5)	N/A (N/A,N/A)	N/A (N/A,N/A)	39.0	47.0
simadna_md_100.fq	499930	499930	474847	 1.1	Cervidae	Mazama_americana	12	12	-	2	2	14.3 (0.4,57.9)	33.3 (0.8,90.6)	0.0 (0.0,97.5)	N/A (N/A,N/A)	40.2	42.0
simadna_md_100.fq	499930	499930	474847	 1.1	Cervidae	Mazama_rufina	13	13	-	1	3	12.5 (0.3,52.7)	0.0 (0.0,84.2)	N/A (N/A,N/A)	N/A (N/A,N/A)	41.0	42.0
simadna_md_100.fq	499930	499930	474847	 1.1	Cervidae	Muntiacus_crinifrons	10	10	-	2	2	20.0 (0.5,71.6)	50.0 (1.3,98.7)	0.0 (0.0,97.5)	N/A (N/A,N/A)	44.7	42.0
simadna_md_100.fq	499930	499930	474847	 1.1	Cervidae	Muntiacus_muntjak	9	9	-	2	2	20.0 (0.5,71.6)	100.0 (2.5,100.0)	0.0 (0.0,97.5)	N/A (N/A,N/A)	42.0	42.0
simadna_md_100.fq	499930	499930	474847	 1.1	Cervidae	Muntiacus_reevesi	9	9	-	2	2	20.0 (0.5,71.6)	50.0 (1.3,98.7)	0.0 (0.0,97.5)	N/A (N/A,N/A)	40.1	42.0
simadna_md_100.fq	499930	499930	474847	 1.1	Cervidae	Muntiacus_reevesi_micrurus	10	10	-	2	2	20.0 (0.5,71.6)	33.3 (0.8,90.6)	0.0 (0.0,97.5)	N/A (N/A,N/A)	43.5	42.0
simadna_md_100.fq	499930	499930	474847	 1.1	Cervidae	Muntiacus_vuquangensis	11	11	-	2	3	20.0 (0.5,71.6)	25.0 (0.6,80.6)	0.0 (0.0,97.5)	N/A (N/A,N/A)	45.7	40.7
simadna_md_100.fq	499930	499930	474847	 1.1	Cervidae	Odocoileus_hemionus	10	10	-	2	3	16.7 (0.4,64.1)	50.0 (1.3,98.7)	0.0 (0.0,97.5)	N/A (N/A,N/A)	40.8	40.7
simadna_md_100.fq	499930	499930	474847	 1.1	Cervidae	Odocoileus_virginianus	10	10	-	3	4	16.7 (0.4,64.1)	66.7 (9.4,99.2)	0.0 (0.0,97.5)	N/A (N/A,N/A)	41.2	41.5
simadna_md_100.fq	499930	499930	474847	 1.1	Cervidae	Ozotoceros_bezoarticus	11	11	-	2	4	14.3 (0.4,57.9)	25.0 (0.6,80.6)	0.0 (0.0,97.5)	N/A (N/A,N/A)	40.7	42.2
simadna_md_100.fq	499930	499930	474847	 1.1	Cervidae	Passalites_nemorivagus	13	13	-	1	2	16.7 (0.4,64.1)	0.0 (0.0,52.2)	N/A (N/A,N/A)	N/A (N/A,N/A)	40.5	42.5
simadna_md_100.fq	499930	499930	474847	 1.1	Cervidae	Pudu_mephistophiles	14	14	-	1	4	16.7 (0.4,64.1)	0.0 (0.0,60.2)	N/A (N/A,N/A)	N/A (N/A,N/A)	40.4	43.2
simadna_md_100.fq	499930	499930	474847	 1.1	Cervidae	Pudu_puda	11	11	-	1	3	0.0 (0.0,41.0)	33.3 (0.8,90.6)	0.0 (0.0,97.5)	N/A (N/A,N/A)	40.3	37.0
simadna_md_100.fq	499930	499930	474847	 1.1	Cervidae	Rangifer_tarandus	12	12	-	1	2	16.7 (0.4,64.1)	0.0 (0.0,84.2)	N/A (N/A,N/A)	N/A (N/A,N/A)	41.6	45.5
simadna_md_100.fq	499930	499930	474847	 1.1	Cervidae	Rucervus_duvaucelii	8	8	-	1	2	33.3 (0.8,90.6)	0.0 (0.0,97.5)	N/A (N/A,N/A)	N/A (N/A,N/A)	41.8	42.5
simadna_md_100.fq	499930	499930	474847	 1.1	Cervidae	Rucervus_eldii	9	9	-	1	2	50.0 (1.3,98.7)	0.0 (0.0,70.8)	N/A (N/A,N/A)	N/A (N/A,N/A)	38.9	43.5
simadna_md_100.fq	499930	499930	474847	 1.1	Cervidae	Rusa_alfredi	12	12	-	1	2	50.0 (1.3,98.7)	0.0 (0.0,52.2)	N/A (N/A,N/A)	N/A (N/A,N/A)	39.6	43.5
simadna_md_100.fq	499930	499930	474847	 1.1	Cervidae	Rusa_timorensis	13	13	-	1	2	25.0 (0.6,80.6)	0.0 (0.0,84.2)	N/A (N/A,N/A)	N/A (N/A,N/A)	41.9	45.5
simadna_md_100.fq	499930	499930	474847	 1.1	Cervidae	Rusa_unicolor_swinhoei	12	12	-	1	1	33.3 (0.8,90.6)	0.0 (0.0,60.2)	N/A (N/A,N/A)	N/A (N/A,N/A)	38.6	47.0
simadna_md_100.fq	499930	499930	474847	 1.1	Cervidae	Subulo_gouazoubira	12	12	-	1	2	16.7 (0.4,64.1)	0.0 (0.0,70.8)	N/A (N/A,N/A)	N/A (N/A,N/A)	40.8	42.5
simadna_md_100.fq	499930	499930	474847	 1.1	Chlamyphoridae	Cabassous_centralis	1	1	-	0	1	N/A (N/A,N/A)	0.0 (0.0,97.5)	N/A (N/A,N/A)	N/A (N/A,N/A)	38.0	38.0
simadna_md_100.fq	499930	499930	474847	 1.1	Chlamyphoridae	Cabassous_chacoensis	2	2	-	0	1	N/A (N/A,N/A)	N/A (N/A,N/A)	N/A (N/A,N/A)	N/A (N/A,N/A)	36.0	36.0
simadna_md_100.fq	499930	499930	474847	 1.1	Chlamyphoridae	Cabassous_tatouay	8	2	-	0	0	0.0 (0.0,97.5)	N/A (N/A,N/A)	N/A (N/A,N/A)	N/A (N/A,N/A)	47.0	N/A
simadna_md_100.fq	499930	499930	474847	 1.1	Chlamyphoridae	Cabassous_unicinctus	1	1	-	0	1	N/A (N/A,N/A)	0.0 (0.0,97.5)	N/A (N/A,N/A)	N/A (N/A,N/A)	38.0	38.0
simadna_md_100.fq	499930	499930	474847	 1.1	Chlamyphoridae	Calyptophractus_retusus	28	9	-	0	0	0.0 (0.0,84.2)	N/A (N/A,N/A)	N/A (N/A,N/A)	N/A (N/A,N/A)	45.1	N/A
simadna_md_100.fq	499930	499930	474847	 1.1	Chlamyphoridae	Chaetophractus_vellerosus	8	4	-	0	0	0.0 (0.0,97.5)	N/A (N/A,N/A)	N/A (N/A,N/A)	N/A (N/A,N/A)	39.5	N/A
simadna_md_100.fq	499930	499930	474847	 1.1	Chlamyphoridae	Chaetophractus_villosus	8	5	-	0	0	0.0 (0.0,97.5)	N/A (N/A,N/A)	N/A (N/A,N/A)	N/A (N/A,N/A)	41.6	N/A
simadna_md_100.fq	499930	499930	474847	 1.1	Chlamyphoridae	Priodontes_maximus	3	3	-	0	0	N/A (N/A,N/A)	N/A (N/A,N/A)	N/A (N/A,N/A)	N/A (N/A,N/A)	40.3	N/A
simadna_md_100.fq	499930	499930	474847	 1.1	Chlamyphoridae	Tolypeutes_matacus	2	2	-	0	0	N/A (N/A,N/A)	N/A (N/A,N/A)	N/A (N/A,N/A)	N/A (N/A,N/A)	36.0	N/A
simadna_md_100.fq	499930	499930	474847	 1.1	Chlamyphoridae	Tolypeutes_tricinctus	2	2	-	0	1	N/A (N/A,N/A)	N/A (N/A,N/A)	N/A (N/A,N/A)	N/A (N/A,N/A)	36.0	36.0
simadna_md_100.fq	499930	499930	474847	 1.1	Chlamyphoridae	Zaedyus_pichiy	1	1	-	0	0	N/A (N/A,N/A)	N/A (N/A,N/A)	N/A (N/A,N/A)	N/A (N/A,N/A)	38.0	N/A
simadna_md_100.fq	499930	499930	474847	 1.1	Chrysochloridae	Chrysochloris_asiatica	3	3	-	1	1	N/A (N/A,N/A)	50.0 (1.3,98.7)	N/A (N/A,N/A)	N/A (N/A,N/A)	40.0	44.0
simadna_md_100.fq	499930	499930	474847	 1.1	Chrysochloridae	Eremitalpa_granti	3	3	-	1	1	N/A (N/A,N/A)	50.0 (1.3,98.7)	N/A (N/A,N/A)	N/A (N/A,N/A)	40.0	44.0
simadna_md_100.fq	499930	499930	474847	 1.1	Cricetidae	Anteliomys_chinensis	1	1	-	0	0	N/A (N/A,N/A)	N/A (N/A,N/A)	N/A (N/A,N/A)	N/A (N/A,N/A)	40.0	N/A
simadna_md_100.fq	499930	499930	474847	 1.1	Cricetidae	Microtus_rossiaemeridionalis	1	1	-	0	0	N/A (N/A,N/A)	N/A (N/A,N/A)	N/A (N/A,N/A)	N/A (N/A,N/A)	40.0	N/A
simadna_md_100.fq	499930	499930	474847	 1.1	Cricetidae	Mictomicrotus_liangshanensis	1	1	-	0	0	N/A (N/A,N/A)	N/A (N/A,N/A)	N/A (N/A,N/A)	N/A (N/A,N/A)	35.0	N/A
simadna_md_100.fq	499930	499930	474847	 1.1	Cynocephalidae	Galeopterus_variegatus	2	2	-	1	1	100.0 (2.5,100.0)	N/A (N/A,N/A)	N/A (N/A,N/A)	N/A (N/A,N/A)	40.5	41.0
simadna_md_100.fq	499930	499930	474847	 1.1	Dasypodidae	Dasypus_hybridus	3	3	-	0	0	N/A (N/A,N/A)	N/A (N/A,N/A)	N/A (N/A,N/A)	N/A (N/A,N/A)	37.3	N/A
simadna_md_100.fq	499930	499930	474847	 1.1	Dasypodidae	Dasypus_septemcinctus	3	3	-	0	0	N/A (N/A,N/A)	N/A (N/A,N/A)	N/A (N/A,N/A)	N/A (N/A,N/A)	37.3	N/A
simadna_md_100.fq	499930	499930	474847	 1.1	Delphinidae	Cephalorhynchus_heavisidii	1	1	-	0	0	N/A (N/A,N/A)	N/A (N/A,N/A)	N/A (N/A,N/A)	N/A (N/A,N/A)	45.0	N/A
simadna_md_100.fq	499930	499930	474847	 1.1	Delphinidae	Feresa_attenuata	2	2	-	0	0	N/A (N/A,N/A)	N/A (N/A,N/A)	N/A (N/A,N/A)	N/A (N/A,N/A)	38.5	N/A
simadna_md_100.fq	499930	499930	474847	 1.1	Delphinidae	Globicephala_macrorhynchus	1	1	-	0	0	N/A (N/A,N/A)	N/A (N/A,N/A)	N/A (N/A,N/A)	N/A (N/A,N/A)	41.0	N/A
simadna_md_100.fq	499930	499930	474847	 1.1	Delphinidae	Orcaella_brevirostris	1	1	-	0	0	N/A (N/A,N/A)	N/A (N/A,N/A)	N/A (N/A,N/A)	N/A (N/A,N/A)	41.0	N/A
simadna_md_100.fq	499930	499930	474847	 1.1	Delphinidae	Peponocephala_electra	2	2	-	0	0	N/A (N/A,N/A)	N/A (N/A,N/A)	N/A (N/A,N/A)	N/A (N/A,N/A)	38.5	N/A
simadna_md_100.fq	499930	499930	474847	 1.1	Delphinidae	Pseudorca_crassidens	2	2	-	0	0	N/A (N/A,N/A)	N/A (N/A,N/A)	N/A (N/A,N/A)	N/A (N/A,N/A)	43.0	N/A
simadna_md_100.fq	499930	499930	474847	 1.1	Delphinidae	Sousa_chinensis	1	1	-	0	0	N/A (N/A,N/A)	N/A (N/A,N/A)	N/A (N/A,N/A)	N/A (N/A,N/A)	41.0	N/A
simadna_md_100.fq	499930	499930	474847	 1.1	Elephantidae	Elephas_maximus	12670	9935	++	550	1016	16.1 (14.5,17.9)	14.6 (13.0,16.3)	7.1 (1.5,19.5)	4.7 (1.0,13.1)	51.7	51.6
simadna_md_100.fq	499930	499930	474847	 1.1	Elephantidae	Loxodonta_africana	12037	9477	++	538	1002	16.2 (14.5,18.0)	14.8 (13.2,16.5)	14.5 (6.5,26.7)	12.5 (5.6,23.2)	51.6	51.3
simadna_md_100.fq	499930	499930	474847	 1.1	Elephantidae	Loxodonta_cyclotis	12712	9976	++	562	1004	16.2 (14.6,18.0)	14.9 (13.3,16.6)	15.7 (7.0,28.6)	11.3 (5.0,21.0)	51.7	51.8
simadna_md_100.fq	499930	499930	474847	 1.1	Elephantidae	Mammuthus_columbi	18115	13854	++	844	1299	18.2 (16.7,19.7)	14.6 (13.3,16.0)	18.1 (10.5,28.0)	12.8 (7.4,20.3)	53.1	53.1
simadna_md_100.fq	499930	499930	474847	 1.1	Elephantidae	Mammuthus_primigenius	18213	13914	++	836	1264	18.2 (16.7,19.7)	14.1 (12.8,15.5)	18.5 (10.8,28.7)	12.9 (7.4,20.4)	53.2	53.4
simadna_md_100.fq	499930	499930	474847	 1.1	Equidae	Equus_asinus	4	4	-	1	2	N/A (N/A,N/A)	100.0 (2.5,100.0)	N/A (N/A,N/A)	N/A (N/A,N/A)	39.8	38.5
simadna_md_100.fq	499930	499930	474847	 1.1	Equidae	Equus_grevyi	4	4	-	1	2	N/A (N/A,N/A)	100.0 (2.5,100.0)	N/A (N/A,N/A)	N/A (N/A,N/A)	39.8	38.5
simadna_md_100.fq	499930	499930	474847	 1.1	Equidae	Equus_hemionus	13	12	-	1	1	0.0 (0.0,84.2)	33.3 (0.8,90.6)	N/A (N/A,N/A)	N/A (N/A,N/A)	39.3	39.0
simadna_md_100.fq	499930	499930	474847	 1.1	Equidae	Equus_hemionus_kulan	32	23	-	1	2	0.0 (0.0,70.8)	33.3 (0.8,90.6)	N/A (N/A,N/A)	N/A (N/A,N/A)	39.6	41.5
simadna_md_100.fq	499930	499930	474847	 1.1	Equidae	Equus_kiang	13	12	-	1	1	0.0 (0.0,84.2)	33.3 (0.8,90.6)	N/A (N/A,N/A)	N/A (N/A,N/A)	39.3	39.0
simadna_md_100.fq	499930	499930	474847	 1.1	Equidae	Equus_ovodovi	4	4	-	1	2	N/A (N/A,N/A)	100.0 (2.5,100.0)	N/A (N/A,N/A)	N/A (N/A,N/A)	39.8	38.5
simadna_md_100.fq	499930	499930	474847	 1.1	Equidae	Equus_przewalskii	29	20	-	1	1	0.0 (0.0,70.8)	50.0 (1.3,98.7)	N/A (N/A,N/A)	N/A (N/A,N/A)	40.0	39.0
simadna_md_100.fq	499930	499930	474847	 1.1	Equidae	Equus_quagga_chapmani	12	11	-	1	2	0.0 (0.0,97.5)	33.3 (0.8,90.6)	N/A (N/A,N/A)	N/A (N/A,N/A)	39.4	38.5
simadna_md_100.fq	499930	499930	474847	 1.1	Equidae	Equus_zebra	3	3	-	1	1	N/A (N/A,N/A)	100.0 (2.5,100.0)	N/A (N/A,N/A)	N/A (N/A,N/A)	40.3	39.0
simadna_md_100.fq	499930	499930	474847	 1.1	Equidae	Equus_zebra_hartmannae	3	3	-	1	1	N/A (N/A,N/A)	100.0 (2.5,100.0)	N/A (N/A,N/A)	N/A (N/A,N/A)	40.3	39.0
simadna_md_100.fq	499930	499930	474847	 1.1	Erinaceidae	Hylomys_suillus	1	1	-	0	0	N/A (N/A,N/A)	0.0 (0.0,97.5)	N/A (N/A,N/A)	N/A (N/A,N/A)	35.0	N/A
simadna_md_100.fq	499930	499930	474847	 1.1	Eupleridae	Mungotictis_decemlineata	69	31	-	1	4	16.7 (0.4,64.1)	0.0 (0.0,70.8)	N/A (N/A,N/A)	N/A (N/A,N/A)	43.6	41.5
simadna_md_100.fq	499930	499930	474847	 1.1	Felidae	Acinonyx_jubatus	39	21	-	0	0	0.0 (0.0,60.2)	0.0 (0.0,45.9)	N/A (N/A,N/A)	N/A (N/A,N/A)	40.8	N/A
simadna_md_100.fq	499930	499930	474847	 1.1	Felidae	Caracal_caracal	11	11	-	0	0	0.0 (0.0,97.5)	0.0 (0.0,70.8)	N/A (N/A,N/A)	N/A (N/A,N/A)	41.7	N/A
simadna_md_100.fq	499930	499930	474847	 1.1	Felidae	Catopuma_badia	21	17	-	1	3	0.0 (0.0,60.2)	16.7 (0.4,64.1)	0.0 (0.0,97.5)	N/A (N/A,N/A)	40.6	41.0
simadna_md_100.fq	499930	499930	474847	 1.1	Felidae	Catopuma_temminckii	73	40	-	1	1	0.0 (0.0,30.8)	9.1 (0.2,41.3)	N/A (N/A,N/A)	N/A (N/A,N/A)	40.1	39.0
simadna_md_100.fq	499930	499930	474847	 1.1	Felidae	Felis_catus	22	22	-	0	4	0.0 (0.0,97.5)	0.0 (0.0,41.0)	N/A (N/A,N/A)	N/A (N/A,N/A)	41.9	38.0
simadna_md_100.fq	499930	499930	474847	 1.1	Felidae	Felis_chaus	17	14	-	0	0	0.0 (0.0,97.5)	0.0 (0.0,60.2)	N/A (N/A,N/A)	N/A (N/A,N/A)	43.2	N/A
simadna_md_100.fq	499930	499930	474847	 1.1	Felidae	Felis_margarita	16	16	-	0	0	0.0 (0.0,84.2)	0.0 (0.0,45.9)	N/A (N/A,N/A)	N/A (N/A,N/A)	43.9	N/A
simadna_md_100.fq	499930	499930	474847	 1.1	Felidae	Felis_nigripes	12	12	-	0	0	N/A (N/A,N/A)	0.0 (0.0,60.2)	N/A (N/A,N/A)	N/A (N/A,N/A)	44.1	N/A
simadna_md_100.fq	499930	499930	474847	 1.1	Felidae	Felis_silvestris	29	25	-	0	2	0.0 (0.0,84.2)	0.0 (0.0,45.9)	N/A (N/A,N/A)	N/A (N/A,N/A)	42.9	38.0
simadna_md_100.fq	499930	499930	474847	 1.1	Felidae	Herpailurus_yagouaroundi	42	28	-	1	4	0.0 (0.0,70.8)	11.1 (0.3,48.2)	N/A (N/A,N/A)	N/A (N/A,N/A)	41.0	40.8
simadna_md_100.fq	499930	499930	474847	 1.1	Felidae	Leopardus_colocola	75	44	-	0	1	0.0 (0.0,70.8)	0.0 (0.0,41.0)	N/A (N/A,N/A)	N/A (N/A,N/A)	42.3	45.0
simadna_md_100.fq	499930	499930	474847	 1.1	Felidae	Leopardus_geoffroyi	61	43	-	2	2	0.0 (0.0,52.2)	18.2 (2.3,51.8)	N/A (N/A,N/A)	N/A (N/A,N/A)	41.6	39.0
simadna_md_100.fq	499930	499930	474847	 1.1	Felidae	Leopardus_guigna	66	46	-	1	2	0.0 (0.0,45.9)	8.3 (0.2,38.5)	N/A (N/A,N/A)	N/A (N/A,N/A)	41.9	38.5
simadna_md_100.fq	499930	499930	474847	 1.1	Felidae	Leopardus_jacobita	16	16	-	0	2	0.0 (0.0,52.2)	0.0 (0.0,70.8)	N/A (N/A,N/A)	N/A (N/A,N/A)	41.6	40.5
simadna_md_100.fq	499930	499930	474847	 1.1	Felidae	Leopardus_pardalis	55	34	-	2	6	0.0 (0.0,45.9)	16.7 (2.1,48.4)	N/A (N/A,N/A)	N/A (N/A,N/A)	41.6	39.0
simadna_md_100.fq	499930	499930	474847	 1.1	Felidae	Leopardus_tigrinus	81	44	-	2	6	0.0 (0.0,41.0)	12.5 (1.6,38.3)	N/A (N/A,N/A)	N/A (N/A,N/A)	40.6	39.0
simadna_md_100.fq	499930	499930	474847	 1.1	Felidae	Leopardus_wiedii	68	46	-	2	3	0.0 (0.0,36.9)	18.2 (2.3,51.8)	N/A (N/A,N/A)	N/A (N/A,N/A)	40.9	38.7
simadna_md_100.fq	499930	499930	474847	 1.1	Felidae	Leptailurus_serval	22	21	-	0	2	0.0 (0.0,84.2)	0.0 (0.0,52.2)	N/A (N/A,N/A)	N/A (N/A,N/A)	40.0	36.5
simadna_md_100.fq	499930	499930	474847	 1.1	Felidae	Lynx_canadensis	83	44	-	2	4	0.0 (0.0,30.8)	22.2 (2.8,60.0)	0.0 (0.0,97.5)	N/A (N/A,N/A)	44.0	42.0
simadna_md_100.fq	499930	499930	474847	 1.1	Felidae	Lynx_lynx	101	52	-	2	3	0.0 (0.0,33.6)	15.4 (1.9,45.4)	N/A (N/A,N/A)	N/A (N/A,N/A)	42.8	42.3
simadna_md_100.fq	499930	499930	474847	 1.1	Felidae	Lynx_pardinus	68	40	-	1	3	0.0 (0.0,36.9)	12.5 (0.3,52.7)	0.0 (0.0,97.5)	N/A (N/A,N/A)	42.8	41.0
simadna_md_100.fq	499930	499930	474847	 1.1	Felidae	Lynx_rufus	22	19	-	1	4	0.0 (0.0,45.9)	20.0 (0.5,71.6)	0.0 (0.0,97.5)	N/A (N/A,N/A)	42.1	40.2
simadna_md_100.fq	499930	499930	474847	 1.1	Felidae	Neofelis_nebulosa	45	36	-	1	4	33.3 (0.8,90.6)	0.0 (0.0,45.9)	N/A (N/A,N/A)	N/A (N/A,N/A)	41.6	37.5
simadna_md_100.fq	499930	499930	474847	 1.1	Felidae	Otocolobus_manul	15	15	-	0	2	0.0 (0.0,97.5)	0.0 (0.0,52.2)	N/A (N/A,N/A)	N/A (N/A,N/A)	40.3	38.5
simadna_md_100.fq	499930	499930	474847	 1.1	Felidae	Panthera_leo	44	26	-	2	2	0.0 (0.0,70.8)	33.3 (4.3,77.7)	0.0 (0.0,97.5)	N/A (N/A,N/A)	40.5	40.5
simadna_md_100.fq	499930	499930	474847	 1.1	Felidae	Panthera_leo_persica	44	26	-	2	2	0.0 (0.0,70.8)	33.3 (4.3,77.7)	0.0 (0.0,97.5)	N/A (N/A,N/A)	40.5	40.5
simadna_md_100.fq	499930	499930	474847	 1.1	Felidae	Panthera_onca	25	20	-	1	1	0.0 (0.0,84.2)	33.3 (0.8,90.6)	N/A (N/A,N/A)	N/A (N/A,N/A)	41.1	39.0
simadna_md_100.fq	499930	499930	474847	 1.1	Felidae	Panthera_pardus	28	23	-	1	1	0.0 (0.0,97.5)	25.0 (0.6,80.6)	N/A (N/A,N/A)	N/A (N/A,N/A)	41.0	39.0
simadna_md_100.fq	499930	499930	474847	 1.1	Felidae	Panthera_tigris	33	27	-	0	0	0.0 (0.0,84.2)	0.0 (0.0,70.8)	N/A (N/A,N/A)	N/A (N/A,N/A)	40.9	N/A
simadna_md_100.fq	499930	499930	474847	 1.1	Felidae	Panthera_tigris_amoyensis	39	31	-	0	0	0.0 (0.0,84.2)	0.0 (0.0,52.2)	N/A (N/A,N/A)	N/A (N/A,N/A)	40.4	N/A
simadna_md_100.fq	499930	499930	474847	 1.1	Felidae	Panthera_uncia	36	28	-	1	3	0.0 (0.0,60.2)	20.0 (0.5,71.6)	N/A (N/A,N/A)	N/A (N/A,N/A)	41.4	41.7
simadna_md_100.fq	499930	499930	474847	 1.1	Felidae	Pardofelis_marmorata	59	37	-	3	5	0.0 (0.0,33.6)	23.1 (5.0,53.8)	0.0 (0.0,97.5)	N/A (N/A,N/A)	40.7	43.4
simadna_md_100.fq	499930	499930	474847	 1.1	Felidae	Prionailurus_bengalensis	42	28	-	2	2	0.0 (0.0,52.2)	20.0 (2.5,55.6)	N/A (N/A,N/A)	N/A (N/A,N/A)	40.7	41.5
simadna_md_100.fq	499930	499930	474847	 1.1	Felidae	Prionailurus_bengalensis_euptilurus	36	34	-	2	5	0.0 (0.0,52.2)	22.2 (2.8,60.0)	N/A (N/A,N/A)	N/A (N/A,N/A)	41.6	39.2
simadna_md_100.fq	499930	499930	474847	 1.1	Felidae	Prionailurus_planiceps	36	28	-	0	0	0.0 (0.0,52.2)	0.0 (0.0,33.6)	N/A (N/A,N/A)	N/A (N/A,N/A)	39.7	N/A
simadna_md_100.fq	499930	499930	474847	 1.1	Felidae	Prionailurus_rubiginosus	54	33	-	1	4	0.0 (0.0,36.9)	9.1 (0.2,41.3)	N/A (N/A,N/A)	N/A (N/A,N/A)	39.6	40.2
simadna_md_100.fq	499930	499930	474847	 1.1	Felidae	Prionailurus_viverrinus	63	36	-	0	0	0.0 (0.0,60.2)	0.0 (0.0,52.2)	N/A (N/A,N/A)	N/A (N/A,N/A)	41.8	N/A
simadna_md_100.fq	499930	499930	474847	 1.1	Felidae	Profelis_aurata	47	30	-	2	3	14.3 (0.4,57.9)	14.3 (0.4,57.9)	N/A (N/A,N/A)	N/A (N/A,N/A)	41.1	39.3
simadna_md_100.fq	499930	499930	474847	 1.1	Felidae	Puma_concolor	26	25	-	0	1	0.0 (0.0,84.2)	0.0 (0.0,45.9)	N/A (N/A,N/A)	N/A (N/A,N/A)	40.2	36.0
simadna_md_100.fq	499930	499930	474847	 1.1	Giraffidae	Giraffa_giraffa_angolensis	1	1	-	0	1	N/A (N/A,N/A)	N/A (N/A,N/A)	N/A (N/A,N/A)	N/A (N/A,N/A)	35.0	35.0
simadna_md_100.fq	499930	499930	474847	 1.1	Giraffidae	Okapia_johnstoni	1	1	-	0	0	N/A (N/A,N/A)	N/A (N/A,N/A)	N/A (N/A,N/A)	N/A (N/A,N/A)	40.0	N/A
simadna_md_100.fq	499930	499930	474847	 1.1	Herpestidae	Urva_javanica	2	2	-	0	0	0.0 (0.0,97.5)	N/A (N/A,N/A)	N/A (N/A,N/A)	N/A (N/A,N/A)	42.0	N/A
simadna_md_100.fq	499930	499930	474847	 1.1	Hippopotamidae	Hexaprotodon_liberiensis	1	1	-	0	0	N/A (N/A,N/A)	N/A (N/A,N/A)	N/A (N/A,N/A)	N/A (N/A,N/A)	35.0	N/A
simadna_md_100.fq	499930	499930	474847	 1.1	Hominidae	Gorilla_gorilla	721	690	-	32	65	10.7 (6.1,17.1)	10.8 (6.4,16.7)	0.0 (0.0,70.8)	0.0 (0.0,60.2)	48.6	50.2
simadna_md_100.fq	499930	499930	474847	 1.1	Hominidae	Gorilla_gorilla_gorilla	721	688	-	32	64	10.9 (6.3,17.4)	10.4 (6.2,16.2)	0.0 (0.0,70.8)	0.0 (0.0,60.2)	48.6	48.9
simadna_md_100.fq	499930	499930	474847	 1.1	Hominidae	Homo_heidelbergensis	3768	3521	++	202	349	15.0 (12.4,17.8)	12.2 (10.0,14.7)	8.7 (1.1,28.0)	7.7 (0.9,25.1)	52.0	52.0
simadna_md_100.fq	499930	499930	474847	 1.1	Hominidae	Homo_sapiens	4098	3827	++	237	395	15.7 (13.3,18.4)	12.9 (10.7,15.3)	7.1 (0.9,23.5)	6.2 (0.8,20.8)	52.1	51.4
simadna_md_100.fq	499930	499930	474847	 1.1	Hominidae	Homo_sapiens_neanderthalensis	4183	3903	++	240	387	16.2 (13.8,18.9)	12.3 (10.2,14.7)	13.3 (3.8,30.7)	10.3 (2.9,24.2)	52.2	51.9
simadna_md_100.fq	499930	499930	474847	 1.1	Hominidae	Homo_sapiens_subsp._'Denisova'	3875	3619	++	230	385	16.5 (14.0,19.4)	13.3 (11.0,15.9)	8.0 (1.0,26.0)	6.5 (0.8,21.4)	52.0	51.4
simadna_md_100.fq	499930	499930	474847	 1.1	Hominidae	Pan_paniscus	1305	1240	-	66	119	13.2 (9.2,18.2)	12.7 (8.9,17.3)	0.0 (0.0,45.9)	0.0 (0.0,45.9)	48.6	48.4
simadna_md_100.fq	499930	499930	474847	 1.1	Hominidae	Pan_troglodytes	1219	1152	-	46	99	9.4 (5.8,14.1)	10.9 (7.2,15.5)	0.0 (0.0,70.8)	0.0 (0.0,45.9)	48.1	47.4
simadna_md_100.fq	499930	499930	474847	 1.1	Hominidae	Pongo_abelii	261	251	-	14	24	5.9 (1.2,16.2)	17.7 (9.2,29.5)	0.0 (0.0,60.2)	0.0 (0.0,97.5)	46.0	45.2
simadna_md_100.fq	499930	499930	474847	 1.1	Hominidae	Pongo_pygmaeus	240	233	-	10	21	6.8 (1.4,18.7)	12.5 (5.2,24.1)	0.0 (0.0,84.2)	0.0 (0.0,97.5)	46.8	45.9
simadna_md_100.fq	499930	499930	474847	 1.1	Hyaenidae	Crocuta_crocuta	164365	29629	++	1661	2594	14.4 (13.5,15.3)	11.9 (11.1,12.7)	16.0 (11.1,22.1)	15.4 (10.6,21.2)	67.6	70.4
simadna_md_100.fq	499930	499930	474847	 1.1	Hyaenidae	Hyaena_hyaena	32399	9481	+	392	871	8.5 (7.3,9.8)	12.3 (10.9,13.9)	8.2 (2.3,19.6)	11.4 (3.2,26.7)	54.9	55.3
simadna_md_100.fq	499930	499930	474847	 1.1	Indriidae	Indri_indri	1	1	-	1	1	N/A (N/A,N/A)	100.0 (2.5,100.0)	N/A (N/A,N/A)	N/A (N/A,N/A)	48.0	48.0
simadna_md_100.fq	499930	499930	474847	 1.1	Indriidae	Propithecus_diadema	1	1	-	0	0	N/A (N/A,N/A)	N/A (N/A,N/A)	N/A (N/A,N/A)	N/A (N/A,N/A)	39.0	N/A
simadna_md_100.fq	499930	499930	474847	 1.1	Indriidae	Propithecus_verreauxi	1	1	-	0	0	N/A (N/A,N/A)	N/A (N/A,N/A)	N/A (N/A,N/A)	N/A (N/A,N/A)	39.0	N/A
simadna_md_100.fq	499930	499930	474847	 1.1	Lemuridae	Eulemur_fulvus_fulvus	3	3	-	0	0	N/A (N/A,N/A)	N/A (N/A,N/A)	N/A (N/A,N/A)	N/A (N/A,N/A)	40.0	N/A
simadna_md_100.fq	499930	499930	474847	 1.1	Lemuridae	Eulemur_fulvus_mayottensis	3	3	-	0	0	N/A (N/A,N/A)	N/A (N/A,N/A)	N/A (N/A,N/A)	N/A (N/A,N/A)	40.0	N/A
simadna_md_100.fq	499930	499930	474847	 1.1	Lemuridae	Eulemur_macaco_macaco	3	3	-	0	0	N/A (N/A,N/A)	N/A (N/A,N/A)	N/A (N/A,N/A)	N/A (N/A,N/A)	40.0	N/A
simadna_md_100.fq	499930	499930	474847	 1.1	Lemuridae	Eulemur_mongoz	4	4	-	0	1	N/A (N/A,N/A)	N/A (N/A,N/A)	N/A (N/A,N/A)	N/A (N/A,N/A)	40.0	40.0
simadna_md_100.fq	499930	499930	474847	 1.1	Lemuridae	Eulemur_rubriventer	4	4	-	0	0	N/A (N/A,N/A)	N/A (N/A,N/A)	N/A (N/A,N/A)	N/A (N/A,N/A)	40.0	N/A
simadna_md_100.fq	499930	499930	474847	 1.1	Lemuridae	Eulemur_rufus	4	4	-	0	0	N/A (N/A,N/A)	N/A (N/A,N/A)	N/A (N/A,N/A)	N/A (N/A,N/A)	40.0	N/A
simadna_md_100.fq	499930	499930	474847	 1.1	Lemuridae	Hapalemur_griseus	3	3	-	0	0	0.0 (0.0,97.5)	N/A (N/A,N/A)	N/A (N/A,N/A)	N/A (N/A,N/A)	40.7	N/A
simadna_md_100.fq	499930	499930	474847	 1.1	Lemuridae	Prolemur_simus	1	1	-	0	0	N/A (N/A,N/A)	N/A (N/A,N/A)	N/A (N/A,N/A)	N/A (N/A,N/A)	38.0	N/A
simadna_md_100.fq	499930	499930	474847	 1.1	Lemuridae	Varecia_variegata	3	2	-	0	1	N/A (N/A,N/A)	N/A (N/A,N/A)	N/A (N/A,N/A)	N/A (N/A,N/A)	38.5	40.0
simadna_md_100.fq	499930	499930	474847	 1.1	Lemuridae	Varecia_variegata_variegata	4	3	-	0	1	N/A (N/A,N/A)	N/A (N/A,N/A)	N/A (N/A,N/A)	N/A (N/A,N/A)	38.3	40.0
simadna_md_100.fq	499930	499930	474847	 1.1	Leporidae	Lepus_townsendii	1	1	-	1	1	N/A (N/A,N/A)	100.0 (2.5,100.0)	N/A (N/A,N/A)	N/A (N/A,N/A)	36.0	36.0
simadna_md_100.fq	499930	499930	474847	 1.1	Lorisidae	Loris_lydekkerianus	2	2	-	0	1	0.0 (0.0,97.5)	N/A (N/A,N/A)	N/A (N/A,N/A)	N/A (N/A,N/A)	40.0	42.0
simadna_md_100.fq	499930	499930	474847	 1.1	Lorisidae	Loris_tardigradus	2	2	-	0	1	0.0 (0.0,97.5)	N/A (N/A,N/A)	N/A (N/A,N/A)	N/A (N/A,N/A)	40.0	42.0
simadna_md_100.fq	499930	499930	474847	 1.1	Manidae	Manis_javanica	1	1	-	0	0	N/A (N/A,N/A)	N/A (N/A,N/A)	N/A (N/A,N/A)	N/A (N/A,N/A)	48.0	N/A
simadna_md_100.fq	499930	499930	474847	 1.1	Manidae	Phataginus_tricuspis	1	1	-	1	1	N/A (N/A,N/A)	100.0 (2.5,100.0)	N/A (N/A,N/A)	N/A (N/A,N/A)	43.0	43.0
simadna_md_100.fq	499930	499930	474847	 1.1	Mephitidae	Mephitis_mephitis	3	3	-	0	0	N/A (N/A,N/A)	0.0 (0.0,97.5)	N/A (N/A,N/A)	N/A (N/A,N/A)	39.7	N/A
simadna_md_100.fq	499930	499930	474847	 1.1	Moschidae	Moschus_anhuiensis	4	3	-	1	1	0.0 (0.0,97.5)	100.0 (2.5,100.0)	N/A (N/A,N/A)	N/A (N/A,N/A)	41.7	41.0
simadna_md_100.fq	499930	499930	474847	 1.1	Moschidae	Moschus_berezovskii	5	4	-	1	1	0.0 (0.0,97.5)	100.0 (2.5,100.0)	N/A (N/A,N/A)	N/A (N/A,N/A)	38.8	41.0
simadna_md_100.fq	499930	499930	474847	 1.1	Moschidae	Moschus_chrysogaster	6	5	-	1	1	0.0 (0.0,97.5)	100.0 (2.5,100.0)	N/A (N/A,N/A)	N/A (N/A,N/A)	40.6	41.0
simadna_md_100.fq	499930	499930	474847	 1.1	Moschidae	Moschus_moschiferus	5	4	-	0	0	0.0 (0.0,97.5)	N/A (N/A,N/A)	N/A (N/A,N/A)	N/A (N/A,N/A)	39.5	N/A
simadna_md_100.fq	499930	499930	474847	 1.1	Muridae	Acomys_cahirinus	3	3	-	0	0	N/A (N/A,N/A)	0.0 (0.0,97.5)	N/A (N/A,N/A)	N/A (N/A,N/A)	40.3	N/A
simadna_md_100.fq	499930	499930	474847	 1.1	Muridae	Apodemus_agrarius	4	4	-	0	0	N/A (N/A,N/A)	0.0 (0.0,97.5)	N/A (N/A,N/A)	N/A (N/A,N/A)	43.8	N/A
simadna_md_100.fq	499930	499930	474847	 1.1	Muridae	Apodemus_chejuensis	5	5	-	0	0	N/A (N/A,N/A)	0.0 (0.0,97.5)	N/A (N/A,N/A)	N/A (N/A,N/A)	39.4	N/A
simadna_md_100.fq	499930	499930	474847	 1.1	Muridae	Apodemus_chevrieri	5	5	-	0	0	N/A (N/A,N/A)	0.0 (0.0,97.5)	N/A (N/A,N/A)	N/A (N/A,N/A)	42.6	N/A
simadna_md_100.fq	499930	499930	474847	 1.1	Muridae	Apodemus_draco	2	2	-	0	0	N/A (N/A,N/A)	N/A (N/A,N/A)	N/A (N/A,N/A)	N/A (N/A,N/A)	45.0	N/A
simadna_md_100.fq	499930	499930	474847	 1.1	Muridae	Apodemus_latronum	4	4	-	0	0	N/A (N/A,N/A)	0.0 (0.0,97.5)	N/A (N/A,N/A)	N/A (N/A,N/A)	44.5	N/A
simadna_md_100.fq	499930	499930	474847	 1.1	Muridae	Apodemus_peninsulae	3	3	-	0	0	N/A (N/A,N/A)	N/A (N/A,N/A)	N/A (N/A,N/A)	N/A (N/A,N/A)	45.3	N/A
simadna_md_100.fq	499930	499930	474847	 1.1	Muridae	Bandicota_indica	2	2	-	0	0	N/A (N/A,N/A)	0.0 (0.0,97.5)	N/A (N/A,N/A)	N/A (N/A,N/A)	44.0	N/A
simadna_md_100.fq	499930	499930	474847	 1.1	Muridae	Leggadina_lakedownensis	2	2	-	0	0	N/A (N/A,N/A)	N/A (N/A,N/A)	N/A (N/A,N/A)	N/A (N/A,N/A)	46.5	N/A
simadna_md_100.fq	499930	499930	474847	 1.1	Muridae	Leopoldamys_edwardsi	10	9	-	0	0	0.0 (0.0,70.8)	0.0 (0.0,97.5)	N/A (N/A,N/A)	N/A (N/A,N/A)	41.4	N/A
simadna_md_100.fq	499930	499930	474847	 1.1	Muridae	Meriones_libycus	3	3	-	0	0	N/A (N/A,N/A)	0.0 (0.0,97.5)	N/A (N/A,N/A)	N/A (N/A,N/A)	43.3	N/A
simadna_md_100.fq	499930	499930	474847	 1.1	Muridae	Meriones_meridianus	21	16	-	0	0	0.0 (0.0,97.5)	0.0 (0.0,60.2)	N/A (N/A,N/A)	N/A (N/A,N/A)	39.5	N/A
simadna_md_100.fq	499930	499930	474847	 1.1	Muridae	Meriones_unguiculatus	95	36	-	4	7	28.6 (3.7,71.0)	50.0 (6.8,93.2)	0.0 (0.0,97.5)	N/A (N/A,N/A)	42.9	41.1
simadna_md_100.fq	499930	499930	474847	 1.1	Muridae	Micromys_minutus	2	2	-	0	0	N/A (N/A,N/A)	N/A (N/A,N/A)	N/A (N/A,N/A)	N/A (N/A,N/A)	45.0	N/A
simadna_md_100.fq	499930	499930	474847	 1.1	Muridae	Mus_caroli	1	1	-	0	0	N/A (N/A,N/A)	N/A (N/A,N/A)	N/A (N/A,N/A)	N/A (N/A,N/A)	51.0	N/A
simadna_md_100.fq	499930	499930	474847	 1.1	Muridae	Mus_cervicolor	2	2	-	0	0	N/A (N/A,N/A)	N/A (N/A,N/A)	N/A (N/A,N/A)	N/A (N/A,N/A)	45.0	N/A
simadna_md_100.fq	499930	499930	474847	 1.1	Muridae	Mus_cookii	2	2	-	0	0	N/A (N/A,N/A)	N/A (N/A,N/A)	N/A (N/A,N/A)	N/A (N/A,N/A)	44.0	N/A
simadna_md_100.fq	499930	499930	474847	 1.1	Muridae	Mus_fragilicauda	2	2	-	0	0	N/A (N/A,N/A)	0.0 (0.0,97.5)	N/A (N/A,N/A)	N/A (N/A,N/A)	47.5	N/A
simadna_md_100.fq	499930	499930	474847	 1.1	Muridae	Mus_musculus	1	1	-	0	0	N/A (N/A,N/A)	N/A (N/A,N/A)	N/A (N/A,N/A)	N/A (N/A,N/A)	51.0	N/A
simadna_md_100.fq	499930	499930	474847	 1.1	Muridae	Mus_musculus_castaneus	4	4	-	0	0	0.0 (0.0,84.2)	N/A (N/A,N/A)	N/A (N/A,N/A)	N/A (N/A,N/A)	44.0	N/A
simadna_md_100.fq	499930	499930	474847	 1.1	Muridae	Mus_musculus_domesticus	1	1	-	0	0	N/A (N/A,N/A)	N/A (N/A,N/A)	N/A (N/A,N/A)	N/A (N/A,N/A)	51.0	N/A
simadna_md_100.fq	499930	499930	474847	 1.1	Muridae	Mus_musculus_molossinus	1	1	-	0	0	N/A (N/A,N/A)	N/A (N/A,N/A)	N/A (N/A,N/A)	N/A (N/A,N/A)	51.0	N/A
simadna_md_100.fq	499930	499930	474847	 1.1	Muridae	Mus_musculus_musculus	1	1	-	0	0	N/A (N/A,N/A)	N/A (N/A,N/A)	N/A (N/A,N/A)	N/A (N/A,N/A)	51.0	N/A
simadna_md_100.fq	499930	499930	474847	 1.1	Muridae	Mus_spretus	2	2	-	0	0	0.0 (0.0,97.5)	N/A (N/A,N/A)	N/A (N/A,N/A)	N/A (N/A,N/A)	49.0	N/A
simadna_md_100.fq	499930	499930	474847	 1.1	Muridae	Mus_terricolor	2	2	-	1	1	0.0 (0.0,97.5)	100.0 (2.5,100.0)	0.0 (0.0,97.5)	N/A (N/A,N/A)	49.0	47.0
simadna_md_100.fq	499930	499930	474847	 1.1	Muridae	Niviventer_confucianus	2	2	-	0	0	0.0 (0.0,97.5)	N/A (N/A,N/A)	N/A (N/A,N/A)	N/A (N/A,N/A)	49.0	N/A
simadna_md_100.fq	499930	499930	474847	 1.1	Muridae	Niviventer_excelsior	3	3	-	0	0	N/A (N/A,N/A)	0.0 (0.0,97.5)	N/A (N/A,N/A)	N/A (N/A,N/A)	45.3	N/A
simadna_md_100.fq	499930	499930	474847	 1.1	Muridae	Pseudomys_chapmani	2	2	-	0	0	N/A (N/A,N/A)	0.0 (0.0,97.5)	N/A (N/A,N/A)	N/A (N/A,N/A)	44.0	N/A
simadna_md_100.fq	499930	499930	474847	 1.1	Muridae	Rattus_exulans	15	7	-	1	3	N/A (N/A,N/A)	25.0 (0.6,80.6)	N/A (N/A,N/A)	N/A (N/A,N/A)	43.1	43.0
simadna_md_100.fq	499930	499930	474847	 1.1	Muridae	Rattus_fuscipes	3	3	-	0	0	N/A (N/A,N/A)	0.0 (0.0,84.2)	N/A (N/A,N/A)	N/A (N/A,N/A)	44.0	N/A
simadna_md_100.fq	499930	499930	474847	 1.1	Muridae	Rattus_leucopus	3	3	-	0	0	N/A (N/A,N/A)	0.0 (0.0,97.5)	N/A (N/A,N/A)	N/A (N/A,N/A)	45.7	N/A
simadna_md_100.fq	499930	499930	474847	 1.1	Muridae	Rattus_lutreolus	2	2	-	0	0	N/A (N/A,N/A)	0.0 (0.0,97.5)	N/A (N/A,N/A)	N/A (N/A,N/A)	44.0	N/A
simadna_md_100.fq	499930	499930	474847	 1.1	Muridae	Rattus_niobe	3	3	-	0	0	N/A (N/A,N/A)	0.0 (0.0,97.5)	N/A (N/A,N/A)	N/A (N/A,N/A)	43.3	N/A
simadna_md_100.fq	499930	499930	474847	 1.1	Muridae	Rattus_norvegicus	8	7	-	0	0	0.0 (0.0,84.2)	0.0 (0.0,97.5)	N/A (N/A,N/A)	N/A (N/A,N/A)	42.7	N/A
simadna_md_100.fq	499930	499930	474847	 1.1	Muridae	Rattus_praetor	3	3	-	0	0	N/A (N/A,N/A)	0.0 (0.0,97.5)	N/A (N/A,N/A)	N/A (N/A,N/A)	43.3	N/A
simadna_md_100.fq	499930	499930	474847	 1.1	Muridae	Rattus_rattus	2	2	-	0	0	N/A (N/A,N/A)	0.0 (0.0,97.5)	N/A (N/A,N/A)	N/A (N/A,N/A)	44.0	N/A
simadna_md_100.fq	499930	499930	474847	 1.1	Muridae	Rattus_sordidus	3	3	-	0	0	N/A (N/A,N/A)	0.0 (0.0,84.2)	N/A (N/A,N/A)	N/A (N/A,N/A)	44.0	N/A
simadna_md_100.fq	499930	499930	474847	 1.1	Muridae	Rattus_tanezumi	2	2	-	0	0	N/A (N/A,N/A)	0.0 (0.0,97.5)	N/A (N/A,N/A)	N/A (N/A,N/A)	44.0	N/A
simadna_md_100.fq	499930	499930	474847	 1.1	Muridae	Rattus_tunneyi	3	3	-	0	0	N/A (N/A,N/A)	0.0 (0.0,97.5)	N/A (N/A,N/A)	N/A (N/A,N/A)	47.7	N/A
simadna_md_100.fq	499930	499930	474847	 1.1	Muridae	Rattus_villosissimus	2	2	-	0	0	N/A (N/A,N/A)	0.0 (0.0,97.5)	N/A (N/A,N/A)	N/A (N/A,N/A)	44.0	N/A
simadna_md_100.fq	499930	499930	474847	 1.1	Mustelidae	Arctonyx_collaris	58	30	+	4	5	25.0 (0.6,80.6)	36.4 (10.9,69.2)	50.0 (1.3,98.7)	100.0 (2.5,100.0)	42.6	43.4
simadna_md_100.fq	499930	499930	474847	 1.1	Mustelidae	Enhydra_lutris	23	13	-	0	1	N/A (N/A,N/A)	0.0 (0.0,52.2)	N/A (N/A,N/A)	N/A (N/A,N/A)	41.8	39.0
simadna_md_100.fq	499930	499930	474847	 1.1	Mustelidae	Gulo_gulo	9	9	-	0	1	N/A (N/A,N/A)	N/A (N/A,N/A)	N/A (N/A,N/A)	N/A (N/A,N/A)	39.8	39.0
simadna_md_100.fq	499930	499930	474847	 1.1	Mustelidae	Martes_americana	40	24	-	1	4	20.0 (0.5,71.6)	0.0 (0.0,60.2)	N/A (N/A,N/A)	N/A (N/A,N/A)	38.5	40.2
simadna_md_100.fq	499930	499930	474847	 1.1	Mustelidae	Martes_flavigula	21	14	-	0	5	N/A (N/A,N/A)	0.0 (0.0,84.2)	N/A (N/A,N/A)	N/A (N/A,N/A)	39.2	39.6
simadna_md_100.fq	499930	499930	474847	 1.1	Mustelidae	Martes_foina	21	14	-	0	3	0.0 (0.0,84.2)	0.0 (0.0,97.5)	N/A (N/A,N/A)	N/A (N/A,N/A)	39.0	40.3
simadna_md_100.fq	499930	499930	474847	 1.1	Mustelidae	Martes_martes	25	16	-	1	1	20.0 (0.5,71.6)	0.0 (0.0,84.2)	N/A (N/A,N/A)	N/A (N/A,N/A)	38.2	40.0
simadna_md_100.fq	499930	499930	474847	 1.1	Mustelidae	Martes_zibellina	43	25	-	1	4	20.0 (0.5,71.6)	0.0 (0.0,52.2)	N/A (N/A,N/A)	0.0 (0.0,97.5)	38.8	40.5
simadna_md_100.fq	499930	499930	474847	 1.1	Mustelidae	Meles_meles	6	6	-	0	0	0.0 (0.0,97.5)	N/A (N/A,N/A)	N/A (N/A,N/A)	N/A (N/A,N/A)	40.2	N/A
simadna_md_100.fq	499930	499930	474847	 1.1	Mustelidae	Melogale_moschata	9	9	-	0	0	0.0 (0.0,97.5)	N/A (N/A,N/A)	N/A (N/A,N/A)	N/A (N/A,N/A)	39.3	N/A
simadna_md_100.fq	499930	499930	474847	 1.1	Mustelidae	Mustela_altaica	4	4	-	0	0	0.0 (0.0,97.5)	N/A (N/A,N/A)	N/A (N/A,N/A)	N/A (N/A,N/A)	41.0	N/A
simadna_md_100.fq	499930	499930	474847	 1.1	Mustelidae	Mustela_erminea	26	20	-	0	1	0.0 (0.0,70.8)	0.0 (0.0,70.8)	N/A (N/A,N/A)	N/A (N/A,N/A)	39.0	36.0
simadna_md_100.fq	499930	499930	474847	 1.1	Mustelidae	Mustela_eversmannii	11	9	-	0	0	N/A (N/A,N/A)	0.0 (0.0,84.2)	N/A (N/A,N/A)	N/A (N/A,N/A)	39.1	N/A
simadna_md_100.fq	499930	499930	474847	 1.1	Mustelidae	Mustela_kathiah	57	29	-	4	4	0.0 (0.0,60.2)	44.4 (13.7,78.8)	0.0 (0.0,84.2)	N/A (N/A,N/A)	42.9	44.5
simadna_md_100.fq	499930	499930	474847	 1.1	Mustelidae	Mustela_nigripes	11	9	-	0	0	N/A (N/A,N/A)	0.0 (0.0,84.2)	N/A (N/A,N/A)	N/A (N/A,N/A)	39.1	N/A
simadna_md_100.fq	499930	499930	474847	 1.1	Mustelidae	Mustela_nivalis	18	14	-	0	1	0.0 (0.0,84.2)	0.0 (0.0,70.8)	N/A (N/A,N/A)	N/A (N/A,N/A)	39.1	39.0
simadna_md_100.fq	499930	499930	474847	 1.1	Mustelidae	Mustela_putorius	5	5	-	0	0	N/A (N/A,N/A)	0.0 (0.0,97.5)	N/A (N/A,N/A)	N/A (N/A,N/A)	39.2	N/A
simadna_md_100.fq	499930	499930	474847	 1.1	Mustelidae	Mustela_sibirica	19	15	-	2	3	100.0 (15.8,100.0)	0.0 (0.0,70.8)	N/A (N/A,N/A)	N/A (N/A,N/A)	38.8	38.0
simadna_md_100.fq	499930	499930	474847	 1.1	Mustelidae	Neogale_frenata	5	5	-	0	1	N/A (N/A,N/A)	N/A (N/A,N/A)	N/A (N/A,N/A)	N/A (N/A,N/A)	41.2	39.0
simadna_md_100.fq	499930	499930	474847	 1.1	Mustelidae	Neogale_vison	29	18	-	0	1	N/A (N/A,N/A)	0.0 (0.0,60.2)	N/A (N/A,N/A)	N/A (N/A,N/A)	40.4	39.0
simadna_md_100.fq	499930	499930	474847	 1.1	Mustelidae	Pekania_pennanti	5	5	-	0	0	N/A (N/A,N/A)	0.0 (0.0,97.5)	N/A (N/A,N/A)	N/A (N/A,N/A)	40.4	N/A
simadna_md_100.fq	499930	499930	474847	 1.1	Mustelidae	Taxidea_taxus	4	4	-	0	0	0.0 (0.0,97.5)	N/A (N/A,N/A)	N/A (N/A,N/A)	N/A (N/A,N/A)	40.0	N/A
simadna_md_100.fq	499930	499930	474847	 1.1	Nandiniidae	Nandinia_binotata	4	4	-	1	1	0.0 (0.0,97.5)	50.0 (1.3,98.7)	N/A (N/A,N/A)	N/A (N/A,N/A)	41.8	35.0
simadna_md_100.fq	499930	499930	474847	 1.1	Otariidae	Arctocephalus_forsteri	4	3	-	0	0	N/A (N/A,N/A)	N/A (N/A,N/A)	N/A (N/A,N/A)	N/A (N/A,N/A)	43.3	N/A
simadna_md_100.fq	499930	499930	474847	 1.1	Otariidae	Arctocephalus_pusillus	2	2	-	0	0	N/A (N/A,N/A)	N/A (N/A,N/A)	N/A (N/A,N/A)	N/A (N/A,N/A)	44.0	N/A
simadna_md_100.fq	499930	499930	474847	 1.1	Otariidae	Arctocephalus_townsendi	2	2	-	0	0	N/A (N/A,N/A)	N/A (N/A,N/A)	N/A (N/A,N/A)	N/A (N/A,N/A)	44.0	N/A
simadna_md_100.fq	499930	499930	474847	 1.1	Otariidae	Callorhinus_ursinus	12	9	-	1	3	0.0 (0.0,97.5)	33.3 (0.8,90.6)	0.0 (0.0,97.5)	N/A (N/A,N/A)	38.8	38.0
simadna_md_100.fq	499930	499930	474847	 1.1	Otariidae	Eumetopias_jubatus	3	3	-	1	1	N/A (N/A,N/A)	100.0 (2.5,100.0)	N/A (N/A,N/A)	N/A (N/A,N/A)	41.3	36.0
simadna_md_100.fq	499930	499930	474847	 1.1	Otariidae	Neophoca_cinerea	5	4	-	1	1	N/A (N/A,N/A)	50.0 (1.3,98.7)	N/A (N/A,N/A)	N/A (N/A,N/A)	44.0	36.0
simadna_md_100.fq	499930	499930	474847	 1.1	Otariidae	Phocarctos_hookeri	4	4	-	0	0	N/A (N/A,N/A)	0.0 (0.0,97.5)	N/A (N/A,N/A)	N/A (N/A,N/A)	39.8	N/A
simadna_md_100.fq	499930	499930	474847	 1.1	Otariidae	Zalophus_californianus	3	3	-	1	1	N/A (N/A,N/A)	100.0 (2.5,100.0)	N/A (N/A,N/A)	N/A (N/A,N/A)	41.3	36.0
simadna_md_100.fq	499930	499930	474847	 1.1	Phocidae	Cystophora_cristata	2	2	-	0	0	N/A (N/A,N/A)	N/A (N/A,N/A)	N/A (N/A,N/A)	N/A (N/A,N/A)	46.0	N/A
simadna_md_100.fq	499930	499930	474847	 1.1	Phocidae	Erignathus_barbatus	1	1	-	0	0	N/A (N/A,N/A)	N/A (N/A,N/A)	N/A (N/A,N/A)	N/A (N/A,N/A)	46.0	N/A
simadna_md_100.fq	499930	499930	474847	 1.1	Phocidae	Halichoerus_grypus	3	3	-	0	0	0.0 (0.0,97.5)	0.0 (0.0,97.5)	N/A (N/A,N/A)	N/A (N/A,N/A)	40.3	N/A
simadna_md_100.fq	499930	499930	474847	 1.1	Phocidae	Hydrurga_leptonyx	3	3	-	0	0	0.0 (0.0,84.2)	0.0 (0.0,97.5)	N/A (N/A,N/A)	N/A (N/A,N/A)	42.3	N/A
simadna_md_100.fq	499930	499930	474847	 1.1	Phocidae	Leptonychotes_weddellii	3	3	-	0	1	0.0 (0.0,97.5)	0.0 (0.0,97.5)	N/A (N/A,N/A)	N/A (N/A,N/A)	43.7	50.0
simadna_md_100.fq	499930	499930	474847	 1.1	Phocidae	Lobodon_carcinophaga	1	1	-	0	0	0.0 (0.0,97.5)	N/A (N/A,N/A)	N/A (N/A,N/A)	N/A (N/A,N/A)	35.0	N/A
simadna_md_100.fq	499930	499930	474847	 1.1	Phocidae	Mirounga_leonina	1	1	-	0	0	N/A (N/A,N/A)	N/A (N/A,N/A)	N/A (N/A,N/A)	N/A (N/A,N/A)	46.0	N/A
simadna_md_100.fq	499930	499930	474847	 1.1	Phocidae	Neomonachus_schauinslandi	5	5	-	0	2	0.0 (0.0,97.5)	0.0 (0.0,97.5)	N/A (N/A,N/A)	N/A (N/A,N/A)	42.2	43.5
simadna_md_100.fq	499930	499930	474847	 1.1	Phocidae	Phoca_fasciata	1	1	-	0	0	N/A (N/A,N/A)	N/A (N/A,N/A)	N/A (N/A,N/A)	N/A (N/A,N/A)	46.0	N/A
simadna_md_100.fq	499930	499930	474847	 1.1	Phocidae	Phoca_groenlandica	1	1	-	0	0	0.0 (0.0,97.5)	N/A (N/A,N/A)	N/A (N/A,N/A)	N/A (N/A,N/A)	40.0	N/A
simadna_md_100.fq	499930	499930	474847	 1.1	Phocidae	Phoca_largha	2	2	-	0	0	0.0 (0.0,97.5)	N/A (N/A,N/A)	N/A (N/A,N/A)	N/A (N/A,N/A)	43.0	N/A
simadna_md_100.fq	499930	499930	474847	 1.1	Phocidae	Phoca_vitulina	1	1	-	0	0	0.0 (0.0,97.5)	N/A (N/A,N/A)	N/A (N/A,N/A)	N/A (N/A,N/A)	40.0	N/A
simadna_md_100.fq	499930	499930	474847	 1.1	Phocidae	Pusa_caspica	2	2	-	0	0	0.0 (0.0,97.5)	N/A (N/A,N/A)	N/A (N/A,N/A)	N/A (N/A,N/A)	43.0	N/A
simadna_md_100.fq	499930	499930	474847	 1.1	Phocidae	Pusa_hispida	2	2	-	0	0	0.0 (0.0,97.5)	N/A (N/A,N/A)	N/A (N/A,N/A)	N/A (N/A,N/A)	43.0	N/A
simadna_md_100.fq	499930	499930	474847	 1.1	Phocidae	Pusa_sibirica	2	2	-	0	0	0.0 (0.0,97.5)	N/A (N/A,N/A)	N/A (N/A,N/A)	N/A (N/A,N/A)	43.0	N/A
simadna_md_100.fq	499930	499930	474847	 1.1	Phyllostomidae	Anoura_caudifer	10	8	-	0	0	0.0 (0.0,84.2)	N/A (N/A,N/A)	N/A (N/A,N/A)	N/A (N/A,N/A)	36.6	N/A
simadna_md_100.fq	499930	499930	474847	 1.1	Phyllostomidae	Artibeus_jamaicensis	2	2	-	0	1	N/A (N/A,N/A)	0.0 (0.0,84.2)	N/A (N/A,N/A)	N/A (N/A,N/A)	38.5	36.0
simadna_md_100.fq	499930	499930	474847	 1.1	Phyllostomidae	Artibeus_lituratus	48	21	-	1	2	0.0 (0.0,84.2)	14.3 (0.4,57.9)	N/A (N/A,N/A)	N/A (N/A,N/A)	39.8	38.0
simadna_md_100.fq	499930	499930	474847	 1.1	Phyllostomidae	Brachyphylla_cavernarum	1	1	-	0	0	N/A (N/A,N/A)	N/A (N/A,N/A)	N/A (N/A,N/A)	N/A (N/A,N/A)	40.0	N/A
simadna_md_100.fq	499930	499930	474847	 1.1	Phyllostomidae	Carollia_perspicillata	1	1	-	0	0	N/A (N/A,N/A)	N/A (N/A,N/A)	N/A (N/A,N/A)	N/A (N/A,N/A)	35.0	N/A
simadna_md_100.fq	499930	499930	474847	 1.1	Phyllostomidae	Micronycteris_megalotis	1	1	-	0	0	N/A (N/A,N/A)	N/A (N/A,N/A)	N/A (N/A,N/A)	N/A (N/A,N/A)	37.0	N/A
simadna_md_100.fq	499930	499930	474847	 1.1	Phyllostomidae	Rhinophylla_pumilio	15	14	-	0	0	0.0 (0.0,97.5)	0.0 (0.0,97.5)	N/A (N/A,N/A)	N/A (N/A,N/A)	39.1	N/A
simadna_md_100.fq	499930	499930	474847	 1.1	Phyllostomidae	Sturnira_tildae	1	1	-	0	0	N/A (N/A,N/A)	N/A (N/A,N/A)	N/A (N/A,N/A)	N/A (N/A,N/A)	35.0	N/A
simadna_md_100.fq	499930	499930	474847	 1.1	Phyllostomidae	Tonatia_saurophila	1	1	-	0	0	N/A (N/A,N/A)	0.0 (0.0,97.5)	N/A (N/A,N/A)	N/A (N/A,N/A)	36.0	N/A
simadna_md_100.fq	499930	499930	474847	 1.1	Phyllostomidae	Vampyrum_spectrum	2	2	-	0	0	0.0 (0.0,97.5)	0.0 (0.0,97.5)	N/A (N/A,N/A)	N/A (N/A,N/A)	43.0	N/A
simadna_md_100.fq	499930	499930	474847	 1.1	Pitheciidae	Chiropotes_albinasus	2	2	-	0	0	N/A (N/A,N/A)	0.0 (0.0,97.5)	N/A (N/A,N/A)	N/A (N/A,N/A)	37.5	N/A
simadna_md_100.fq	499930	499930	474847	 1.1	Pitheciidae	Chiropotes_israelita	2	2	-	0	0	N/A (N/A,N/A)	0.0 (0.0,97.5)	N/A (N/A,N/A)	N/A (N/A,N/A)	37.5	N/A
simadna_md_100.fq	499930	499930	474847	 1.1	Procaviidae	Dendrohyrax_dorsalis	1	1	-	0	0	0.0 (0.0,97.5)	N/A (N/A,N/A)	N/A (N/A,N/A)	N/A (N/A,N/A)	42.0	N/A
simadna_md_100.fq	499930	499930	474847	 1.1	Procaviidae	Procavia_capensis	45	25	-	1	4	0.0 (0.0,36.9)	50.0 (1.3,98.7)	N/A (N/A,N/A)	N/A (N/A,N/A)	40.6	42.2
simadna_md_100.fq	499930	499930	474847	 1.1	Procyonidae	Procyon_lotor	2	2	-	0	0	N/A (N/A,N/A)	N/A (N/A,N/A)	N/A (N/A,N/A)	N/A (N/A,N/A)	40.5	N/A
simadna_md_100.fq	499930	499930	474847	 1.1	Pteropodidae	Cynopterus_brachyotis	1	1	-	0	0	N/A (N/A,N/A)	0.0 (0.0,97.5)	N/A (N/A,N/A)	N/A (N/A,N/A)	35.0	N/A
simadna_md_100.fq	499930	499930	474847	 1.1	Pteropodidae	Pteropus_alecto	1	1	-	0	0	N/A (N/A,N/A)	0.0 (0.0,97.5)	N/A (N/A,N/A)	N/A (N/A,N/A)	35.0	N/A
simadna_md_100.fq	499930	499930	474847	 1.1	Pteropodidae	Pteropus_dasymallus	1	1	-	1	1	N/A (N/A,N/A)	100.0 (2.5,100.0)	N/A (N/A,N/A)	N/A (N/A,N/A)	38.0	38.0
simadna_md_100.fq	499930	499930	474847	 1.1	Pteropodidae	Pteropus_scapulatus	1	1	-	0	0	N/A (N/A,N/A)	0.0 (0.0,97.5)	N/A (N/A,N/A)	N/A (N/A,N/A)	35.0	N/A
simadna_md_100.fq	499930	499930	474847	 1.1	Pteropodidae	Pteropus_vampyrus	1	1	-	0	0	0.0 (0.0,97.5)	N/A (N/A,N/A)	N/A (N/A,N/A)	N/A (N/A,N/A)	39.0	N/A
simadna_md_100.fq	499930	499930	474847	 1.1	Rhinocerotidae	Ceratotherium_simum	2	2	-	0	0	N/A (N/A,N/A)	N/A (N/A,N/A)	N/A (N/A,N/A)	N/A (N/A,N/A)	42.0	N/A
simadna_md_100.fq	499930	499930	474847	 1.1	Rhinocerotidae	Coelodonta_antiquitatis	3	3	-	0	0	N/A (N/A,N/A)	N/A (N/A,N/A)	N/A (N/A,N/A)	N/A (N/A,N/A)	37.3	N/A
simadna_md_100.fq	499930	499930	474847	 1.1	Rhinocerotidae	Dicerorhinus_sumatrensis	23	12	-	0	0	0.0 (0.0,70.8)	0.0 (0.0,70.8)	N/A (N/A,N/A)	N/A (N/A,N/A)	39.1	N/A
simadna_md_100.fq	499930	499930	474847	 1.1	Rhinocerotidae	Diceros_bicornis	3	3	-	0	0	N/A (N/A,N/A)	N/A (N/A,N/A)	N/A (N/A,N/A)	N/A (N/A,N/A)	41.0	N/A
simadna_md_100.fq	499930	499930	474847	 1.1	Rhinocerotidae	Rhinoceros_sondaicus	3	3	-	0	1	N/A (N/A,N/A)	N/A (N/A,N/A)	N/A (N/A,N/A)	N/A (N/A,N/A)	37.7	40.0
simadna_md_100.fq	499930	499930	474847	 1.1	Rhinocerotidae	Rhinoceros_unicornis	4	4	-	0	0	N/A (N/A,N/A)	N/A (N/A,N/A)	N/A (N/A,N/A)	N/A (N/A,N/A)	38.0	N/A
simadna_md_100.fq	499930	499930	474847	 1.1	Rhinolophidae	Rhinolophus_ferrumequinum_korai	4	4	-	0	0	N/A (N/A,N/A)	0.0 (0.0,97.5)	N/A (N/A,N/A)	N/A (N/A,N/A)	41.2	N/A
simadna_md_100.fq	499930	499930	474847	 1.1	Rhinolophidae	Rhinolophus_ferrumequinum_quelpartis	4	4	-	0	0	N/A (N/A,N/A)	0.0 (0.0,97.5)	N/A (N/A,N/A)	N/A (N/A,N/A)	41.2	N/A
simadna_md_100.fq	499930	499930	474847	 1.1	Rhinolophidae	Rhinolophus_formosae	4	4	-	0	0	N/A (N/A,N/A)	0.0 (0.0,97.5)	N/A (N/A,N/A)	N/A (N/A,N/A)	41.2	N/A
simadna_md_100.fq	499930	499930	474847	 1.1	Rhinolophidae	Rhinolophus_luctus	5	5	-	0	0	0.0 (0.0,97.5)	0.0 (0.0,97.5)	N/A (N/A,N/A)	N/A (N/A,N/A)	43.0	N/A
simadna_md_100.fq	499930	499930	474847	 1.1	Rhinolophidae	Rhinolophus_macrotis	3	3	-	0	0	N/A (N/A,N/A)	0.0 (0.0,97.5)	N/A (N/A,N/A)	N/A (N/A,N/A)	39.7	N/A
simadna_md_100.fq	499930	499930	474847	 1.1	Rhinolophidae	Rhinolophus_monoceros	6	6	-	0	0	0.0 (0.0,97.5)	0.0 (0.0,97.5)	N/A (N/A,N/A)	N/A (N/A,N/A)	42.2	N/A
simadna_md_100.fq	499930	499930	474847	 1.1	Rhinolophidae	Rhinolophus_pumilus	5	5	-	0	0	0.0 (0.0,97.5)	0.0 (0.0,97.5)	N/A (N/A,N/A)	N/A (N/A,N/A)	43.0	N/A
simadna_md_100.fq	499930	499930	474847	 1.1	Rhinolophidae	Rhinolophus_rex	4	4	-	0	0	N/A (N/A,N/A)	0.0 (0.0,97.5)	N/A (N/A,N/A)	N/A (N/A,N/A)	41.2	N/A
simadna_md_100.fq	499930	499930	474847	 1.1	Sciuridae	Cynomys_leucurus	1	1	-	0	0	N/A (N/A,N/A)	N/A (N/A,N/A)	N/A (N/A,N/A)	N/A (N/A,N/A)	37.0	N/A
simadna_md_100.fq	499930	499930	474847	 1.1	Sciuridae	Pteromys_volans	1	1	-	0	0	N/A (N/A,N/A)	N/A (N/A,N/A)	N/A (N/A,N/A)	N/A (N/A,N/A)	50.0	N/A
simadna_md_100.fq	499930	499930	474847	 1.1	Sciuridae	Sciurus_vulgaris	1	1	-	0	0	N/A (N/A,N/A)	N/A (N/A,N/A)	N/A (N/A,N/A)	N/A (N/A,N/A)	35.0	N/A
simadna_md_100.fq	499930	499930	474847	 1.1	Sciuridae	Spermophilus_dauricus	1	1	-	0	1	N/A (N/A,N/A)	N/A (N/A,N/A)	N/A (N/A,N/A)	N/A (N/A,N/A)	35.0	35.0
simadna_md_100.fq	499930	499930	474847	 1.1	Sciuridae	Tamias_sibiricus	1	1	-	0	0	N/A (N/A,N/A)	N/A (N/A,N/A)	N/A (N/A,N/A)	N/A (N/A,N/A)	35.0	N/A
simadna_md_100.fq	499930	499930	474847	 1.1	Soricidae	Anourosorex_squamipes	1	1	-	0	0	N/A (N/A,N/A)	0.0 (0.0,97.5)	N/A (N/A,N/A)	N/A (N/A,N/A)	35.0	N/A
simadna_md_100.fq	499930	499930	474847	 1.1	Soricidae	Blarinella_quadraticauda	1	1	-	0	0	0.0 (0.0,97.5)	0.0 (0.0,97.5)	N/A (N/A,N/A)	N/A (N/A,N/A)	37.0	N/A
simadna_md_100.fq	499930	499930	474847	 1.1	Soricidae	Crocidura_beata	1	1	-	0	0	0.0 (0.0,97.5)	0.0 (0.0,97.5)	N/A (N/A,N/A)	N/A (N/A,N/A)	37.0	N/A
simadna_md_100.fq	499930	499930	474847	 1.1	Soricidae	Crocidura_grayi	1	1	-	0	0	0.0 (0.0,97.5)	0.0 (0.0,97.5)	N/A (N/A,N/A)	N/A (N/A,N/A)	37.0	N/A
simadna_md_100.fq	499930	499930	474847	 1.1	Soricidae	Crocidura_mindorus	1	1	-	0	0	0.0 (0.0,97.5)	0.0 (0.0,97.5)	N/A (N/A,N/A)	N/A (N/A,N/A)	37.0	N/A
simadna_md_100.fq	499930	499930	474847	 1.1	Soricidae	Crocidura_negrina	1	1	-	0	0	0.0 (0.0,97.5)	0.0 (0.0,97.5)	N/A (N/A,N/A)	N/A (N/A,N/A)	37.0	N/A
simadna_md_100.fq	499930	499930	474847	 1.1	Soricidae	Crocidura_ninoyi	1	1	-	0	0	0.0 (0.0,97.5)	0.0 (0.0,97.5)	N/A (N/A,N/A)	N/A (N/A,N/A)	37.0	N/A
simadna_md_100.fq	499930	499930	474847	 1.1	Soricidae	Crocidura_palawanensis	1	1	-	0	0	0.0 (0.0,97.5)	0.0 (0.0,97.5)	N/A (N/A,N/A)	N/A (N/A,N/A)	37.0	N/A
simadna_md_100.fq	499930	499930	474847	 1.1	Soricidae	Crocidura_panayensis	1	1	-	0	0	0.0 (0.0,97.5)	0.0 (0.0,97.5)	N/A (N/A,N/A)	N/A (N/A,N/A)	37.0	N/A
simadna_md_100.fq	499930	499930	474847	 1.1	Soricidae	Episoriculus_caudatus	3	3	-	0	0	0.0 (0.0,97.5)	0.0 (0.0,70.8)	N/A (N/A,N/A)	N/A (N/A,N/A)	36.0	N/A
simadna_md_100.fq	499930	499930	474847	 1.1	Soricidae	Nectogale_elegans	3	3	-	0	0	0.0 (0.0,84.2)	0.0 (0.0,97.5)	N/A (N/A,N/A)	N/A (N/A,N/A)	39.0	N/A
simadna_md_100.fq	499930	499930	474847	 1.1	Soricidae	Neomys_fodiens	1	1	-	0	0	0.0 (0.0,97.5)	0.0 (0.0,97.5)	N/A (N/A,N/A)	N/A (N/A,N/A)	37.0	N/A
simadna_md_100.fq	499930	499930	474847	 1.1	Soricidae	Pseudosoriculus_fumidus	17	10	-	1	2	33.3 (0.8,90.6)	0.0 (0.0,84.2)	N/A (N/A,N/A)	N/A (N/A,N/A)	37.4	38.0
simadna_md_100.fq	499930	499930	474847	 1.1	Soricidae	Sorex_araneus	2	2	-	0	0	0.0 (0.0,84.2)	0.0 (0.0,97.5)	N/A (N/A,N/A)	N/A (N/A,N/A)	37.5	N/A
simadna_md_100.fq	499930	499930	474847	 1.1	Soricidae	Sorex_cylindricauda	1	1	-	0	0	0.0 (0.0,97.5)	0.0 (0.0,97.5)	N/A (N/A,N/A)	N/A (N/A,N/A)	37.0	N/A
simadna_md_100.fq	499930	499930	474847	 1.1	Soricidae	Sorex_tundrensis	2	2	-	0	0	0.0 (0.0,84.2)	0.0 (0.0,97.5)	N/A (N/A,N/A)	N/A (N/A,N/A)	37.5	N/A
simadna_md_100.fq	499930	499930	474847	 1.1	Soricidae	Sorex_unguiculatus	2	2	-	0	0	0.0 (0.0,84.2)	0.0 (0.0,97.5)	N/A (N/A,N/A)	N/A (N/A,N/A)	38.0	N/A
simadna_md_100.fq	499930	499930	474847	 1.1	Soricidae	Suncus_murinus	2	2	-	0	0	0.0 (0.0,84.2)	0.0 (0.0,97.5)	N/A (N/A,N/A)	N/A (N/A,N/A)	38.0	N/A
simadna_md_100.fq	499930	499930	474847	 1.1	Spalacidae	Nannospalax_ehrenbergi	1	1	-	0	0	N/A (N/A,N/A)	N/A (N/A,N/A)	N/A (N/A,N/A)	N/A (N/A,N/A)	41.0	N/A
simadna_md_100.fq	499930	499930	474847	 1.1	Spalacidae	Nannospalax_galili	2	2	-	0	0	N/A (N/A,N/A)	0.0 (0.0,97.5)	N/A (N/A,N/A)	N/A (N/A,N/A)	38.0	N/A
simadna_md_100.fq	499930	499930	474847	 1.1	Spalacidae	Nannospalax_golani	1	1	-	0	0	N/A (N/A,N/A)	N/A (N/A,N/A)	N/A (N/A,N/A)	N/A (N/A,N/A)	41.0	N/A
simadna_md_100.fq	499930	499930	474847	 1.1	Spalacidae	Nannospalax_judaei	1	1	-	0	0	N/A (N/A,N/A)	N/A (N/A,N/A)	N/A (N/A,N/A)	N/A (N/A,N/A)	41.0	N/A
simadna_md_100.fq	499930	499930	474847	 1.1	Spalacidae	Spalax_carmeli	1	1	-	0	0	N/A (N/A,N/A)	N/A (N/A,N/A)	N/A (N/A,N/A)	N/A (N/A,N/A)	41.0	N/A
simadna_md_100.fq	499930	499930	474847	 1.1	Suidae	Phacochoerus_africanus	12909	7382	+	310	681	10.2 (8.6,11.9)	13.3 (11.5,15.2)	6.5 (0.8,21.4)	8.7 (1.1,28.0)	52.0	52.5
simadna_md_100.fq	499930	499930	474847	 1.1	Suidae	Potamochoerus_porcus	10686	6124	++	280	611	12.6 (10.6,14.7)	13.1 (11.2,15.1)	14.8 (4.2,33.7)	15.4 (4.4,34.9)	52.2	51.5
simadna_md_100.fq	499930	499930	474847	 1.1	Suidae	Sus_barbatus	52308	23762	++	1353	2312	15.7 (14.7,16.8)	14.4 (13.4,15.5)	15.5 (10.2,22.2)	16.1 (10.6,23.0)	58.4	58.5
simadna_md_100.fq	499930	499930	474847	 1.1	Suidae	Sus_cebifrons	47961	22262	++	1223	2199	14.7 (13.7,15.8)	14.7 (13.7,15.8)	15.5 (10.1,22.4)	16.7 (10.9,24.0)	57.8	58.1
simadna_md_100.fq	499930	499930	474847	 1.1	Suidae	Sus_celebensis	50999	23273	++	1335	2350	15.7 (14.7,16.8)	14.5 (13.5,15.6)	16.3 (10.6,23.5)	15.6 (10.2,22.5)	58.3	58.3
simadna_md_100.fq	499930	499930	474847	 1.1	Suidae	Sus_scrofa	56829	25158	++	1479	2413	16.8 (15.8,17.9)	13.8 (12.9,14.8)	16.0 (10.8,22.6)	15.5 (10.4,21.8)	59.0	59.2
simadna_md_100.fq	499930	499930	474847	 1.1	Suidae	Sus_scrofa_domesticus	57278	25289	++	1512	2447	17.0 (15.9,18.0)	14.1 (13.2,15.1)	15.5 (10.3,22.1)	14.5 (9.6,20.7)	59.0	59.2
simadna_md_100.fq	499930	499930	474847	 1.1	Suidae	Sus_scrofa_taivanus	58137	25536	++	1495	2251	17.1 (16.0,18.1)	13.4 (12.5,14.4)	18.8 (13.0,25.7)	16.8 (11.6,23.1)	59.1	59.5
simadna_md_100.fq	499930	499930	474847	 1.1	Suidae	Sus_verrucosus	51731	23517	++	1298	2227	15.4 (14.3,16.5)	14.0 (13.0,15.1)	14.6 (9.3,21.4)	14.8 (9.4,21.7)	58.3	58.6
simadna_md_100.fq	499930	499930	474847	 1.1	Talpidae	Mogera_wogura	1	1	-	0	1	N/A (N/A,N/A)	N/A (N/A,N/A)	N/A (N/A,N/A)	N/A (N/A,N/A)	37.0	37.0
simadna_md_100.fq	499930	499930	474847	 1.1	Talpidae	Scapanulus_oweni	1	1	-	0	0	N/A (N/A,N/A)	N/A (N/A,N/A)	N/A (N/A,N/A)	N/A (N/A,N/A)	37.0	N/A
simadna_md_100.fq	499930	499930	474847	 1.1	Talpidae	Talpa_europaea	1	1	-	0	0	N/A (N/A,N/A)	N/A (N/A,N/A)	N/A (N/A,N/A)	N/A (N/A,N/A)	37.0	N/A
simadna_md_100.fq	499930	499930	474847	 1.1	Talpidae	Uropsilus_soricipes	1	1	-	0	0	N/A (N/A,N/A)	N/A (N/A,N/A)	N/A (N/A,N/A)	N/A (N/A,N/A)	39.0	N/A
simadna_md_100.fq	499930	499930	474847	 1.1	Talpidae	Uropsilus_sp._1_FT-2014	1	1	-	0	0	N/A (N/A,N/A)	N/A (N/A,N/A)	N/A (N/A,N/A)	N/A (N/A,N/A)	39.0	N/A
simadna_md_100.fq	499930	499930	474847	 1.1	Talpidae	Uropsilus_sp._4_FT-2015	1	1	-	0	0	N/A (N/A,N/A)	N/A (N/A,N/A)	N/A (N/A,N/A)	N/A (N/A,N/A)	39.0	N/A
simadna_md_100.fq	499930	499930	474847	 1.1	Talpidae	Urotrichus_talpoides	2	2	-	0	0	0.0 (0.0,97.5)	N/A (N/A,N/A)	N/A (N/A,N/A)	N/A (N/A,N/A)	38.5	N/A
simadna_md_100.fq	499930	499930	474847	 1.1	Tarsiidae	Cephalopachus_bancanus	3	3	-	0	0	0.0 (0.0,97.5)	0.0 (0.0,97.5)	N/A (N/A,N/A)	N/A (N/A,N/A)	41.0	N/A
simadna_md_100.fq	499930	499930	474847	 1.1	Ursidae	Ailuropoda_melanoleuca	2	2	-	0	0	N/A (N/A,N/A)	N/A (N/A,N/A)	N/A (N/A,N/A)	N/A (N/A,N/A)	39.0	N/A
simadna_md_100.fq	499930	499930	474847	 1.1	Ursidae	Helarctos_malayanus	1	1	-	0	0	N/A (N/A,N/A)	N/A (N/A,N/A)	N/A (N/A,N/A)	N/A (N/A,N/A)	38.0	N/A
simadna_md_100.fq	499930	499930	474847	 1.1	Ursidae	Melursus_ursinus	1	1	-	0	0	N/A (N/A,N/A)	N/A (N/A,N/A)	N/A (N/A,N/A)	N/A (N/A,N/A)	35.0	N/A
simadna_md_100.fq	499930	499930	474847	 1.1	Ursidae	Tremarctos_ornatus	15	12	-	0	1	0.0 (0.0,97.5)	0.0 (0.0,70.8)	N/A (N/A,N/A)	N/A (N/A,N/A)	37.3	36.0
simadna_md_100.fq	499930	499930	474847	 1.1	Ursidae	Ursus_arctos	1	1	-	0	0	N/A (N/A,N/A)	N/A (N/A,N/A)	N/A (N/A,N/A)	N/A (N/A,N/A)	38.0	N/A
simadna_md_100.fq	499930	499930	474847	 1.1	Ursidae	Ursus_maritimus	1	1	-	0	0	N/A (N/A,N/A)	N/A (N/A,N/A)	N/A (N/A,N/A)	N/A (N/A,N/A)	38.0	N/A
simadna_md_100.fq	499930	499930	474847	 1.1	Ursidae	Ursus_spelaeus	2	2	-	0	0	N/A (N/A,N/A)	N/A (N/A,N/A)	N/A (N/A,N/A)	N/A (N/A,N/A)	36.5	N/A
simadna_md_100.fq	499930	499930	474847	 1.1	Ursidae	Ursus_thibetanus	1	1	-	0	0	N/A (N/A,N/A)	N/A (N/A,N/A)	N/A (N/A,N/A)	N/A (N/A,N/A)	35.0	N/A
simadna_md_100.fq	499930	499930	474847	 1.1	Ursidae	Ursus_thibetanus_thibetanus	1	1	-	0	0	N/A (N/A,N/A)	N/A (N/A,N/A)	N/A (N/A,N/A)	N/A (N/A,N/A)	35.0	N/A
simadna_md_100.fq	499930	499930	474847	 1.1	Ursidae	Ursus_thibetanus_ussuricus	1	1	-	0	0	N/A (N/A,N/A)	N/A (N/A,N/A)	N/A (N/A,N/A)	N/A (N/A,N/A)	35.0	N/A
simadna_md_100.fq	499930	499930	474847	 1.1	Vespertilionidae	Corynorhinus_rafinesquii	1	1	-	0	0	N/A (N/A,N/A)	N/A (N/A,N/A)	N/A (N/A,N/A)	N/A (N/A,N/A)	41.0	N/A
simadna_md_100.fq	499930	499930	474847	 1.1	Vespertilionidae	Murina_leucogaster	2	2	-	1	1	100.0 (2.5,100.0)	N/A (N/A,N/A)	N/A (N/A,N/A)	N/A (N/A,N/A)	43.0	45.0
simadna_md_100.fq	499930	499930	474847	 1.1	Vespertilionidae	Murina_ussuriensis	20	15	-	0	0	0.0 (0.0,70.8)	0.0 (0.0,97.5)	N/A (N/A,N/A)	N/A (N/A,N/A)	38.0	N/A
simadna_md_100.fq	499930	499930	474847	 1.1	Vespertilionidae	Myotis_brandtii	1	1	-	0	0	N/A (N/A,N/A)	N/A (N/A,N/A)	N/A (N/A,N/A)	N/A (N/A,N/A)	41.0	N/A
simadna_md_100.fq	499930	499930	474847	 1.1	Vespertilionidae	Myotis_davidii	1	1	-	0	0	N/A (N/A,N/A)	N/A (N/A,N/A)	N/A (N/A,N/A)	N/A (N/A,N/A)	41.0	N/A
simadna_md_100.fq	499930	499930	474847	 1.1	Vespertilionidae	Myotis_formosus	3	3	-	0	0	0.0 (0.0,97.5)	N/A (N/A,N/A)	N/A (N/A,N/A)	N/A (N/A,N/A)	38.0	N/A
simadna_md_100.fq	499930	499930	474847	 1.1	Vespertilionidae	Myotis_ikonnikovi	1	1	-	0	0	N/A (N/A,N/A)	N/A (N/A,N/A)	N/A (N/A,N/A)	N/A (N/A,N/A)	38.0	N/A
simadna_md_100.fq	499930	499930	474847	 1.1	Vespertilionidae	Myotis_macrodactylus	1	1	-	0	0	N/A (N/A,N/A)	N/A (N/A,N/A)	N/A (N/A,N/A)	N/A (N/A,N/A)	41.0	N/A
simadna_md_100.fq	499930	499930	474847	 1.1	Vespertilionidae	Nyctalus_noctula	1	1	-	0	0	N/A (N/A,N/A)	N/A (N/A,N/A)	N/A (N/A,N/A)	N/A (N/A,N/A)	38.0	N/A
simadna_md_100.fq	499930	499930	474847	 1.1	Vespertilionidae	Pipistrellus_abramus	1	1	-	0	0	N/A (N/A,N/A)	N/A (N/A,N/A)	N/A (N/A,N/A)	N/A (N/A,N/A)	41.0	N/A
simadna_md_100.fq	499930	499930	474847	 1.1	Viverridae	Genetta_servalina	18	16	-	1	1	33.3 (0.8,90.6)	0.0 (0.0,52.2)	N/A (N/A,N/A)	N/A (N/A,N/A)	41.2	44.0
simadna_md_100.fq	499930	499930	474847	 1.1	Viverridae	Prionodon_pardicolor	6	6	-	2	2	100.0 (2.5,100.0)	50.0 (1.3,98.7)	N/A (N/A,N/A)	N/A (N/A,N/A)	41.5	48.5
simadna_md_100.fq	499930	499930	474847	 1.1	Viverridae	Viverricula_indica	9	9	-	0	0	0.0 (0.0,97.5)	0.0 (0.0,60.2)	N/A (N/A,N/A)	N/A (N/A,N/A)	39.0	N/A
simadna_md_100.fq	499930	499930	474847	 1.1	Ziphiidae	Hyperoodon_ampullatus	1	1	-	0	0	N/A (N/A,N/A)	0.0 (0.0,97.5)	N/A (N/A,N/A)	N/A (N/A,N/A)	36.0	N/A
simadna_md_100.fq	499930	499930	474847	 1.1	Ziphiidae	Mesoplodon_europaeus	1	1	-	0	0	N/A (N/A,N/A)	0.0 (0.0,97.5)	N/A (N/A,N/A)	N/A (N/A,N/A)	36.0	N/A
simadna_md_100.fq	499930	499930	474847	 1.1	Ziphiidae	Mesoplodon_ginkgodens	1	1	-	0	0	N/A (N/A,N/A)	N/A (N/A,N/A)	N/A (N/A,N/A)	N/A (N/A,N/A)	36.0	N/A
