#Taxa	bin0	entropy	bin1	entropy	bin2	entropy	bin3	entropy	bin4	entropy	bin5	entropy	bin6	entropy	bin7	entropy	bin8	entropy	bin9	entropy	bin10	entropy	bin11	entropy	bin12	entropy	bin13	entropy	bin14	entropy	bin15	entropy	bin16	entropy	bin17	entropy	bin18	entropy	bin19	entropy	bin20	entropy
Bovidae	874.00000	1.35745	842.23214	1.34525	983.59422	1.29369	1122.27445	1.32285	1176.61671	1.32622	1050.75127	1.34440	1149.89823	1.33147	1145.32164	1.36123	1115.96427	1.31896	1060.43488	1.34425	908.62240	1.33564
Carnivora	277.81511	1.34258	563.83338	1.33491	292.90755	1.35743	240.92597	1.34382	203.59265	1.30558	374.15181	1.32892	239.34754	1.32941	520.82398	1.34791	244.48210	1.32753	710.34623	1.36862	764.81469	1.32077
Felidae	23.00000	1.27400	19.00000	1.34178	20.00000	1.35124	29.00000	1.33640	57.00000	1.32758	13.00000	1.33234	16.00000	1.32781	40.00000	1.34501	29.00000	1.34701	27.00000	1.36553	111.57143	1.30404
Homininae	33.45000	1.38552	36.40952	1.34999	31.79167	1.35645	44.20000	1.33289	27.68398	1.29232	33.06852	1.32787	44.26735	1.31969	42.68502	1.33739	64.84450	1.33205	67.20000	1.36290	34.53333	1.33228
Proboscidea	140.00000	1.34945	138.87392	1.33882	146.08444	1.32252	149.38583	1.30921	159.31975	1.32484	198.02868	1.33937	165.51543	1.34145	154.23019	1.34432	153.85938	1.35525	149.68463	1.35491	127.67679	1.34111
Suina	420.90276	1.31255	552.02015	1.33396	480.48459	1.33050	568.86098	1.32075	560.85399	1.31886	567.74552	1.31759	535.61038	1.32545	608.56316	1.34071	503.68110	1.34267	471.14475	1.31813	571.56293	1.34197
