#Taxa	detected	Number_of_reads	proportion_estimate	85%_confidence_interval_lower_bound	85%_confidence_interval_higher_bound	95%_confidence_interval_lower_bound	95%_confidence_interval_higher_bound
Bovidae	yes	103512	0.47492	0.444684	0.504893	0.427356	0.522619	
Carnivora	yes	36264	0.166705	0.149997	0.184321	0.140578	0.195032	
Felidae	yes	3352	0.0153654	0.0136431	0.0172114	0.0127126	0.0184884	
Homininae	yes	3864	0.0176847	0.0157302	0.0198428	0.0146792	0.0212826	
Pecora	yes	206	0.000942649	0.00083523	0.00106289	0.000778454	0.00114381	
Proboscidea	yes	16223	0.0743523	0.0662467	0.083099	0.0618413	0.0887365	
Suina	yes	54160	0.248604	0.22558	0.272542	0.212832	0.287649
