#Taxa	bin0	entropy	bin1	entropy	bin2	entropy	bin3	entropy	bin4	entropy	bin5	entropy	bin6	entropy	bin7	entropy	bin8	entropy	bin9	entropy	bin10	entropy	bin11	entropy	bin12	entropy	bin13	entropy	bin14	entropy	bin15	entropy	bin16	entropy	bin17	entropy	bin18	entropy	bin19	entropy	bin20	entropy
Bovidae	8595.63816	1.35745	7599.47617	1.34525	9163.25121	1.29369	10101.06432	1.32285	10932.50238	1.32622	9964.20881	1.34440	10742.75524	1.33147	10614.17586	1.36123	10602.74098	1.31896	9921.98657	1.34425	8741.96396	1.33564
Carnivora	2568.71871	1.34258	4959.13484	1.33491	2674.75285	1.35743	2204.52631	1.34382	1784.71413	1.30558	3379.00609	1.32892	2379.71638	1.32941	4895.63382	1.34791	2409.33554	1.32753	6042.61464	1.36862	7151.90466	1.32077
Felidae	228.00000	1.27400	248.00000	1.34178	174.00000	1.35124	193.00000	1.33640	404.00000	1.32758	138.00000	1.33234	113.16303	1.32781	369.00000	1.34501	232.00000	1.34701	256.16862	1.36553	997.17898	1.30404
Homininae	328.84135	1.38552	362.18976	1.34999	381.12267	1.35645	384.19077	1.33289	395.36111	1.29232	332.84099	1.32787	391.37080	1.31969	369.02744	1.33739	567.21818	1.33205	547.50671	1.36290	319.06859	1.33228
Pecora	18.00000	1.36198	6.91176	1.33245	18.66737	1.29289	77.47059	1.32191	14.00000	1.32221	8.04732	1.34564	14.00000	1.32590	9.00000	1.35834	24.00000	1.30413	10.00000	1.34747	11.00000	1.32525
Proboscidea	1430.69394	1.34945	1328.49488	1.33882	1474.99835	1.32252	1454.55193	1.30921	1541.19015	1.32484	1629.07792	1.33937	1501.03356	1.34145	1495.59466	1.34432	1589.91709	1.35525	1527.29686	1.35491	1332.52444	1.34111
Suina	3817.47856	1.31255	5284.01880	1.33396	4628.25961	1.33050	5366.95966	1.32075	5216.00142	1.31886	5274.32291	1.31759	5452.27132	1.32545	5442.00918	1.34071	4922.91808	1.34267	4474.46585	1.31813	5444.93831	1.34197
